{
  "bin": {
    "cut": "tag_Ele_pt > 35 && abs(tag_sc_eta) < 2.17 && ph_sc_eta >= -2.500000 && ph_sc_eta < -2.000000 && ph_et >= 20.000000 && ph_et < 35.000000",
    "index": 0,
    "name": "bin00_ph_sc_eta_m2p50Tom2p00_ph_et_20p00To35p00",
    "title": "; -2.500 < ph_sc_eta < -2.000; 20.000 < ph_et < 35.000",
    "vars": {
      "ph_et": {
        "max": 35,
        "min": 20
      },
      "ph_sc_eta": {
        "max": -2.0,
        "min": -2.5
      }
    }
  },
  "created_at_utc": "2026-04-20T18:53:02.118188+00:00",
  "derived": {
    "efficiency": 0.7794742425876706,
    "efficiency_error": 0.000772991825229934,
    "nSigF": {
      "error": 176.21102670099935,
      "isConstant": false,
      "max": 67285.26136,
      "min": 0.5,
      "name": "nSigF",
      "value": 44538.09948428957
    },
    "nSigP": {
      "error": 336.49882172957587,
      "isConstant": false,
      "max": 237706.420378,
      "min": 0.5,
      "name": "nSigP",
      "value": 157425.15418232942
    }
  },
  "fit_metadata": {
    "bin_index": 0,
    "fail_hist_uses_pass_hist": false,
    "fit_range": {
      "max": 120.0,
      "min": 60.0
    },
    "truth_fail_template_uses_pass_hist": false,
    "truth_template_source": "/eos/home-p/pelai/HZa/root_TnP//hza_resolve_phid_2023preBPix_sf//DY_MC_LO_2023preBPix_hza_resolve_phid_2023preBPix_sf.root"
  },
  "fit_result": {
    "fail": {
      "covQual": -1,
      "edm": 1.401838412307858,
      "floatParsFinal": [
        {
          "error": 0.01796986910294862,
          "isConstant": false,
          "max": 5.0,
          "min": -5.0,
          "name": "meanF",
          "value": 0.0010549494486946642
        },
        {
          "error": 176.21102670099935,
          "isConstant": false,
          "max": 67285.26136,
          "min": 0.5,
          "name": "nSigF",
          "value": 44538.09948428957
        },
        {
          "error": 0.006319268211108037,
          "isConstant": false,
          "max": 1.5000006407656998,
          "min": 0.4000001708708533,
          "name": "sigmaF",
          "value": 0.400000170991679
        }
      ],
      "floatParsInit": [
        {
          "error": 0.0,
          "isConstant": false,
          "max": 5.0,
          "min": -5.0,
          "name": "meanF",
          "value": -0.0
        },
        {
          "error": 0.0,
          "isConstant": false,
          "max": 67285.26136,
          "min": 0.5,
          "name": "nSigF",
          "value": 40371.156816
        },
        {
          "error": 0.0,
          "isConstant": false,
          "max": 1.5000006407656998,
          "min": 0.4000001708708533,
          "name": "sigmaF",
          "value": 0.5000002135885666
        }
      ],
      "minNll": -288661.26325547457,
      "numInvalidNLL": 0,
      "status": 160
    },
    "fail_quality": "check",
    "pass": {
      "covQual": -1,
      "edm": 6.89164617109457,
      "floatParsFinal": [
        {
          "error": 0.009743356122958957,
          "isConstant": false,
          "max": 5.0,
          "min": -5.0,
          "name": "meanP",
          "value": -0.001051911751356549
        },
        {
          "error": 336.49882172957587,
          "isConstant": false,
          "max": 237706.420378,
          "min": 0.5,
          "name": "nSigP",
          "value": 157425.15418232942
        },
        {
          "error": 0.0031437950527180014,
          "isConstant": false,
          "max": 5.0,
          "min": 0.5,
          "name": "sigmaP",
          "value": 0.5000002135885666
        }
      ],
      "floatParsInit": [
        {
          "error": 0.0,
          "isConstant": false,
          "max": 5.0,
          "min": -5.0,
          "name": "meanP",
          "value": -0.0
        },
        {
          "error": 0.0,
          "isConstant": false,
          "max": 237706.420378,
          "min": 0.5,
          "name": "nSigP",
          "value": 142623.852227
        },
        {
          "error": 0.0,
          "isConstant": false,
          "max": 5.0,
          "min": 0.5,
          "name": "sigmaP",
          "value": 0.9
        }
      ],
      "minNll": -1223401.283182867,
      "numInvalidNLL": 0,
      "status": 160
    },
    "pass_quality": "check",
    "root_read_error": null
  },
  "fit_type": "nominalFit",
  "histograms": {
    "fail": {
      "entries": 42145.0,
      "fit_window": {
        "bin1": 11,
        "bin2": 70,
        "max": 120.0,
        "min": 60.0
      },
      "integral_fit_window": 44537.54657833656,
      "integral_fit_window_error": 252.75726624505776,
      "integral_full": 44856.84090646367,
      "integral_full_error": 253.6461575198324,
      "maximum_bin_center": 90.5,
      "maximum_bin_content": 4230.052383684335,
      "mean": 88.72892136313094,
      "rms": 7.547117796857187
    },
    "pass": {
      "entries": 158115.0,
      "fit_window": {
        "bin1": 11,
        "bin2": 70,
        "max": 120.0,
        "min": 60.0
      },
      "integral_fit_window": 157429.8665244697,
      "integral_fit_window_error": 467.8304517096207,
      "integral_full": 158470.94691874165,
      "integral_full_error": 469.3890999284833,
      "maximum_bin_center": 90.5,
      "maximum_bin_content": 15560.111009417205,
      "mean": 88.57811753930763,
      "rms": 7.3879816752875715
    }
  },
  "sample": {
    "fitOutputBinRoot": "/eos/home-p/pelai/HZa/root_TnP//hza_resolve_phid_2023preBPix_sf//DY_MC_LO_2023preBPix_hza_resolve_phid_2023preBPix_sf.nominalFit-bin00_ph_sc_eta_m2p50Tom2p00_ph_et_20p00To35p00.root",
    "fitOutputRoot": "/eos/home-p/pelai/HZa/root_TnP//hza_resolve_phid_2023preBPix_sf//DY_MC_LO_2023preBPix_hza_resolve_phid_2023preBPix_sf.nominalFit.root",
    "histFile": "/eos/home-p/pelai/HZa/root_TnP//hza_resolve_phid_2023preBPix_sf//DY_MC_LO_2023preBPix_hza_resolve_phid_2023preBPix_sf.root",
    "isMC": true,
    "mcRefHistFile": "/eos/home-p/pelai/HZa/root_TnP//hza_resolve_phid_2023preBPix_sf//DY_MC_LO_2023preBPix_hza_resolve_phid_2023preBPix_sf.root",
    "mcTruth": true,
    "name": "DY_MC_LO_2023preBPix"
  },
  "workspace": {
    "effective_parsed": [
      {
        "max": 5.0,
        "min": -5.0,
        "name": "meanP",
        "raw": "meanP[-0.0,-5.0,5.0]",
        "tokens": [
          "-0.0",
          "-5.0",
          "5.0"
        ],
        "value": -0.0
      },
      {
        "max": 5.0,
        "min": 0.5,
        "name": "sigmaP",
        "raw": "sigmaP[0.9,0.5,5.0]",
        "tokens": [
          "0.9",
          "0.5",
          "5.0"
        ],
        "value": 0.9
      },
      {
        "max": 5.0,
        "min": -5.0,
        "name": "meanF",
        "raw": "meanF[-0.0,-5.0,5.0]",
        "tokens": [
          "-0.0",
          "-5.0",
          "5.0"
        ],
        "value": -0.0
      },
      {
        "max": 5.0,
        "min": 0.5,
        "name": "sigmaF",
        "raw": "sigmaF[0.9,0.5,5.0]",
        "tokens": [
          "0.9",
          "0.5",
          "5.0"
        ],
        "value": 0.9
      },
      {
        "max": 80.0,
        "min": 50.0,
        "name": "acmsP",
        "raw": "acmsP[60.,50.,80.]",
        "tokens": [
          "60.",
          "50.",
          "80."
        ],
        "value": 60.0
      },
      {
        "max": 0.08,
        "min": 0.01,
        "name": "betaP",
        "raw": "betaP[0.05,0.01,0.08]",
        "tokens": [
          "0.05",
          "0.01",
          "0.08"
        ],
        "value": 0.05
      },
      {
        "max": 2.0,
        "min": -2.0,
        "name": "gammaP",
        "raw": "gammaP[0.1, -2, 2]",
        "tokens": [
          "0.1",
          "-2",
          "2"
        ],
        "value": 0.1
      },
      {
        "max": 90.0,
        "min": 82.0,
        "name": "peakP",
        "raw": "peakP[87.0,82.0,90.0]",
        "tokens": [
          "87.0",
          "82.0",
          "90.0"
        ],
        "value": 87.0
      },
      {
        "max": 80.0,
        "min": 50.0,
        "name": "acmsF",