{
  "bin": {
    "cut": "tag_Ele_pt > 35 && abs(tag_sc_eta) < 2.17 && ph_sc_eta >= 0.000000 && ph_sc_eta < 0.800000 && ph_et >= 20.000000 && ph_et < 35.000000",
    "index": 5,
    "name": "bin05_ph_sc_eta_0p00To0p80_ph_et_20p00To35p00",
    "title": "; 0.000 < ph_sc_eta < 0.800; 20.000 < ph_et < 35.000",
    "vars": {
      "ph_et": {
        "max": 35,
        "min": 20
      },
      "ph_sc_eta": {
        "max": 0.8,
        "min": 0.0
      }
    }
  },
  "created_at_utc": "2026-04-21T16:57:35.335850+00:00",
  "derived": {
    "efficiency": 0.7158267011625115,
    "efficiency_error": 0.0004524662073153354,
    "nSigF": {
      "error": 373.6558579340199,
      "isConstant": false,
      "max": 301161.469727,
      "min": 0.5,
      "name": "nSigF",
      "value": 199420.13779612473
    },
    "nSigP": {
      "error": 602.1220090634015,
      "isConstant": false,
      "max": 758133.187896,
      "min": 0.5,
      "name": "nSigP",
      "value": 502335.2298331474
    }
  },
  "fit_metadata": {
    "bin_index": 5,
    "fail_hist_uses_pass_hist": false,
    "fit_range": {
      "max": 120.0,
      "min": 60.0
    },
    "truth_fail_template_uses_pass_hist": false,
    "truth_template_source": "/eos/home-p/pelai/HZa/root_TnP//hza_resolve_phid_2023preBPix_sf//DY_MC_LO_2023preBPix_hza_resolve_phid_2023preBPix_sf.root"
  },
  "fit_result": {
    "fail": {
      "covQual": -1,
      "edm": 2.235226502087057,
      "floatParsFinal": [
        {
          "error": 0.007723456676102636,
          "isConstant": false,
          "max": 5.0,
          "min": -5.0,
          "name": "meanF",
          "value": -0.0026549042476577966
        },
        {
          "error": 373.6558579340199,
          "isConstant": false,
          "max": 301161.469727,
          "min": 0.5,
          "name": "nSigF",
          "value": 199420.13779612473
        },
        {
          "error": 0.0024207855519734756,
          "isConstant": false,
          "max": 1.500000165714328,
          "min": 0.40000004419048746,
          "name": "sigmaF",
          "value": 0.40000004419215723
        }
      ],
      "floatParsInit": [
        {
          "error": 0.0,
          "isConstant": false,
          "max": 5.0,
          "min": -5.0,
          "name": "meanF",
          "value": -0.0
        },
        {
          "error": 0.0,
          "isConstant": false,
          "max": 301161.469727,
          "min": 0.5,
          "name": "nSigF",
          "value": 180696.881836
        },
        {
          "error": 0.0,
          "isConstant": false,
          "max": 1.500000165714328,
          "min": 0.40000004419048746,
          "name": "sigmaF",
          "value": 0.5000000552381093
        }
      ],
      "minNll": -1591718.2916401834,
      "numInvalidNLL": 0,
      "status": 160
    },
    "fail_quality": "check",
    "pass": {
      "covQual": -1,
      "edm": 2.9354085111311883,
      "floatParsFinal": [
        {
          "error": 0.004481929800427054,
          "isConstant": false,
          "max": 5.0,
          "min": -5.0,
          "name": "meanP",
          "value": -0.005960763571512651
        },
        {
          "error": 602.1220090634015,
          "isConstant": false,
          "max": 758133.187896,
          "min": 0.5,
          "name": "nSigP",
          "value": 502335.2298331474
        },
        {
          "error": 0.0005450917705059344,
          "isConstant": false,
          "max": 5.0,
          "min": 0.5,
          "name": "sigmaP",
          "value": 0.5000000552381093
        }
      ],
      "floatParsInit": [
        {
          "error": 0.0,
          "isConstant": false,
          "max": 5.0,
          "min": -5.0,
          "name": "meanP",
          "value": -0.0
        },
        {
          "error": 0.0,
          "isConstant": false,
          "max": 758133.187896,
          "min": 0.5,
          "name": "nSigP",
          "value": 454879.912738
        },
        {
          "error": 0.0,
          "isConstant": false,
          "max": 5.0,
          "min": 0.5,
          "name": "sigmaP",
          "value": 0.9
        }
      ],
      "minNll": -4533042.819700038,
      "numInvalidNLL": 0,
      "status": 160
    },
    "pass_quality": "check",
    "root_read_error": null
  },
  "fit_type": "nominalFit",
  "histograms": {
    "fail": {
      "entries": 190171.0,
      "fit_window": {
        "bin1": 11,
        "bin2": 70,
        "max": 120.0,
        "min": 60.0
      },
      "integral_fit_window": 199421.10921813594,
      "integral_fit_window_error": 533.7004576589583,
      "integral_full": 200774.31315101002,
      "integral_full_error": 535.4835604720082,
      "maximum_bin_center": 90.5,
      "maximum_bin_content": 21101.395594480065,
      "mean": 87.63728238362883,
      "rms": 7.766820216471315
    },
    "pass": {
      "entries": 507180.0,
      "fit_window": {
        "bin1": 11,
        "bin2": 70,
        "max": 120.0,
        "min": 60.0
      },
      "integral_fit_window": 502333.11316853494,
      "integral_fit_window_error": 834.2762693264439,
      "integral_full": 505422.12526430446,
      "integral_full_error": 836.8381755173003,
      "maximum_bin_center": 90.5,
      "maximum_bin_content": 59579.85191136396,
      "mean": 88.07847879821851,
      "rms": 7.24049733315697
    }
  },
  "sample": {
    "fitOutputBinRoot": "/eos/home-p/pelai/HZa/root_TnP//hza_resolve_phid_2023preBPix_sf//DY_MC_LO_2023preBPix_hza_resolve_phid_2023preBPix_sf.nominalFit-bin05_ph_sc_eta_0p00To0p80_ph_et_20p00To35p00.root",
    "fitOutputRoot": "/eos/home-p/pelai/HZa/root_TnP//hza_resolve_phid_2023preBPix_sf//DY_MC_LO_2023preBPix_hza_resolve_phid_2023preBPix_sf.nominalFit.root",
    "histFile": "/eos/home-p/pelai/HZa/root_TnP//hza_resolve_phid_2023preBPix_sf//DY_MC_LO_2023preBPix_hza_resolve_phid_2023preBPix_sf.root",
    "isMC": true,
    "mcRefHistFile": "/eos/home-p/pelai/HZa/root_TnP//hza_resolve_phid_2023preBPix_sf//DY_MC_LO_2023preBPix_hza_resolve_phid_2023preBPix_sf.root",
    "mcTruth": true,
    "name": "DY_MC_LO_2023preBPix"
  },
  "workspace": {
    "effective_parsed": [
      {
        "max": 5.0,
        "min": -5.0,
        "name": "meanP",
        "raw": "meanP[-0.0,-5.0,5.0]",
        "tokens": [
          "-0.0",
          "-5.0",
          "5.0"
        ],
        "value": -0.0
      },
      {
        "max": 5.0,
        "min": 0.5,
        "name": "sigmaP",
        "raw": "sigmaP[0.9,0.5,5.0]",
        "tokens": [
          "0.9",
          "0.5",
          "5.0"
        ],
        "value": 0.9
      },
      {
        "max": 5.0,
        "min": -5.0,
        "name": "meanF",
        "raw": "meanF[-0.0,-5.0,5.0]",
        "tokens": [
          "-0.0",
          "-5.0",
          "5.0"
        ],
        "value": -0.0
      },
      {
        "max": 5.0,
        "min": 0.5,
        "name": "sigmaF",
        "raw": "sigmaF[0.9,0.5,5.0]",
        "tokens": [
          "0.9",
          "0.5",
          "5.0"
        ],
        "value": 0.9
      },
      {
        "max": 80.0,
        "min": 50.0,
        "name": "acmsP",
        "raw": "acmsP[60.,50.,80.]",
        "tokens": [
          "60.",
          "50.",
          "80."
        ],
        "value": 60.0
      },
      {
        "max": 0.08,
        "min": 0.01,
        "name": "betaP",
        "raw": "betaP[0.05,0.01,0.08]",
        "tokens": [
          "0.05",
          "0.01",
          "0.08"
        ],
        "value": 0.05
      },
      {
        "max": 2.0,
        "min": -2.0,
        "name": "gammaP",
        "raw": "gammaP[0.1, -2, 2]",
        "tokens": [
          "0.1",
          "-2",
          "2"
        ],
        "value": 0.1
      },
      {
        "max": 90.0,
        "min": 82.0,
        "name": "peakP",
        "raw": "peakP[87.0,82.0,90.0]",
        "tokens": [
          "87.0",
          "82.0",
          "90.0"
        ],
        "value": 87.0
      },
      {
        "max": 80.0,
        "min": 50.0,