{
  "bin": {
    "cut": "tag_Ele_pt > 35 && abs(tag_sc_eta) < 2.17 && ph_sc_eta >= -2.000000 && ph_sc_eta < -1.566000 && ph_et >= 20.000000 && ph_et < 35.000000",
    "index": 1,
    "name": "bin01_ph_sc_eta_m2p00Tom1p57_ph_et_20p00To35p00",
    "title": "; -2.000 < ph_sc_eta < -1.566; 20.000 < ph_et < 35.000",
    "vars": {
      "ph_et": {
        "max": 35,
        "min": 20
      },
      "ph_sc_eta": {
        "max": -1.566,
        "min": -2.0
      }
    }
  },
  "created_at_utc": "2026-04-21T16:57:33.878685+00:00",
  "derived": {
    "efficiency": 0.6801347895721007,
    "efficiency_error": 0.0007975533262098815,
    "nSigF": {
      "error": 233.57676845044625,
      "isConstant": false,
      "max": 117373.694277,
      "min": 0.5,
      "name": "nSigF",
      "value": 77606.99187852586
    },
    "nSigP": {
      "error": 345.4085333134135,
      "isConstant": false,
      "max": 249195.128069,
      "min": 0.5,
      "name": "nSigP",
      "value": 165017.05521527096
    }
  },
  "fit_metadata": {
    "bin_index": 1,
    "fail_hist_uses_pass_hist": false,
    "fit_range": {
      "max": 120.0,
      "min": 60.0
    },
    "truth_fail_template_uses_pass_hist": false,
    "truth_template_source": "/eos/home-p/pelai/HZa/root_TnP//hza_resolve_phid_2023preBPix_sf//DY_MC_LO_2023preBPix_hza_resolve_phid_2023preBPix_sf.root"
  },
  "fit_result": {
    "fail": {
      "covQual": -1,
      "edm": 0.563292449717399,
      "floatParsFinal": [
        {
          "error": 0.014570954742582742,
          "isConstant": false,
          "max": 5.0,
          "min": -5.0,
          "name": "meanF",
          "value": -0.0017141522130073028
        },
        {
          "error": 233.57676845044625,
          "isConstant": false,
          "max": 117373.694277,
          "min": 0.5,
          "name": "nSigF",
          "value": 77606.99187852586
        },
        {
          "error": 0.004513376133260832,
          "isConstant": false,
          "max": 1.5000031081026335,
          "min": 0.400000828827369,
          "name": "sigmaF",
          "value": 0.40000090889191947
        }
      ],
      "floatParsInit": [
        {
          "error": 0.0,
          "isConstant": false,
          "max": 5.0,
          "min": -5.0,
          "name": "meanF",
          "value": -0.0
        },
        {
          "error": 0.0,
          "isConstant": false,
          "max": 117373.694277,
          "min": 0.5,
          "name": "nSigF",
          "value": 70424.216566
        },
        {
          "error": 0.0,
          "isConstant": false,
          "max": 1.5000031081026335,
          "min": 0.400000828827369,
          "name": "sigmaF",
          "value": 0.5000010360342112
        }
      ],
      "minNll": -542555.801584505,
      "numInvalidNLL": 0,
      "status": 23
    },
    "fail_quality": "check",
    "pass": {
      "covQual": -1,
      "edm": 0.009533187365895493,
      "floatParsFinal": [
        {
          "error": 0.009553070453289791,
          "isConstant": false,
          "max": 5.0,
          "min": -5.0,
          "name": "meanP",
          "value": -0.005511074540244465
        },
        {
          "error": 345.4085333134135,
          "isConstant": false,
          "max": 249195.128069,
          "min": 0.5,
          "name": "nSigP",
          "value": 165017.05521527096
        },
        {
          "error": 0.0031175220424319305,
          "isConstant": false,
          "max": 5.0,
          "min": 0.5,
          "name": "sigmaP",
          "value": 0.5000010360342112
        }
      ],
      "floatParsInit": [
        {
          "error": 0.0,
          "isConstant": false,
          "max": 5.0,
          "min": -5.0,
          "name": "meanP",
          "value": -0.0
        },
        {
          "error": 0.0,
          "isConstant": false,
          "max": 249195.128069,
          "min": 0.5,
          "name": "nSigP",
          "value": 149517.076841
        },
        {
          "error": 0.0,
          "isConstant": false,
          "max": 5.0,
          "min": 0.5,
          "name": "sigmaP",
          "value": 0.9
        }
      ],
      "minNll": -1289426.6872079368,
      "numInvalidNLL": 0,
      "status": 160
    },
    "pass_quality": "check",
    "root_read_error": null
  },
  "fit_type": "nominalFit",
  "histograms": {
    "fail": {
      "entries": 74942.0,
      "fit_window": {
        "bin1": 11,
        "bin2": 70,
        "max": 120.0,
        "min": 60.0
      },
      "integral_fit_window": 77605.38922194576,
      "integral_fit_window_error": 332.2580751138236,
      "integral_full": 78249.12951770227,
      "integral_full_error": 333.61333235380266,
      "maximum_bin_center": 89.5,
      "maximum_bin_content": 6901.947346175639,
      "mean": 86.91091422561244,
      "rms": 7.828233301983719
    },
    "pass": {
      "entries": 167343.0,
      "fit_window": {
        "bin1": 11,
        "bin2": 70,
        "max": 120.0,
        "min": 60.0
      },
      "integral_fit_window": 165025.01807801364,
      "integral_fit_window_error": 477.74009226537027,
      "integral_full": 166130.08537932477,
      "integral_full_error": 479.3540345369526,
      "maximum_bin_center": 89.5,
      "maximum_bin_content": 15425.581890250207,
      "mean": 86.89109244241736,
      "rms": 7.377896149213855
    }
  },
  "sample": {
    "fitOutputBinRoot": "/eos/home-p/pelai/HZa/root_TnP//hza_resolve_phid_2023preBPix_sf//DY_MC_LO_2023preBPix_hza_resolve_phid_2023preBPix_sf.nominalFit-bin01_ph_sc_eta_m2p00Tom1p57_ph_et_20p00To35p00.root",
    "fitOutputRoot": "/eos/home-p/pelai/HZa/root_TnP//hza_resolve_phid_2023preBPix_sf//DY_MC_LO_2023preBPix_hza_resolve_phid_2023preBPix_sf.nominalFit.root",
    "histFile": "/eos/home-p/pelai/HZa/root_TnP//hza_resolve_phid_2023preBPix_sf//DY_MC_LO_2023preBPix_hza_resolve_phid_2023preBPix_sf.root",
    "isMC": true,
    "mcRefHistFile": "/eos/home-p/pelai/HZa/root_TnP//hza_resolve_phid_2023preBPix_sf//DY_MC_LO_2023preBPix_hza_resolve_phid_2023preBPix_sf.root",
    "mcTruth": true,
    "name": "DY_MC_LO_2023preBPix"
  },
  "workspace": {
    "effective_parsed": [
      {
        "max": 5.0,
        "min": -5.0,
        "name": "meanP",
        "raw": "meanP[-0.0,-5.0,5.0]",
        "tokens": [
          "-0.0",
          "-5.0",
          "5.0"
        ],
        "value": -0.0
      },
      {
        "max": 5.0,
        "min": 0.5,
        "name": "sigmaP",
        "raw": "sigmaP[0.9,0.5,5.0]",
        "tokens": [
          "0.9",
          "0.5",
          "5.0"
        ],
        "value": 0.9
      },
      {
        "max": 5.0,
        "min": -5.0,
        "name": "meanF",
        "raw": "meanF[-0.0,-5.0,5.0]",
        "tokens": [
          "-0.0",
          "-5.0",
          "5.0"
        ],
        "value": -0.0
      },
      {
        "max": 5.0,
        "min": 0.5,
        "name": "sigmaF",
        "raw": "sigmaF[0.9,0.5,5.0]",
        "tokens": [
          "0.9",
          "0.5",
          "5.0"
        ],
        "value": 0.9
      },
      {
        "max": 80.0,
        "min": 50.0,
        "name": "acmsP",
        "raw": "acmsP[60.,50.,80.]",
        "tokens": [
          "60.",
          "50.",
          "80."
        ],
        "value": 60.0
      },
      {
        "max": 0.08,
        "min": 0.01,
        "name": "betaP",
        "raw": "betaP[0.05,0.01,0.08]",
        "tokens": [
          "0.05",
          "0.01",
          "0.08"
        ],
        "value": 0.05
      },
      {
        "max": 2.0,
        "min": -2.0,
        "name": "gammaP",
        "raw": "gammaP[0.1, -2, 2]",
        "tokens": [
          "0.1",
          "-2",
          "2"
        ],
        "value": 0.1
      },
      {
        "max": 90.0,
        "min": 82.0,
        "name": "peakP",
        "raw": "peakP[87.0,82.0,90.0]",
        "tokens": [
          "87.0",
          "82.0",
          "90.0"
        ],
        "value": 87.0
      },
      {
        "max": 80.0,
        "min": 50.0,