{
  "bin": {
    "cut": "tag_Ele_pt > 35 && abs(tag_sc_eta) < 2.17 && ph_sc_eta >= -1.444200 && ph_sc_eta < -0.800000 && ph_et >= 20.000000 && ph_et < 35.000000",
    "index": 3,
    "name": "bin03_ph_sc_eta_m1p44Tom0p80_ph_et_20p00To35p00",
    "title": "; -1.444 < ph_sc_eta < -0.800; 20.000 < ph_et < 35.000",
    "vars": {
      "ph_et": {
        "max": 35,
        "min": 20
      },
      "ph_sc_eta": {
        "max": -0.8,
        "min": -1.4442
      }
    }
  },
  "created_at_utc": "2026-04-20T06:36:56.246406+00:00",
  "derived": {
    "efficiency": 0.7453591863465165,
    "efficiency_error": 0.0005292167668615323,
    "nSigF": {
      "error": 290.7860745991202,
      "isConstant": false,
      "max": 183347.409437,
      "min": 0.5,
      "name": "nSigF",
      "value": 121373.32358296623
    },
    "nSigP": {
      "error": 506.7803114030103,
      "isConstant": false,
      "max": 536707.437369,
      "min": 0.5,
      "name": "nSigP",
      "value": 355271.88439273427
    }
  },
  "fit_metadata": {
    "bin_index": 3,
    "fail_hist_uses_pass_hist": false,
    "fit_range": {
      "max": 120.0,
      "min": 60.0
    },
    "truth_fail_template_uses_pass_hist": false,
    "truth_template_source": "/eos/home-p/pelai/HZa/root_TnP//hza_resolve_phid_2023preBPix_sf//DY_MC_LO_2023preBPix_hza_resolve_phid_2023preBPix_sf.root"
  },
  "fit_result": {
    "fail": {
      "covQual": -1,
      "edm": 1.0218505757049483,
      "floatParsFinal": [
        {
          "error": 0.01127392713079356,
          "isConstant": false,
          "max": 5.0,
          "min": -5.0,
          "name": "meanF",
          "value": -0.003097905195151185
        },
        {
          "error": 290.7860745991202,
          "isConstant": false,
          "max": 183347.409437,
          "min": 0.5,
          "name": "nSigF",
          "value": 121373.32358296623
        },
        {
          "error": 0.003491012945899763,
          "isConstant": false,
          "max": 1.5000000024827242,
          "min": 0.4000000006620599,
          "name": "sigmaF",
          "value": 0.40000009969879485
        }
      ],
      "floatParsInit": [
        {
          "error": 0.0,
          "isConstant": false,
          "max": 5.0,
          "min": -5.0,
          "name": "meanF",
          "value": -0.0
        },
        {
          "error": 0.0,
          "isConstant": false,
          "max": 183347.409437,
          "min": 0.5,
          "name": "nSigF",
          "value": 110008.445662
        },
        {
          "error": 0.0,
          "isConstant": false,
          "max": 1.5000000024827242,
          "min": 0.4000000006620599,
          "name": "sigmaF",
          "value": 0.5000000008275748
        }
      ],
      "minNll": -903164.799174024,
      "numInvalidNLL": 0,
      "status": 160
    },
    "fail_quality": "check",
    "pass": {
      "covQual": -1,
      "edm": 1.1700611708669182,
      "floatParsFinal": [
        {
          "error": 0.006413710760682978,
          "isConstant": false,
          "max": 5.0,
          "min": -5.0,
          "name": "meanP",
          "value": -0.008214480253363021
        },
        {
          "error": 506.7803114030103,
          "isConstant": false,
          "max": 536707.437369,
          "min": 0.5,
          "name": "nSigP",
          "value": 355271.88439273427
        },
        {
          "error": 0.0012884814666144218,
          "isConstant": false,
          "max": 5.0,
          "min": 0.5,
          "name": "sigmaP",
          "value": 0.5000000008275748
        }
      ],
      "floatParsInit": [
        {
          "error": 0.0,
          "isConstant": false,
          "max": 5.0,
          "min": -5.0,
          "name": "meanP",
          "value": -0.0
        },
        {
          "error": 0.0,
          "isConstant": false,
          "max": 536707.437369,
          "min": 0.5,
          "name": "nSigP",
          "value": 322024.462421
        },
        {
          "error": 0.0,
          "isConstant": false,
          "max": 5.0,
          "min": 0.5,
          "name": "sigmaP",
          "value": 0.9
        }
      ],
      "minNll": -3041308.133124361,
      "numInvalidNLL": 0,
      "status": 160
    },
    "pass_quality": "check",
    "root_read_error": null
  },
  "fit_type": "nominalFit",
  "histograms": {
    "fail": {
      "entries": 114860.0,
      "fit_window": {
        "bin1": 11,
        "bin2": 70,
        "max": 120.0,
        "min": 60.0
      },
      "integral_fit_window": 121376.27537794817,
      "integral_fit_window_error": 417.39625404353563,
      "integral_full": 122231.60629148307,
      "integral_full_error": 418.8120280850261,
      "maximum_bin_center": 89.5,
      "maximum_bin_content": 11035.608897121765,
      "mean": 86.55031887328641,
      "rms": 7.7497720391680165
    },
    "pass": {
      "entries": 360254.0,
      "fit_window": {
        "bin1": 11,
        "bin2": 70,
        "max": 120.0,
        "min": 60.0
      },
      "integral_fit_window": 355273.20873848425,
      "integral_fit_window_error": 701.0373818812482,
      "integral_full": 357804.9582457457,
      "integral_full_error": 703.5365853724029,
      "maximum_bin_center": 89.5,
      "maximum_bin_content": 34196.87582906735,
      "mean": 86.4206848473796,
      "rms": 7.556637147511837
    }
  },
  "sample": {
    "fitOutputBinRoot": "/eos/home-p/pelai/HZa/root_TnP//hza_resolve_phid_2023preBPix_sf//DY_MC_LO_2023preBPix_hza_resolve_phid_2023preBPix_sf.nominalFit-bin03_ph_sc_eta_m1p44Tom0p80_ph_et_20p00To35p00.root",
    "fitOutputRoot": "/eos/home-p/pelai/HZa/root_TnP//hza_resolve_phid_2023preBPix_sf//DY_MC_LO_2023preBPix_hza_resolve_phid_2023preBPix_sf.nominalFit.root",
    "histFile": "/eos/home-p/pelai/HZa/root_TnP//hza_resolve_phid_2023preBPix_sf//DY_MC_LO_2023preBPix_hza_resolve_phid_2023preBPix_sf.root",
    "isMC": true,
    "mcRefHistFile": "/eos/home-p/pelai/HZa/root_TnP//hza_resolve_phid_2023preBPix_sf//DY_MC_LO_2023preBPix_hza_resolve_phid_2023preBPix_sf.root",
    "mcTruth": true,
    "name": "DY_MC_LO_2023preBPix"
  },
  "workspace": {
    "effective_parsed": [
      {
        "max": 5.0,
        "min": -5.0,
        "name": "meanP",
        "raw": "meanP[-0.0,-5.0,5.0]",
        "tokens": [
          "-0.0",
          "-5.0",
          "5.0"
        ],
        "value": -0.0
      },
      {
        "max": 5.0,
        "min": 0.5,
        "name": "sigmaP",
        "raw": "sigmaP[0.9,0.5,5.0]",
        "tokens": [
          "0.9",
          "0.5",
          "5.0"
        ],
        "value": 0.9
      },
      {
        "max": 5.0,
        "min": -5.0,
        "name": "meanF",
        "raw": "meanF[-0.0,-5.0,5.0]",
        "tokens": [
          "-0.0",
          "-5.0",
          "5.0"
        ],
        "value": -0.0
      },
      {
        "max": 5.0,
        "min": 0.5,
        "name": "sigmaF",
        "raw": "sigmaF[0.9,0.5,5.0]",
        "tokens": [
          "0.9",
          "0.5",
          "5.0"
        ],
        "value": 0.9
      },
      {
        "max": 80.0,
        "min": 50.0,
        "name": "acmsP",
        "raw": "acmsP[60.,50.,80.]",
        "tokens": [
          "60.",
          "50.",
          "80."
        ],
        "value": 60.0
      },
      {
        "max": 0.08,
        "min": 0.01,
        "name": "betaP",
        "raw": "betaP[0.05,0.01,0.08]",
        "tokens": [
          "0.05",
          "0.01",
          "0.08"
        ],
        "value": 0.05
      },
      {
        "max": 2.0,
        "min": -2.0,
        "name": "gammaP",
        "raw": "gammaP[0.1, -2, 2]",
        "tokens": [
          "0.1",
          "-2",
          "2"
        ],
        "value": 0.1
      },
      {
        "max": 90.0,
        "min": 82.0,
        "name": "peakP",
        "raw": "peakP[87.0,82.0,90.0]",
        "tokens": [
          "87.0",
          "82.0",
          "90.0"
        ],
        "value": 87.0
      },
      {
        "max": 80.0,
        "min": 50.0,