{
  "bin": {
    "cut": "tag_Ele_pt > 35 && abs(tag_sc_eta) < 2.17 && ph_sc_eta >= -0.800000 && ph_sc_eta < 0.000000 && ph_et >= 35.000000 && ph_et < 50.000000",
    "index": 14,
    "name": "bin14_ph_sc_eta_m0p80To0p00_ph_et_35p00To50p00",
    "title": "; -0.800 < ph_sc_eta < 0.000; 35.000 < ph_et < 50.000",
    "vars": {
      "ph_et": {
        "max": 50,
        "min": 35
      },
      "ph_sc_eta": {
        "max": 0.0,
        "min": -0.8
      }
    }
  },
  "created_at_utc": "2026-04-21T16:57:33.063837+00:00",
  "derived": {
    "efficiency": 0.7925854813364527,
    "efficiency_error": 0.00024018161383903904,
    "nSigF": {
      "error": 535.8952648768318,
      "isConstant": false,
      "max": 621978.997787,
      "min": 0.5,
      "name": "nSigF",
      "value": 413604.72259944776
    },
    "nSigP": {
      "error": 1067.0397561118007,
      "isConstant": false,
      "max": 2375857.323396,
      "min": 0.5,
      "name": "nSigP",
      "value": 1580492.5337761636
    }
  },
  "fit_metadata": {
    "bin_index": 14,
    "fail_hist_uses_pass_hist": false,
    "fit_range": {
      "max": 120.0,
      "min": 60.0
    },
    "truth_fail_template_uses_pass_hist": false,
    "truth_template_source": "/eos/home-p/pelai/HZa/root_TnP//hza_resolve_phid_2023preBPix_sf//DY_MC_LO_2023preBPix_hza_resolve_phid_2023preBPix_sf.root"
  },
  "fit_result": {
    "fail": {
      "covQual": -1,
      "edm": 0.8393246050611934,
      "floatParsFinal": [
        {
          "error": 0.004035445315576869,
          "isConstant": false,
          "max": 5.0,
          "min": -5.0,
          "name": "meanF",
          "value": 0.0014951087685801667
        },
        {
          "error": 535.8952648768318,
          "isConstant": false,
          "max": 621978.997787,
          "min": 0.5,
          "name": "nSigF",
          "value": 413604.72259944776
        },
        {
          "error": 0.0006428417572745537,
          "isConstant": false,
          "max": 1.5000000116984242,
          "min": 0.40000000311957984,
          "name": "sigmaF",
          "value": 0.400000006894238
        }
      ],
      "floatParsInit": [
        {
          "error": 0.0,
          "isConstant": false,
          "max": 5.0,
          "min": -5.0,
          "name": "meanF",
          "value": -0.0
        },
        {
          "error": 0.0,
          "isConstant": false,
          "max": 621978.997787,
          "min": 0.5,
          "name": "nSigF",
          "value": 373187.398672
        },
        {
          "error": 0.0,
          "isConstant": false,
          "max": 1.5000000116984242,
          "min": 0.40000000311957984,
          "name": "sigmaF",
          "value": 0.5000000038994747
        }
      ],
      "minNll": -3779820.5256535728,
      "numInvalidNLL": 0,
      "status": 160
    },
    "fail_quality": "check",
    "pass": {
      "covQual": -1,
      "edm": 3.975130143514676,
      "floatParsFinal": [
        {
          "error": 0.001993973381840153,
          "isConstant": false,
          "max": 5.0,
          "min": -5.0,
          "name": "meanP",
          "value": -9.743083441726696e-05
        },
        {
          "error": 1067.0397561118007,
          "isConstant": false,
          "max": 2375857.323396,
          "min": 0.5,
          "name": "nSigP",
          "value": 1580492.5337761636
        },
        {
          "error": 9.384880367585557e-05,
          "isConstant": false,
          "max": 5.0,
          "min": 0.5,
          "name": "sigmaP",
          "value": 0.5000000038994747
        }
      ],
      "floatParsInit": [
        {
          "error": 0.0,
          "isConstant": false,
          "max": 5.0,
          "min": -5.0,
          "name": "meanP",
          "value": -0.0
        },
        {
          "error": 0.0,
          "isConstant": false,
          "max": 2375857.323396,
          "min": 0.5,
          "name": "nSigP",
          "value": 1425514.394038
        },
        {
          "error": 0.0,
          "isConstant": false,
          "max": 5.0,
          "min": 0.5,
          "name": "sigmaP",
          "value": 0.9
        }
      ],
      "minNll": -16670966.710674845,
      "numInvalidNLL": 0,
      "status": 160
    },
    "pass_quality": "check",
    "root_read_error": null
  },
  "fit_type": "nominalFit",
  "histograms": {
    "fail": {
      "entries": 387325.0,
      "fit_window": {
        "bin1": 11,
        "bin2": 70,
        "max": 120.0,
        "min": 60.0
      },
      "integral_fit_window": 413604.9057691054,
      "integral_fit_window_error": 771.8024791180026,
      "integral_full": 414652.6651915033,
      "integral_full_error": 772.7898346333071,
      "maximum_bin_center": 90.5,
      "maximum_bin_content": 60406.18007137859,
      "mean": 90.78505978205347,
      "rms": 4.924012780386721
    },
    "pass": {
      "entries": 1587681.0,
      "fit_window": {
        "bin1": 11,
        "bin2": 70,
        "max": 120.0,
        "min": 60.0
      },
      "integral_fit_window": 1580486.9171801365,
      "integral_fit_window_error": 1481.1953250744587,
      "integral_full": 1583904.8822639133,
      "integral_full_error": 1482.8194248188568,
      "maximum_bin_center": 90.5,
      "maximum_bin_content": 245272.8780204335,
      "mean": 90.77303897366122,
      "rms": 4.639583462007527
    }
  },
  "sample": {
    "fitOutputBinRoot": "/eos/home-p/pelai/HZa/root_TnP//hza_resolve_phid_2023preBPix_sf//DY_MC_LO_2023preBPix_hza_resolve_phid_2023preBPix_sf.nominalFit-bin14_ph_sc_eta_m0p80To0p00_ph_et_35p00To50p00.root",
    "fitOutputRoot": "/eos/home-p/pelai/HZa/root_TnP//hza_resolve_phid_2023preBPix_sf//DY_MC_LO_2023preBPix_hza_resolve_phid_2023preBPix_sf.nominalFit.root",
    "histFile": "/eos/home-p/pelai/HZa/root_TnP//hza_resolve_phid_2023preBPix_sf//DY_MC_LO_2023preBPix_hza_resolve_phid_2023preBPix_sf.root",
    "isMC": true,
    "mcRefHistFile": "/eos/home-p/pelai/HZa/root_TnP//hza_resolve_phid_2023preBPix_sf//DY_MC_LO_2023preBPix_hza_resolve_phid_2023preBPix_sf.root",
    "mcTruth": true,
    "name": "DY_MC_LO_2023preBPix"
  },
  "workspace": {
    "effective_parsed": [
      {
        "max": 5.0,
        "min": -5.0,
        "name": "meanP",
        "raw": "meanP[-0.0,-5.0,5.0]",
        "tokens": [
          "-0.0",
          "-5.0",
          "5.0"
        ],
        "value": -0.0
      },
      {
        "max": 5.0,
        "min": 0.5,
        "name": "sigmaP",
        "raw": "sigmaP[0.9,0.5,5.0]",
        "tokens": [
          "0.9",
          "0.5",
          "5.0"
        ],
        "value": 0.9
      },
      {
        "max": 5.0,
        "min": -5.0,
        "name": "meanF",
        "raw": "meanF[-0.0,-5.0,5.0]",
        "tokens": [
          "-0.0",
          "-5.0",
          "5.0"
        ],
        "value": -0.0
      },
      {
        "max": 5.0,
        "min": 0.5,
        "name": "sigmaF",
        "raw": "sigmaF[0.9,0.5,5.0]",
        "tokens": [
          "0.9",
          "0.5",
          "5.0"
        ],
        "value": 0.9
      },
      {
        "max": 80.0,
        "min": 50.0,
        "name": "acmsP",
        "raw": "acmsP[60.,50.,80.]",
        "tokens": [
          "60.",
          "50.",
          "80."
        ],
        "value": 60.0
      },
      {
        "max": 0.08,
        "min": 0.01,
        "name": "betaP",
        "raw": "betaP[0.05,0.01,0.08]",
        "tokens": [
          "0.05",
          "0.01",
          "0.08"
        ],
        "value": 0.05
      },
      {
        "max": 2.0,
        "min": -2.0,
        "name": "gammaP",
        "raw": "gammaP[0.1, -2, 2]",
        "tokens": [
          "0.1",
          "-2",
          "2"
        ],
        "value": 0.1
      },
      {
        "max": 90.0,
        "min": 82.0,
        "name": "peakP",
        "raw": "peakP[87.0,82.0,90.0]",
        "tokens": [
          "87.0",
          "82.0",
          "90.0"
        ],
        "value": 87.0
      },
      {
        "max": 80.0,
        "min": 50.0,