{
  "bin": {
    "cut": "tag_Ele_pt > 35 && abs(tag_sc_eta) < 2.17 && ph_sc_eta >= -1.444200 && ph_sc_eta < -0.800000 && ph_et >= 35.000000 && ph_et < 50.000000",
    "index": 13,
    "name": "bin13_ph_sc_eta_m1p44Tom0p80_ph_et_35p00To50p00",
    "title": "; -1.444 < ph_sc_eta < -0.800; 35.000 < ph_et < 50.000",
    "vars": {
      "ph_et": {
        "max": 50,
        "min": 35
      },
      "ph_sc_eta": {
        "max": -0.8,
        "min": -1.4442
      }
    }
  },
  "created_at_utc": "2026-04-21T16:57:39.327338+00:00",
  "derived": {
    "efficiency": 0.7937905137489386,
    "efficiency_error": 0.0002899277638217274,
    "nSigF": {
      "error": 440.8066513517406,
      "isConstant": false,
      "max": 421669.891761,
      "min": 0.5,
      "name": "nSigF",
      "value": 280460.115176209
    },
    "nSigP": {
      "error": 881.6784156545764,
      "isConstant": false,
      "max": 1622689.830286,
      "min": 0.5,
      "name": "nSigP",
      "value": 1079613.6635574568
    }
  },
  "fit_metadata": {
    "bin_index": 13,
    "fail_hist_uses_pass_hist": false,
    "fit_range": {
      "max": 120.0,
      "min": 60.0
    },
    "truth_fail_template_uses_pass_hist": false,
    "truth_template_source": "/eos/home-p/pelai/HZa/root_TnP//hza_resolve_phid_2023preBPix_sf//DY_MC_LO_2023preBPix_hza_resolve_phid_2023preBPix_sf.root"
  },
  "fit_result": {
    "fail": {
      "covQual": -1,
      "edm": 2.5387556300534673,
      "floatParsFinal": [
        {
          "error": 0.0056157168582058326,
          "isConstant": false,
          "max": 5.0,
          "min": -5.0,
          "name": "meanF",
          "value": 0.0017967174025965704
        },
        {
          "error": 440.8066513517406,
          "isConstant": false,
          "max": 421669.891761,
          "min": 0.5,
          "name": "nSigF",
          "value": 280460.115176209
        },
        {
          "error": 0.0016275331331408183,
          "isConstant": false,
          "max": 1.5000000730193892,
          "min": 0.40000001947183716,
          "name": "sigmaF",
          "value": 0.40000008567487516
        }
      ],
      "floatParsInit": [
        {
          "error": 0.0,
          "isConstant": false,
          "max": 5.0,
          "min": -5.0,
          "name": "meanF",
          "value": -0.0
        },
        {
          "error": 0.0,
          "isConstant": false,
          "max": 421669.891761,
          "min": 0.5,
          "name": "nSigF",
          "value": 253001.935056
        },
        {
          "error": 0.0,
          "isConstant": false,
          "max": 1.5000000730193892,
          "min": 0.40000001947183716,
          "name": "sigmaF",
          "value": 0.5000000243397964
        }
      ],
      "minNll": -2436411.631095172,
      "numInvalidNLL": 0,
      "status": 160
    },
    "fail_quality": "check",
    "pass": {
      "covQual": -1,
      "edm": 4.747437326371393,
      "floatParsFinal": [
        {
          "error": 0.0028143171960284263,
          "isConstant": false,
          "max": 5.0,
          "min": -5.0,
          "name": "meanP",
          "value": -0.00039420819434710097
        },
        {
          "error": 881.6784156545764,
          "isConstant": false,
          "max": 1622689.830286,
          "min": 0.5,
          "name": "nSigP",
          "value": 1079613.6635574568
        },
        {
          "error": 0.0002626274528842454,
          "isConstant": false,
          "max": 5.0,
          "min": 0.5,
          "name": "sigmaP",
          "value": 0.5000000243397964
        }
      ],
      "floatParsInit": [
        {
          "error": 0.0,
          "isConstant": false,
          "max": 5.0,
          "min": -5.0,
          "name": "meanP",
          "value": -0.0
        },
        {
          "error": 0.0,
          "isConstant": false,
          "max": 1622689.830286,
          "min": 0.5,
          "name": "nSigP",
          "value": 973613.898172
        },
        {
          "error": 0.0,
          "isConstant": false,
          "max": 5.0,
          "min": 0.5,
          "name": "sigmaP",
          "value": 0.9
        }
      ],
      "minNll": -10883338.927092977,
      "numInvalidNLL": 0,
      "status": 160
    },
    "pass_quality": "check",
    "root_read_error": null
  },
  "fit_type": "nominalFit",
  "histograms": {
    "fail": {
      "entries": 261395.0,
      "fit_window": {
        "bin1": 11,
        "bin2": 70,
        "max": 120.0,
        "min": 60.0
      },
      "integral_fit_window": 280459.9534408095,
      "integral_fit_window_error": 636.2438474250054,
      "integral_full": 281113.2611738853,
      "integral_full_error": 636.983890910998,
      "maximum_bin_center": 90.5,
      "maximum_bin_content": 35328.51937960221,
      "mean": 90.21105395279656,
      "rms": 5.017617181511907
    },
    "pass": {
      "entries": 1082942.0,
      "fit_window": {
        "bin1": 11,
        "bin2": 70,
        "max": 120.0,
        "min": 60.0
      },
      "integral_fit_window": 1079610.0386468747,
      "integral_fit_window_error": 1224.4995977156173,
      "integral_full": 1081793.2201905975,
      "integral_full_error": 1225.7355532643112,
      "maximum_bin_center": 90.5,
      "maximum_bin_content": 141003.94917268076,
      "mean": 90.1004603859975,
      "rms": 4.782789430698856
    }
  },
  "sample": {
    "fitOutputBinRoot": "/eos/home-p/pelai/HZa/root_TnP//hza_resolve_phid_2023preBPix_sf//DY_MC_LO_2023preBPix_hza_resolve_phid_2023preBPix_sf.nominalFit-bin13_ph_sc_eta_m1p44Tom0p80_ph_et_35p00To50p00.root",
    "fitOutputRoot": "/eos/home-p/pelai/HZa/root_TnP//hza_resolve_phid_2023preBPix_sf//DY_MC_LO_2023preBPix_hza_resolve_phid_2023preBPix_sf.nominalFit.root",
    "histFile": "/eos/home-p/pelai/HZa/root_TnP//hza_resolve_phid_2023preBPix_sf//DY_MC_LO_2023preBPix_hza_resolve_phid_2023preBPix_sf.root",
    "isMC": true,
    "mcRefHistFile": "/eos/home-p/pelai/HZa/root_TnP//hza_resolve_phid_2023preBPix_sf//DY_MC_LO_2023preBPix_hza_resolve_phid_2023preBPix_sf.root",
    "mcTruth": true,
    "name": "DY_MC_LO_2023preBPix"
  },
  "workspace": {
    "effective_parsed": [
      {
        "max": 5.0,
        "min": -5.0,
        "name": "meanP",
        "raw": "meanP[-0.0,-5.0,5.0]",
        "tokens": [
          "-0.0",
          "-5.0",
          "5.0"
        ],
        "value": -0.0
      },
      {
        "max": 5.0,
        "min": 0.5,
        "name": "sigmaP",
        "raw": "sigmaP[0.9,0.5,5.0]",
        "tokens": [
          "0.9",
          "0.5",
          "5.0"
        ],
        "value": 0.9
      },
      {
        "max": 5.0,
        "min": -5.0,
        "name": "meanF",
        "raw": "meanF[-0.0,-5.0,5.0]",
        "tokens": [
          "-0.0",
          "-5.0",
          "5.0"
        ],
        "value": -0.0
      },
      {
        "max": 5.0,
        "min": 0.5,
        "name": "sigmaF",
        "raw": "sigmaF[0.9,0.5,5.0]",
        "tokens": [
          "0.9",
          "0.5",
          "5.0"
        ],
        "value": 0.9
      },
      {
        "max": 80.0,
        "min": 50.0,
        "name": "acmsP",
        "raw": "acmsP[60.,50.,80.]",
        "tokens": [
          "60.",
          "50.",
          "80."
        ],
        "value": 60.0
      },
      {
        "max": 0.08,
        "min": 0.01,
        "name": "betaP",
        "raw": "betaP[0.05,0.01,0.08]",
        "tokens": [
          "0.05",
          "0.01",
          "0.08"
        ],
        "value": 0.05
      },
      {
        "max": 2.0,
        "min": -2.0,
        "name": "gammaP",
        "raw": "gammaP[0.1, -2, 2]",
        "tokens": [
          "0.1",
          "-2",
          "2"
        ],
        "value": 0.1
      },
      {
        "max": 90.0,
        "min": 82.0,
        "name": "peakP",
        "raw": "peakP[87.0,82.0,90.0]",
        "tokens": [
          "87.0",
          "82.0",
          "90.0"
        ],
        "value": 87.0
      },
      {
        "max": 80.0,
        "min": 50.0,