{
  "bin": {
    "cut": "tag_Ele_pt > 35 && abs(tag_sc_eta) < 2.17 && ph_sc_eta >= 0.800000 && ph_sc_eta < 1.444200 && ph_et >= 35.000000 && ph_et < 50.000000",
    "index": 16,
    "name": "bin16_ph_sc_eta_0p80To1p44_ph_et_35p00To50p00",
    "title": "; 0.800 < ph_sc_eta < 1.444; 35.000 < ph_et < 50.000",
    "vars": {
      "ph_et": {
        "max": 50,
        "min": 35
      },
      "ph_sc_eta": {
        "max": 1.4442,
        "min": 0.8
      }
    }
  },
  "created_at_utc": "2026-04-19T17:09:56.036101+00:00",
  "derived": {
    "efficiency": 0.7925305058277735,
    "efficiency_error": 0.0002911872704617582,
    "nSigF": {
      "error": 441.4454915483657,
      "isConstant": false,
      "max": 422811.143362,
      "min": 0.5,
      "name": "nSigF",
      "value": 281166.7292301856
    },
    "nSigP": {
      "error": 879.9047860576538,
      "isConstant": false,
      "max": 1614231.678503,
      "min": 0.5,
      "name": "nSigP",
      "value": 1074052.8916205836
    }
  },
  "fit_metadata": {
    "bin_index": 16,
    "fail_hist_uses_pass_hist": false,
    "fit_range": {
      "max": 120.0,
      "min": 60.0
    },
    "truth_fail_template_uses_pass_hist": false,
    "truth_template_source": "/eos/home-p/pelai/HZa/root_TnP//hza_resolve_phid_2023preBPix_sf//DY_MC_LO_2023preBPix_hza_resolve_phid_2023preBPix_sf.root"
  },
  "fit_result": {
    "fail": {
      "covQual": -1,
      "edm": 5.33367064074232,
      "floatParsFinal": [
        {
          "error": 0.0055791698994278605,
          "isConstant": false,
          "max": 5.0,
          "min": -5.0,
          "name": "meanF",
          "value": 0.0013341823343679948
        },
        {
          "error": 441.4454915483657,
          "isConstant": false,
          "max": 422811.143362,
          "min": 0.5,
          "name": "nSigF",
          "value": 281166.7292301856
        },
        {
          "error": 0.001462148984276851,
          "isConstant": false,
          "max": 1.50000008126511,
          "min": 0.40000002167069604,
          "name": "sigmaF",
          "value": 0.40000006679015904
        }
      ],
      "floatParsInit": [
        {
          "error": 0.0,
          "isConstant": false,
          "max": 5.0,
          "min": -5.0,
          "name": "meanF",
          "value": -0.0
        },
        {
          "error": 0.0,
          "isConstant": false,
          "max": 422811.143362,
          "min": 0.5,
          "name": "nSigF",
          "value": 253686.686017
        },
        {
          "error": 0.0,
          "isConstant": false,
          "max": 1.50000008126511,
          "min": 0.40000002167069604,
          "name": "sigmaF",
          "value": 0.50000002708837
        }
      ],
      "minNll": -2442920.168839206,
      "numInvalidNLL": 0,
      "status": 160
    },
    "fail_quality": "check",
    "pass": {
      "covQual": -1,
      "edm": 4.216187401436154,
      "floatParsFinal": [
        {
          "error": 0.0028180717787820164,
          "isConstant": false,
          "max": 5.0,
          "min": -5.0,
          "name": "meanP",
          "value": -0.00037204462907070024
        },
        {
          "error": 879.9047860576538,
          "isConstant": false,
          "max": 1614231.678503,
          "min": 0.5,
          "name": "nSigP",
          "value": 1074052.8916205836
        },
        {
          "error": 0.00026308628268667533,
          "isConstant": false,
          "max": 5.0,
          "min": 0.5,
          "name": "sigmaP",
          "value": 0.50000002708837
        }
      ],
      "floatParsInit": [
        {
          "error": 0.0,
          "isConstant": false,
          "max": 5.0,
          "min": -5.0,
          "name": "meanP",
          "value": -0.0
        },
        {
          "error": 0.0,
          "isConstant": false,
          "max": 1614231.678503,
          "min": 0.5,
          "name": "nSigP",
          "value": 968539.007102
        },
        {
          "error": 0.0,
          "isConstant": false,
          "max": 5.0,
          "min": 0.5,
          "name": "sigmaP",
          "value": 0.9
        }
      ],
      "minNll": -10823579.932695705,
      "numInvalidNLL": 0,
      "status": 160
    },
    "pass_quality": "check",
    "root_read_error": null
  },
  "fit_type": "nominalFit",
  "histograms": {
    "fail": {
      "entries": 262302.0,
      "fit_window": {
        "bin1": 11,
        "bin2": 70,
        "max": 120.0,
        "min": 60.0
      },
      "integral_fit_window": 281166.9907700003,
      "integral_fit_window_error": 636.9238189020019,
      "integral_full": 281874.09557498817,
      "integral_full_error": 637.740293055948,
      "maximum_bin_center": 90.5,
      "maximum_bin_content": 35477.71468202104,
      "mean": 90.16385666444849,
      "rms": 5.048549288289891
    },
    "pass": {
      "entries": 1078650.0,
      "fit_window": {
        "bin1": 11,
        "bin2": 70,
        "max": 120.0,
        "min": 60.0
      },
      "integral_fit_window": 1074048.9352625366,
      "integral_fit_window_error": 1220.6483239181919,
      "integral_full": 1076154.4523354454,
      "integral_full_error": 1221.868342925959,
      "maximum_bin_center": 90.5,
      "maximum_bin_content": 140435.77434545022,
      "mean": 90.0689726115537,
      "rms": 4.7623553135729875
    }
  },
  "sample": {
    "fitOutputBinRoot": "/eos/home-p/pelai/HZa/root_TnP//hza_resolve_phid_2023preBPix_sf//DY_MC_LO_2023preBPix_hza_resolve_phid_2023preBPix_sf.nominalFit-bin16_ph_sc_eta_0p80To1p44_ph_et_35p00To50p00.root",
    "fitOutputRoot": "/eos/home-p/pelai/HZa/root_TnP//hza_resolve_phid_2023preBPix_sf//DY_MC_LO_2023preBPix_hza_resolve_phid_2023preBPix_sf.nominalFit.root",
    "histFile": "/eos/home-p/pelai/HZa/root_TnP//hza_resolve_phid_2023preBPix_sf//DY_MC_LO_2023preBPix_hza_resolve_phid_2023preBPix_sf.root",
    "isMC": true,
    "mcRefHistFile": "/eos/home-p/pelai/HZa/root_TnP//hza_resolve_phid_2023preBPix_sf//DY_MC_LO_2023preBPix_hza_resolve_phid_2023preBPix_sf.root",
    "mcTruth": true,
    "name": "DY_MC_LO_2023preBPix"
  },
  "workspace": {
    "effective_parsed": [
      {
        "max": 5.0,
        "min": -5.0,
        "name": "meanP",
        "raw": "meanP[-0.0,-5.0,5.0]",
        "tokens": [
          "-0.0",
          "-5.0",
          "5.0"
        ],
        "value": -0.0
      },
      {
        "max": 5.0,
        "min": 0.5,
        "name": "sigmaP",
        "raw": "sigmaP[0.9,0.5,5.0]",
        "tokens": [
          "0.9",
          "0.5",
          "5.0"
        ],
        "value": 0.9
      },
      {
        "max": 5.0,
        "min": -5.0,
        "name": "meanF",
        "raw": "meanF[-0.0,-5.0,5.0]",
        "tokens": [
          "-0.0",
          "-5.0",
          "5.0"
        ],
        "value": -0.0
      },
      {
        "max": 5.0,
        "min": 0.5,
        "name": "sigmaF",
        "raw": "sigmaF[0.9,0.5,5.0]",
        "tokens": [
          "0.9",
          "0.5",
          "5.0"
        ],
        "value": 0.9
      },
      {
        "max": 80.0,
        "min": 50.0,
        "name": "acmsP",
        "raw": "acmsP[60.,50.,80.]",
        "tokens": [
          "60.",
          "50.",
          "80."
        ],
        "value": 60.0
      },
      {
        "max": 0.08,
        "min": 0.01,
        "name": "betaP",
        "raw": "betaP[0.05,0.01,0.08]",
        "tokens": [
          "0.05",
          "0.01",
          "0.08"
        ],
        "value": 0.05
      },
      {
        "max": 2.0,
        "min": -2.0,
        "name": "gammaP",
        "raw": "gammaP[0.1, -2, 2]",
        "tokens": [
          "0.1",
          "-2",
          "2"
        ],
        "value": 0.1
      },
      {
        "max": 90.0,
        "min": 82.0,
        "name": "peakP",
        "raw": "peakP[87.0,82.0,90.0]",
        "tokens": [
          "87.0",
          "82.0",
          "90.0"
        ],
        "value": 87.0
      },
      {
        "max": 80.0,
        "min": 50.0,