{
  "bin": {
    "cut": "tag_Ele_pt > 35 && abs(tag_sc_eta) < 2.17 && ph_sc_eta >= -2.500000 && ph_sc_eta < -2.000000 && ph_et >= 35.000000 && ph_et < 50.000000",
    "index": 10,
    "name": "bin10_ph_sc_eta_m2p50Tom2p00_ph_et_35p00To50p00",
    "title": "; -2.500 < ph_sc_eta < -2.000; 35.000 < ph_et < 50.000",
    "vars": {
      "ph_et": {
        "max": 50,
        "min": 35
      },
      "ph_sc_eta": {
        "max": -2.0,
        "min": -2.5
      }
    }
  },
  "created_at_utc": "2026-04-20T06:36:55.086544+00:00",
  "derived": {
    "efficiency": 0.808807321464129,
    "efficiency_error": 0.000476987491174864,
    "nSigF": {
      "error": 251.7505231320829,
      "isConstant": false,
      "max": 137083.094968,
      "min": 0.5,
      "name": "nSigF",
      "value": 91030.0251784749
    },
    "nSigP": {
      "error": 526.032214074803,
      "isConstant": false,
      "max": 579557.097825,
      "min": 0.5,
      "name": "nSigP",
      "value": 385086.66441221
    }
  },
  "fit_metadata": {
    "bin_index": 10,
    "fail_hist_uses_pass_hist": false,
    "fit_range": {
      "max": 120.0,
      "min": 60.0
    },
    "truth_fail_template_uses_pass_hist": false,
    "truth_template_source": "/eos/home-p/pelai/HZa/root_TnP//hza_resolve_phid_2023preBPix_sf//DY_MC_LO_2023preBPix_hza_resolve_phid_2023preBPix_sf.root"
  },
  "fit_result": {
    "fail": {
      "covQual": -1,
      "edm": 0.9748045778157812,
      "floatParsFinal": [
        {
          "error": 0.0105452576804419,
          "isConstant": false,
          "max": 5.0,
          "min": -5.0,
          "name": "meanF",
          "value": 0.003963193630580619
        },
        {
          "error": 251.7505231320829,
          "isConstant": false,
          "max": 137083.094968,
          "min": 0.5,
          "name": "nSigF",
          "value": 91030.0251784749
        },
        {
          "error": 0.004269907947705931,
          "isConstant": false,
          "max": 1.5000000048341215,
          "min": 0.40000000128909907,
          "name": "sigmaF",
          "value": 0.40000058902397856
        }
      ],
      "floatParsInit": [
        {
          "error": 0.0,
          "isConstant": false,
          "max": 5.0,
          "min": -5.0,
          "name": "meanF",
          "value": -0.0
        },
        {
          "error": 0.0,
          "isConstant": false,
          "max": 137083.094968,
          "min": 0.5,
          "name": "nSigF",
          "value": 82249.856981
        },
        {
          "error": 0.0,
          "isConstant": false,
          "max": 1.5000000048341215,
          "min": 0.40000000128909907,
          "name": "sigmaF",
          "value": 0.5000000016113738
        }
      ],
      "minNll": -683179.9546755292,
      "numInvalidNLL": 0,
      "status": 160
    },
    "fail_quality": "check",
    "pass": {
      "covQual": -1,
      "edm": 6.434370857140705,
      "floatParsFinal": [
        {
          "error": 0.005159950587394491,
          "isConstant": false,
          "max": 5.0,
          "min": -5.0,
          "name": "meanP",
          "value": 0.0032013822029917094
        },
        {
          "error": 526.032214074803,
          "isConstant": false,
          "max": 579557.097825,
          "min": 0.5,
          "name": "nSigP",
          "value": 385086.66441221
        },
        {
          "error": 0.0010633323994415633,
          "isConstant": false,
          "max": 5.0,
          "min": 0.5,
          "name": "sigmaP",
          "value": 0.5000000016113738
        }
      ],
      "floatParsInit": [
        {
          "error": 0.0,
          "isConstant": false,
          "max": 5.0,
          "min": -5.0,
          "name": "meanP",
          "value": -0.0
        },
        {
          "error": 0.0,
          "isConstant": false,
          "max": 579557.097825,
          "min": 0.5,
          "name": "nSigP",
          "value": 347734.258695
        },
        {
          "error": 0.0,
          "isConstant": false,
          "max": 5.0,
          "min": 0.5,
          "name": "sigmaP",
          "value": 0.9
        }
      ],
      "minNll": -3455797.74997308,
      "numInvalidNLL": 0,
      "status": 160
    },
    "pass_quality": "check",
    "root_read_error": null
  },
  "fit_type": "nominalFit",
  "histograms": {
    "fail": {
      "entries": 85763.0,
      "fit_window": {
        "bin1": 11,
        "bin2": 70,
        "max": 120.0,
        "min": 60.0
      },
      "integral_fit_window": 91027.76457693084,
      "integral_fit_window_error": 361.5918226557165,
      "integral_full": 91388.72997884057,
      "integral_full_error": 362.3032932817284,
      "maximum_bin_center": 90.5,
      "maximum_bin_content": 10720.604224431316,
      "mean": 91.02528671415672,
      "rms": 5.41537181870687
    },
    "pass": {
      "entries": 384891.0,
      "fit_window": {
        "bin1": 11,
        "bin2": 70,
        "max": 120.0,
        "min": 60.0
      },
      "integral_fit_window": 385087.32066071173,
      "integral_fit_window_error": 732.0595887636374,
      "integral_full": 386371.3985498709,
      "integral_full_error": 733.2940488026336,
      "maximum_bin_center": 90.5,
      "maximum_bin_content": 45543.744045858344,
      "mean": 90.9367210755241,
      "rms": 5.22751864812784
    }
  },
  "sample": {
    "fitOutputBinRoot": "/eos/home-p/pelai/HZa/root_TnP//hza_resolve_phid_2023preBPix_sf//DY_MC_LO_2023preBPix_hza_resolve_phid_2023preBPix_sf.nominalFit-bin10_ph_sc_eta_m2p50Tom2p00_ph_et_35p00To50p00.root",
    "fitOutputRoot": "/eos/home-p/pelai/HZa/root_TnP//hza_resolve_phid_2023preBPix_sf//DY_MC_LO_2023preBPix_hza_resolve_phid_2023preBPix_sf.nominalFit.root",
    "histFile": "/eos/home-p/pelai/HZa/root_TnP//hza_resolve_phid_2023preBPix_sf//DY_MC_LO_2023preBPix_hza_resolve_phid_2023preBPix_sf.root",
    "isMC": true,
    "mcRefHistFile": "/eos/home-p/pelai/HZa/root_TnP//hza_resolve_phid_2023preBPix_sf//DY_MC_LO_2023preBPix_hza_resolve_phid_2023preBPix_sf.root",
    "mcTruth": true,
    "name": "DY_MC_LO_2023preBPix"
  },
  "workspace": {
    "effective_parsed": [
      {
        "max": 5.0,
        "min": -5.0,
        "name": "meanP",
        "raw": "meanP[-0.0,-5.0,5.0]",
        "tokens": [
          "-0.0",
          "-5.0",
          "5.0"
        ],
        "value": -0.0
      },
      {
        "max": 5.0,
        "min": 0.5,
        "name": "sigmaP",
        "raw": "sigmaP[0.9,0.5,5.0]",
        "tokens": [
          "0.9",
          "0.5",
          "5.0"
        ],
        "value": 0.9
      },
      {
        "max": 5.0,
        "min": -5.0,
        "name": "meanF",
        "raw": "meanF[-0.0,-5.0,5.0]",
        "tokens": [
          "-0.0",
          "-5.0",
          "5.0"
        ],
        "value": -0.0
      },
      {
        "max": 5.0,
        "min": 0.5,
        "name": "sigmaF",
        "raw": "sigmaF[0.9,0.5,5.0]",
        "tokens": [
          "0.9",
          "0.5",
          "5.0"
        ],
        "value": 0.9
      },
      {
        "max": 80.0,
        "min": 50.0,
        "name": "acmsP",
        "raw": "acmsP[60.,50.,80.]",
        "tokens": [
          "60.",
          "50.",
          "80."
        ],
        "value": 60.0
      },
      {
        "max": 0.08,
        "min": 0.01,
        "name": "betaP",
        "raw": "betaP[0.05,0.01,0.08]",
        "tokens": [
          "0.05",
          "0.01",
          "0.08"
        ],
        "value": 0.05
      },
      {
        "max": 2.0,
        "min": -2.0,
        "name": "gammaP",
        "raw": "gammaP[0.1, -2, 2]",
        "tokens": [
          "0.1",
          "-2",
          "2"
        ],
        "value": 0.1
      },
      {
        "max": 90.0,
        "min": 82.0,
        "name": "peakP",
        "raw": "peakP[87.0,82.0,90.0]",
        "tokens": [
          "87.0",
          "82.0",
          "90.0"
        ],
        "value": 87.0
      },
      {
        "max": 80.0,
        "min": 50.0,
        "name": "acmsF",