{
  "bin": {
    "cut": "tag_Ele_pt > 35 && abs(tag_sc_eta) < 2.17 && ph_sc_eta >= 0.000000 && ph_sc_eta < 0.800000 && ph_et >= 35.000000 && ph_et < 50.000000",
    "index": 15,
    "name": "bin15_ph_sc_eta_0p00To0p80_ph_et_35p00To50p00",
    "title": "; 0.000 < ph_sc_eta < 0.800; 35.000 < ph_et < 50.000",
    "vars": {
      "ph_et": {
        "max": 50,
        "min": 35
      },
      "ph_sc_eta": {
        "max": 0.8,
        "min": 0.0
      }
    }
  },
  "created_at_utc": "2026-04-19T17:09:54.091630+00:00",
  "derived": {
    "efficiency": 0.7910384938157089,
    "efficiency_error": 0.00023932290164741505,
    "nSigF": {
      "error": 541.7012304022501,
      "isConstant": false,
      "max": 635069.496796,
      "min": 0.5,
      "name": "nSigF",
      "value": 422306.23772753077
    },
    "nSigP": {
      "error": 1073.4500274204183,
      "isConstant": false,
      "max": 2403102.280186,
      "min": 0.5,
      "name": "nSigP",
      "value": 1598669.995833319
    }
  },
  "fit_metadata": {
    "bin_index": 15,
    "fail_hist_uses_pass_hist": false,
    "fit_range": {
      "max": 120.0,
      "min": 60.0
    },
    "truth_fail_template_uses_pass_hist": false,
    "truth_template_source": "/eos/home-p/pelai/HZa/root_TnP//hza_resolve_phid_2023preBPix_sf//DY_MC_LO_2023preBPix_hza_resolve_phid_2023preBPix_sf.root"
  },
  "fit_result": {
    "fail": {
      "covQual": -1,
      "edm": 1.3823626409739285,
      "floatParsFinal": [
        {
          "error": 0.003990682224933373,
          "isConstant": false,
          "max": 5.0,
          "min": -5.0,
          "name": "meanF",
          "value": 0.0013894452176632655
        },
        {
          "error": 541.7012304022501,
          "isConstant": false,
          "max": 635069.496796,
          "min": 0.5,
          "name": "nSigF",
          "value": 422306.23772753077
        },
        {
          "error": 0.0006370773539104979,
          "isConstant": false,
          "max": 1.5000000103771158,
          "min": 0.4000000027672309,
          "name": "sigmaF",
          "value": 0.40000000536869634
        }
      ],
      "floatParsInit": [
        {
          "error": 0.0,
          "isConstant": false,
          "max": 5.0,
          "min": -5.0,
          "name": "meanF",
          "value": -0.0
        },
        {
          "error": 0.0,
          "isConstant": false,
          "max": 635069.496796,
          "min": 0.5,
          "name": "nSigF",
          "value": 381041.698078
        },
        {
          "error": 0.0,
          "isConstant": false,
          "max": 1.5000000103771158,
          "min": 0.4000000027672309,
          "name": "sigmaF",
          "value": 0.5000000034590386
        }
      ],
      "minNll": -3869483.30388777,
      "numInvalidNLL": 0,
      "status": 160
    },
    "fail_quality": "check",
    "pass": {
      "covQual": -1,
      "edm": 3.7089724082102027,
      "floatParsFinal": [
        {
          "error": 0.001971253805016282,
          "isConstant": false,
          "max": 5.0,
          "min": -5.0,
          "name": "meanP",
          "value": 5.3362521025057674e-05
        },
        {
          "error": 1073.4500274204183,
          "isConstant": false,
          "max": 2403102.280186,
          "min": 0.5,
          "name": "nSigP",
          "value": 1598669.995833319
        },
        {
          "error": 9.149416356202256e-05,
          "isConstant": false,
          "max": 5.0,
          "min": 0.5,
          "name": "sigmaP",
          "value": 0.5000000034590386
        }
      ],
      "floatParsInit": [
        {
          "error": 0.0,
          "isConstant": false,
          "max": 5.0,
          "min": -5.0,
          "name": "meanP",
          "value": -0.0
        },
        {
          "error": 0.0,
          "isConstant": false,
          "max": 2403102.280186,
          "min": 0.5,
          "name": "nSigP",
          "value": 1441861.368112
        },
        {
          "error": 0.0,
          "isConstant": false,
          "max": 5.0,
          "min": 0.5,
          "name": "sigmaP",
          "value": 0.9
        }
      ],
      "minNll": -16888721.81639153,
      "numInvalidNLL": 0,
      "status": 160
    },
    "pass_quality": "check",
    "root_read_error": null
  },
  "fit_type": "nominalFit",
  "histograms": {
    "fail": {
      "entries": 395664.0,
      "fit_window": {
        "bin1": 11,
        "bin2": 70,
        "max": 120.0,
        "min": 60.0
      },
      "integral_fit_window": 422306.5529994461,
      "integral_fit_window_error": 779.5932785256672,
      "integral_full": 423379.6645308963,
      "integral_full_error": 780.5559292366768,
      "maximum_bin_center": 90.5,
      "maximum_bin_content": 61268.53054892212,
      "mean": 90.81385230660139,
      "rms": 4.913647801512733
    },
    "pass": {
      "entries": 1605598.0,
      "fit_window": {
        "bin1": 11,
        "bin2": 70,
        "max": 120.0,
        "min": 60.0
      },
      "integral_fit_window": 1598664.121236751,
      "integral_fit_window_error": 1489.2838302453883,
      "integral_full": 1602068.1867909513,
      "integral_full_error": 1490.8468592719476,
      "maximum_bin_center": 90.5,
      "maximum_bin_content": 248745.19850872987,
      "mean": 90.7956570014511,
      "rms": 4.625086314711369
    }
  },
  "sample": {
    "fitOutputBinRoot": "/eos/home-p/pelai/HZa/root_TnP//hza_resolve_phid_2023preBPix_sf//DY_MC_LO_2023preBPix_hza_resolve_phid_2023preBPix_sf.nominalFit-bin15_ph_sc_eta_0p00To0p80_ph_et_35p00To50p00.root",
    "fitOutputRoot": "/eos/home-p/pelai/HZa/root_TnP//hza_resolve_phid_2023preBPix_sf//DY_MC_LO_2023preBPix_hza_resolve_phid_2023preBPix_sf.nominalFit.root",
    "histFile": "/eos/home-p/pelai/HZa/root_TnP//hza_resolve_phid_2023preBPix_sf//DY_MC_LO_2023preBPix_hza_resolve_phid_2023preBPix_sf.root",
    "isMC": true,
    "mcRefHistFile": "/eos/home-p/pelai/HZa/root_TnP//hza_resolve_phid_2023preBPix_sf//DY_MC_LO_2023preBPix_hza_resolve_phid_2023preBPix_sf.root",
    "mcTruth": true,
    "name": "DY_MC_LO_2023preBPix"
  },
  "workspace": {
    "effective_parsed": [
      {
        "max": 5.0,
        "min": -5.0,
        "name": "meanP",
        "raw": "meanP[-0.0,-5.0,5.0]",
        "tokens": [
          "-0.0",
          "-5.0",
          "5.0"
        ],
        "value": -0.0
      },
      {
        "max": 5.0,
        "min": 0.5,
        "name": "sigmaP",
        "raw": "sigmaP[0.9,0.5,5.0]",
        "tokens": [
          "0.9",
          "0.5",
          "5.0"
        ],
        "value": 0.9
      },
      {
        "max": 5.0,
        "min": -5.0,
        "name": "meanF",
        "raw": "meanF[-0.0,-5.0,5.0]",
        "tokens": [
          "-0.0",
          "-5.0",
          "5.0"
        ],
        "value": -0.0
      },
      {
        "max": 5.0,
        "min": 0.5,
        "name": "sigmaF",
        "raw": "sigmaF[0.9,0.5,5.0]",
        "tokens": [
          "0.9",
          "0.5",
          "5.0"
        ],
        "value": 0.9
      },
      {
        "max": 80.0,
        "min": 50.0,
        "name": "acmsP",
        "raw": "acmsP[60.,50.,80.]",
        "tokens": [
          "60.",
          "50.",
          "80."
        ],
        "value": 60.0
      },
      {
        "max": 0.08,
        "min": 0.01,
        "name": "betaP",
        "raw": "betaP[0.05,0.01,0.08]",
        "tokens": [
          "0.05",
          "0.01",
          "0.08"
        ],
        "value": 0.05
      },
      {
        "max": 2.0,
        "min": -2.0,
        "name": "gammaP",
        "raw": "gammaP[0.1, -2, 2]",
        "tokens": [
          "0.1",
          "-2",
          "2"
        ],
        "value": 0.1
      },
      {
        "max": 90.0,
        "min": 82.0,
        "name": "peakP",
        "raw": "peakP[87.0,82.0,90.0]",
        "tokens": [
          "87.0",
          "82.0",
          "90.0"
        ],
        "value": 87.0
      },
      {
        "max": 80.0,
        "min": 50.0,