{
  "bin": {
    "cut": "tag_Ele_pt > 35 && abs(tag_sc_eta) < 2.17 && ph_sc_eta >= 1.566000 && ph_sc_eta < 2.000000 && ph_et >= 35.000000 && ph_et < 50.000000",
    "index": 18,
    "name": "bin18_ph_sc_eta_1p57To2p00_ph_et_35p00To50p00",
    "title": "; 1.566 < ph_sc_eta < 2.000; 35.000 < ph_et < 50.000",
    "vars": {
      "ph_et": {
        "max": 50,
        "min": 35
      },
      "ph_sc_eta": {
        "max": 2.0,
        "min": 1.566
      }
    }
  },
  "created_at_utc": "2026-04-21T16:57:42.438926+00:00",
  "derived": {
    "efficiency": 0.7648253705121814,
    "efficiency_error": 0.0004538390615834402,
    "nSigF": {
      "error": 315.50237974486663,
      "isConstant": false,
      "max": 216074.725421,
      "min": 0.5,
      "name": "nSigF",
      "value": 143645.74746953993
    },
    "nSigP": {
      "error": 580.1663844312716,
      "isConstant": false,
      "max": 702558.67398,
      "min": 0.5,
      "name": "nSigP",
      "value": 467158.8609288348
    }
  },
  "fit_metadata": {
    "bin_index": 18,
    "fail_hist_uses_pass_hist": false,
    "fit_range": {
      "max": 120.0,
      "min": 60.0
    },
    "truth_fail_template_uses_pass_hist": false,
    "truth_template_source": "/eos/home-p/pelai/HZa/root_TnP//hza_resolve_phid_2023preBPix_sf//DY_MC_LO_2023preBPix_hza_resolve_phid_2023preBPix_sf.root"
  },
  "fit_result": {
    "fail": {
      "covQual": -1,
      "edm": 1.3110942674815134,
      "floatParsFinal": [
        {
          "error": 0.008392117279217626,
          "isConstant": false,
          "max": 5.0,
          "min": -5.0,
          "name": "meanF",
          "value": 0.001899879199443788
        },
        {
          "error": 315.50237974486663,
          "isConstant": false,
          "max": 216074.725421,
          "min": 0.5,
          "name": "nSigF",
          "value": 143645.74746953993
        },
        {
          "error": 0.003425435980756092,
          "isConstant": false,
          "max": 1.5000000971046976,
          "min": 0.40000002589458605,
          "name": "sigmaF",
          "value": 0.4000000460006504
        }
      ],
      "floatParsInit": [
        {
          "error": 0.0,
          "isConstant": false,
          "max": 5.0,
          "min": -5.0,
          "name": "meanF",
          "value": -0.0
        },
        {
          "error": 0.0,
          "isConstant": false,
          "max": 216074.725421,
          "min": 0.5,
          "name": "nSigF",
          "value": 129644.835253
        },
        {
          "error": 0.0,
          "isConstant": false,
          "max": 1.5000000971046976,
          "min": 0.40000002589458605,
          "name": "sigmaF",
          "value": 0.5000000323682325
        }
      ],
      "minNll": -1145231.9272453468,
      "numInvalidNLL": 0,
      "status": 160
    },
    "fail_quality": "check",
    "pass": {
      "covQual": -1,
      "edm": 0.9907643305802484,
      "floatParsFinal": [
        {
          "error": 0.004595356550419982,
          "isConstant": false,
          "max": 5.0,
          "min": -5.0,
          "name": "meanP",
          "value": 5.80705688166816e-05
        },
        {
          "error": 580.1663844312716,
          "isConstant": false,
          "max": 702558.67398,
          "min": 0.5,
          "name": "nSigP",
          "value": 467158.8609288348
        },
        {
          "error": 0.0008557424278695658,
          "isConstant": false,
          "max": 5.0,
          "min": 0.5,
          "name": "sigmaP",
          "value": 0.5000000323682325
        }
      ],
      "floatParsInit": [
        {
          "error": 0.0,
          "isConstant": false,
          "max": 5.0,
          "min": -5.0,
          "name": "meanP",
          "value": -0.0
        },
        {
          "error": 0.0,
          "isConstant": false,
          "max": 702558.67398,
          "min": 0.5,
          "name": "nSigP",
          "value": 421535.204388
        },
        {
          "error": 0.0,
          "isConstant": false,
          "max": 5.0,
          "min": 0.5,
          "name": "sigmaP",
          "value": 0.9
        }
      ],
      "minNll": -4293884.556783675,
      "numInvalidNLL": 0,
      "status": 160
    },
    "pass_quality": "check",
    "root_read_error": null
  },
  "fit_type": "nominalFit",
  "histograms": {
    "fail": {
      "entries": 134072.0,
      "fit_window": {
        "bin1": 11,
        "bin2": 70,
        "max": 120.0,
        "min": 60.0
      },
      "integral_fit_window": 143646.05138715942,
      "integral_fit_window_error": 455.29247206834435,
      "integral_full": 144049.81694729623,
      "integral_full_error": 455.94284679341933,
      "maximum_bin_center": 90.5,
      "maximum_bin_content": 16943.408161458137,
      "mean": 90.273624377432,
      "rms": 5.209481744336888
    },
    "pass": {
      "entries": 468375.0,
      "fit_window": {
        "bin1": 11,
        "bin2": 70,
        "max": 120.0,
        "min": 60.0
      },
      "integral_fit_window": 467158.3179212003,
      "integral_fit_window_error": 805.2162020922049,
      "integral_full": 468372.449319843,
      "integral_full_error": 806.2518455583721,
      "maximum_bin_center": 90.5,
      "maximum_bin_content": 55483.42810458687,
      "mean": 90.14942572045356,
      "rms": 5.0275355405363245
    }
  },
  "sample": {
    "fitOutputBinRoot": "/eos/home-p/pelai/HZa/root_TnP//hza_resolve_phid_2023preBPix_sf//DY_MC_LO_2023preBPix_hza_resolve_phid_2023preBPix_sf.nominalFit-bin18_ph_sc_eta_1p57To2p00_ph_et_35p00To50p00.root",
    "fitOutputRoot": "/eos/home-p/pelai/HZa/root_TnP//hza_resolve_phid_2023preBPix_sf//DY_MC_LO_2023preBPix_hza_resolve_phid_2023preBPix_sf.nominalFit.root",
    "histFile": "/eos/home-p/pelai/HZa/root_TnP//hza_resolve_phid_2023preBPix_sf//DY_MC_LO_2023preBPix_hza_resolve_phid_2023preBPix_sf.root",
    "isMC": true,
    "mcRefHistFile": "/eos/home-p/pelai/HZa/root_TnP//hza_resolve_phid_2023preBPix_sf//DY_MC_LO_2023preBPix_hza_resolve_phid_2023preBPix_sf.root",
    "mcTruth": true,
    "name": "DY_MC_LO_2023preBPix"
  },
  "workspace": {
    "effective_parsed": [
      {
        "max": 5.0,
        "min": -5.0,
        "name": "meanP",
        "raw": "meanP[-0.0,-5.0,5.0]",
        "tokens": [
          "-0.0",
          "-5.0",
          "5.0"
        ],
        "value": -0.0
      },
      {
        "max": 5.0,
        "min": 0.5,
        "name": "sigmaP",
        "raw": "sigmaP[0.9,0.5,5.0]",
        "tokens": [
          "0.9",
          "0.5",
          "5.0"
        ],
        "value": 0.9
      },
      {
        "max": 5.0,
        "min": -5.0,
        "name": "meanF",
        "raw": "meanF[-0.0,-5.0,5.0]",
        "tokens": [
          "-0.0",
          "-5.0",
          "5.0"
        ],
        "value": -0.0
      },
      {
        "max": 5.0,
        "min": 0.5,
        "name": "sigmaF",
        "raw": "sigmaF[0.9,0.5,5.0]",
        "tokens": [
          "0.9",
          "0.5",
          "5.0"
        ],
        "value": 0.9
      },
      {
        "max": 80.0,
        "min": 50.0,
        "name": "acmsP",
        "raw": "acmsP[60.,50.,80.]",
        "tokens": [
          "60.",
          "50.",
          "80."
        ],
        "value": 60.0
      },
      {
        "max": 0.08,
        "min": 0.01,
        "name": "betaP",
        "raw": "betaP[0.05,0.01,0.08]",
        "tokens": [
          "0.05",
          "0.01",
          "0.08"
        ],
        "value": 0.05
      },
      {
        "max": 2.0,
        "min": -2.0,
        "name": "gammaP",
        "raw": "gammaP[0.1, -2, 2]",
        "tokens": [
          "0.1",
          "-2",
          "2"
        ],
        "value": 0.1
      },
      {
        "max": 90.0,
        "min": 82.0,
        "name": "peakP",
        "raw": "peakP[87.0,82.0,90.0]",
        "tokens": [
          "87.0",
          "82.0",
          "90.0"
        ],
        "value": 87.0
      },
      {
        "max": 80.0,
        "min": 50.0,