{
  "bin": {
    "cut": "tag_Ele_pt > 35 && abs(tag_sc_eta) < 2.17 && ph_sc_eta >= 0.000000 && ph_sc_eta < 0.800000 && ph_et >= 50.000000 && ph_et < 80.000000",
    "index": 25,
    "name": "bin25_ph_sc_eta_0p00To0p80_ph_et_50p00To80p00",
    "title": "; 0.000 < ph_sc_eta < 0.800; 50.000 < ph_et < 80.000",
    "vars": {
      "ph_et": {
        "max": 80,
        "min": 50
      },
      "ph_sc_eta": {
        "max": 0.8,
        "min": 0.0
      }
    }
  },
  "created_at_utc": "2026-04-20T18:53:05.451771+00:00",
  "derived": {
    "efficiency": 0.80105707309819,
    "efficiency_error": 0.0006203869860830492,
    "nSigF": {
      "error": 200.53227826536386,
      "isConstant": false,
      "max": 90095.369836,
      "min": 0.5,
      "name": "nSigF",
      "value": 57763.934066536036
    },
    "nSigP": {
      "error": 409.6897428722732,
      "isConstant": false,
      "max": 361584.528959,
      "min": 0.5,
      "name": "nSigP",
      "value": 232590.36485782784
    }
  },
  "fit_metadata": {
    "bin_index": 25,
    "fail_hist_uses_pass_hist": false,
    "fit_range": {
      "max": 120.0,
      "min": 60.0
    },
    "truth_fail_template_uses_pass_hist": false,
    "truth_template_source": "/eos/home-p/pelai/HZa/root_TnP//hza_resolve_phid_2023preBPix_sf//DY_MC_LO_2023preBPix_hza_resolve_phid_2023preBPix_sf.root"
  },
  "fit_result": {
    "fail": {
      "covQual": -1,
      "edm": 0.8808920205244308,
      "floatParsFinal": [
        {
          "error": 0.01106732886117534,
          "isConstant": false,
          "max": 5.0,
          "min": -5.0,
          "name": "meanF",
          "value": 0.010438389353049082
        },
        {
          "error": 200.53227826536386,
          "isConstant": false,
          "max": 90095.369836,
          "min": 0.5,
          "name": "nSigF",
          "value": 57763.934066536036
        },
        {
          "error": 0.0026385417139330736,
          "isConstant": false,
          "max": 1.500000002749505,
          "min": 0.40000000073320136,
          "name": "sigmaF",
          "value": 0.40000020278041015
        }
      ],
      "floatParsInit": [
        {
          "error": 0.0,
          "isConstant": false,
          "max": 5.0,
          "min": -5.0,
          "name": "meanF",
          "value": -0.0
        },
        {
          "error": 0.0,
          "isConstant": false,
          "max": 90095.369836,
          "min": 0.5,
          "name": "nSigF",
          "value": 54057.221902
        },
        {
          "error": 0.0,
          "isConstant": false,
          "max": 1.500000002749505,
          "min": 0.40000000073320136,
          "name": "sigmaF",
          "value": 0.5000000009165017
        }
      ],
      "minNll": -397776.6448241231,
      "numInvalidNLL": 0,
      "status": 160
    },
    "fail_quality": "check",
    "pass": {
      "covQual": -1,
      "edm": 1.135135229918589,
      "floatParsFinal": [
        {
          "error": 0.005364475807556168,
          "isConstant": false,
          "max": 5.0,
          "min": -5.0,
          "name": "meanP",
          "value": 0.014564162343119413
        },
        {
          "error": 409.6897428722732,
          "isConstant": false,
          "max": 361584.528959,
          "min": 0.5,
          "name": "nSigP",
          "value": 232590.36485782784
        },
        {
          "error": 0.0005949407861295941,
          "isConstant": false,
          "max": 5.0,
          "min": 0.5,
          "name": "sigmaP",
          "value": 0.5000000009165017
        }
      ],
      "floatParsInit": [
        {
          "error": 0.0,
          "isConstant": false,
          "max": 5.0,
          "min": -5.0,
          "name": "meanP",
          "value": -0.0
        },
        {
          "error": 0.0,
          "isConstant": false,
          "max": 361584.528959,
          "min": 0.5,
          "name": "nSigP",
          "value": 216950.717375
        },
        {
          "error": 0.0,
          "isConstant": false,
          "max": 5.0,
          "min": 0.5,
          "name": "sigmaP",
          "value": 0.9
        }
      ],
      "minNll": -1937757.3818066167,
      "numInvalidNLL": 0,
      "status": 160
    },
    "pass_quality": "check",
    "root_read_error": null
  },
  "fit_type": "nominalFit",
  "histograms": {
    "fail": {
      "entries": 56488.0,
      "fit_window": {
        "bin1": 11,
        "bin2": 70,
        "max": 120.0,
        "min": 60.0
      },
      "integral_fit_window": 57762.44721233201,
      "integral_fit_window_error": 288.05637154374523,
      "integral_full": 60063.57989083513,
      "integral_full_error": 293.8335080704228,
      "maximum_bin_center": 91.5,
      "maximum_bin_content": 7812.399093769916,
      "mean": 95.31538972213261,
      "rms": 9.276519971698505
    },
    "pass": {
      "entries": 242397.0,
      "fit_window": {
        "bin1": 11,
        "bin2": 70,
        "max": 120.0,
        "min": 60.0
      },
      "integral_fit_window": 232591.84380584196,
      "integral_fit_window_error": 567.7233762347539,
      "integral_full": 241056.3526392761,
      "integral_full_error": 577.9120061657736,
      "maximum_bin_center": 91.5,
      "maximum_bin_content": 33030.19600181974,
      "mean": 95.1649135840289,
      "rms": 9.067696290136666
    }
  },
  "sample": {
    "fitOutputBinRoot": "/eos/home-p/pelai/HZa/root_TnP//hza_resolve_phid_2023preBPix_sf//DY_MC_LO_2023preBPix_hza_resolve_phid_2023preBPix_sf.nominalFit-bin25_ph_sc_eta_0p00To0p80_ph_et_50p00To80p00.root",
    "fitOutputRoot": "/eos/home-p/pelai/HZa/root_TnP//hza_resolve_phid_2023preBPix_sf//DY_MC_LO_2023preBPix_hza_resolve_phid_2023preBPix_sf.nominalFit.root",
    "histFile": "/eos/home-p/pelai/HZa/root_TnP//hza_resolve_phid_2023preBPix_sf//DY_MC_LO_2023preBPix_hza_resolve_phid_2023preBPix_sf.root",
    "isMC": true,
    "mcRefHistFile": "/eos/home-p/pelai/HZa/root_TnP//hza_resolve_phid_2023preBPix_sf//DY_MC_LO_2023preBPix_hza_resolve_phid_2023preBPix_sf.root",
    "mcTruth": true,
    "name": "DY_MC_LO_2023preBPix"
  },
  "workspace": {
    "effective_parsed": [
      {
        "max": 5.0,
        "min": -5.0,
        "name": "meanP",
        "raw": "meanP[-0.0,-5.0,5.0]",
        "tokens": [
          "-0.0",
          "-5.0",
          "5.0"
        ],
        "value": -0.0
      },
      {
        "max": 5.0,
        "min": 0.5,
        "name": "sigmaP",
        "raw": "sigmaP[0.9,0.5,5.0]",
        "tokens": [
          "0.9",
          "0.5",
          "5.0"
        ],
        "value": 0.9
      },
      {
        "max": 5.0,
        "min": -5.0,
        "name": "meanF",
        "raw": "meanF[-0.0,-5.0,5.0]",
        "tokens": [
          "-0.0",
          "-5.0",
          "5.0"
        ],
        "value": -0.0
      },
      {
        "max": 5.0,
        "min": 0.5,
        "name": "sigmaF",
        "raw": "sigmaF[0.9,0.5,5.0]",
        "tokens": [
          "0.9",
          "0.5",
          "5.0"
        ],
        "value": 0.9
      },
      {
        "max": 80.0,
        "min": 50.0,
        "name": "acmsP",
        "raw": "acmsP[60.,50.,80.]",
        "tokens": [
          "60.",
          "50.",
          "80."
        ],
        "value": 60.0
      },
      {
        "max": 0.08,
        "min": 0.01,
        "name": "betaP",
        "raw": "betaP[0.05,0.01,0.08]",
        "tokens": [
          "0.05",
          "0.01",
          "0.08"
        ],
        "value": 0.05
      },
      {
        "max": 2.0,
        "min": -2.0,
        "name": "gammaP",
        "raw": "gammaP[0.1, -2, 2]",
        "tokens": [
          "0.1",
          "-2",
          "2"
        ],
        "value": 0.1
      },
      {
        "max": 90.0,
        "min": 82.0,
        "name": "peakP",
        "raw": "peakP[87.0,82.0,90.0]",
        "tokens": [
          "87.0",
          "82.0",
          "90.0"
        ],
        "value": 87.0
      },
      {
        "max": 80.0,
        "min": 50.0,
        "name": "acmsF",