{
  "bin": {
    "cut": "tag_Ele_pt > 35 && abs(tag_sc_eta) < 2.17 && ph_sc_eta >= -0.800000 && ph_sc_eta < 0.000000 && ph_et >= 50.000000 && ph_et < 80.000000",
    "index": 24,
    "name": "bin24_ph_sc_eta_m0p80To0p00_ph_et_50p00To80p00",
    "title": "; -0.800 < ph_sc_eta < 0.000; 50.000 < ph_et < 80.000",
    "vars": {
      "ph_et": {
        "max": 80,
        "min": 50
      },
      "ph_sc_eta": {
        "max": 0.0,
        "min": -0.8
      }
    }
  },
  "created_at_utc": "2026-04-19T17:09:59.000065+00:00",
  "derived": {
    "efficiency": 0.801054259743159,
    "efficiency_error": 0.0006267885705203931,
    "nSigF": {
      "error": 198.12946155166355,
      "isConstant": false,
      "max": 87976.183042,
      "min": 0.5,
      "name": "nSigF",
      "value": 56503.13628856348
    },
    "nSigP": {
      "error": 405.25051084987354,
      "isConstant": false,
      "max": 354017.727479,
      "min": 0.5,
      "name": "nSigP",
      "value": 227509.66145024376
    }
  },
  "fit_metadata": {
    "bin_index": 24,
    "fail_hist_uses_pass_hist": false,
    "fit_range": {
      "max": 120.0,
      "min": 60.0
    },
    "truth_fail_template_uses_pass_hist": false,
    "truth_template_source": "/eos/home-p/pelai/HZa/root_TnP//hza_resolve_phid_2023preBPix_sf//DY_MC_LO_2023preBPix_hza_resolve_phid_2023preBPix_sf.root"
  },
  "fit_result": {
    "fail": {
      "covQual": -1,
      "edm": 0.176485436264651,
      "floatParsFinal": [
        {
          "error": 0.01128722733739096,
          "isConstant": false,
          "max": 5.0,
          "min": -5.0,
          "name": "meanF",
          "value": 0.010440863559447955
        },
        {
          "error": 198.12946155166355,
          "isConstant": false,
          "max": 87976.183042,
          "min": 0.5,
          "name": "nSigF",
          "value": 56503.13628856348
        },
        {
          "error": 0.0032044854151659086,
          "isConstant": false,
          "max": 1.5000000058807355,
          "min": 0.40000000156819615,
          "name": "sigmaF",
          "value": 0.4000001985343625
        }
      ],
      "floatParsInit": [
        {
          "error": 0.0,
          "isConstant": false,
          "max": 5.0,
          "min": -5.0,
          "name": "meanF",
          "value": -0.0
        },
        {
          "error": 0.0,
          "isConstant": false,
          "max": 87976.183042,
          "min": 0.5,
          "name": "nSigF",
          "value": 52785.709825
        },
        {
          "error": 0.0,
          "isConstant": false,
          "max": 1.5000000058807355,
          "min": 0.40000000156819615,
          "name": "sigmaF",
          "value": 0.5000000019602452
        }
      ],
      "minNll": -387040.84284533805,
      "numInvalidNLL": 0,
      "status": 160
    },
    "fail_quality": "check",
    "pass": {
      "covQual": -1,
      "edm": 1.4031236024706435,
      "floatParsFinal": [
        {
          "error": 0.00539360477061912,
          "isConstant": false,
          "max": 5.0,
          "min": -5.0,
          "name": "meanP",
          "value": 0.014356453611448217
        },
        {
          "error": 405.25051084987354,
          "isConstant": false,
          "max": 354017.727479,
          "min": 0.5,
          "name": "nSigP",
          "value": 227509.66145024376
        },
        {
          "error": 0.0005866840608031998,
          "isConstant": false,
          "max": 5.0,
          "min": 0.5,
          "name": "sigmaP",
          "value": 0.5000000019602452
        }
      ],
      "floatParsInit": [
        {
          "error": 0.0,
          "isConstant": false,
          "max": 5.0,
          "min": -5.0,
          "name": "meanP",
          "value": -0.0
        },
        {
          "error": 0.0,
          "isConstant": false,
          "max": 354017.727479,
          "min": 0.5,
          "name": "nSigP",
          "value": 212410.636488
        },
        {
          "error": 0.0,
          "isConstant": false,
          "max": 5.0,
          "min": 0.5,
          "name": "sigmaP",
          "value": 0.9
        }
      ],
      "minNll": -1891193.335116343,
      "numInvalidNLL": 0,
      "status": 160
    },
    "pass_quality": "check",
    "root_read_error": null
  },
  "fit_type": "nominalFit",
  "histograms": {
    "fail": {
      "entries": 54834.0,
      "fit_window": {
        "bin1": 11,
        "bin2": 70,
        "max": 120.0,
        "min": 60.0
      },
      "integral_fit_window": 56501.46072308838,
      "integral_fit_window_error": 285.18636124120417,
      "integral_full": 58650.788694505434,
      "integral_full_error": 290.5154096447104,
      "maximum_bin_center": 91.5,
      "maximum_bin_content": 7564.561179267257,
      "mean": 95.32044092670586,
      "rms": 9.27234326870294
    },
    "pass": {
      "entries": 237675.0,
      "fit_window": {
        "bin1": 11,
        "bin2": 70,
        "max": 120.0,
        "min": 60.0
      },
      "integral_fit_window": 227511.35526382807,
      "integral_fit_window_error": 561.4050982252854,
      "integral_full": 236011.8183194794,
      "integral_full_error": 571.8529432054411,
      "maximum_bin_center": 91.5,
      "maximum_bin_content": 32238.504842063874,
      "mean": 95.17011026076132,
      "rms": 9.116275016988483
    }
  },
  "sample": {
    "fitOutputBinRoot": "/eos/home-p/pelai/HZa/root_TnP//hza_resolve_phid_2023preBPix_sf//DY_MC_LO_2023preBPix_hza_resolve_phid_2023preBPix_sf.nominalFit-bin24_ph_sc_eta_m0p80To0p00_ph_et_50p00To80p00.root",
    "fitOutputRoot": "/eos/home-p/pelai/HZa/root_TnP//hza_resolve_phid_2023preBPix_sf//DY_MC_LO_2023preBPix_hza_resolve_phid_2023preBPix_sf.nominalFit.root",
    "histFile": "/eos/home-p/pelai/HZa/root_TnP//hza_resolve_phid_2023preBPix_sf//DY_MC_LO_2023preBPix_hza_resolve_phid_2023preBPix_sf.root",
    "isMC": true,
    "mcRefHistFile": "/eos/home-p/pelai/HZa/root_TnP//hza_resolve_phid_2023preBPix_sf//DY_MC_LO_2023preBPix_hza_resolve_phid_2023preBPix_sf.root",
    "mcTruth": true,
    "name": "DY_MC_LO_2023preBPix"
  },
  "workspace": {
    "effective_parsed": [
      {
        "max": 5.0,
        "min": -5.0,
        "name": "meanP",
        "raw": "meanP[-0.0,-5.0,5.0]",
        "tokens": [
          "-0.0",
          "-5.0",
          "5.0"
        ],
        "value": -0.0
      },
      {
        "max": 5.0,
        "min": 0.5,
        "name": "sigmaP",
        "raw": "sigmaP[0.9,0.5,5.0]",
        "tokens": [
          "0.9",
          "0.5",
          "5.0"
        ],
        "value": 0.9
      },
      {
        "max": 5.0,
        "min": -5.0,
        "name": "meanF",
        "raw": "meanF[-0.0,-5.0,5.0]",
        "tokens": [
          "-0.0",
          "-5.0",
          "5.0"
        ],
        "value": -0.0
      },
      {
        "max": 5.0,
        "min": 0.5,
        "name": "sigmaF",
        "raw": "sigmaF[0.9,0.5,5.0]",
        "tokens": [
          "0.9",
          "0.5",
          "5.0"
        ],
        "value": 0.9
      },
      {
        "max": 80.0,
        "min": 50.0,
        "name": "acmsP",
        "raw": "acmsP[60.,50.,80.]",
        "tokens": [
          "60.",
          "50.",
          "80."
        ],
        "value": 60.0
      },
      {
        "max": 0.08,
        "min": 0.01,
        "name": "betaP",
        "raw": "betaP[0.05,0.01,0.08]",
        "tokens": [
          "0.05",
          "0.01",
          "0.08"
        ],
        "value": 0.05
      },
      {
        "max": 2.0,
        "min": -2.0,
        "name": "gammaP",
        "raw": "gammaP[0.1, -2, 2]",
        "tokens": [
          "0.1",
          "-2",
          "2"
        ],
        "value": 0.1
      },
      {
        "max": 90.0,
        "min": 82.0,
        "name": "peakP",
        "raw": "peakP[87.0,82.0,90.0]",
        "tokens": [
          "87.0",
          "82.0",
          "90.0"
        ],
        "value": 87.0
      },
      {
        "max": 80.0,
        "min": 50.0,