{
  "bin": {
    "cut": "tag_Ele_pt > 35 && abs(tag_sc_eta) < 2.17 && ph_sc_eta >= -2.500000 && ph_sc_eta < -2.000000 && ph_et >= 50.000000 && ph_et < 80.000000",
    "index": 20,
    "name": "bin20_ph_sc_eta_m2p50Tom2p00_ph_et_50p00To80p00",
    "title": "; -2.500 < ph_sc_eta < -2.000; 50.000 < ph_et < 80.000",
    "vars": {
      "ph_et": {
        "max": 80,
        "min": 50
      },
      "ph_sc_eta": {
        "max": -2.0,
        "min": -2.5
      }
    }
  },
  "created_at_utc": "2026-04-21T16:57:43.995557+00:00",
  "derived": {
    "efficiency": 0.8123424873214664,
    "efficiency_error": 0.0013201895890085633,
    "nSigF": {
      "error": 89.53556397360899,
      "isConstant": false,
      "max": 18066.665385,
      "min": 0.5,
      "name": "nSigF",
      "value": 11509.989112642688
    },
    "nSigP": {
      "error": 189.651188334592,
      "isConstant": false,
      "max": 77898.386231,
      "min": 0.5,
      "name": "nSigP",
      "value": 49825.093871004545
    }
  },
  "fit_metadata": {
    "bin_index": 20,
    "fail_hist_uses_pass_hist": false,
    "fit_range": {
      "max": 120.0,
      "min": 60.0
    },
    "truth_fail_template_uses_pass_hist": false,
    "truth_template_source": "/eos/home-p/pelai/HZa/root_TnP//hza_resolve_phid_2023preBPix_sf//DY_MC_LO_2023preBPix_hza_resolve_phid_2023preBPix_sf.root"
  },
  "fit_result": {
    "fail": {
      "covQual": -1,
      "edm": 0.3307730325758061,
      "floatParsFinal": [
        {
          "error": 0.028381530022734136,
          "isConstant": false,
          "max": 5.0,
          "min": -5.0,
          "name": "meanF",
          "value": 0.012100599832133518
        },
        {
          "error": 89.53556397360899,
          "isConstant": false,
          "max": 18066.665385,
          "min": 0.5,
          "name": "nSigF",
          "value": 11509.989112642688
        },
        {
          "error": 0.006909890381217032,
          "isConstant": false,
          "max": 1.500000001570728,
          "min": 0.4000000004188608,
          "name": "sigmaF",
          "value": 0.40000136844551487
        }
      ],
      "floatParsInit": [
        {
          "error": 0.0,
          "isConstant": false,
          "max": 5.0,
          "min": -5.0,
          "name": "meanF",
          "value": -0.0
        },
        {
          "error": 0.0,
          "isConstant": false,
          "max": 18066.665385,
          "min": 0.5,
          "name": "nSigF",
          "value": 10839.999231
        },
        {
          "error": 0.0,
          "isConstant": false,
          "max": 1.500000001570728,
          "min": 0.4000000004188608,
          "name": "sigmaF",
          "value": 0.500000000523576
        }
      ],
      "minNll": -59870.01378429737,
      "numInvalidNLL": 0,
      "status": 160
    },
    "fail_quality": "check",
    "pass": {
      "covQual": -1,
      "edm": 0.9894138971249745,
      "floatParsFinal": [
        {
          "error": 0.01499387664442109,
          "isConstant": false,
          "max": 5.0,
          "min": -5.0,
          "name": "meanP",
          "value": 0.01733197045564605
        },
        {
          "error": 189.651188334592,
          "isConstant": false,
          "max": 77898.386231,
          "min": 0.5,
          "name": "nSigP",
          "value": 49825.093871004545
        },
        {
          "error": 0.004751012245197805,
          "isConstant": false,
          "max": 5.0,
          "min": 0.5,
          "name": "sigmaP",
          "value": 0.500000000523576
        }
      ],
      "floatParsInit": [
        {
          "error": 0.0,
          "isConstant": false,
          "max": 5.0,
          "min": -5.0,
          "name": "meanP",
          "value": -0.0
        },
        {
          "error": 0.0,
          "isConstant": false,
          "max": 77898.386231,
          "min": 0.5,
          "name": "nSigP",
          "value": 46739.031739
        },
        {
          "error": 0.0,
          "isConstant": false,
          "max": 5.0,
          "min": 0.5,
          "name": "sigmaP",
          "value": 0.9
        }
      ],
      "minNll": -332104.23328729684,
      "numInvalidNLL": 0,
      "status": 160
    },
    "pass_quality": "check",
    "root_read_error": null
  },
  "fit_type": "nominalFit",
  "histograms": {
    "fail": {
      "entries": 11389.0,
      "fit_window": {
        "bin1": 11,
        "bin2": 70,
        "max": 120.0,
        "min": 60.0
      },
      "integral_fit_window": 11509.931852744516,
      "integral_fit_window_error": 128.554920626192,
      "integral_full": 12044.443589890127,
      "integral_full_error": 131.47171021685793,
      "maximum_bin_center": 91.5,
      "maximum_bin_content": 1260.1532299916494,
      "mean": 95.68752259402864,
      "rms": 9.509332655126261
    },
    "pass": {
      "entries": 52177.0,
      "fit_window": {
        "bin1": 11,
        "bin2": 70,
        "max": 120.0,
        "min": 60.0
      },
      "integral_fit_window": 49825.616794729845,
      "integral_fit_window_error": 262.7211553268398,
      "integral_full": 51932.25748738223,
      "integral_full_error": 268.24996370799,
      "maximum_bin_center": 91.5,
      "maximum_bin_content": 5419.049265566941,
      "mean": 95.74162851889345,
      "rms": 9.351583624709484
    }
  },
  "sample": {
    "fitOutputBinRoot": "/eos/home-p/pelai/HZa/root_TnP//hza_resolve_phid_2023preBPix_sf//DY_MC_LO_2023preBPix_hza_resolve_phid_2023preBPix_sf.nominalFit-bin20_ph_sc_eta_m2p50Tom2p00_ph_et_50p00To80p00.root",
    "fitOutputRoot": "/eos/home-p/pelai/HZa/root_TnP//hza_resolve_phid_2023preBPix_sf//DY_MC_LO_2023preBPix_hza_resolve_phid_2023preBPix_sf.nominalFit.root",
    "histFile": "/eos/home-p/pelai/HZa/root_TnP//hza_resolve_phid_2023preBPix_sf//DY_MC_LO_2023preBPix_hza_resolve_phid_2023preBPix_sf.root",
    "isMC": true,
    "mcRefHistFile": "/eos/home-p/pelai/HZa/root_TnP//hza_resolve_phid_2023preBPix_sf//DY_MC_LO_2023preBPix_hza_resolve_phid_2023preBPix_sf.root",
    "mcTruth": true,
    "name": "DY_MC_LO_2023preBPix"
  },
  "workspace": {
    "effective_parsed": [
      {
        "max": 5.0,
        "min": -5.0,
        "name": "meanP",
        "raw": "meanP[-0.0,-5.0,5.0]",
        "tokens": [
          "-0.0",
          "-5.0",
          "5.0"
        ],
        "value": -0.0
      },
      {
        "max": 5.0,
        "min": 0.5,
        "name": "sigmaP",
        "raw": "sigmaP[0.9,0.5,5.0]",
        "tokens": [
          "0.9",
          "0.5",
          "5.0"
        ],
        "value": 0.9
      },
      {
        "max": 5.0,
        "min": -5.0,
        "name": "meanF",
        "raw": "meanF[-0.0,-5.0,5.0]",
        "tokens": [
          "-0.0",
          "-5.0",
          "5.0"
        ],
        "value": -0.0
      },
      {
        "max": 5.0,
        "min": 0.5,
        "name": "sigmaF",
        "raw": "sigmaF[0.9,0.5,5.0]",
        "tokens": [
          "0.9",
          "0.5",
          "5.0"
        ],
        "value": 0.9
      },
      {
        "max": 80.0,
        "min": 50.0,
        "name": "acmsP",
        "raw": "acmsP[60.,50.,80.]",
        "tokens": [
          "60.",
          "50.",
          "80."
        ],
        "value": 60.0
      },
      {
        "max": 0.08,
        "min": 0.01,
        "name": "betaP",
        "raw": "betaP[0.05,0.01,0.08]",
        "tokens": [
          "0.05",
          "0.01",
          "0.08"
        ],
        "value": 0.05
      },
      {
        "max": 2.0,
        "min": -2.0,
        "name": "gammaP",
        "raw": "gammaP[0.1, -2, 2]",
        "tokens": [
          "0.1",
          "-2",
          "2"
        ],
        "value": 0.1
      },
      {
        "max": 90.0,
        "min": 82.0,
        "name": "peakP",
        "raw": "peakP[87.0,82.0,90.0]",
        "tokens": [
          "87.0",
          "82.0",
          "90.0"
        ],
        "value": 87.0
      },
      {
        "max": 80.0,
        "min": 50.0,
        "name": "acmsF",