{
  "bin": {
    "cut": "tag_Ele_pt > 35 && abs(tag_sc_eta) < 2.17 && ph_sc_eta >= 1.566000 && ph_sc_eta < 2.000000 && ph_et >= 50.000000 && ph_et < 80.000000",
    "index": 28,
    "name": "bin28_ph_sc_eta_1p57To2p00_ph_et_50p00To80p00",
    "title": "; 1.566 < ph_sc_eta < 2.000; 50.000 < ph_et < 80.000",
    "vars": {
      "ph_et": {
        "max": 80,
        "min": 50
      },
      "ph_sc_eta": {
        "max": 2.0,
        "min": 1.566
      }
    }
  },
  "created_at_utc": "2026-04-21T16:57:45.808840+00:00",
  "derived": {
    "efficiency": 0.7812939738853152,
    "efficiency_error": 0.0011896628284220388,
    "nSigF": {
      "error": 112.7239475550632,
      "isConstant": false,
      "max": 28666.554459,
      "min": 0.5,
      "name": "nSigF",
      "value": 18409.031005032004
    },
    "nSigP": {
      "error": 217.8940919378365,
      "isConstant": false,
      "max": 102505.15403,
      "min": 0.5,
      "name": "nSigP",
      "value": 65763.45995037816
    }
  },
  "fit_metadata": {
    "bin_index": 28,
    "fail_hist_uses_pass_hist": false,
    "fit_range": {
      "max": 120.0,
      "min": 60.0
    },
    "truth_fail_template_uses_pass_hist": false,
    "truth_template_source": "/eos/home-p/pelai/HZa/root_TnP//hza_resolve_phid_2023preBPix_sf//DY_MC_LO_2023preBPix_hza_resolve_phid_2023preBPix_sf.root"
  },
  "fit_result": {
    "fail": {
      "covQual": -1,
      "edm": 0.09874153722561992,
      "floatParsFinal": [
        {
          "error": 0.02319668633129046,
          "isConstant": false,
          "max": 5.0,
          "min": -5.0,
          "name": "meanF",
          "value": 0.015309798802318753
        },
        {
          "error": 112.7239475550632,
          "isConstant": false,
          "max": 28666.554459,
          "min": 0.5,
          "name": "nSigF",
          "value": 18409.031005032004
        },
        {
          "error": 0.005593432173832069,
          "isConstant": false,
          "max": 1.5000000025157827,
          "min": 0.4000000006708754,
          "name": "sigmaF",
          "value": 0.4000000022546944
        }
      ],
      "floatParsInit": [
        {
          "error": 0.0,
          "isConstant": false,
          "max": 5.0,
          "min": -5.0,
          "name": "meanF",
          "value": -0.0
        },
        {
          "error": 0.0,
          "isConstant": false,
          "max": 28666.554459,
          "min": 0.5,
          "name": "nSigF",
          "value": 17199.932675
        },
        {
          "error": 0.0,
          "isConstant": false,
          "max": 1.5000000025157827,
          "min": 0.4000000006708754,
          "name": "sigmaF",
          "value": 0.5000000008385942
        }
      ],
      "minNll": -104047.96585652049,
      "numInvalidNLL": 0,
      "status": 160
    },
    "fail_quality": "check",
    "pass": {
      "covQual": -1,
      "edm": 0.21482127979799753,
      "floatParsFinal": [
        {
          "error": 0.012860155576694066,
          "isConstant": false,
          "max": 5.0,
          "min": -5.0,
          "name": "meanP",
          "value": 0.014319925083380092
        },
        {
          "error": 217.8940919378365,
          "isConstant": false,
          "max": 102505.15403,
          "min": 0.5,
          "name": "nSigP",
          "value": 65763.45995037816
        },
        {
          "error": 0.004115308125720196,
          "isConstant": false,
          "max": 5.0,
          "min": 0.5,
          "name": "sigmaP",
          "value": 0.5000000008385942
        }
      ],
      "floatParsInit": [
        {
          "error": 0.0,
          "isConstant": false,
          "max": 5.0,
          "min": -5.0,
          "name": "meanP",
          "value": -0.0
        },
        {
          "error": 0.0,
          "isConstant": false,
          "max": 102505.15403,
          "min": 0.5,
          "name": "nSigP",
          "value": 61503.092418
        },
        {
          "error": 0.0,
          "isConstant": false,
          "max": 5.0,
          "min": 0.5,
          "name": "sigmaP",
          "value": 0.9
        }
      ],
      "minNll": -457737.07733661274,
      "numInvalidNLL": 0,
      "status": 160
    },
    "pass_quality": "check",
    "root_read_error": null
  },
  "fit_type": "nominalFit",
  "histograms": {
    "fail": {
      "entries": 17758.0,
      "fit_window": {
        "bin1": 11,
        "bin2": 70,
        "max": 120.0,
        "min": 60.0
      },
      "integral_fit_window": 18409.423260459334,
      "integral_fit_window_error": 163.31311325343876,
      "integral_full": 19111.0363060749,
      "integral_full_error": 166.4331505149501,
      "maximum_bin_center": 90.5,
      "maximum_bin_content": 1883.5568321046576,
      "mean": 95.29679830335027,
      "rms": 9.233109090827064
    },
    "pass": {
      "entries": 68523.0,
      "fit_window": {
        "bin1": 11,
        "bin2": 70,
        "max": 120.0,
        "min": 60.0
      },
      "integral_fit_window": 65764.00369033127,
      "integral_fit_window_error": 301.814868351965,
      "integral_full": 68336.76935353274,
      "integral_full_error": 307.6956981975297,
      "maximum_bin_center": 91.5,
      "maximum_bin_content": 7047.008278244426,
      "mean": 95.08909869580226,
      "rms": 9.260868384770324
    }
  },
  "sample": {
    "fitOutputBinRoot": "/eos/home-p/pelai/HZa/root_TnP//hza_resolve_phid_2023preBPix_sf//DY_MC_LO_2023preBPix_hza_resolve_phid_2023preBPix_sf.nominalFit-bin28_ph_sc_eta_1p57To2p00_ph_et_50p00To80p00.root",
    "fitOutputRoot": "/eos/home-p/pelai/HZa/root_TnP//hza_resolve_phid_2023preBPix_sf//DY_MC_LO_2023preBPix_hza_resolve_phid_2023preBPix_sf.nominalFit.root",
    "histFile": "/eos/home-p/pelai/HZa/root_TnP//hza_resolve_phid_2023preBPix_sf//DY_MC_LO_2023preBPix_hza_resolve_phid_2023preBPix_sf.root",
    "isMC": true,
    "mcRefHistFile": "/eos/home-p/pelai/HZa/root_TnP//hza_resolve_phid_2023preBPix_sf//DY_MC_LO_2023preBPix_hza_resolve_phid_2023preBPix_sf.root",
    "mcTruth": true,
    "name": "DY_MC_LO_2023preBPix"
  },
  "workspace": {
    "effective_parsed": [
      {
        "max": 5.0,
        "min": -5.0,
        "name": "meanP",
        "raw": "meanP[-0.0,-5.0,5.0]",
        "tokens": [
          "-0.0",
          "-5.0",
          "5.0"
        ],
        "value": -0.0
      },
      {
        "max": 5.0,
        "min": 0.5,
        "name": "sigmaP",
        "raw": "sigmaP[0.9,0.5,5.0]",
        "tokens": [
          "0.9",
          "0.5",
          "5.0"
        ],
        "value": 0.9
      },
      {
        "max": 5.0,
        "min": -5.0,
        "name": "meanF",
        "raw": "meanF[-0.0,-5.0,5.0]",
        "tokens": [
          "-0.0",
          "-5.0",
          "5.0"
        ],
        "value": -0.0
      },
      {
        "max": 5.0,
        "min": 0.5,
        "name": "sigmaF",
        "raw": "sigmaF[0.9,0.5,5.0]",
        "tokens": [
          "0.9",
          "0.5",
          "5.0"
        ],
        "value": 0.9
      },
      {
        "max": 80.0,
        "min": 50.0,
        "name": "acmsP",
        "raw": "acmsP[60.,50.,80.]",
        "tokens": [
          "60.",
          "50.",
          "80."
        ],
        "value": 60.0
      },
      {
        "max": 0.08,
        "min": 0.01,
        "name": "betaP",
        "raw": "betaP[0.05,0.01,0.08]",
        "tokens": [
          "0.05",
          "0.01",
          "0.08"
        ],
        "value": 0.05
      },
      {
        "max": 2.0,
        "min": -2.0,
        "name": "gammaP",
        "raw": "gammaP[0.1, -2, 2]",
        "tokens": [
          "0.1",
          "-2",
          "2"
        ],
        "value": 0.1
      },
      {
        "max": 90.0,
        "min": 82.0,
        "name": "peakP",
        "raw": "peakP[87.0,82.0,90.0]",
        "tokens": [
          "87.0",
          "82.0",
          "90.0"
        ],
        "value": 87.0
      },
      {
        "max": 80.0,
        "min": 50.0,
        "name": "acmsF",