{
  "bin": {
    "cut": "tag_Ele_pt > 35 && abs(tag_sc_eta) < 2.17 && ph_sc_eta >= 0.800000 && ph_sc_eta < 1.444200 && ph_et >= 20.000000 && ph_et < 35.000000",
    "index": 6,
    "name": "bin06_ph_sc_eta_0p80To1p44_ph_et_20p00To35p00",
    "title": "; 0.800 < ph_sc_eta < 1.444; 20.000 < ph_et < 35.000",
    "vars": {
      "ph_et": {
        "max": 35,
        "min": 20
      },
      "ph_sc_eta": {
        "max": 1.4442,
        "min": 0.8
      }
    }
  },
  "created_at_utc": "2026-04-19T13:09:49.499976+00:00",
  "derived": {
    "efficiency": 0.7352950527071875,
    "efficiency_error": 0.0012171826716715786,
    "nSigF": {
      "error": 149.47274647892664,
      "isConstant": false,
      "max": 42228.019499,
      "min": 0.5,
      "name": "nSigF",
      "value": 27949.417117483852
    },
    "nSigP": {
      "error": 251.6590828760891,
      "isConstant": false,
      "max": 117225.667023,
      "min": 0.5,
      "name": "nSigP",
      "value": 77637.64275173214
    }
  },
  "fit_metadata": {
    "bin_index": 6,
    "fail_hist_uses_pass_hist": false,
    "fit_range": {
      "max": 120.0,
      "min": 60.0
    },
    "truth_fail_template_uses_pass_hist": false,
    "truth_template_source": "/eos/home-p/pelai/HZa/root_TnP//hza_resolve_phid_2022preEE_sf//DY_MC_LO_2022preEE_hza_resolve_phid_2022preEE_sf.root"
  },
  "fit_result": {
    "fail": {
      "covQual": -1,
      "edm": 0.022996020703283517,
      "floatParsFinal": [
        {
          "error": 0.0242612362060175,
          "isConstant": false,
          "max": 5.0,
          "min": -5.0,
          "name": "meanF",
          "value": -0.0037060437823495107
        },
        {
          "error": 149.47274647892664,
          "isConstant": false,
          "max": 42228.019499,
          "min": 0.5,
          "name": "nSigF",
          "value": 27949.417117483852
        },
        {
          "error": 0.00848186817093824,
          "isConstant": false,
          "max": 1.5000009035327126,
          "min": 0.4000002409420567,
          "name": "sigmaF",
          "value": 0.40000544496606394
        }
      ],
      "floatParsInit": [
        {
          "error": 0.0,
          "isConstant": false,
          "max": 5.0,
          "min": -5.0,
          "name": "meanF",
          "value": -0.0
        },
        {
          "error": 0.0,
          "isConstant": false,
          "max": 42228.019499,
          "min": 0.5,
          "name": "nSigF",
          "value": 25336.8117
        },
        {
          "error": 0.0,
          "isConstant": false,
          "max": 1.5000009035327126,
          "min": 0.4000002409420567,
          "name": "sigmaF",
          "value": 0.5000003011775709
        }
      ],
      "minNll": -166633.1890356211,
      "numInvalidNLL": 0,
      "status": 160
    },
    "fail_quality": "check",
    "pass": {
      "covQual": -1,
      "edm": 0.7929628381456777,
      "floatParsFinal": [
        {
          "error": 0.014104077843668072,
          "isConstant": false,
          "max": 5.0,
          "min": -5.0,
          "name": "meanP",
          "value": -0.007933925625930982
        },
        {
          "error": 251.6590828760891,
          "isConstant": false,
          "max": 117225.667023,
          "min": 0.5,
          "name": "nSigP",
          "value": 77637.64275173214
        },
        {
          "error": 0.005154590448973317,
          "isConstant": false,
          "max": 5.0,
          "min": 0.5,
          "name": "sigmaP",
          "value": 0.5000003011775709
        }
      ],
      "floatParsInit": [
        {
          "error": 0.0,
          "isConstant": false,
          "max": 5.0,
          "min": -5.0,
          "name": "meanP",
          "value": -0.0
        },
        {
          "error": 0.0,
          "isConstant": false,
          "max": 117225.667023,
          "min": 0.5,
          "name": "nSigP",
          "value": 70335.400214
        },
        {
          "error": 0.0,
          "isConstant": false,
          "max": 5.0,
          "min": 0.5,
          "name": "sigmaP",
          "value": 0.9
        }
      ],
      "minNll": -547638.8242790675,
      "numInvalidNLL": 0,
      "status": 160
    },
    "pass_quality": "check",
    "root_read_error": null
  },
  "fit_type": "nominalFit",
  "histograms": {
    "fail": {
      "entries": 27403.0,
      "fit_window": {
        "bin1": 11,
        "bin2": 70,
        "max": 120.0,
        "min": 60.0
      },
      "integral_fit_window": 27949.92424970438,
      "integral_fit_window_error": 186.9880812483518,
      "integral_full": 28152.01299957119,
      "integral_full_error": 187.64532345501584,
      "maximum_bin_center": 89.5,
      "maximum_bin_content": 2517.4295934345355,
      "mean": 86.16286810772391,
      "rms": 7.769561280683621
    },
    "pass": {
      "entries": 78548.0,
      "fit_window": {
        "bin1": 11,
        "bin2": 70,
        "max": 120.0,
        "min": 60.0
      },
      "integral_fit_window": 77637.32372716868,
      "integral_fit_window_error": 308.50494267379565,
      "integral_full": 78150.44468217138,
      "integral_full_error": 309.5111234326299,
      "maximum_bin_center": 89.5,
      "maximum_bin_content": 7544.4660665852025,
      "mean": 86.27065702648967,
      "rms": 7.471144929078182
    }
  },
  "sample": {
    "fitOutputBinRoot": "/eos/home-p/pelai/HZa/root_TnP//hza_resolve_phid_2022preEE_sf//DY_MC_LO_2022preEE_hza_resolve_phid_2022preEE_sf.nominalFit-bin06_ph_sc_eta_0p80To1p44_ph_et_20p00To35p00.root",
    "fitOutputRoot": "/eos/home-p/pelai/HZa/root_TnP//hza_resolve_phid_2022preEE_sf//DY_MC_LO_2022preEE_hza_resolve_phid_2022preEE_sf.nominalFit.root",
    "histFile": "/eos/home-p/pelai/HZa/root_TnP//hza_resolve_phid_2022preEE_sf//DY_MC_LO_2022preEE_hza_resolve_phid_2022preEE_sf.root",
    "isMC": true,
    "mcRefHistFile": "/eos/home-p/pelai/HZa/root_TnP//hza_resolve_phid_2022preEE_sf//DY_MC_LO_2022preEE_hza_resolve_phid_2022preEE_sf.root",
    "mcTruth": true,
    "name": "DY_MC_LO_2022preEE"
  },
  "workspace": {
    "effective_parsed": [
      {
        "max": 5.0,
        "min": -5.0,
        "name": "meanP",
        "raw": "meanP[-0.0,-5.0,5.0]",
        "tokens": [
          "-0.0",
          "-5.0",
          "5.0"
        ],
        "value": -0.0
      },
      {
        "max": 5.0,
        "min": 0.5,
        "name": "sigmaP",
        "raw": "sigmaP[0.9,0.5,5.0]",
        "tokens": [
          "0.9",
          "0.5",
          "5.0"
        ],
        "value": 0.9
      },
      {
        "max": 5.0,
        "min": -5.0,
        "name": "meanF",
        "raw": "meanF[-0.0,-5.0,5.0]",
        "tokens": [
          "-0.0",
          "-5.0",
          "5.0"
        ],
        "value": -0.0
      },
      {
        "max": 5.0,
        "min": 0.5,
        "name": "sigmaF",
        "raw": "sigmaF[0.9,0.5,5.0]",
        "tokens": [
          "0.9",
          "0.5",
          "5.0"
        ],
        "value": 0.9
      },
      {
        "max": 80.0,
        "min": 50.0,
        "name": "acmsP",
        "raw": "acmsP[60.,50.,80.]",
        "tokens": [
          "60.",
          "50.",
          "80."
        ],
        "value": 60.0
      },
      {
        "max": 0.08,
        "min": 0.01,
        "name": "betaP",
        "raw": "betaP[0.05,0.01,0.08]",
        "tokens": [
          "0.05",
          "0.01",
          "0.08"
        ],
        "value": 0.05
      },
      {
        "max": 0.03,
        "min": -2.0,
        "name": "gammaP",
        "raw": "gammaP[0.1, -2, 0.03]",
        "tokens": [
          "0.1",
          "-2",
          "0.03"
        ],
        "value": 0.1
      },
      {
        "max": 90.0,
        "min": 82.0,
        "name": "peakP",
        "raw": "peakP[87.0,82.0,90.0]",
        "tokens": [
          "87.0",
          "82.0",
          "90.0"
        ],
        "value": 87.0
      },
      {
        "max": 80.0,
        "min": 50.0,
        "name": "acmsF",