{
  "bin": {
    "cut": "tag_Ele_pt > 35 && abs(tag_sc_eta) < 2.17 && ph_sc_eta >= -1.444200 && ph_sc_eta < -0.800000 && ph_et >= 20.000000 && ph_et < 35.000000",
    "index": 3,
    "name": "bin03_ph_sc_eta_m1p44Tom0p80_ph_et_20p00To35p00",
    "title": "; -1.444 < ph_sc_eta < -0.800; 20.000 < ph_et < 35.000",
    "vars": {
      "ph_et": {
        "max": 35,
        "min": 20
      },
      "ph_sc_eta": {
        "max": -0.8,
        "min": -1.4442
      }
    }
  },
  "created_at_utc": "2026-04-21T16:57:35.886862+00:00",
  "derived": {
    "efficiency": 0.73758746362727,
    "efficiency_error": 0.0012251382122440097,
    "nSigF": {
      "error": 148.67131018045438,
      "isConstant": false,
      "max": 41368.522974,
      "min": 0.5,
      "name": "nSigF",
      "value": 27392.083649125907
    },
    "nSigP": {
      "error": 250.76425992352597,
      "isConstant": false,
      "max": 116272.410975,
      "min": 0.5,
      "name": "nSigP",
      "value": 76993.491932592
    }
  },
  "fit_metadata": {
    "bin_index": 3,
    "fail_hist_uses_pass_hist": false,
    "fit_range": {
      "max": 120.0,
      "min": 60.0
    },
    "truth_fail_template_uses_pass_hist": false,
    "truth_template_source": "/eos/home-p/pelai/HZa/root_TnP//hza_resolve_phid_2022preEE_sf//DY_MC_LO_2022preEE_hza_resolve_phid_2022preEE_sf.root"
  },
  "fit_result": {
    "fail": {
      "covQual": -1,
      "edm": 0.06889602016774574,
      "floatParsFinal": [
        {
          "error": 0.02492025091842498,
          "isConstant": false,
          "max": 5.0,
          "min": -5.0,
          "name": "meanF",
          "value": -0.005634801713416238
        },
        {
          "error": 148.67131018045438,
          "isConstant": false,
          "max": 41368.522974,
          "min": 0.5,
          "name": "nSigF",
          "value": 27392.083649125907
        },
        {
          "error": 0.014368741985507083,
          "isConstant": false,
          "max": 1.5000007663459194,
          "min": 0.40000020435891187,
          "name": "sigmaF",
          "value": 0.400000205187586
        }
      ],
      "floatParsInit": [
        {
          "error": 0.0,
          "isConstant": false,
          "max": 5.0,
          "min": -5.0,
          "name": "meanF",
          "value": -0.0
        },
        {
          "error": 0.0,
          "isConstant": false,
          "max": 41368.522974,
          "min": 0.5,
          "name": "nSigF",
          "value": 24821.113785
        },
        {
          "error": 0.0,
          "isConstant": false,
          "max": 1.5000007663459194,
          "min": 0.40000020435891187,
          "name": "sigmaF",
          "value": 0.5000002554486398
        }
      ],
      "minNll": -163118.05791232118,
      "numInvalidNLL": 0,
      "status": 160
    },
    "fail_quality": "check",
    "pass": {
      "covQual": -1,
      "edm": 0.016160635374467346,
      "floatParsFinal": [
        {
          "error": 0.014339226692499984,
          "isConstant": false,
          "max": 5.0,
          "min": -5.0,
          "name": "meanP",
          "value": -0.008582383065495414
        },
        {
          "error": 250.76425992352597,
          "isConstant": false,
          "max": 116272.410975,
          "min": 0.5,
          "name": "nSigP",
          "value": 76993.491932592
        },
        {
          "error": 0.005428173366887057,
          "isConstant": false,
          "max": 5.0,
          "min": 0.5,
          "name": "sigmaP",
          "value": 0.5000002554486398
        }
      ],
      "floatParsInit": [
        {
          "error": 0.0,
          "isConstant": false,
          "max": 5.0,
          "min": -5.0,
          "name": "meanP",
          "value": -0.0
        },
        {
          "error": 0.0,
          "isConstant": false,
          "max": 116272.410975,
          "min": 0.5,
          "name": "nSigP",
          "value": 69763.446585
        },
        {
          "error": 0.0,
          "isConstant": false,
          "max": 5.0,
          "min": 0.5,
          "name": "sigmaP",
          "value": 0.9
        }
      ],
      "minNll": -542354.8061080341,
      "numInvalidNLL": 0,
      "status": 160
    },
    "pass_quality": "check",
    "root_read_error": null
  },
  "fit_type": "nominalFit",
  "histograms": {
    "fail": {
      "entries": 27022.0,
      "fit_window": {
        "bin1": 11,
        "bin2": 70,
        "max": 120.0,
        "min": 60.0
      },
      "integral_fit_window": 27391.94794727507,
      "integral_fit_window_error": 184.2485245801215,
      "integral_full": 27579.015316220997,
      "integral_full_error": 184.87829183559117,
      "maximum_bin_center": 89.5,
      "maximum_bin_content": 2493.977974260403,
      "mean": 86.25152944111463,
      "rms": 7.679362693562319
    },
    "pass": {
      "entries": 77765.0,
      "fit_window": {
        "bin1": 11,
        "bin2": 70,
        "max": 120.0,
        "min": 60.0
      },
      "integral_fit_window": 76993.55555995333,
      "integral_fit_window_error": 307.03667886799025,
      "integral_full": 77514.94065028825,
      "integral_full_error": 308.07877942987534,
      "maximum_bin_center": 89.5,
      "maximum_bin_content": 7392.655303733602,
      "mean": 86.30019350980032,
      "rms": 7.476151836173427
    }
  },
  "sample": {
    "fitOutputBinRoot": "/eos/home-p/pelai/HZa/root_TnP//hza_resolve_phid_2022preEE_sf//DY_MC_LO_2022preEE_hza_resolve_phid_2022preEE_sf.nominalFit-bin03_ph_sc_eta_m1p44Tom0p80_ph_et_20p00To35p00.root",
    "fitOutputRoot": "/eos/home-p/pelai/HZa/root_TnP//hza_resolve_phid_2022preEE_sf//DY_MC_LO_2022preEE_hza_resolve_phid_2022preEE_sf.nominalFit.root",
    "histFile": "/eos/home-p/pelai/HZa/root_TnP//hza_resolve_phid_2022preEE_sf//DY_MC_LO_2022preEE_hza_resolve_phid_2022preEE_sf.root",
    "isMC": true,
    "mcRefHistFile": "/eos/home-p/pelai/HZa/root_TnP//hza_resolve_phid_2022preEE_sf//DY_MC_LO_2022preEE_hza_resolve_phid_2022preEE_sf.root",
    "mcTruth": true,
    "name": "DY_MC_LO_2022preEE"
  },
  "workspace": {
    "effective_parsed": [
      {
        "max": 5.0,
        "min": -5.0,
        "name": "meanP",
        "raw": "meanP[-0.0,-5.0,5.0]",
        "tokens": [
          "-0.0",
          "-5.0",
          "5.0"
        ],
        "value": -0.0
      },
      {
        "max": 5.0,
        "min": 0.5,
        "name": "sigmaP",
        "raw": "sigmaP[0.9,0.5,5.0]",
        "tokens": [
          "0.9",
          "0.5",
          "5.0"
        ],
        "value": 0.9
      },
      {
        "max": 5.0,
        "min": -5.0,
        "name": "meanF",
        "raw": "meanF[-0.0,-5.0,5.0]",
        "tokens": [
          "-0.0",
          "-5.0",
          "5.0"
        ],
        "value": -0.0
      },
      {
        "max": 5.0,
        "min": 0.5,
        "name": "sigmaF",
        "raw": "sigmaF[0.9,0.5,5.0]",
        "tokens": [
          "0.9",
          "0.5",
          "5.0"
        ],
        "value": 0.9
      },
      {
        "max": 80.0,
        "min": 50.0,
        "name": "acmsP",
        "raw": "acmsP[60.,50.,80.]",
        "tokens": [
          "60.",
          "50.",
          "80."
        ],
        "value": 60.0
      },
      {
        "max": 0.08,
        "min": 0.01,
        "name": "betaP",
        "raw": "betaP[0.05,0.01,0.08]",
        "tokens": [
          "0.05",
          "0.01",
          "0.08"
        ],
        "value": 0.05
      },
      {
        "max": 0.03,
        "min": -2.0,
        "name": "gammaP",
        "raw": "gammaP[0.1, -2, 0.03]",
        "tokens": [
          "0.1",
          "-2",
          "0.03"
        ],
        "value": 0.1
      },
      {
        "max": 90.0,
        "min": 82.0,
        "name": "peakP",
        "raw": "peakP[87.0,82.0,90.0]",
        "tokens": [
          "87.0",
          "82.0",
          "90.0"
        ],
        "value": 87.0
      },
      {
        "max": 80.0,
        "min": 50.0,
        "name": "acmsF",