{
  "bin": {
    "cut": "tag_Ele_pt > 35 && abs(tag_sc_eta) < 2.17 && ph_sc_eta >= -2.500000 && ph_sc_eta < -2.000000 && ph_et >= 20.000000 && ph_et < 35.000000",
    "index": 0,
    "name": "bin00_ph_sc_eta_m2p50Tom2p00_ph_et_20p00To35p00",
    "title": "; -2.500 < ph_sc_eta < -2.000; 20.000 < ph_et < 35.000",
    "vars": {
      "ph_et": {
        "max": 35,
        "min": 20
      },
      "ph_sc_eta": {
        "max": -2.0,
        "min": -2.5
      }
    }
  },
  "created_at_utc": "2026-04-21T16:57:32.823337+00:00",
  "derived": {
    "efficiency": 0.7628412163191194,
    "efficiency_error": 0.0017856995945046735,
    "nSigF": {
      "error": 93.36660668009426,
      "isConstant": false,
      "max": 16352.38815,
      "min": 0.5,
      "name": "nSigF",
      "value": 10843.728878450422
    },
    "nSigP": {
      "error": 168.3269069352864,
      "isConstant": false,
      "max": 52624.416633,
      "min": 0.5,
      "name": "nSigP",
      "value": 34879.76788666065
    }
  },
  "fit_metadata": {
    "bin_index": 0,
    "fail_hist_uses_pass_hist": false,
    "fit_range": {
      "max": 120.0,
      "min": 60.0
    },
    "truth_fail_template_uses_pass_hist": false,
    "truth_template_source": "/eos/home-p/pelai/HZa/root_TnP//hza_resolve_phid_2022preEE_sf//DY_MC_LO_2022preEE_hza_resolve_phid_2022preEE_sf.root"
  },
  "fit_result": {
    "fail": {
      "covQual": -1,
      "edm": 0.0010251228567589557,
      "floatParsFinal": [
        {
          "error": 0.03690292034165221,
          "isConstant": false,
          "max": 5.0,
          "min": -5.0,
          "name": "meanF",
          "value": 0.0016499497353796855
        },
        {
          "error": 93.36660668009426,
          "isConstant": false,
          "max": 16352.38815,
          "min": 0.5,
          "name": "nSigF",
          "value": 10843.728878450422
        },
        {
          "error": 0.013491570083111915,
          "isConstant": false,
          "max": 1.5000000417801629,
          "min": 0.40000001114137684,
          "name": "sigmaF",
          "value": 0.40000026673814865
        }
      ],
      "floatParsInit": [
        {
          "error": 0.0,
          "isConstant": false,
          "max": 5.0,
          "min": -5.0,
          "name": "meanF",
          "value": -0.0
        },
        {
          "error": 0.0,
          "isConstant": false,
          "max": 16352.38815,
          "min": 0.5,
          "name": "nSigF",
          "value": 9811.43289
        },
        {
          "error": 0.0,
          "isConstant": false,
          "max": 1.5000000417801629,
          "min": 0.40000001114137684,
          "name": "sigmaF",
          "value": 0.500000013926721
        }
      ],
      "minNll": -55261.38906309016,
      "numInvalidNLL": 0,
      "status": 160
    },
    "fail_quality": "check",
    "pass": {
      "covQual": -1,
      "edm": 0.35879126028380504,
      "floatParsFinal": [
        {
          "error": 0.02113318853856061,
          "isConstant": false,
          "max": 5.0,
          "min": -5.0,
          "name": "meanP",
          "value": -0.001990062769149148
        },
        {
          "error": 168.3269069352864,
          "isConstant": false,
          "max": 52624.416633,
          "min": 0.5,
          "name": "nSigP",
          "value": 34879.76788666065
        },
        {
          "error": 0.008034643420276155,
          "isConstant": false,
          "max": 5.0,
          "min": 0.5,
          "name": "sigmaP",
          "value": 0.500000013926721
        }
      ],
      "floatParsInit": [
        {
          "error": 0.0,
          "isConstant": false,
          "max": 5.0,
          "min": -5.0,
          "name": "meanP",
          "value": -0.0
        },
        {
          "error": 0.0,
          "isConstant": false,
          "max": 52624.416633,
          "min": 0.5,
          "name": "nSigP",
          "value": 31574.64998
        },
        {
          "error": 0.0,
          "isConstant": false,
          "max": 5.0,
          "min": 0.5,
          "name": "sigmaP",
          "value": 0.9
        }
      ],
      "minNll": -219742.11883316995,
      "numInvalidNLL": 0,
      "status": 160
    },
    "pass_quality": "check",
    "root_read_error": null
  },
  "fit_type": "nominalFit",
  "histograms": {
    "fail": {
      "entries": 10616.0,
      "fit_window": {
        "bin1": 11,
        "bin2": 70,
        "max": 120.0,
        "min": 60.0
      },
      "integral_fit_window": 10844.607592812858,
      "integral_fit_window_error": 116.14294988589228,
      "integral_full": 10901.592099889958,
      "integral_full_error": 116.42901678019889,
      "maximum_bin_center": 89.5,
      "maximum_bin_content": 1036.8236061355012,
      "mean": 88.3068531101035,
      "rms": 7.082264931256124
    },
    "pass": {
      "entries": 35112.0,
      "fit_window": {
        "bin1": 11,
        "bin2": 70,
        "max": 120.0,
        "min": 60.0
      },
      "integral_fit_window": 34880.09823860408,
      "integral_fit_window_error": 207.21606309450394,
      "integral_full": 35082.944422110806,
      "integral_full_error": 207.81523920167652,
      "maximum_bin_center": 89.5,
      "maximum_bin_content": 3461.399882865197,
      "mean": 88.18397878349353,
      "rms": 7.062026872336478
    }
  },
  "sample": {
    "fitOutputBinRoot": "/eos/home-p/pelai/HZa/root_TnP//hza_resolve_phid_2022preEE_sf//DY_MC_LO_2022preEE_hza_resolve_phid_2022preEE_sf.nominalFit-bin00_ph_sc_eta_m2p50Tom2p00_ph_et_20p00To35p00.root",
    "fitOutputRoot": "/eos/home-p/pelai/HZa/root_TnP//hza_resolve_phid_2022preEE_sf//DY_MC_LO_2022preEE_hza_resolve_phid_2022preEE_sf.nominalFit.root",
    "histFile": "/eos/home-p/pelai/HZa/root_TnP//hza_resolve_phid_2022preEE_sf//DY_MC_LO_2022preEE_hza_resolve_phid_2022preEE_sf.root",
    "isMC": true,
    "mcRefHistFile": "/eos/home-p/pelai/HZa/root_TnP//hza_resolve_phid_2022preEE_sf//DY_MC_LO_2022preEE_hza_resolve_phid_2022preEE_sf.root",
    "mcTruth": true,
    "name": "DY_MC_LO_2022preEE"
  },
  "workspace": {
    "effective_parsed": [
      {
        "max": 5.0,
        "min": -5.0,
        "name": "meanP",
        "raw": "meanP[-0.0,-5.0,5.0]",
        "tokens": [
          "-0.0",
          "-5.0",
          "5.0"
        ],
        "value": -0.0
      },
      {
        "max": 5.0,
        "min": 0.5,
        "name": "sigmaP",
        "raw": "sigmaP[0.9,0.5,5.0]",
        "tokens": [
          "0.9",
          "0.5",
          "5.0"
        ],
        "value": 0.9
      },
      {
        "max": 5.0,
        "min": -5.0,
        "name": "meanF",
        "raw": "meanF[-0.0,-5.0,5.0]",
        "tokens": [
          "-0.0",
          "-5.0",
          "5.0"
        ],
        "value": -0.0
      },
      {
        "max": 5.0,
        "min": 0.5,
        "name": "sigmaF",
        "raw": "sigmaF[0.9,0.5,5.0]",
        "tokens": [
          "0.9",
          "0.5",
          "5.0"
        ],
        "value": 0.9
      },
      {
        "max": 80.0,
        "min": 50.0,
        "name": "acmsP",
        "raw": "acmsP[60.,50.,80.]",
        "tokens": [
          "60.",
          "50.",
          "80."
        ],
        "value": 60.0
      },
      {
        "max": 0.08,
        "min": 0.01,
        "name": "betaP",
        "raw": "betaP[0.05,0.01,0.08]",
        "tokens": [
          "0.05",
          "0.01",
          "0.08"
        ],
        "value": 0.05
      },
      {
        "max": 0.03,
        "min": -2.0,
        "name": "gammaP",
        "raw": "gammaP[0.1, -2, 0.03]",
        "tokens": [
          "0.1",
          "-2",
          "0.03"
        ],
        "value": 0.1
      },
      {
        "max": 90.0,
        "min": 82.0,
        "name": "peakP",
        "raw": "peakP[87.0,82.0,90.0]",
        "tokens": [
          "87.0",
          "82.0",
          "90.0"
        ],
        "value": 87.0
      },
      {
        "max": 80.0,
        "min": 50.0,
        "name": "acmsF",