{
  "bin": {
    "cut": "tag_Ele_pt > 35 && abs(tag_sc_eta) < 2.17 && ph_sc_eta >= -2.000000 && ph_sc_eta < -1.566000 && ph_et >= 20.000000 && ph_et < 35.000000",
    "index": 1,
    "name": "bin01_ph_sc_eta_m2p00Tom1p57_ph_et_20p00To35p00",
    "title": "; -2.000 < ph_sc_eta < -1.566; 20.000 < ph_et < 35.000",
    "vars": {
      "ph_et": {
        "max": 35,
        "min": 20
      },
      "ph_sc_eta": {
        "max": -1.566,
        "min": -2.0
      }
    }
  },
  "created_at_utc": "2026-04-19T16:19:03.737792+00:00",
  "derived": {
    "efficiency": 0.6730422389948194,
    "efficiency_error": 0.0017952845393855285,
    "nSigF": {
      "error": 120.53631445181963,
      "isConstant": false,
      "max": 27240.726806,
      "min": 0.5,
      "name": "nSigF",
      "value": 18041.527046077594
    },
    "nSigP": {
      "error": 173.8831714702137,
      "isConstant": false,
      "max": 56074.998526,
      "min": 0.5,
      "name": "nSigP",
      "value": 37138.46620629768
    }
  },
  "fit_metadata": {
    "bin_index": 1,
    "fail_hist_uses_pass_hist": false,
    "fit_range": {
      "max": 120.0,
      "min": 60.0
    },
    "truth_fail_template_uses_pass_hist": false,
    "truth_template_source": "/eos/home-p/pelai/HZa/root_TnP//hza_resolve_phid_2022preEE_sf//DY_MC_LO_2022preEE_hza_resolve_phid_2022preEE_sf.root"
  },
  "fit_result": {
    "fail": {
      "covQual": -1,
      "edm": 0.022405832842736416,
      "floatParsFinal": [
        {
          "error": 0.03098338025845271,
          "isConstant": false,
          "max": 5.0,
          "min": -5.0,
          "name": "meanF",
          "value": 0.00030692412595367813
        },
        {
          "error": 120.53631445181963,
          "isConstant": false,
          "max": 27240.726806,
          "min": 0.5,
          "name": "nSigF",
          "value": 18041.527046077594
        },
        {
          "error": 0.014485040655999037,
          "isConstant": false,
          "max": 1.5000000060892138,
          "min": 0.40000000162379035,
          "name": "sigmaF",
          "value": 0.40002723563153375
        }
      ],
      "floatParsInit": [
        {
          "error": 0.0,
          "isConstant": false,
          "max": 5.0,
          "min": -5.0,
          "name": "meanF",
          "value": -0.0
        },
        {
          "error": 0.0,
          "isConstant": false,
          "max": 27240.726806,
          "min": 0.5,
          "name": "nSigF",
          "value": 16344.436084
        },
        {
          "error": 0.0,
          "isConstant": false,
          "max": 1.5000000060892138,
          "min": 0.40000000162379035,
          "name": "sigmaF",
          "value": 0.5000000020297379
        }
      ],
      "minNll": -100099.35904386634,
      "numInvalidNLL": 0,
      "status": 160
    },
    "fail_quality": "check",
    "pass": {
      "covQual": -1,
      "edm": 0.07994522448370825,
      "floatParsFinal": [
        {
          "error": 0.021167052480994375,
          "isConstant": false,
          "max": 5.0,
          "min": -5.0,
          "name": "meanP",
          "value": -0.005946533069732141
        },
        {
          "error": 173.8831714702137,
          "isConstant": false,
          "max": 56074.998526,
          "min": 0.5,
          "name": "nSigP",
          "value": 37138.46620629768
        },
        {
          "error": 0.010588591766137079,
          "isConstant": false,
          "max": 5.0,
          "min": 0.5,
          "name": "sigmaP",
          "value": 0.5000000020297379
        }
      ],
      "floatParsInit": [
        {
          "error": 0.0,
          "isConstant": false,
          "max": 5.0,
          "min": -5.0,
          "name": "meanP",
          "value": -0.0
        },
        {
          "error": 0.0,
          "isConstant": false,
          "max": 56074.998526,
          "min": 0.5,
          "name": "nSigP",
          "value": 33644.999116
        },
        {
          "error": 0.0,
          "isConstant": false,
          "max": 5.0,
          "min": 0.5,
          "name": "sigmaP",
          "value": 0.9
        }
      ],
      "minNll": -235494.25339320506,
      "numInvalidNLL": 0,
      "status": 160
    },
    "pass_quality": "check",
    "root_read_error": null
  },
  "fit_type": "nominalFit",
  "histograms": {
    "fail": {
      "entries": 17763.0,
      "fit_window": {
        "bin1": 11,
        "bin2": 70,
        "max": 120.0,
        "min": 60.0
      },
      "integral_fit_window": 18041.109394857074,
      "integral_fit_window_error": 149.68078673832537,
      "integral_full": 18160.484537282337,
      "integral_full_error": 150.14623889826407,
      "maximum_bin_center": 88.5,
      "maximum_bin_content": 1601.1607807306336,
      "mean": 86.69445387954323,
      "rms": 7.570891592431566
    },
    "pass": {
      "entries": 37526.0,
      "fit_window": {
        "bin1": 11,
        "bin2": 70,
        "max": 120.0,
        "min": 60.0
      },
      "integral_fit_window": 37139.14678063025,
      "integral_fit_window_error": 213.5839252300453,
      "integral_full": 37383.33235080633,
      "integral_full_error": 214.27125218678958,
      "maximum_bin_center": 88.5,
      "maximum_bin_content": 3577.332985033999,
      "mean": 86.60988131341233,
      "rms": 7.1637002222755415
    }
  },
  "sample": {
    "fitOutputBinRoot": "/eos/home-p/pelai/HZa/root_TnP//hza_resolve_phid_2022preEE_sf//DY_MC_LO_2022preEE_hza_resolve_phid_2022preEE_sf.nominalFit-bin01_ph_sc_eta_m2p00Tom1p57_ph_et_20p00To35p00.root",
    "fitOutputRoot": "/eos/home-p/pelai/HZa/root_TnP//hza_resolve_phid_2022preEE_sf//DY_MC_LO_2022preEE_hza_resolve_phid_2022preEE_sf.nominalFit.root",
    "histFile": "/eos/home-p/pelai/HZa/root_TnP//hza_resolve_phid_2022preEE_sf//DY_MC_LO_2022preEE_hza_resolve_phid_2022preEE_sf.root",
    "isMC": true,
    "mcRefHistFile": "/eos/home-p/pelai/HZa/root_TnP//hza_resolve_phid_2022preEE_sf//DY_MC_LO_2022preEE_hza_resolve_phid_2022preEE_sf.root",
    "mcTruth": true,
    "name": "DY_MC_LO_2022preEE"
  },
  "workspace": {
    "effective_parsed": [
      {
        "max": 5.0,
        "min": -5.0,
        "name": "meanP",
        "raw": "meanP[-0.0,-5.0,5.0]",
        "tokens": [
          "-0.0",
          "-5.0",
          "5.0"
        ],
        "value": -0.0
      },
      {
        "max": 5.0,
        "min": 0.5,
        "name": "sigmaP",
        "raw": "sigmaP[0.9,0.5,5.0]",
        "tokens": [
          "0.9",
          "0.5",
          "5.0"
        ],
        "value": 0.9
      },
      {
        "max": 5.0,
        "min": -5.0,
        "name": "meanF",
        "raw": "meanF[-0.0,-5.0,5.0]",
        "tokens": [
          "-0.0",
          "-5.0",
          "5.0"
        ],
        "value": -0.0
      },
      {
        "max": 5.0,
        "min": 0.5,
        "name": "sigmaF",
        "raw": "sigmaF[0.9,0.5,5.0]",
        "tokens": [
          "0.9",
          "0.5",
          "5.0"
        ],
        "value": 0.9
      },
      {
        "max": 80.0,
        "min": 50.0,
        "name": "acmsP",
        "raw": "acmsP[60.,50.,80.]",
        "tokens": [
          "60.",
          "50.",
          "80."
        ],
        "value": 60.0
      },
      {
        "max": 0.08,
        "min": 0.01,
        "name": "betaP",
        "raw": "betaP[0.05,0.01,0.08]",
        "tokens": [
          "0.05",
          "0.01",
          "0.08"
        ],
        "value": 0.05
      },
      {
        "max": 0.03,
        "min": -2.0,
        "name": "gammaP",
        "raw": "gammaP[0.1, -2, 0.03]",
        "tokens": [
          "0.1",
          "-2",
          "0.03"
        ],
        "value": 0.1
      },
      {
        "max": 90.0,
        "min": 82.0,
        "name": "peakP",
        "raw": "peakP[87.0,82.0,90.0]",
        "tokens": [
          "87.0",
          "82.0",
          "90.0"
        ],
        "value": 87.0
      },
      {
        "max": 80.0,
        "min": 50.0,
        "name": "acmsF",