{
  "bin": {
    "cut": "tag_Ele_pt > 35 && abs(tag_sc_eta) < 2.17 && ph_sc_eta >= -0.800000 && ph_sc_eta < 0.000000 && ph_et >= 20.000000 && ph_et < 35.000000",
    "index": 4,
    "name": "bin04_ph_sc_eta_m0p80To0p00_ph_et_20p00To35p00",
    "title": "; -0.800 < ph_sc_eta < 0.000; 20.000 < ph_et < 35.000",
    "vars": {
      "ph_et": {
        "max": 35,
        "min": 20
      },
      "ph_sc_eta": {
        "max": 0.0,
        "min": -0.8
      }
    }
  },
  "created_at_utc": "2026-04-19T16:19:03.990831+00:00",
  "derived": {
    "efficiency": 0.7312769079066253,
    "efficiency_error": 0.0010038400587550917,
    "nSigF": {
      "error": 183.10841354568402,
      "isConstant": false,
      "max": 63370.27158,
      "min": 0.5,
      "name": "nSigF",
      "value": 42031.8904769414
    },
    "nSigP": {
      "error": 305.13330985888024,
      "isConstant": false,
      "max": 172500.459284,
      "min": 0.5,
      "name": "nSigP",
      "value": 114381.50202129742
    }
  },
  "fit_metadata": {
    "bin_index": 4,
    "fail_hist_uses_pass_hist": false,
    "fit_range": {
      "max": 120.0,
      "min": 60.0
    },
    "truth_fail_template_uses_pass_hist": false,
    "truth_template_source": "/eos/home-p/pelai/HZa/root_TnP//hza_resolve_phid_2022preEE_sf//DY_MC_LO_2022preEE_hza_resolve_phid_2022preEE_sf.root"
  },
  "fit_result": {
    "fail": {
      "covQual": -1,
      "edm": 0.026680820844861126,
      "floatParsFinal": [
        {
          "error": 0.016913351448667235,
          "isConstant": false,
          "max": 5.0,
          "min": -5.0,
          "name": "meanF",
          "value": -0.0032223401121003192
        },
        {
          "error": 183.10841354568402,
          "isConstant": false,
          "max": 63370.27158,
          "min": 0.5,
          "name": "nSigF",
          "value": 42031.8904769414
        },
        {
          "error": 0.004734975463958457,
          "isConstant": false,
          "max": 1.5000000384425085,
          "min": 0.40000001025133564,
          "name": "sigmaF",
          "value": 0.4000002401099844
        }
      ],
      "floatParsInit": [
        {
          "error": 0.0,
          "isConstant": false,
          "max": 5.0,
          "min": -5.0,
          "name": "meanF",
          "value": -0.0
        },
        {
          "error": 0.0,
          "isConstant": false,
          "max": 63370.27158,
          "min": 0.5,
          "name": "nSigF",
          "value": 38022.162948
        },
        {
          "error": 0.0,
          "isConstant": false,
          "max": 1.5000000384425085,
          "min": 0.40000001025133564,
          "name": "sigmaF",
          "value": 0.5000000128141695
        }
      ],
      "minNll": -270886.5195146098,
      "numInvalidNLL": 0,
      "status": 160
    },
    "fail_quality": "check",
    "pass": {
      "covQual": -1,
      "edm": 0.37819585744326684,
      "floatParsFinal": [
        {
          "error": 0.009939484828177303,
          "isConstant": false,
          "max": 5.0,
          "min": -5.0,
          "name": "meanP",
          "value": -0.008646484304065005
        },
        {
          "error": 305.13330985888024,
          "isConstant": false,
          "max": 172500.459284,
          "min": 0.5,
          "name": "nSigP",
          "value": 114381.50202129742
        },
        {
          "error": 0.002329779974562518,
          "isConstant": false,
          "max": 5.0,
          "min": 0.5,
          "name": "sigmaP",
          "value": 0.5000000128141695
        }
      ],
      "floatParsInit": [
        {
          "error": 0.0,
          "isConstant": false,
          "max": 5.0,
          "min": -5.0,
          "name": "meanP",
          "value": -0.0
        },
        {
          "error": 0.0,
          "isConstant": false,
          "max": 172500.459284,
          "min": 0.5,
          "name": "nSigP",
          "value": 103500.275571
        },
        {
          "error": 0.0,
          "isConstant": false,
          "max": 5.0,
          "min": 0.5,
          "name": "sigmaP",
          "value": 0.9
        }
      ],
      "minNll": -861880.7778621912,
      "numInvalidNLL": 0,
      "status": 160
    },
    "pass_quality": "check",
    "root_read_error": null
  },
  "fit_type": "nominalFit",
  "histograms": {
    "fail": {
      "entries": 41154.0,
      "fit_window": {
        "bin1": 11,
        "bin2": 70,
        "max": 120.0,
        "min": 60.0
      },
      "integral_fit_window": 42031.82813100397,
      "integral_fit_window_error": 229.54842015533873,
      "integral_full": 42246.847719770005,
      "integral_full_error": 230.11846892378003,
      "maximum_bin_center": 90.5,
      "maximum_bin_content": 4562.2946460948015,
      "mean": 87.17782613669544,
      "rms": 7.5118443629898515
    },
    "pass": {
      "entries": 115068.0,
      "fit_window": {
        "bin1": 11,
        "bin2": 70,
        "max": 120.0,
        "min": 60.0
      },
      "integral_fit_window": 114381.75051349774,
      "integral_fit_window_error": 374.8584540117235,
      "integral_full": 115000.30618945436,
      "integral_full_error": 375.84241145189156,
      "maximum_bin_center": 90.5,
      "maximum_bin_content": 13227.178555066514,
      "mean": 87.58710574265378,
      "rms": 7.228640546770685
    }
  },
  "sample": {
    "fitOutputBinRoot": "/eos/home-p/pelai/HZa/root_TnP//hza_resolve_phid_2022preEE_sf//DY_MC_LO_2022preEE_hza_resolve_phid_2022preEE_sf.nominalFit-bin04_ph_sc_eta_m0p80To0p00_ph_et_20p00To35p00.root",
    "fitOutputRoot": "/eos/home-p/pelai/HZa/root_TnP//hza_resolve_phid_2022preEE_sf//DY_MC_LO_2022preEE_hza_resolve_phid_2022preEE_sf.nominalFit.root",
    "histFile": "/eos/home-p/pelai/HZa/root_TnP//hza_resolve_phid_2022preEE_sf//DY_MC_LO_2022preEE_hza_resolve_phid_2022preEE_sf.root",
    "isMC": true,
    "mcRefHistFile": "/eos/home-p/pelai/HZa/root_TnP//hza_resolve_phid_2022preEE_sf//DY_MC_LO_2022preEE_hza_resolve_phid_2022preEE_sf.root",
    "mcTruth": true,
    "name": "DY_MC_LO_2022preEE"
  },
  "workspace": {
    "effective_parsed": [
      {
        "max": 5.0,
        "min": -5.0,
        "name": "meanP",
        "raw": "meanP[-0.0,-5.0,5.0]",
        "tokens": [
          "-0.0",
          "-5.0",
          "5.0"
        ],
        "value": -0.0
      },
      {
        "max": 5.0,
        "min": 0.5,
        "name": "sigmaP",
        "raw": "sigmaP[0.9,0.5,5.0]",
        "tokens": [
          "0.9",
          "0.5",
          "5.0"
        ],
        "value": 0.9
      },
      {
        "max": 5.0,
        "min": -5.0,
        "name": "meanF",
        "raw": "meanF[-0.0,-5.0,5.0]",
        "tokens": [
          "-0.0",
          "-5.0",
          "5.0"
        ],
        "value": -0.0
      },
      {
        "max": 5.0,
        "min": 0.5,
        "name": "sigmaF",
        "raw": "sigmaF[0.9,0.5,5.0]",
        "tokens": [
          "0.9",
          "0.5",
          "5.0"
        ],
        "value": 0.9
      },
      {
        "max": 80.0,
        "min": 50.0,
        "name": "acmsP",
        "raw": "acmsP[60.,50.,80.]",
        "tokens": [
          "60.",
          "50.",
          "80."
        ],
        "value": 60.0
      },
      {
        "max": 0.08,
        "min": 0.01,
        "name": "betaP",
        "raw": "betaP[0.05,0.01,0.08]",
        "tokens": [
          "0.05",
          "0.01",
          "0.08"
        ],
        "value": 0.05
      },
      {
        "max": 0.03,
        "min": -2.0,
        "name": "gammaP",
        "raw": "gammaP[0.1, -2, 0.03]",
        "tokens": [
          "0.1",
          "-2",
          "0.03"
        ],
        "value": 0.1
      },
      {
        "max": 90.0,
        "min": 82.0,
        "name": "peakP",
        "raw": "peakP[87.0,82.0,90.0]",
        "tokens": [
          "87.0",
          "82.0",
          "90.0"
        ],
        "value": 87.0
      },
      {
        "max": 80.0,
        "min": 50.0,
        "name": "acmsF",