{
  "bin": {
    "cut": "tag_Ele_pt > 35 && abs(tag_sc_eta) < 2.17 && ph_sc_eta >= -2.500000 && ph_sc_eta < -2.000000 && ph_et >= 35.000000 && ph_et < 50.000000",
    "index": 10,
    "name": "bin10_ph_sc_eta_m2p50Tom2p00_ph_et_35p00To50p00",
    "title": "; -2.500 < ph_sc_eta < -2.000; 35.000 < ph_et < 50.000",
    "vars": {
      "ph_et": {
        "max": 50,
        "min": 35
      },
      "ph_sc_eta": {
        "max": -2.0,
        "min": -2.5
      }
    }
  },
  "created_at_utc": "2026-04-20T05:53:48.207248+00:00",
  "derived": {
    "efficiency": 0.7917255005363517,
    "efficiency_error": 0.0011583812601014187,
    "nSigF": {
      "error": 125.33486060939686,
      "isConstant": false,
      "max": 30342.067639,
      "min": 0.5,
      "name": "nSigF",
      "value": 20151.610952544343
    },
    "nSigP": {
      "error": 250.17802472253243,
      "isConstant": false,
      "max": 115353.705866,
      "min": 0.5,
      "name": "nSigP",
      "value": 76603.44549670455
    }
  },
  "fit_metadata": {
    "bin_index": 10,
    "fail_hist_uses_pass_hist": false,
    "fit_range": {
      "max": 120.0,
      "min": 60.0
    },
    "truth_fail_template_uses_pass_hist": false,
    "truth_template_source": "/eos/home-p/pelai/HZa/root_TnP//hza_resolve_phid_2022preEE_sf//DY_MC_LO_2022preEE_hza_resolve_phid_2022preEE_sf.root"
  },
  "fit_result": {
    "fail": {
      "covQual": -1,
      "edm": 1.8873145459241327,
      "floatParsFinal": [
        {
          "error": 0.022548945903754003,
          "isConstant": false,
          "max": 5.0,
          "min": -5.0,
          "name": "meanF",
          "value": 0.005411596980062328
        },
        {
          "error": 125.33486060939686,
          "isConstant": false,
          "max": 30342.067639,
          "min": 0.5,
          "name": "nSigF",
          "value": 20151.610952544343
        },
        {
          "error": 0.0058213757460731375,
          "isConstant": false,
          "max": 1.5000138078925778,
          "min": 0.4000036821046874,
          "name": "sigmaF",
          "value": 0.40000368766749694
        }
      ],
      "floatParsInit": [
        {
          "error": 0.0,
          "isConstant": false,
          "max": 5.0,
          "min": -5.0,
          "name": "meanF",
          "value": -0.0
        },
        {
          "error": 0.0,
          "isConstant": false,
          "max": 30342.067639,
          "min": 0.5,
          "name": "nSigF",
          "value": 18205.240583
        },
        {
          "error": 0.0,
          "isConstant": false,
          "max": 1.5000138078925778,
          "min": 0.4000036821046874,
          "name": "sigmaF",
          "value": 0.5000046026308592
        }
      ],
      "minNll": -121143.8018132569,
      "numInvalidNLL": 0,
      "status": 160
    },
    "fail_quality": "check",
    "pass": {
      "covQual": -1,
      "edm": 0.42015403811020136,
      "floatParsFinal": [
        {
          "error": 0.012286454321805529,
          "isConstant": false,
          "max": 5.0,
          "min": -5.0,
          "name": "meanP",
          "value": 0.00354504480088913
        },
        {
          "error": 250.17802472253243,
          "isConstant": false,
          "max": 115353.705866,
          "min": 0.5,
          "name": "nSigP",
          "value": 76603.44549670455
        },
        {
          "error": 0.004158413149150664,
          "isConstant": false,
          "max": 5.0,
          "min": 0.5,
          "name": "sigmaP",
          "value": 0.5000046026308592
        }
      ],
      "floatParsInit": [
        {
          "error": 0.0,
          "isConstant": false,
          "max": 5.0,
          "min": -5.0,
          "name": "meanP",
          "value": -0.0
        },
        {
          "error": 0.0,
          "isConstant": false,
          "max": 115353.705866,
          "min": 0.5,
          "name": "nSigP",
          "value": 69212.22352
        },
        {
          "error": 0.0,
          "isConstant": false,
          "max": 5.0,
          "min": 0.5,
          "name": "sigmaP",
          "value": 0.9
        }
      ],
      "minNll": -563654.0502345962,
      "numInvalidNLL": 0,
      "status": 160
    },
    "pass_quality": "check",
    "root_read_error": null
  },
  "fit_type": "nominalFit",
  "histograms": {
    "fail": {
      "entries": 19539.0,
      "fit_window": {
        "bin1": 11,
        "bin2": 70,
        "max": 120.0,
        "min": 60.0
      },
      "integral_fit_window": 20151.83436277795,
      "integral_fit_window_error": 160.78301333250107,
      "integral_full": 20228.04509251174,
      "integral_full_error": 161.0743668387082,
      "maximum_bin_center": 90.5,
      "maximum_bin_content": 2336.804644511545,
      "mean": 90.59129743366846,
      "rms": 5.384261974582302
    },
    "pass": {
      "entries": 77121.0,
      "fit_window": {
        "bin1": 11,
        "bin2": 70,
        "max": 120.0,
        "min": 60.0
      },
      "integral_fit_window": 76603.3464926976,
      "integral_fit_window_error": 306.1972057771576,
      "integral_full": 76902.47057735741,
      "integral_full_error": 306.7780243101572,
      "maximum_bin_center": 90.5,
      "maximum_bin_content": 8915.281760512577,
      "mean": 90.57623944507975,
      "rms": 5.332626504480405
    }
  },
  "sample": {
    "fitOutputBinRoot": "/eos/home-p/pelai/HZa/root_TnP//hza_resolve_phid_2022preEE_sf//DY_MC_LO_2022preEE_hza_resolve_phid_2022preEE_sf.nominalFit-bin10_ph_sc_eta_m2p50Tom2p00_ph_et_35p00To50p00.root",
    "fitOutputRoot": "/eos/home-p/pelai/HZa/root_TnP//hza_resolve_phid_2022preEE_sf//DY_MC_LO_2022preEE_hza_resolve_phid_2022preEE_sf.nominalFit.root",
    "histFile": "/eos/home-p/pelai/HZa/root_TnP//hza_resolve_phid_2022preEE_sf//DY_MC_LO_2022preEE_hza_resolve_phid_2022preEE_sf.root",
    "isMC": true,
    "mcRefHistFile": "/eos/home-p/pelai/HZa/root_TnP//hza_resolve_phid_2022preEE_sf//DY_MC_LO_2022preEE_hza_resolve_phid_2022preEE_sf.root",
    "mcTruth": true,
    "name": "DY_MC_LO_2022preEE"
  },
  "workspace": {
    "effective_parsed": [
      {
        "max": 5.0,
        "min": -5.0,
        "name": "meanP",
        "raw": "meanP[-0.0,-5.0,5.0]",
        "tokens": [
          "-0.0",
          "-5.0",
          "5.0"
        ],
        "value": -0.0
      },
      {
        "max": 5.0,
        "min": 0.5,
        "name": "sigmaP",
        "raw": "sigmaP[0.9,0.5,5.0]",
        "tokens": [
          "0.9",
          "0.5",
          "5.0"
        ],
        "value": 0.9
      },
      {
        "max": 5.0,
        "min": -5.0,
        "name": "meanF",
        "raw": "meanF[-0.0,-5.0,5.0]",
        "tokens": [
          "-0.0",
          "-5.0",
          "5.0"
        ],
        "value": -0.0
      },
      {
        "max": 5.0,
        "min": 0.5,
        "name": "sigmaF",
        "raw": "sigmaF[0.9,0.5,5.0]",
        "tokens": [
          "0.9",
          "0.5",
          "5.0"
        ],
        "value": 0.9
      },
      {
        "max": 80.0,
        "min": 50.0,
        "name": "acmsP",
        "raw": "acmsP[60.,50.,80.]",
        "tokens": [
          "60.",
          "50.",
          "80."
        ],
        "value": 60.0
      },
      {
        "max": 0.08,
        "min": 0.01,
        "name": "betaP",
        "raw": "betaP[0.05,0.01,0.08]",
        "tokens": [
          "0.05",
          "0.01",
          "0.08"
        ],
        "value": 0.05
      },
      {
        "max": 0.03,
        "min": -2.0,
        "name": "gammaP",
        "raw": "gammaP[0.1, -2, 0.03]",
        "tokens": [
          "0.1",
          "-2",
          "0.03"
        ],
        "value": 0.1
      },
      {
        "max": 90.0,
        "min": 82.0,
        "name": "peakP",
        "raw": "peakP[87.0,82.0,90.0]",
        "tokens": [
          "87.0",
          "82.0",
          "90.0"
        ],
        "value": 87.0
      },
      {
        "max": 80.0,
        "min": 50.0,
        "name": "acmsF",