{
  "bin": {
    "cut": "tag_Ele_pt > 35 && abs(tag_sc_eta) < 2.17 && ph_sc_eta >= -0.800000 && ph_sc_eta < 0.000000 && ph_et >= 35.000000 && ph_et < 50.000000",
    "index": 14,
    "name": "bin14_ph_sc_eta_m0p80To0p00_ph_et_35p00To50p00",
    "title": "; -0.800 < ph_sc_eta < 0.000; 35.000 < ph_et < 50.000",
    "vars": {
      "ph_et": {
        "max": 50,
        "min": 35
      },
      "ph_sc_eta": {
        "max": 0.0,
        "min": -0.8
      }
    }
  },
  "created_at_utc": "2026-04-20T05:53:49.470516+00:00",
  "derived": {
    "efficiency": 0.7922670260627359,
    "efficiency_error": 0.0005441177881213906,
    "nSigF": {
      "error": 271.71806000568176,
      "isConstant": false,
      "max": 139024.337675,
      "min": 0.5,
      "name": "nSigF",
      "value": 92472.4730624905
    },
    "nSigP": {
      "error": 534.4317329122277,
      "isConstant": false,
      "max": 530004.562224,
      "min": 0.5,
      "name": "nSigP",
      "value": 352678.19950438594
    }
  },
  "fit_metadata": {
    "bin_index": 14,
    "fail_hist_uses_pass_hist": false,
    "fit_range": {
      "max": 120.0,
      "min": 60.0
    },
    "truth_fail_template_uses_pass_hist": false,
    "truth_template_source": "/eos/home-p/pelai/HZa/root_TnP//hza_resolve_phid_2022preEE_sf//DY_MC_LO_2022preEE_hza_resolve_phid_2022preEE_sf.root"
  },
  "fit_result": {
    "fail": {
      "covQual": -1,
      "edm": 0.1961488423544139,
      "floatParsFinal": [
        {
          "error": 0.008857514308415748,
          "isConstant": false,
          "max": 5.0,
          "min": -5.0,
          "name": "meanF",
          "value": 0.0012383472372210491
        },
        {
          "error": 271.71806000568176,
          "isConstant": false,
          "max": 139024.337675,
          "min": 0.5,
          "name": "nSigF",
          "value": 92472.4730624905
        },
        {
          "error": 0.00233220769782172,
          "isConstant": false,
          "max": 1.500000010137462,
          "min": 0.4000000027033232,
          "name": "sigmaF",
          "value": 0.400000015214207
        }
      ],
      "floatParsInit": [
        {
          "error": 0.0,
          "isConstant": false,
          "max": 5.0,
          "min": -5.0,
          "name": "meanF",
          "value": -0.0
        },
        {
          "error": 0.0,
          "isConstant": false,
          "max": 139024.337675,
          "min": 0.5,
          "name": "nSigF",
          "value": 83414.602605
        },
        {
          "error": 0.0,
          "isConstant": false,
          "max": 1.500000010137462,
          "min": 0.4000000027033232,
          "name": "sigmaF",
          "value": 0.500000003379154
        }
      ],
      "minNll": -708680.7085735665,
      "numInvalidNLL": 0,
      "status": 160
    },
    "fail_quality": "check",
    "pass": {
      "covQual": -1,
      "edm": 0.26270262809349876,
      "floatParsFinal": [
        {
          "error": 0.004412473520056803,
          "isConstant": false,
          "max": 5.0,
          "min": -5.0,
          "name": "meanP",
          "value": -0.0008935554709132987
        },
        {
          "error": 534.4317329122277,
          "isConstant": false,
          "max": 530004.562224,
          "min": 0.5,
          "name": "nSigP",
          "value": 352678.19950438594
        },
        {
          "error": 0.0004016806900626335,
          "isConstant": false,
          "max": 5.0,
          "min": 0.5,
          "name": "sigmaP",
          "value": 0.500000003379154
        }
      ],
      "floatParsInit": [
        {
          "error": 0.0,
          "isConstant": false,
          "max": 5.0,
          "min": -5.0,
          "name": "meanP",
          "value": -0.0
        },
        {
          "error": 0.0,
          "isConstant": false,
          "max": 530004.562224,
          "min": 0.5,
          "name": "nSigP",
          "value": 318002.737335
        },
        {
          "error": 0.0,
          "isConstant": false,
          "max": 5.0,
          "min": 0.5,
          "name": "sigmaP",
          "value": 0.9
        }
      ],
      "minNll": -3195913.253147176,
      "numInvalidNLL": 0,
      "status": 160
    },
    "pass_quality": "check",
    "root_read_error": null
  },
  "fit_type": "nominalFit",
  "histograms": {
    "fail": {
      "entries": 90003.0,
      "fit_window": {
        "bin1": 11,
        "bin2": 70,
        "max": 120.0,
        "min": 60.0
      },
      "integral_fit_window": 92472.93800108088,
      "integral_fit_window_error": 340.326263214238,
      "integral_full": 92682.8917832671,
      "integral_full_error": 340.69898094156656,
      "maximum_bin_center": 90.5,
      "maximum_bin_content": 13880.522859036677,
      "mean": 90.52418303061624,
      "rms": 4.843538898673444
    },
    "pass": {
      "entries": 353877.0,
      "fit_window": {
        "bin1": 11,
        "bin2": 70,
        "max": 120.0,
        "min": 60.0
      },
      "integral_fit_window": 352677.5025859575,
      "integral_fit_window_error": 659.9135544586754,
      "integral_full": 353336.3748162553,
      "integral_full_error": 660.507652451548,
      "maximum_bin_center": 90.5,
      "maximum_bin_content": 56062.553810425714,
      "mean": 90.56107462100947,
      "rms": 4.555183986146774
    }
  },
  "sample": {
    "fitOutputBinRoot": "/eos/home-p/pelai/HZa/root_TnP//hza_resolve_phid_2022preEE_sf//DY_MC_LO_2022preEE_hza_resolve_phid_2022preEE_sf.nominalFit-bin14_ph_sc_eta_m0p80To0p00_ph_et_35p00To50p00.root",
    "fitOutputRoot": "/eos/home-p/pelai/HZa/root_TnP//hza_resolve_phid_2022preEE_sf//DY_MC_LO_2022preEE_hza_resolve_phid_2022preEE_sf.nominalFit.root",
    "histFile": "/eos/home-p/pelai/HZa/root_TnP//hza_resolve_phid_2022preEE_sf//DY_MC_LO_2022preEE_hza_resolve_phid_2022preEE_sf.root",
    "isMC": true,
    "mcRefHistFile": "/eos/home-p/pelai/HZa/root_TnP//hza_resolve_phid_2022preEE_sf//DY_MC_LO_2022preEE_hza_resolve_phid_2022preEE_sf.root",
    "mcTruth": true,
    "name": "DY_MC_LO_2022preEE"
  },
  "workspace": {
    "effective_parsed": [
      {
        "max": 5.0,
        "min": -5.0,
        "name": "meanP",
        "raw": "meanP[-0.0,-5.0,5.0]",
        "tokens": [
          "-0.0",
          "-5.0",
          "5.0"
        ],
        "value": -0.0
      },
      {
        "max": 5.0,
        "min": 0.5,
        "name": "sigmaP",
        "raw": "sigmaP[0.9,0.5,5.0]",
        "tokens": [
          "0.9",
          "0.5",
          "5.0"
        ],
        "value": 0.9
      },
      {
        "max": 5.0,
        "min": -5.0,
        "name": "meanF",
        "raw": "meanF[-0.0,-5.0,5.0]",
        "tokens": [
          "-0.0",
          "-5.0",
          "5.0"
        ],
        "value": -0.0
      },
      {
        "max": 5.0,
        "min": 0.5,
        "name": "sigmaF",
        "raw": "sigmaF[0.9,0.5,5.0]",
        "tokens": [
          "0.9",
          "0.5",
          "5.0"
        ],
        "value": 0.9
      },
      {
        "max": 80.0,
        "min": 50.0,
        "name": "acmsP",
        "raw": "acmsP[60.,50.,80.]",
        "tokens": [
          "60.",
          "50.",
          "80."
        ],
        "value": 60.0
      },
      {
        "max": 0.08,
        "min": 0.01,
        "name": "betaP",
        "raw": "betaP[0.05,0.01,0.08]",
        "tokens": [
          "0.05",
          "0.01",
          "0.08"
        ],
        "value": 0.05
      },
      {
        "max": 0.03,
        "min": -2.0,
        "name": "gammaP",
        "raw": "gammaP[0.1, -2, 0.03]",
        "tokens": [
          "0.1",
          "-2",
          "0.03"
        ],
        "value": 0.1
      },
      {
        "max": 90.0,
        "min": 82.0,
        "name": "peakP",
        "raw": "peakP[87.0,82.0,90.0]",
        "tokens": [
          "87.0",
          "82.0",
          "90.0"
        ],
        "value": 87.0
      },
      {
        "max": 80.0,
        "min": 50.0,
        "name": "acmsF",