{
  "bin": {
    "cut": "tag_Ele_pt > 35 && abs(tag_sc_eta) < 2.17 && ph_sc_eta >= -2.000000 && ph_sc_eta < -1.566000 && ph_et >= 35.000000 && ph_et < 50.000000",
    "index": 11,
    "name": "bin11_ph_sc_eta_m2p00Tom1p57_ph_et_35p00To50p00",
    "title": "; -2.000 < ph_sc_eta < -1.566; 35.000 < ph_et < 50.000",
    "vars": {
      "ph_et": {
        "max": 50,
        "min": 35
      },
      "ph_sc_eta": {
        "max": -1.566,
        "min": -2.0
      }
    }
  },
  "created_at_utc": "2026-04-19T16:19:05.287740+00:00",
  "derived": {
    "efficiency": 0.7494273689465861,
    "efficiency_error": 0.0010743636577555794,
    "nSigF": {
      "error": 161.8024573397579,
      "isConstant": false,
      "max": 49240.196531,
      "min": 0.5,
      "name": "nSigF",
      "value": 32757.70906622238
    },
    "nSigP": {
      "error": 282.8522491550393,
      "isConstant": false,
      "max": 147350.484137,
      "min": 0.5,
      "name": "nSigP",
      "value": 97973.68377787284
    }
  },
  "fit_metadata": {
    "bin_index": 11,
    "fail_hist_uses_pass_hist": false,
    "fit_range": {
      "max": 120.0,
      "min": 60.0
    },
    "truth_fail_template_uses_pass_hist": false,
    "truth_template_source": "/eos/home-p/pelai/HZa/root_TnP//hza_resolve_phid_2022preEE_sf//DY_MC_LO_2022preEE_hza_resolve_phid_2022preEE_sf.root"
  },
  "fit_result": {
    "fail": {
      "covQual": -1,
      "edm": 0.06918958616580426,
      "floatParsFinal": [
        {
          "error": 0.018324423356007813,
          "isConstant": false,
          "max": 5.0,
          "min": -5.0,
          "name": "meanF",
          "value": 0.0039419389478929645
        },
        {
          "error": 161.8024573397579,
          "isConstant": false,
          "max": 49240.196531,
          "min": 0.5,
          "name": "nSigF",
          "value": 32757.70906622238
        },
        {
          "error": 0.006466063433588298,
          "isConstant": false,
          "max": 1.5000047874190074,
          "min": 0.4000012766450687,
          "name": "sigmaF",
          "value": 0.40000127679538977
        }
      ],
      "floatParsInit": [
        {
          "error": 0.0,
          "isConstant": false,
          "max": 5.0,
          "min": -5.0,
          "name": "meanF",
          "value": -0.0
        },
        {
          "error": 0.0,
          "isConstant": false,
          "max": 49240.196531,
          "min": 0.5,
          "name": "nSigF",
          "value": 29544.117919
        },
        {
          "error": 0.0,
          "isConstant": false,
          "max": 1.5000047874190074,
          "min": 0.4000012766450687,
          "name": "sigmaF",
          "value": 0.5000015958063359
        }
      ],
      "minNll": -212886.72341234796,
      "numInvalidNLL": 0,
      "status": 160
    },
    "fail_quality": "check",
    "pass": {
      "covQual": -1,
      "edm": 0.029938746858356877,
      "floatParsFinal": [
        {
          "error": 0.010593542477280504,
          "isConstant": false,
          "max": 5.0,
          "min": -5.0,
          "name": "meanP",
          "value": 0.0011594689690443971
        },
        {
          "error": 282.8522491550393,
          "isConstant": false,
          "max": 147350.484137,
          "min": 0.5,
          "name": "nSigP",
          "value": 97973.68377787284
        },
        {
          "error": 0.0036120724005966887,
          "isConstant": false,
          "max": 5.0,
          "min": 0.5,
          "name": "sigmaP",
          "value": 0.5000015958063359
        }
      ],
      "floatParsInit": [
        {
          "error": 0.0,
          "isConstant": false,
          "max": 5.0,
          "min": -5.0,
          "name": "meanP",
          "value": -0.0
        },
        {
          "error": 0.0,
          "isConstant": false,
          "max": 147350.484137,
          "min": 0.5,
          "name": "nSigP",
          "value": 88410.290482
        },
        {
          "error": 0.0,
          "isConstant": false,
          "max": 5.0,
          "min": 0.5,
          "name": "sigmaP",
          "value": 0.9
        }
      ],
      "minNll": -748279.577152248,
      "numInvalidNLL": 0,
      "status": 160
    },
    "pass_quality": "check",
    "root_read_error": null
  },
  "fit_type": "nominalFit",
  "histograms": {
    "fail": {
      "entries": 31707.0,
      "fit_window": {
        "bin1": 11,
        "bin2": 70,
        "max": 120.0,
        "min": 60.0
      },
      "integral_fit_window": 32757.549819917305,
      "integral_fit_window_error": 202.4567430843727,
      "integral_full": 32826.797687623366,
      "integral_full_error": 202.65813879918977,
      "maximum_bin_center": 89.5,
      "maximum_bin_content": 3732.2724694137937,
      "mean": 89.72937831909564,
      "rms": 5.133883546772133
    },
    "pass": {
      "entries": 98733.0,
      "fit_window": {
        "bin1": 11,
        "bin2": 70,
        "max": 120.0,
        "min": 60.0
      },
      "integral_fit_window": 97968.86498516037,
      "integral_fit_window_error": 346.382940454497,
      "integral_full": 98233.65609116432,
      "integral_full_error": 346.84990702458714,
      "maximum_bin_center": 89.5,
      "maximum_bin_content": 11863.025588973489,
      "mean": 89.69701878346667,
      "rms": 5.025201738562868
    }
  },
  "sample": {
    "fitOutputBinRoot": "/eos/home-p/pelai/HZa/root_TnP//hza_resolve_phid_2022preEE_sf//DY_MC_LO_2022preEE_hza_resolve_phid_2022preEE_sf.nominalFit-bin11_ph_sc_eta_m2p00Tom1p57_ph_et_35p00To50p00.root",
    "fitOutputRoot": "/eos/home-p/pelai/HZa/root_TnP//hza_resolve_phid_2022preEE_sf//DY_MC_LO_2022preEE_hza_resolve_phid_2022preEE_sf.nominalFit.root",
    "histFile": "/eos/home-p/pelai/HZa/root_TnP//hza_resolve_phid_2022preEE_sf//DY_MC_LO_2022preEE_hza_resolve_phid_2022preEE_sf.root",
    "isMC": true,
    "mcRefHistFile": "/eos/home-p/pelai/HZa/root_TnP//hza_resolve_phid_2022preEE_sf//DY_MC_LO_2022preEE_hza_resolve_phid_2022preEE_sf.root",
    "mcTruth": true,
    "name": "DY_MC_LO_2022preEE"
  },
  "workspace": {
    "effective_parsed": [
      {
        "max": 5.0,
        "min": -5.0,
        "name": "meanP",
        "raw": "meanP[-0.0,-5.0,5.0]",
        "tokens": [
          "-0.0",
          "-5.0",
          "5.0"
        ],
        "value": -0.0
      },
      {
        "max": 5.0,
        "min": 0.5,
        "name": "sigmaP",
        "raw": "sigmaP[0.9,0.5,5.0]",
        "tokens": [
          "0.9",
          "0.5",
          "5.0"
        ],
        "value": 0.9
      },
      {
        "max": 5.0,
        "min": -5.0,
        "name": "meanF",
        "raw": "meanF[-0.0,-5.0,5.0]",
        "tokens": [
          "-0.0",
          "-5.0",
          "5.0"
        ],
        "value": -0.0
      },
      {
        "max": 5.0,
        "min": 0.5,
        "name": "sigmaF",
        "raw": "sigmaF[0.9,0.5,5.0]",
        "tokens": [
          "0.9",
          "0.5",
          "5.0"
        ],
        "value": 0.9
      },
      {
        "max": 80.0,
        "min": 50.0,
        "name": "acmsP",
        "raw": "acmsP[60.,50.,80.]",
        "tokens": [
          "60.",
          "50.",
          "80."
        ],
        "value": 60.0
      },
      {
        "max": 0.08,
        "min": 0.01,
        "name": "betaP",
        "raw": "betaP[0.05,0.01,0.08]",
        "tokens": [
          "0.05",
          "0.01",
          "0.08"
        ],
        "value": 0.05
      },
      {
        "max": 0.03,
        "min": -2.0,
        "name": "gammaP",
        "raw": "gammaP[0.1, -2, 0.03]",
        "tokens": [
          "0.1",
          "-2",
          "0.03"
        ],
        "value": 0.1
      },
      {
        "max": 90.0,
        "min": 82.0,
        "name": "peakP",
        "raw": "peakP[87.0,82.0,90.0]",
        "tokens": [
          "87.0",
          "82.0",
          "90.0"
        ],
        "value": 87.0
      },
      {
        "max": 80.0,
        "min": 50.0,
        "name": "acmsF",