{
  "bin": {
    "cut": "tag_Ele_pt > 35 && abs(tag_sc_eta) < 2.17 && ph_sc_eta >= 0.800000 && ph_sc_eta < 1.444200 && ph_et >= 35.000000 && ph_et < 50.000000",
    "index": 16,
    "name": "bin16_ph_sc_eta_0p80To1p44_ph_et_35p00To50p00",
    "title": "; 0.800 < ph_sc_eta < 1.444; 35.000 < ph_et < 50.000",
    "vars": {
      "ph_et": {
        "max": 50,
        "min": 35
      },
      "ph_sc_eta": {
        "max": 1.4442,
        "min": 0.8
      }
    }
  },
  "created_at_utc": "2026-04-20T05:53:51.545738+00:00",
  "derived": {
    "efficiency": 0.7817648395982184,
    "efficiency_error": 0.0006760158664987871,
    "nSigF": {
      "error": 227.05993851104358,
      "isConstant": false,
      "max": 97728.654942,
      "min": 0.5,
      "name": "nSigF",
      "value": 65001.19480332139
    },
    "nSigP": {
      "error": 435.5095918146544,
      "isConstant": false,
      "max": 349911.747389,
      "min": 0.5,
      "name": "nSigP",
      "value": 232848.12830140218
    }
  },
  "fit_metadata": {
    "bin_index": 16,
    "fail_hist_uses_pass_hist": false,
    "fit_range": {
      "max": 120.0,
      "min": 60.0
    },
    "truth_fail_template_uses_pass_hist": false,
    "truth_template_source": "/eos/home-p/pelai/HZa/root_TnP//hza_resolve_phid_2022preEE_sf//DY_MC_LO_2022preEE_hza_resolve_phid_2022preEE_sf.root"
  },
  "fit_result": {
    "fail": {
      "covQual": -1,
      "edm": 4.687489682684321,
      "floatParsFinal": [
        {
          "error": 0.012166657118660495,
          "isConstant": false,
          "max": 5.0,
          "min": -5.0,
          "name": "meanF",
          "value": 0.0012906287463776422
        },
        {
          "error": 227.05993851104358,
          "isConstant": false,
          "max": 97728.654942,
          "min": 0.5,
          "name": "nSigF",
          "value": 65001.19480332139
        },
        {
          "error": 0.0053694020718920155,
          "isConstant": false,
          "max": 1.500000048730479,
          "min": 0.40000001299479443,
          "name": "sigmaF",
          "value": 0.4000000144663923
        }
      ],
      "floatParsInit": [
        {
          "error": 0.0,
          "isConstant": false,
          "max": 5.0,
          "min": -5.0,
          "name": "meanF",
          "value": -0.0
        },
        {
          "error": 0.0,
          "isConstant": false,
          "max": 97728.654942,
          "min": 0.5,
          "name": "nSigF",
          "value": 58637.192965
        },
        {
          "error": 0.0,
          "isConstant": false,
          "max": 1.500000048730479,
          "min": 0.40000001299479443,
          "name": "sigmaF",
          "value": 0.500000016243493
        }
      ],
      "minNll": -470666.3249012988,
      "numInvalidNLL": 0,
      "status": 160
    },
    "fail_quality": "check",
    "pass": {
      "covQual": -1,
      "edm": 0.07923601401100396,
      "floatParsFinal": [
        {
          "error": 0.006336679865416528,
          "isConstant": false,
          "max": 5.0,
          "min": -5.0,
          "name": "meanP",
          "value": -0.001412509611066426
        },
        {
          "error": 435.5095918146544,
          "isConstant": false,
          "max": 349911.747389,
          "min": 0.5,
          "name": "nSigP",
          "value": 232848.12830140218
        },
        {
          "error": 0.001470123805442869,
          "isConstant": false,
          "max": 5.0,
          "min": 0.5,
          "name": "sigmaP",
          "value": 0.500000016243493
        }
      ],
      "floatParsInit": [
        {
          "error": 0.0,
          "isConstant": false,
          "max": 5.0,
          "min": -5.0,
          "name": "meanP",
          "value": -0.0
        },
        {
          "error": 0.0,
          "isConstant": false,
          "max": 349911.747389,
          "min": 0.5,
          "name": "nSigP",
          "value": 209947.048433
        },
        {
          "error": 0.0,
          "isConstant": false,
          "max": 5.0,
          "min": 0.5,
          "name": "sigmaP",
          "value": 0.9
        }
      ],
      "minNll": -1993923.2348991344,
      "numInvalidNLL": 0,
      "status": 160
    },
    "pass_quality": "check",
    "root_read_error": null
  },
  "fit_type": "nominalFit",
  "histograms": {
    "fail": {
      "entries": 63252.0,
      "fit_window": {
        "bin1": 11,
        "bin2": 70,
        "max": 120.0,
        "min": 60.0
      },
      "integral_fit_window": 65001.79904336212,
      "integral_fit_window_error": 286.27406159474833,
      "integral_full": 65152.436627745315,
      "integral_full_error": 286.6119985754569,
      "maximum_bin_center": 89.5,
      "maximum_bin_content": 8201.217619922012,
      "mean": 89.96894779973603,
      "rms": 4.979624550448464
    },
    "pass": {
      "entries": 233950.0,
      "fit_window": {
        "bin1": 11,
        "bin2": 70,
        "max": 120.0,
        "min": 60.0
      },
      "integral_fit_window": 232847.88479347972,
      "integral_fit_window_error": 534.6576087886791,
      "integral_full": 233274.49825923634,
      "integral_full_error": 535.1483521369256,
      "maximum_bin_center": 90.5,
      "maximum_bin_content": 30392.869027736844,
      "mean": 89.86424043188096,
      "rms": 4.686932002683123
    }
  },
  "sample": {
    "fitOutputBinRoot": "/eos/home-p/pelai/HZa/root_TnP//hza_resolve_phid_2022preEE_sf//DY_MC_LO_2022preEE_hza_resolve_phid_2022preEE_sf.nominalFit-bin16_ph_sc_eta_0p80To1p44_ph_et_35p00To50p00.root",
    "fitOutputRoot": "/eos/home-p/pelai/HZa/root_TnP//hza_resolve_phid_2022preEE_sf//DY_MC_LO_2022preEE_hza_resolve_phid_2022preEE_sf.nominalFit.root",
    "histFile": "/eos/home-p/pelai/HZa/root_TnP//hza_resolve_phid_2022preEE_sf//DY_MC_LO_2022preEE_hza_resolve_phid_2022preEE_sf.root",
    "isMC": true,
    "mcRefHistFile": "/eos/home-p/pelai/HZa/root_TnP//hza_resolve_phid_2022preEE_sf//DY_MC_LO_2022preEE_hza_resolve_phid_2022preEE_sf.root",
    "mcTruth": true,
    "name": "DY_MC_LO_2022preEE"
  },
  "workspace": {
    "effective_parsed": [
      {
        "max": 5.0,
        "min": -5.0,
        "name": "meanP",
        "raw": "meanP[-0.0,-5.0,5.0]",
        "tokens": [
          "-0.0",
          "-5.0",
          "5.0"
        ],
        "value": -0.0
      },
      {
        "max": 5.0,
        "min": 0.5,
        "name": "sigmaP",
        "raw": "sigmaP[0.9,0.5,5.0]",
        "tokens": [
          "0.9",
          "0.5",
          "5.0"
        ],
        "value": 0.9
      },
      {
        "max": 5.0,
        "min": -5.0,
        "name": "meanF",
        "raw": "meanF[-0.0,-5.0,5.0]",
        "tokens": [
          "-0.0",
          "-5.0",
          "5.0"
        ],
        "value": -0.0
      },
      {
        "max": 5.0,
        "min": 0.5,
        "name": "sigmaF",
        "raw": "sigmaF[0.9,0.5,5.0]",
        "tokens": [
          "0.9",
          "0.5",
          "5.0"
        ],
        "value": 0.9
      },
      {
        "max": 80.0,
        "min": 50.0,
        "name": "acmsP",
        "raw": "acmsP[60.,50.,80.]",
        "tokens": [
          "60.",
          "50.",
          "80."
        ],
        "value": 60.0
      },
      {
        "max": 0.08,
        "min": 0.01,
        "name": "betaP",
        "raw": "betaP[0.05,0.01,0.08]",
        "tokens": [
          "0.05",
          "0.01",
          "0.08"
        ],
        "value": 0.05
      },
      {
        "max": 0.03,
        "min": -2.0,
        "name": "gammaP",
        "raw": "gammaP[0.1, -2, 0.03]",
        "tokens": [
          "0.1",
          "-2",
          "0.03"
        ],
        "value": 0.1
      },
      {
        "max": 90.0,
        "min": 82.0,
        "name": "peakP",
        "raw": "peakP[87.0,82.0,90.0]",
        "tokens": [
          "87.0",
          "82.0",
          "90.0"
        ],
        "value": 87.0
      },
      {
        "max": 80.0,
        "min": 50.0,
        "name": "acmsF",