{
  "bin": {
    "cut": "tag_Ele_pt > 35 && abs(tag_sc_eta) < 2.17 && ph_sc_eta >= -1.444200 && ph_sc_eta < -0.800000 && ph_et >= 50.000000 && ph_et < 80.000000",
    "index": 23,
    "name": "bin23_ph_sc_eta_m1p44Tom0p80_ph_et_50p00To80p00",
    "title": "; -1.444 < ph_sc_eta < -0.800; 50.000 < ph_et < 80.000",
    "vars": {
      "ph_et": {
        "max": 80,
        "min": 50
      },
      "ph_sc_eta": {
        "max": -0.8,
        "min": -1.4442
      }
    }
  },
  "created_at_utc": "2026-04-21T16:57:44.437467+00:00",
  "derived": {
    "efficiency": 0.7824199630457578,
    "efficiency_error": 0.0018962960943470807,
    "nSigF": {
      "error": 81.61454620444692,
      "isConstant": false,
      "max": 12921.892358,
      "min": 0.5,
      "name": "nSigF",
      "value": 8284.883945816107
    },
    "nSigP": {
      "error": 154.9076956560075,
      "isConstant": false,
      "max": 46329.73859,
      "min": 0.5,
      "name": "nSigP",
      "value": 29792.52454161073
    }
  },
  "fit_metadata": {
    "bin_index": 23,
    "fail_hist_uses_pass_hist": false,
    "fit_range": {
      "max": 120.0,
      "min": 60.0
    },
    "truth_fail_template_uses_pass_hist": false,
    "truth_template_source": "/eos/home-p/pelai/HZa/root_TnP//hza_resolve_phid_2022preEE_sf//DY_MC_LO_2022preEE_hza_resolve_phid_2022preEE_sf.root"
  },
  "fit_result": {
    "fail": {
      "covQual": -1,
      "edm": 0.017419309367108178,
      "floatParsFinal": [
        {
          "error": 0.03258055161778639,
          "isConstant": false,
          "max": 5.0,
          "min": -5.0,
          "name": "meanF",
          "value": 0.009978164845843018
        },
        {
          "error": 81.61454620444692,
          "isConstant": false,
          "max": 12921.892358,
          "min": 0.5,
          "name": "nSigF",
          "value": 8284.883945816107
        },
        {
          "error": 0.009070333704664646,
          "isConstant": false,
          "max": 1.5000000010054064,
          "min": 0.4000000002681084,
          "name": "sigmaF",
          "value": 0.40000006708841856
        }
      ],
      "floatParsInit": [
        {
          "error": 0.0,
          "isConstant": false,
          "max": 5.0,
          "min": -5.0,
          "name": "meanF",
          "value": -0.0
        },
        {
          "error": 0.0,
          "isConstant": false,
          "max": 12921.892358,
          "min": 0.5,
          "name": "nSigF",
          "value": 7753.135415
        },
        {
          "error": 0.0,
          "isConstant": false,
          "max": 1.5000000010054064,
          "min": 0.4000000002681084,
          "name": "sigmaF",
          "value": 0.5000000003351355
        }
      ],
      "minNll": -40523.87829178648,
      "numInvalidNLL": 0,
      "status": 160
    },
    "fail_quality": "check",
    "pass": {
      "covQual": -1,
      "edm": 0.5387333288501536,
      "floatParsFinal": [
        {
          "error": 0.018117039543481983,
          "isConstant": false,
          "max": 5.0,
          "min": -5.0,
          "name": "meanP",
          "value": 0.013278243811009283
        },
        {
          "error": 154.9076956560075,
          "isConstant": false,
          "max": 46329.73859,
          "min": 0.5,
          "name": "nSigP",
          "value": 29792.52454161073
        },
        {
          "error": 0.00722469081820637,
          "isConstant": false,
          "max": 5.0,
          "min": 0.5,
          "name": "sigmaP",
          "value": 0.5000000003351355
        }
      ],
      "floatParsInit": [
        {
          "error": 0.0,
          "isConstant": false,
          "max": 5.0,
          "min": -5.0,
          "name": "meanP",
          "value": -0.0
        },
        {
          "error": 0.0,
          "isConstant": false,
          "max": 46329.73859,
          "min": 0.5,
          "name": "nSigP",
          "value": 27797.843154
        },
        {
          "error": 0.0,
          "isConstant": false,
          "max": 5.0,
          "min": 0.5,
          "name": "sigmaP",
          "value": 0.9
        }
      ],
      "minNll": -184927.2434388593,
      "numInvalidNLL": 0,
      "status": 160
    },
    "pass_quality": "check",
    "root_read_error": null
  },
  "fit_type": "nominalFit",
  "histograms": {
    "fail": {
      "entries": 8412.0,
      "fit_window": {
        "bin1": 11,
        "bin2": 70,
        "max": 120.0,
        "min": 60.0
      },
      "integral_fit_window": 8285.0204348458,
      "integral_fit_window_error": 101.51412136263485,
      "integral_full": 8614.594905493308,
      "integral_full_error": 103.55637116335362,
      "maximum_bin_center": 90.5,
      "maximum_bin_content": 979.3548936903424,
      "mean": 94.95439083715641,
      "rms": 9.490327020336984
    },
    "pass": {
      "entries": 31084.0,
      "fit_window": {
        "bin1": 11,
        "bin2": 70,
        "max": 120.0,
        "min": 60.0
      },
      "integral_fit_window": 29793.022848104527,
      "integral_fit_window_error": 192.3258965421791,
      "integral_full": 30886.49239321014,
      "integral_full_error": 195.78817531633464,
      "maximum_bin_center": 90.5,
      "maximum_bin_content": 3621.911686123888,
      "mean": 94.82527343288707,
      "rms": 9.249242298702066
    }
  },
  "sample": {
    "fitOutputBinRoot": "/eos/home-p/pelai/HZa/root_TnP//hza_resolve_phid_2022preEE_sf//DY_MC_LO_2022preEE_hza_resolve_phid_2022preEE_sf.nominalFit-bin23_ph_sc_eta_m1p44Tom0p80_ph_et_50p00To80p00.root",
    "fitOutputRoot": "/eos/home-p/pelai/HZa/root_TnP//hza_resolve_phid_2022preEE_sf//DY_MC_LO_2022preEE_hza_resolve_phid_2022preEE_sf.nominalFit.root",
    "histFile": "/eos/home-p/pelai/HZa/root_TnP//hza_resolve_phid_2022preEE_sf//DY_MC_LO_2022preEE_hza_resolve_phid_2022preEE_sf.root",
    "isMC": true,
    "mcRefHistFile": "/eos/home-p/pelai/HZa/root_TnP//hza_resolve_phid_2022preEE_sf//DY_MC_LO_2022preEE_hza_resolve_phid_2022preEE_sf.root",
    "mcTruth": true,
    "name": "DY_MC_LO_2022preEE"
  },
  "workspace": {
    "effective_parsed": [
      {
        "max": 5.0,
        "min": -5.0,
        "name": "meanP",
        "raw": "meanP[-0.0,-5.0,5.0]",
        "tokens": [
          "-0.0",
          "-5.0",
          "5.0"
        ],
        "value": -0.0
      },
      {
        "max": 5.0,
        "min": 0.5,
        "name": "sigmaP",
        "raw": "sigmaP[0.9,0.5,5.0]",
        "tokens": [
          "0.9",
          "0.5",
          "5.0"
        ],
        "value": 0.9
      },
      {
        "max": 5.0,
        "min": -5.0,
        "name": "meanF",
        "raw": "meanF[-0.0,-5.0,5.0]",
        "tokens": [
          "-0.0",
          "-5.0",
          "5.0"
        ],
        "value": -0.0
      },
      {
        "max": 5.0,
        "min": 0.5,
        "name": "sigmaF",
        "raw": "sigmaF[0.9,0.5,5.0]",
        "tokens": [
          "0.9",
          "0.5",
          "5.0"
        ],
        "value": 0.9
      },
      {
        "max": 80.0,
        "min": 50.0,
        "name": "acmsP",
        "raw": "acmsP[60.,50.,80.]",
        "tokens": [
          "60.",
          "50.",
          "80."
        ],
        "value": 60.0
      },
      {
        "max": 0.08,
        "min": 0.01,
        "name": "betaP",
        "raw": "betaP[0.05,0.01,0.08]",
        "tokens": [
          "0.05",
          "0.01",
          "0.08"
        ],
        "value": 0.05
      },
      {
        "max": 0.03,
        "min": -2.0,
        "name": "gammaP",
        "raw": "gammaP[0.1, -2, 0.03]",
        "tokens": [
          "0.1",
          "-2",
          "0.03"
        ],
        "value": 0.1
      },
      {
        "max": 90.0,
        "min": 82.0,
        "name": "peakP",
        "raw": "peakP[87.0,82.0,90.0]",
        "tokens": [
          "87.0",
          "82.0",
          "90.0"
        ],
        "value": 87.0
      },
      {
        "max": 80.0,
        "min": 50.0,
        "name": "acmsF",