{
  "bin": {
    "cut": "tag_Ele_pt > 40 && abs(tag_sc_eta) < 2.17 && (tag_Ele_q + el_q) == 0 && el_sc_eta >= -1.566000 && el_sc_eta < -1.444200 && el_et >= 35.000000 && el_et < 100.000000",
    "index": 4,
    "name": "bin04_el_sc_eta_m1p57Tom1p44_el_et_35p00To100p00",
    "title": "; -1.566 < el_sc_eta < -1.444; 35.000 < el_et < 100.000",
    "vars": {
      "el_et": {
        "max": 100,
        "min": 35
      },
      "el_sc_eta": {
        "max": -1.4442,
        "min": -1.566
      }
    }
  },
  "created_at_utc": "2026-04-22T06:46:30.529244+00:00",
  "derived": {
    "efficiency": 0.9647125771232729,
    "efficiency_error": 0.0003886992806202683,
    "nSigF": {
      "error": 55.5738495363139,
      "isConstant": false,
      "max": 7495.048927,
      "min": 0.5,
      "name": "nSigF",
      "value": 4955.744906656299
    },
    "nSigP": {
      "error": 291.2063360655011,
      "isConstant": false,
      "max": 204983.954432,
      "min": 0.5,
      "name": "nSigP",
      "value": 135483.66672078564
    }
  },
  "fit_metadata": {
    "bin_index": 4,
    "fail_hist_uses_pass_hist": false,
    "fit_range": {
      "max": 120.0,
      "min": 60.0
    },
    "truth_fail_template_uses_pass_hist": false,
    "truth_template_source": "/eos/home-p/pelai/HZa/root_TnP//hza_elid_gap_2024_sf//DY_MC_LO_2024_hza_elid_gap_2024_sf.root"
  },
  "fit_result": {
    "fail": {
      "covQual": -1,
      "edm": 0.10738460731842255,
      "floatParsFinal": [
        {
          "error": 0.043480258602213606,
          "isConstant": false,
          "max": 5.0,
          "min": -5.0,
          "name": "meanF",
          "value": 0.007624397170862274
        },
        {
          "error": 55.5738495363139,
          "isConstant": false,
          "max": 7495.048927,
          "min": 0.5,
          "name": "nSigF",
          "value": 4955.744906656299
        },
        {
          "error": 0.00855726901337242,
          "isConstant": false,
          "max": 1.50000000922459,
          "min": 0.4000000024598907,
          "name": "sigmaF",
          "value": 0.40000000247937567
        }
      ],
      "floatParsInit": [
        {
          "error": 0.0,
          "isConstant": false,
          "max": 5.0,
          "min": -5.0,
          "name": "meanF",
          "value": -0.0
        },
        {
          "error": 0.0,
          "isConstant": false,
          "max": 7495.048927,
          "min": 0.5,
          "name": "nSigF",
          "value": 4497.029356
        },
        {
          "error": 0.0,
          "isConstant": false,
          "max": 1.50000000922459,
          "min": 0.4000000024598907,
          "name": "sigmaF",
          "value": 0.5000000030748634
        }
      ],
      "minNll": -21691.642796015716,
      "numInvalidNLL": 0,
      "status": 160
    },
    "fail_quality": "check",
    "pass": {
      "covQual": -1,
      "edm": 9.574456468469044e-05,
      "floatParsFinal": [
        {
          "error": 0.009444122937400934,
          "isConstant": false,
          "max": 5.0,
          "min": -5.0,
          "name": "meanP",
          "value": 0.00405229618114511
        },
        {
          "error": 291.2063360655011,
          "isConstant": false,
          "max": 204983.954432,
          "min": 0.5,
          "name": "nSigP",
          "value": 135483.66672078564
        },
        {
          "error": 0.003228728578559381,
          "isConstant": false,
          "max": 5.0,
          "min": 0.5,
          "name": "sigmaP",
          "value": 0.5000000030748634
        }
      ],
      "floatParsInit": [
        {
          "error": 0.0,
          "isConstant": false,
          "max": 5.0,
          "min": -5.0,
          "name": "meanP",
          "value": -0.0
        },
        {
          "error": 0.0,
          "isConstant": false,
          "max": 204983.954432,
          "min": 0.5,
          "name": "nSigP",
          "value": 122990.372659
        },
        {
          "error": 0.0,
          "isConstant": false,
          "max": 5.0,
          "min": 0.5,
          "name": "sigmaP",
          "value": 0.9
        }
      ],
      "minNll": -1052119.7543205554,
      "numInvalidNLL": 0,
      "status": 160
    },
    "pass_quality": "check",
    "root_read_error": null
  },
  "fit_type": "nominalFit",
  "histograms": {
    "fail": {
      "entries": 4425.0,
      "fit_window": {
        "bin1": 11,
        "bin2": 70,
        "max": 120.0,
        "min": 60.0
      },
      "integral_fit_window": 4956.092280124642,
      "integral_fit_window_error": 89.1760359573707,
      "integral_full": 4996.6992849498665,
      "integral_full_error": 89.54307600398192,
      "maximum_bin_center": 90.5,
      "maximum_bin_content": 458.03851070548336,
      "mean": 90.92234921760523,
      "rms": 6.951206938482952
    },
    "pass": {
      "entries": 120861.0,
      "fit_window": {
        "bin1": 11,
        "bin2": 70,
        "max": 120.0,
        "min": 60.0
      },
      "integral_fit_window": 135484.15541421398,
      "integral_fit_window_error": 465.2473045923826,
      "integral_full": 136655.9696211218,
      "integral_full_error": 467.25134880119253,
      "maximum_bin_center": 91.5,
      "maximum_bin_content": 13633.109937231493,
      "mean": 91.30369433266304,
      "rms": 6.538630621664675
    }
  },
  "sample": {
    "fitOutputBinRoot": "/eos/home-p/pelai/HZa/root_TnP//hza_elid_gap_2024_sf//DY_MC_LO_2024_hza_elid_gap_2024_sf.nominalFit-bin04_el_sc_eta_m1p57Tom1p44_el_et_35p00To100p00.root",
    "fitOutputRoot": "/eos/home-p/pelai/HZa/root_TnP//hza_elid_gap_2024_sf//DY_MC_LO_2024_hza_elid_gap_2024_sf.nominalFit.root",
    "histFile": "/eos/home-p/pelai/HZa/root_TnP//hza_elid_gap_2024_sf//DY_MC_LO_2024_hza_elid_gap_2024_sf.root",
    "isMC": true,
    "mcRefHistFile": "/eos/home-p/pelai/HZa/root_TnP//hza_elid_gap_2024_sf//DY_MC_LO_2024_hza_elid_gap_2024_sf.root",
    "mcTruth": true,
    "name": "DY_MC_LO_2024"
  },
  "workspace": {
    "effective_parsed": [
      {
        "max": 5.0,
        "min": -5.0,
        "name": "meanP",
        "raw": "meanP[-0.0,-5.0,5.0]",
        "tokens": [
          "-0.0",
          "-5.0",
          "5.0"
        ],
        "value": -0.0
      },
      {
        "max": 5.0,
        "min": 0.5,
        "name": "sigmaP",
        "raw": "sigmaP[0.9,0.5,5.0]",
        "tokens": [
          "0.9",
          "0.5",
          "5.0"
        ],
        "value": 0.9
      },
      {
        "max": 5.0,
        "min": -5.0,
        "name": "meanF",
        "raw": "meanF[-0.0,-5.0,5.0]",
        "tokens": [
          "-0.0",
          "-5.0",
          "5.0"
        ],
        "value": -0.0
      },
      {
        "max": 5.0,
        "min": 0.5,
        "name": "sigmaF",
        "raw": "sigmaF[0.9,0.5,5.0]",
        "tokens": [
          "0.9",
          "0.5",
          "5.0"
        ],
        "value": 0.9
      },
      {
        "max": 90.0,
        "min": 45.0,
        "name": "acmsP",
        "raw": "acmsP[65.,45.,90.]",
        "tokens": [
          "65.",
          "45.",
          "90."
        ],
        "value": 65.0
      },
      {
        "max": 0.1,
        "min": 0.005,
        "name": "betaP",
        "raw": "betaP[0.05,0.005,0.10]",
        "tokens": [
          "0.05",
          "0.005",
          "0.10"
        ],
        "value": 0.05
      },
      {
        "max": 2.0,
        "min": -2.0,
        "name": "gammaP",
        "raw": "gammaP[0.1, -2, 2]",
        "tokens": [
          "0.1",
          "-2",
          "2"
        ],
        "value": 0.1
      },
      {
        "max": 90.0,
        "min": 82.0,
        "name": "peakP",
        "raw": "peakP[87.0,82.0,90.0]",
        "tokens": [
          "87.0",
          "82.0",
          "90.0"
        ],
        "value": 87.0
      },
      {
        "max": 90.0,
        "min": 45.0,
        "name": "acmsF",
        "raw": "acmsF[65.,45.,90.]",
        "tokens": [
          "65.",
          "45.",
          "90."
        ],