{
  "bin": {
    "cut": "tag_Ele_pt > 40 && abs(tag_sc_eta) < 2.17 && (tag_Ele_q + el_q) == 0 && el_sc_eta >= 1.444200 && el_sc_eta < 1.566000 && el_et >= 12.000000 && el_et < 35.000000",
    "index": 7,
    "name": "bin07_el_sc_eta_1p44To1p57_el_et_12p00To35p00",
    "title": "; 1.444 < el_sc_eta < 1.566; 12.000 < el_et < 35.000",
    "vars": {
      "el_et": {
        "max": 35,
        "min": 12
      },
      "el_sc_eta": {
        "max": 1.566,
        "min": 1.4442
      }
    }
  },
  "created_at_utc": "2026-04-19T14:56:40.130891+00:00",
  "derived": {
    "efficiency": 0.927570526944505,
    "efficiency_error": 0.0008126547657069361,
    "nSigF": {
      "error": 53.828932269755114,
      "isConstant": false,
      "max": 7970.424985,
      "min": 0.5,
      "name": "nSigF",
      "value": 4620.162069090404
    },
    "nSigP": {
      "error": 192.38054857933093,
      "isConstant": false,
      "max": 92279.172885,
      "min": 0.5,
      "name": "nSigP",
      "value": 59168.26374964315
    }
  },
  "fit_metadata": {
    "bin_index": 7,
    "fail_hist_uses_pass_hist": false,
    "fit_range": {
      "max": 120.0,
      "min": 60.0
    },
    "truth_fail_template_uses_pass_hist": false,
    "truth_template_source": "/eos/home-p/pelai/HZa/root_TnP//hza_elid_gap_2024_sf//DY_MC_LO_2024_hza_elid_gap_2024_sf.root"
  },
  "fit_result": {
    "fail": {
      "covQual": -1,
      "edm": 0.09790379460167102,
      "floatParsFinal": [
        {
          "error": 0.05612599465964241,
          "isConstant": false,
          "max": 5.0,
          "min": -5.0,
          "name": "meanF",
          "value": -0.01192098984431933
        },
        {
          "error": 53.828932269755114,
          "isConstant": false,
          "max": 7970.424985,
          "min": 0.5,
          "name": "nSigF",
          "value": 4620.162069090404
        },
        {
          "error": 0.007212460541616006,
          "isConstant": false,
          "max": 1.5000002662221288,
          "min": 0.4000000709925677,
          "name": "sigmaF",
          "value": 0.4000001395754967
        }
      ],
      "floatParsInit": [
        {
          "error": 0.0,
          "isConstant": false,
          "max": 5.0,
          "min": -5.0,
          "name": "meanF",
          "value": -0.0
        },
        {
          "error": 0.0,
          "isConstant": false,
          "max": 7970.424985,
          "min": 0.5,
          "name": "nSigF",
          "value": 4782.254991
        },
        {
          "error": 0.0,
          "isConstant": false,
          "max": 1.5000002662221288,
          "min": 0.4000000709925677,
          "name": "sigmaF",
          "value": 0.5000000887407096
        }
      ],
      "minNll": -17344.506813059874,
      "numInvalidNLL": 0,
      "status": 160
    },
    "fail_quality": "check",
    "pass": {
      "covQual": -1,
      "edm": 0.2265444330939526,
      "floatParsFinal": [
        {
          "error": 0.021505056165748826,
          "isConstant": false,
          "max": 5.0,
          "min": -5.0,
          "name": "meanP",
          "value": -0.009432122952563127
        },
        {
          "error": 192.38054857933093,
          "isConstant": false,
          "max": 92279.172885,
          "min": 0.5,
          "name": "nSigP",
          "value": 59168.26374964315
        },
        {
          "error": 0.005650776977873695,
          "isConstant": false,
          "max": 5.0,
          "min": 0.5,
          "name": "sigmaP",
          "value": 0.5000000887407096
        }
      ],
      "floatParsInit": [
        {
          "error": 0.0,
          "isConstant": false,
          "max": 5.0,
          "min": -5.0,
          "name": "meanP",
          "value": -0.0
        },
        {
          "error": 0.0,
          "isConstant": false,
          "max": 92279.172885,
          "min": 0.5,
          "name": "nSigP",
          "value": 55367.503731
        },
        {
          "error": 0.0,
          "isConstant": false,
          "max": 5.0,
          "min": 0.5,
          "name": "sigmaP",
          "value": 0.9
        }
      ],
      "minNll": -382605.0844901217,
      "numInvalidNLL": 0,
      "status": 160
    },
    "pass_quality": "check",
    "root_read_error": null
  },
  "fit_type": "nominalFit",
  "histograms": {
    "fail": {
      "entries": 4750.0,
      "fit_window": {
        "bin1": 11,
        "bin2": 70,
        "max": 120.0,
        "min": 60.0
      },
      "integral_fit_window": 4620.834734455144,
      "integral_fit_window_error": 85.83668710359419,
      "integral_full": 5313.616656851778,
      "integral_full_error": 91.93753963549293,
      "maximum_bin_center": 87.5,
      "maximum_bin_content": 187.64166799673643,
      "mean": 76.69111634410979,
      "rms": 12.803343154113763
    },
    "pass": {
      "entries": 54263.0,
      "fit_window": {
        "bin1": 11,
        "bin2": 70,
        "max": 120.0,
        "min": 60.0
      },
      "integral_fit_window": 59168.264616396504,
      "integral_fit_window_error": 307.56062729232286,
      "integral_full": 61519.448590032975,
      "integral_full_error": 313.62258201600815,
      "maximum_bin_center": 89.5,
      "maximum_bin_content": 3558.174825001948,
      "mean": 82.97895589616994,
      "rms": 10.248988309618417
    }
  },
  "sample": {
    "fitOutputBinRoot": "/eos/home-p/pelai/HZa/root_TnP//hza_elid_gap_2024_sf//DY_MC_LO_2024_hza_elid_gap_2024_sf.nominalFit-bin07_el_sc_eta_1p44To1p57_el_et_12p00To35p00.root",
    "fitOutputRoot": "/eos/home-p/pelai/HZa/root_TnP//hza_elid_gap_2024_sf//DY_MC_LO_2024_hza_elid_gap_2024_sf.nominalFit.root",
    "histFile": "/eos/home-p/pelai/HZa/root_TnP//hza_elid_gap_2024_sf//DY_MC_LO_2024_hza_elid_gap_2024_sf.root",
    "isMC": true,
    "mcRefHistFile": "/eos/home-p/pelai/HZa/root_TnP//hza_elid_gap_2024_sf//DY_MC_LO_2024_hza_elid_gap_2024_sf.root",
    "mcTruth": true,
    "name": "DY_MC_LO_2024"
  },
  "workspace": {
    "effective_parsed": [
      {
        "max": 5.0,
        "min": -5.0,
        "name": "meanP",
        "raw": "meanP[-0.0,-5.0,5.0]",
        "tokens": [
          "-0.0",
          "-5.0",
          "5.0"
        ],
        "value": -0.0
      },
      {
        "max": 5.0,
        "min": 0.5,
        "name": "sigmaP",
        "raw": "sigmaP[0.9,0.5,5.0]",
        "tokens": [
          "0.9",
          "0.5",
          "5.0"
        ],
        "value": 0.9
      },
      {
        "max": 5.0,
        "min": -5.0,
        "name": "meanF",
        "raw": "meanF[-0.0,-5.0,5.0]",
        "tokens": [
          "-0.0",
          "-5.0",
          "5.0"
        ],
        "value": -0.0
      },
      {
        "max": 5.0,
        "min": 0.5,
        "name": "sigmaF",
        "raw": "sigmaF[0.9,0.5,5.0]",
        "tokens": [
          "0.9",
          "0.5",
          "5.0"
        ],
        "value": 0.9
      },
      {
        "max": 80.0,
        "min": 50.0,
        "name": "acmsP",
        "raw": "acmsP[60.,50.,80.]",
        "tokens": [
          "60.",
          "50.",
          "80."
        ],
        "value": 60.0
      },
      {
        "max": 0.08,
        "min": 0.01,
        "name": "betaP",
        "raw": "betaP[0.05,0.01,0.08]",
        "tokens": [
          "0.05",
          "0.01",
          "0.08"
        ],
        "value": 0.05
      },
      {
        "max": 2.0,
        "min": -2.0,
        "name": "gammaP",
        "raw": "gammaP[0.1, -2, 2]",
        "tokens": [
          "0.1",
          "-2",
          "2"
        ],
        "value": 0.1
      },
      {
        "max": 90.0,
        "min": 82.0,
        "name": "peakP",
        "raw": "peakP[87.0,82.0,90.0]",
        "tokens": [
          "87.0",
          "82.0",
          "90.0"
        ],
        "value": 87.0
      },
      {
        "max": 80.0,
        "min": 50.0,
        "name": "acmsF",
        "raw": "acmsF[60.,50.,80.]",
        "tokens": [
          "60.",
          "50.",
          "80."
        ],