{
  "bin": {
    "cut": "tag_Ele_pt > 40 && abs(tag_sc_eta) < 2.17 && (tag_Ele_q + el_q) == 0 && el_sc_eta >= 0.000000 && el_sc_eta < 1.444200 && el_et >= 7.000000 && el_et < 35.000000",
    "index": 2,
    "name": "bin02_el_sc_eta_0p00To1p44_el_et_7p00To35p00",
    "title": "; 0.000 < el_sc_eta < 1.444; 7.000 < el_et < 35.000",
    "vars": {
      "el_et": {
        "max": 35,
        "min": 7
      },
      "el_sc_eta": {
        "max": 1.4442,
        "min": 0.0
      }
    }
  },
  "created_at_utc": "2026-04-21T16:06:41.719602+00:00",
  "derived": {
    "efficiency": 0.9338574052917817,
    "efficiency_error": 0.00017935757036650064,
    "nSigF": {
      "error": 222.61521158948017,
      "isConstant": false,
      "max": 127206.86742,
      "min": 0.5,
      "name": "nSigF",
      "value": 79339.66102574665
    },
    "nSigP": {
      "error": 837.4589404738508,
      "isConstant": false,
      "max": 1709735.851478,
      "min": 0.5,
      "name": "nSigP",
      "value": 1120184.8114529352
    }
  },
  "fit_metadata": {
    "bin_index": 2,
    "fail_hist_uses_pass_hist": false,
    "fit_range": {
      "max": 120.0,
      "min": 60.0
    },
    "truth_fail_template_uses_pass_hist": false,
    "truth_template_source": "/eos/home-p/pelai/HZa/root_TnP//hza_elid_gap_2024_sf//DY_MC_LO_2024_hza_elid_gap_2024_sf.root"
  },
  "fit_result": {
    "fail": {
      "covQual": -1,
      "edm": 0.017710500048486396,
      "floatParsFinal": [
        {
          "error": 0.015192199578426546,
          "isConstant": false,
          "max": 5.0,
          "min": -5.0,
          "name": "meanF",
          "value": -0.004492296031911813
        },
        {
          "error": 222.61521158948017,
          "isConstant": false,
          "max": 127206.86742,
          "min": 0.5,
          "name": "nSigF",
          "value": 79339.66102574665
        },
        {
          "error": 0.005064349371955101,
          "isConstant": false,
          "max": 1.500000157856673,
          "min": 0.40000004209511286,
          "name": "sigmaF",
          "value": 0.40000005690427026
        }
      ],
      "floatParsInit": [
        {
          "error": 0.0,
          "isConstant": false,
          "max": 5.0,
          "min": -5.0,
          "name": "meanF",
          "value": -0.0
        },
        {
          "error": 0.0,
          "isConstant": false,
          "max": 127206.86742,
          "min": 0.5,
          "name": "nSigF",
          "value": 76324.120452
        },
        {
          "error": 0.0,
          "isConstant": false,
          "max": 1.500000157856673,
          "min": 0.40000004209511286,
          "name": "sigmaF",
          "value": 0.500000052618891
        }
      ],
      "minNll": -537903.4459655328,
      "numInvalidNLL": 0,
      "status": 160
    },
    "fail_quality": "check",
    "pass": {
      "covQual": -1,
      "edm": 0.08674392773980713,
      "floatParsFinal": [
        {
          "error": 0.002858598300873094,
          "isConstant": false,
          "max": 5.0,
          "min": -5.0,
          "name": "meanP",
          "value": -0.007249427770005035
        },
        {
          "error": 837.4589404738508,
          "isConstant": false,
          "max": 1709735.851478,
          "min": 0.5,
          "name": "nSigP",
          "value": 1120184.8114529352
        },
        {
          "error": 0.000286728909558831,
          "isConstant": false,
          "max": 5.0,
          "min": 0.5,
          "name": "sigmaP",
          "value": 0.500000052618891
        }
      ],
      "floatParsInit": [
        {
          "error": 0.0,
          "isConstant": false,
          "max": 5.0,
          "min": -5.0,
          "name": "meanP",
          "value": -0.0
        },
        {
          "error": 0.0,
          "isConstant": false,
          "max": 1709735.851478,
          "min": 0.5,
          "name": "nSigP",
          "value": 1025841.510887
        },
        {
          "error": 0.0,
          "isConstant": false,
          "max": 5.0,
          "min": 0.5,
          "name": "sigmaP",
          "value": 0.9
        }
      ],
      "minNll": -10989802.235121341,
      "numInvalidNLL": 0,
      "status": 160
    },
    "pass_quality": "check",
    "root_read_error": null
  },
  "fit_type": "nominalFit",
  "histograms": {
    "fail": {
      "entries": 75027.0,
      "fit_window": {
        "bin1": 11,
        "bin2": 70,
        "max": 120.0,
        "min": 60.0
      },
      "integral_fit_window": 79339.40902599835,
      "integral_fit_window_error": 356.4002818858633,
      "integral_full": 84804.57828013318,
      "integral_full_error": 368.3972228909204,
      "maximum_bin_center": 90.5,
      "maximum_bin_content": 6055.062568842031,
      "mean": 83.1252371641758,
      "rms": 11.715186612305121
    },
    "pass": {
      "entries": 1010903.0,
      "fit_window": {
        "bin1": 11,
        "bin2": 70,
        "max": 120.0,
        "min": 60.0
      },
      "integral_fit_window": 1120178.7617376202,
      "integral_fit_window_error": 1337.6018097557503,
      "integral_full": 1139823.9009852207,
      "integral_full_error": 1349.3164169452489,
      "maximum_bin_center": 90.5,
      "maximum_bin_content": 131330.63604266688,
      "mean": 87.60463629255382,
      "rms": 8.04511409909646
    }
  },
  "sample": {
    "fitOutputBinRoot": "/eos/home-p/pelai/HZa/root_TnP//hza_elid_gap_2024_sf//DY_MC_LO_2024_hza_elid_gap_2024_sf.nominalFit-bin02_el_sc_eta_0p00To1p44_el_et_7p00To35p00.root",
    "fitOutputRoot": "/eos/home-p/pelai/HZa/root_TnP//hza_elid_gap_2024_sf//DY_MC_LO_2024_hza_elid_gap_2024_sf.nominalFit.root",
    "histFile": "/eos/home-p/pelai/HZa/root_TnP//hza_elid_gap_2024_sf//DY_MC_LO_2024_hza_elid_gap_2024_sf.root",
    "isMC": true,
    "mcRefHistFile": "/eos/home-p/pelai/HZa/root_TnP//hza_elid_gap_2024_sf//DY_MC_LO_2024_hza_elid_gap_2024_sf.root",
    "mcTruth": true,
    "name": "DY_MC_LO_2024"
  },
  "workspace": {
    "effective_parsed": [
      {
        "max": 5.0,
        "min": -5.0,
        "name": "meanP",
        "raw": "meanP[-0.0,-5.0,5.0]",
        "tokens": [
          "-0.0",
          "-5.0",
          "5.0"
        ],
        "value": -0.0
      },
      {
        "max": 5.0,
        "min": 0.5,
        "name": "sigmaP",
        "raw": "sigmaP[0.9,0.5,5.0]",
        "tokens": [
          "0.9",
          "0.5",
          "5.0"
        ],
        "value": 0.9
      },
      {
        "max": 5.0,
        "min": -5.0,
        "name": "meanF",
        "raw": "meanF[-0.0,-5.0,5.0]",
        "tokens": [
          "-0.0",
          "-5.0",
          "5.0"
        ],
        "value": -0.0
      },
      {
        "max": 5.0,
        "min": 0.5,
        "name": "sigmaF",
        "raw": "sigmaF[0.9,0.5,5.0]",
        "tokens": [
          "0.9",
          "0.5",
          "5.0"
        ],
        "value": 0.9
      },
      {
        "max": 90.0,
        "min": 45.0,
        "name": "acmsP",
        "raw": "acmsP[65.,45.,90.]",
        "tokens": [
          "65.",
          "45.",
          "90."
        ],
        "value": 65.0
      },
      {
        "max": 0.1,
        "min": 0.005,
        "name": "betaP",
        "raw": "betaP[0.05,0.005,0.10]",
        "tokens": [
          "0.05",
          "0.005",
          "0.10"
        ],
        "value": 0.05
      },
      {
        "max": 2.0,
        "min": -2.0,
        "name": "gammaP",
        "raw": "gammaP[0.1, -2, 2]",
        "tokens": [
          "0.1",
          "-2",
          "2"
        ],
        "value": 0.1
      },
      {
        "max": 90.0,
        "min": 82.0,
        "name": "peakP",
        "raw": "peakP[87.0,82.0,90.0]",
        "tokens": [
          "87.0",
          "82.0",
          "90.0"
        ],
        "value": 87.0
      },
      {
        "max": 90.0,
        "min": 45.0,
        "name": "acmsF",
        "raw": "acmsF[65.,45.,90.]",
        "tokens": [
          "65.",
          "45.",
          "90."
        ],