{
  "bin": {
    "cut": "tag_Ele_pt > 40 && abs(tag_sc_eta) < 2.17 && (tag_Ele_q + el_q) == 0 && el_sc_eta >= -1.444200 && el_sc_eta < 0.000000 && el_et >= 35.000000 && el_et < 100.000000",
    "index": 5,
    "name": "bin05_el_sc_eta_m1p44To0p00_el_et_35p00To100p00",
    "title": "; -1.444 < el_sc_eta < 0.000; 35.000 < el_et < 100.000",
    "vars": {
      "el_et": {
        "max": 100,
        "min": 35
      },
      "el_sc_eta": {
        "max": 0.0,
        "min": -1.4442
      }
    }
  },
  "created_at_utc": "2026-07-10T17:46:02.431104+00:00",
  "derived": {
    "efficiency": 0.9800369711863167,
    "efficiency_error": 6.893570069096474e-07,
    "nSigF": {
      "error": 28650.924954414368,
      "isConstant": false,
      "max": 1241427418.26416,
      "min": 0.5,
      "name": "nSigF",
      "value": 821381130.1181283
    },
    "nSigP": {
      "error": 200806.20431137085,
      "isConstant": false,
      "max": 60983824620.615234,
      "min": 0.5,
      "name": "nSigP",
      "value": 40323734562.703186
    }
  },
  "fit_metadata": {
    "bin_index": 5,
    "fail_hist_uses_pass_hist": false,
    "fit_range": {
      "max": 120.0,
      "min": 60.0
    },
    "truth_fail_template_uses_pass_hist": false,
    "truth_template_source": "/eos/cms/store/group/phys_susy/NPS-25-014/root_TnP_local//hza_elid_gap_2024_sf//DY_MC_LO_2024_hza_elid_gap_2024_sf.root"
  },
  "fit_result": {
    "fail": {
      "covQual": -1,
      "edm": 8.790109278035415e-08,
      "floatParsFinal": [
        {
          "error": 0.00013903115464986016,
          "isConstant": false,
          "max": 1.0,
          "min": -3.0,
          "name": "meanF",
          "value": 0.0035490134087052816
        },
        {
          "error": 28650.924954414368,
          "isConstant": false,
          "max": 1241427418.26416,
          "min": 0.5,
          "name": "nSigF",
          "value": 821381130.1181283
        },
        {
          "error": 2.1755052070915326e-07,
          "isConstant": false,
          "max": 3.0,
          "min": 0.8,
          "name": "sigmaF",
          "value": 0.8000000000000347
        }
      ],
      "floatParsInit": [
        {
          "error": 0.0,
          "isConstant": false,
          "max": 1.0,
          "min": -3.0,
          "name": "meanF",
          "value": -0.4
        },
        {
          "error": 0.0,
          "isConstant": false,
          "max": 1241427418.26416,
          "min": 0.5,
          "name": "nSigF",
          "value": 744856450.958496
        },
        {
          "error": 0.0,
          "isConstant": false,
          "max": 3.0,
          "min": 0.8,
          "name": "sigmaF",
          "value": 1.8
        }
      ],
      "minNll": -13582804546.692783,
      "numInvalidNLL": 0,
      "status": 240
    },
    "fail_quality": "check",
    "pass": {
      "covQual": -1,
      "edm": 4.8879368420305394e-08,
      "floatParsFinal": [
        {
          "error": 1.546035293431558e-05,
          "isConstant": false,
          "max": 5.0,
          "min": -5.0,
          "name": "meanP",
          "value": 0.004891036921154779
        },
        {
          "error": 200806.20431137085,
          "isConstant": false,
          "max": 60983824620.615234,
          "min": 0.5,
          "name": "nSigP",
          "value": 40323734562.703186
        },
        {
          "error": 7.070436569556193e-09,
          "isConstant": false,
          "max": 2.0,
          "min": 0.5,
          "name": "sigmaP",
          "value": 0.5000000000000002
        }
      ],
      "floatParsInit": [
        {
          "error": 0.0,
          "isConstant": false,
          "max": 5.0,
          "min": -5.0,
          "name": "meanP",
          "value": -0.2
        },
        {
          "error": 0.0,
          "isConstant": false,
          "max": 60983824620.615234,
          "min": 0.5,
          "name": "nSigP",
          "value": 36590294772.36914
        },
        {
          "error": 0.0,
          "isConstant": false,
          "max": 2.0,
          "min": 0.5,
          "name": "sigmaP",
          "value": 1.1
        }
      ],
      "minNll": -831742139675.5885,
      "numInvalidNLL": 0,
      "status": 240
    },
    "pass_quality": "check",
    "root_read_error": null
  },
  "fit_type": "nominalFit",
  "histograms": {
    "fail": {
      "entries": 59793.0,
      "fit_window": {
        "bin1": 11,
        "bin2": 70,
        "max": 120.0,
        "min": 60.0
      },
      "integral_fit_window": 821381134.6953125,
      "integral_fit_window_error": 3950928.0237432923,
      "integral_full": 827618278.8427734,
      "integral_full_error": 3965741.285138913,
      "maximum_bin_center": 90.5,
      "maximum_bin_content": 97469016.30859375,
      "mean": 91.44438468022322,
      "rms": 6.290629494234552
    },
    "pass": {
      "entries": 3116729.0,
      "fit_window": {
        "bin1": 11,
        "bin2": 70,
        "max": 120.0,
        "min": 60.0
      },
      "integral_fit_window": 40323734531.33496,
      "integral_fit_window_error": 26739743.258227725,
      "integral_full": 40655883080.41016,
      "integral_full_error": 26848276.60653829,
      "maximum_bin_center": 90.5,
      "maximum_bin_content": 5883330944.659668,
      "mean": 91.83063694844539,
      "rms": 5.807340498025227
    }
  },
  "sample": {
    "fitOutputBinRoot": "/eos/cms/store/group/phys_susy/NPS-25-014/root_TnP_local//hza_elid_gap_2024_sf//DY_MC_LO_2024_hza_elid_gap_2024_sf.nominalFit-bin05_el_sc_eta_m1p44To0p00_el_et_35p00To100p00.root",
    "fitOutputRoot": "/eos/cms/store/group/phys_susy/NPS-25-014/root_TnP_local//hza_elid_gap_2024_sf//DY_MC_LO_2024_hza_elid_gap_2024_sf.nominalFit.root",
    "histFile": "/eos/cms/store/group/phys_susy/NPS-25-014/root_TnP_local//hza_elid_gap_2024_sf//DY_MC_LO_2024_hza_elid_gap_2024_sf.root",
    "isMC": true,
    "mcRefHistFile": "/eos/cms/store/group/phys_susy/NPS-25-014/root_TnP_local//hza_elid_gap_2024_sf//DY_MC_LO_2024_hza_elid_gap_2024_sf.root",
    "mcTruth": true,
    "name": "DY_MC_LO_2024"
  },
  "workspace": {
    "effective_parsed": [
      {
        "max": 90.0,
        "min": 82.0,
        "name": "peakP",
        "raw": "peakP[87.0,82.0,90.0]",
        "tokens": [
          "87.0",
          "82.0",
          "90.0"
        ],
        "value": 87.0
      },
      {
        "max": 90.0,
        "min": 82.0,
        "name": "peakF",
        "raw": "peakF[87.0,82.0,90.0]",
        "tokens": [
          "87.0",
          "82.0",
          "90.0"
        ],
        "value": 87.0
      },
      {
        "max": 5.0,
        "min": -5.0,
        "name": "meanP",
        "raw": "meanP[-0.2,-5.0,5.0]",
        "tokens": [
          "-0.2",
          "-5.0",
          "5.0"
        ],
        "value": -0.2
      },
      {
        "max": 2.0,
        "min": 0.5,
        "name": "sigmaP",
        "raw": "sigmaP[1.1,0.5,2.0]",
        "tokens": [
          "1.1",
          "0.5",
          "2.0"
        ],
        "value": 1.1
      },
      {
        "max": 1.0,
        "min": -3.0,
        "name": "meanF",
        "raw": "meanF[-0.4,-3.0,1.0]",
        "tokens": [
          "-0.4",
          "-3.0",
          "1.0"
        ],
        "value": -0.4
      },
      {
        "max": 3.0,
        "min": 0.8,
        "name": "sigmaF",
        "raw": "sigmaF[1.8,0.8,3.0]",
        "tokens": [
          "1.8",
          "0.8",
          "3.0"
        ],
        "value": 1.8
      },
      {
        "max": 120.0,
        "min": 25.0,
        "name": "acmsP",
        "raw": "acmsP[80.,25.,120.]",
        "tokens": [
          "80.",
          "25.",
          "120."
        ],
        "value": 80.0
      },
      {
        "max": 0.15,
        "min": 0.001,
        "name": "betaP",
        "raw": "betaP[0.05,0.001,0.15]",
        "tokens": [
          "0.05",
          "0.001",
          "0.15"
        ],
        "value": 0.05
      },
      {
        "max": 2.0,
        "min": -2.0,