{
  "bin": {
    "cut": "tag_Ele_pt > 40 && abs(tag_sc_eta) < 2.17 && (tag_Ele_q + el_q) == 0 && el_sc_eta >= -1.444200 && el_sc_eta < 0.000000 && el_et >= 7.000000 && el_et < 12.000000",
    "index": 1,
    "name": "bin01_el_sc_eta_m1p44To0p00_el_et_7p00To12p00",
    "title": "; -1.444 < el_sc_eta < 0.000; 7.000 < el_et < 12.000",
    "vars": {
      "el_et": {
        "max": 12,
        "min": 7
      },
      "el_sc_eta": {
        "max": 0.0,
        "min": -1.4442
      }
    }
  },
  "created_at_utc": "2026-04-20T04:49:15.461185+00:00",
  "derived": {
    "efficiency": 0.6952444362937231,
    "efficiency_error": 0.0024699933972213398,
    "nSigF": {
      "error": 64.05448544427463,
      "isConstant": false,
      "max": 12025.202508,
      "min": 0.5,
      "name": "nSigF",
      "value": 6595.1052916618755
    },
    "nSigP": {
      "error": 97.00205039855791,
      "isConstant": false,
      "max": 26319.726564,
      "min": 0.5,
      "name": "nSigP",
      "value": 15045.534214490774
    }
  },
  "fit_metadata": {
    "bin_index": 1,
    "fail_hist_uses_pass_hist": false,
    "fit_range": {
      "max": 120.0,
      "min": 60.0
    },
    "truth_fail_template_uses_pass_hist": false,
    "truth_template_source": "/eos/home-p/pelai/HZa/root_TnP//hza_elid_gap_2024_sf//DY_MC_LO_2024_hza_elid_gap_2024_sf.root"
  },
  "fit_result": {
    "fail": {
      "covQual": -1,
      "edm": 0.03401696789549475,
      "floatParsFinal": [
        {
          "error": 0.04395273439708536,
          "isConstant": false,
          "max": 5.0,
          "min": -5.0,
          "name": "meanF",
          "value": -0.0036038554002288947
        },
        {
          "error": 64.05448544427463,
          "isConstant": false,
          "max": 12025.202508,
          "min": 0.5,
          "name": "nSigF",
          "value": 6595.1052916618755
        },
        {
          "error": 0.00822479679702437,
          "isConstant": false,
          "max": 1.5000052772937333,
          "min": 0.4000014072783289,
          "name": "sigmaF",
          "value": 0.4000014408709939
        }
      ],
      "floatParsInit": [
        {
          "error": 0.0,
          "isConstant": false,
          "max": 5.0,
          "min": -5.0,
          "name": "meanF",
          "value": -0.0
        },
        {
          "error": 0.0,
          "isConstant": false,
          "max": 12025.202508,
          "min": 0.5,
          "name": "nSigF",
          "value": 7215.121505
        },
        {
          "error": 0.0,
          "isConstant": false,
          "max": 1.5000052772937333,
          "min": 0.4000014072783289,
          "name": "sigmaF",
          "value": 0.5000017590979111
        }
      ],
      "minNll": -27948.19674437369,
      "numInvalidNLL": 0,
      "status": 160
    },
    "fail_quality": "check",
    "pass": {
      "covQual": -1,
      "edm": 0.14319827575404276,
      "floatParsFinal": [
        {
          "error": 0.02915998739953718,
          "isConstant": false,
          "max": 5.0,
          "min": -5.0,
          "name": "meanP",
          "value": -0.012063537120116763
        },
        {
          "error": 97.00205039855791,
          "isConstant": false,
          "max": 26319.726564,
          "min": 0.5,
          "name": "nSigP",
          "value": 15045.534214490774
        },
        {
          "error": 0.005888548724088671,
          "isConstant": false,
          "max": 5.0,
          "min": 0.5,
          "name": "sigmaP",
          "value": 0.5000017590979111
        }
      ],
      "floatParsInit": [
        {
          "error": 0.0,
          "isConstant": false,
          "max": 5.0,
          "min": -5.0,
          "name": "meanP",
          "value": -0.0
        },
        {
          "error": 0.0,
          "isConstant": false,
          "max": 26319.726564,
          "min": 0.5,
          "name": "nSigP",
          "value": 15791.835939
        },
        {
          "error": 0.0,
          "isConstant": false,
          "max": 5.0,
          "min": 0.5,
          "name": "sigmaP",
          "value": 0.9
        }
      ],
      "minNll": -78115.46739819198,
      "numInvalidNLL": 0,
      "status": 160
    },
    "pass_quality": "check",
    "root_read_error": null
  },
  "fit_type": "nominalFit",
  "histograms": {
    "fail": {
      "entries": 7102.0,
      "fit_window": {
        "bin1": 11,
        "bin2": 70,
        "max": 120.0,
        "min": 60.0
      },
      "integral_fit_window": 6595.513560937452,
      "integral_fit_window_error": 102.96680411849194,
      "integral_full": 8016.801671779508,
      "integral_full_error": 113.17733800000296,
      "maximum_bin_center": 90.5,
      "maximum_bin_content": 456.3383612636796,
      "mean": 78.3166067455983,
      "rms": 14.526704995241932
    },
    "pass": {
      "entries": 15645.0,
      "fit_window": {
        "bin1": 11,
        "bin2": 70,
        "max": 120.0,
        "min": 60.0
      },
      "integral_fit_window": 15045.737844308138,
      "integral_fit_window_error": 155.10922558741763,
      "integral_full": 17546.484376232143,
      "integral_full_error": 167.52326072029672,
      "maximum_bin_center": 90.5,
      "maximum_bin_content": 1203.1237812623228,
      "mean": 80.63610949330828,
      "rms": 13.753805634218093
    }
  },
  "sample": {
    "fitOutputBinRoot": "/eos/home-p/pelai/HZa/root_TnP//hza_elid_gap_2024_sf//DY_MC_LO_2024_hza_elid_gap_2024_sf.nominalFit-bin01_el_sc_eta_m1p44To0p00_el_et_7p00To12p00.root",
    "fitOutputRoot": "/eos/home-p/pelai/HZa/root_TnP//hza_elid_gap_2024_sf//DY_MC_LO_2024_hza_elid_gap_2024_sf.nominalFit.root",
    "histFile": "/eos/home-p/pelai/HZa/root_TnP//hza_elid_gap_2024_sf//DY_MC_LO_2024_hza_elid_gap_2024_sf.root",
    "isMC": true,
    "mcRefHistFile": "/eos/home-p/pelai/HZa/root_TnP//hza_elid_gap_2024_sf//DY_MC_LO_2024_hza_elid_gap_2024_sf.root",
    "mcTruth": true,
    "name": "DY_MC_LO_2024"
  },
  "workspace": {
    "effective_parsed": [
      {
        "max": 5.0,
        "min": -5.0,
        "name": "meanP",
        "raw": "meanP[-0.0,-5.0,5.0]",
        "tokens": [
          "-0.0",
          "-5.0",
          "5.0"
        ],
        "value": -0.0
      },
      {
        "max": 5.0,
        "min": 0.5,
        "name": "sigmaP",
        "raw": "sigmaP[0.9,0.5,5.0]",
        "tokens": [
          "0.9",
          "0.5",
          "5.0"
        ],
        "value": 0.9
      },
      {
        "max": 5.0,
        "min": -5.0,
        "name": "meanF",
        "raw": "meanF[-0.0,-5.0,5.0]",
        "tokens": [
          "-0.0",
          "-5.0",
          "5.0"
        ],
        "value": -0.0
      },
      {
        "max": 5.0,
        "min": 0.5,
        "name": "sigmaF",
        "raw": "sigmaF[0.9,0.5,5.0]",
        "tokens": [
          "0.9",
          "0.5",
          "5.0"
        ],
        "value": 0.9
      },
      {
        "max": 80.0,
        "min": 50.0,
        "name": "acmsP",
        "raw": "acmsP[60.,50.,80.]",
        "tokens": [
          "60.",
          "50.",
          "80."
        ],
        "value": 60.0
      },
      {
        "max": 0.08,
        "min": 0.01,
        "name": "betaP",
        "raw": "betaP[0.05,0.01,0.08]",
        "tokens": [
          "0.05",
          "0.01",
          "0.08"
        ],
        "value": 0.05
      },
      {
        "max": 2.0,
        "min": -2.0,
        "name": "gammaP",
        "raw": "gammaP[0.1, -2, 2]",
        "tokens": [
          "0.1",
          "-2",
          "2"
        ],
        "value": 0.1
      },
      {
        "max": 90.0,
        "min": 82.0,
        "name": "peakP",
        "raw": "peakP[87.0,82.0,90.0]",
        "tokens": [
          "87.0",
          "82.0",
          "90.0"
        ],
        "value": 87.0
      },
      {
        "max": 80.0,
        "min": 50.0,
        "name": "acmsF",
        "raw": "acmsF[60.,50.,80.]",
        "tokens": [
          "60.",
          "50.",
          "80."
        ],