{
  "bin": {
    "cut": "tag_Ele_pt > 40 && abs(tag_sc_eta) < 2.17 && (tag_Ele_q + el_q) == 0 && el_sc_eta >= 0.000000 && el_sc_eta < 1.444200 && el_et >= 7.000000 && el_et < 35.000000",
    "index": 2,
    "name": "bin02_el_sc_eta_0p00To1p44_el_et_7p00To35p00",
    "title": "; 0.000 < el_sc_eta < 1.444; 7.000 < el_et < 35.000",
    "vars": {
      "el_et": {
        "max": 35,
        "min": 7
      },
      "el_sc_eta": {
        "max": 1.4442,
        "min": 0.0
      }
    }
  },
  "created_at_utc": "2026-04-22T06:46:31.963251+00:00",
  "derived": {
    "efficiency": 0.9338580202610777,
    "efficiency_error": 0.00017935566218749857,
    "nSigF": {
      "error": 222.61210656777985,
      "isConstant": false,
      "max": 127206.86742,
      "min": 0.5,
      "name": "nSigF",
      "value": 79338.72189372849
    },
    "nSigP": {
      "error": 837.4570027100854,
      "isConstant": false,
      "max": 1709735.851478,
      "min": 0.5,
      "name": "nSigP",
      "value": 1120182.7046933905
    }
  },
  "fit_metadata": {
    "bin_index": 2,
    "fail_hist_uses_pass_hist": false,
    "fit_range": {
      "max": 120.0,
      "min": 60.0
    },
    "truth_fail_template_uses_pass_hist": false,
    "truth_template_source": "/eos/home-p/pelai/HZa/root_TnP//hza_elid_gap_2024_sf//DY_MC_LO_2024_hza_elid_gap_2024_sf.root"
  },
  "fit_result": {
    "fail": {
      "covQual": -1,
      "edm": 0.02020545966603672,
      "floatParsFinal": [
        {
          "error": 0.015191256474391235,
          "isConstant": false,
          "max": 5.0,
          "min": -8.0,
          "name": "meanF",
          "value": -0.004706334052015926
        },
        {
          "error": 222.61210656777985,
          "isConstant": false,
          "max": 127206.86742,
          "min": 0.5,
          "name": "nSigF",
          "value": 79338.72189372849
        },
        {
          "error": 0.005065890827844727,
          "isConstant": false,
          "max": 1.5000000351372405,
          "min": 0.4000000093699308,
          "name": "sigmaF",
          "value": 0.4000002779633809
        }
      ],
      "floatParsInit": [
        {
          "error": 0.0,
          "isConstant": false,
          "max": 5.0,
          "min": -8.0,
          "name": "meanF",
          "value": -0.5
        },
        {
          "error": 0.0,
          "isConstant": false,
          "max": 127206.86742,
          "min": 0.5,
          "name": "nSigF",
          "value": 76324.120452
        },
        {
          "error": 0.0,
          "isConstant": false,
          "max": 1.5000000351372405,
          "min": 0.4000000093699308,
          "name": "sigmaF",
          "value": 0.5000000117124135
        }
      ],
      "minNll": -537903.4450585633,
      "numInvalidNLL": 0,
      "status": 160
    },
    "fail_quality": "check",
    "pass": {
      "covQual": -1,
      "edm": 0.09014862948330138,
      "floatParsFinal": [
        {
          "error": 0.002858598097414955,
          "isConstant": false,
          "max": 5.0,
          "min": -5.0,
          "name": "meanP",
          "value": -0.007273466250484084
        },
        {
          "error": 837.4570027100854,
          "isConstant": false,
          "max": 1709735.851478,
          "min": 0.5,
          "name": "nSigP",
          "value": 1120182.7046933905
        },
        {
          "error": 0.0002867477363180937,
          "isConstant": false,
          "max": 5.0,
          "min": 0.5,
          "name": "sigmaP",
          "value": 0.5000000117124135
        }
      ],
      "floatParsInit": [
        {
          "error": 0.0,
          "isConstant": false,
          "max": 5.0,
          "min": -5.0,
          "name": "meanP",
          "value": -0.5
        },
        {
          "error": 0.0,
          "isConstant": false,
          "max": 1709735.851478,
          "min": 0.5,
          "name": "nSigP",
          "value": 1025841.510887
        },
        {
          "error": 0.0,
          "isConstant": false,
          "max": 5.0,
          "min": 0.5,
          "name": "sigmaP",
          "value": 1.6
        }
      ],
      "minNll": -10989802.23419744,
      "numInvalidNLL": 0,
      "status": 160
    },
    "pass_quality": "check",
    "root_read_error": null
  },
  "fit_type": "nominalFit",
  "histograms": {
    "fail": {
      "entries": 75027.0,
      "fit_window": {
        "bin1": 11,
        "bin2": 70,
        "max": 120.0,
        "min": 60.0
      },
      "integral_fit_window": 79339.40902599835,
      "integral_fit_window_error": 356.4002818858633,
      "integral_full": 84804.57828013318,
      "integral_full_error": 368.3972228909204,
      "maximum_bin_center": 90.5,
      "maximum_bin_content": 6055.062568842031,
      "mean": 83.1252371641758,
      "rms": 11.715186612305121
    },
    "pass": {
      "entries": 1010903.0,
      "fit_window": {
        "bin1": 11,
        "bin2": 70,
        "max": 120.0,
        "min": 60.0
      },
      "integral_fit_window": 1120178.7617376202,
      "integral_fit_window_error": 1337.6018097557503,
      "integral_full": 1139823.9009852207,
      "integral_full_error": 1349.3164169452489,
      "maximum_bin_center": 90.5,
      "maximum_bin_content": 131330.63604266688,
      "mean": 87.60463629255382,
      "rms": 8.04511409909646
    }
  },
  "sample": {
    "fitOutputBinRoot": "/eos/home-p/pelai/HZa/root_TnP//hza_elid_gap_2024_sf//DY_MC_LO_2024_hza_elid_gap_2024_sf.nominalFit-bin02_el_sc_eta_0p00To1p44_el_et_7p00To35p00.root",
    "fitOutputRoot": "/eos/home-p/pelai/HZa/root_TnP//hza_elid_gap_2024_sf//DY_MC_LO_2024_hza_elid_gap_2024_sf.nominalFit.root",
    "histFile": "/eos/home-p/pelai/HZa/root_TnP//hza_elid_gap_2024_sf//DY_MC_LO_2024_hza_elid_gap_2024_sf.root",
    "isMC": true,
    "mcRefHistFile": "/eos/home-p/pelai/HZa/root_TnP//hza_elid_gap_2024_sf//DY_MC_LO_2024_hza_elid_gap_2024_sf.root",
    "mcTruth": true,
    "name": "DY_MC_LO_2024"
  },
  "workspace": {
    "effective_parsed": [
      {
        "max": 90.0,
        "min": 82.0,
        "name": "peakP",
        "raw": "peakP[87.0,82.0,90.0]",
        "tokens": [
          "87.0",
          "82.0",
          "90.0"
        ],
        "value": 87.0
      },
      {
        "max": 90.0,
        "min": 82.0,
        "name": "peakF",
        "raw": "peakF[87.0,82.0,90.0]",
        "tokens": [
          "87.0",
          "82.0",
          "90.0"
        ],
        "value": 87.0
      },
      {
        "max": 5.0,
        "min": -5.0,
        "name": "meanP",
        "raw": "meanP[-0.5,-5.0,5.0]",
        "tokens": [
          "-0.5",
          "-5.0",
          "5.0"
        ],
        "value": -0.5
      },
      {
        "max": 5.0,
        "min": 0.5,
        "name": "sigmaP",
        "raw": "sigmaP[1.6,0.5,5.0]",
        "tokens": [
          "1.6",
          "0.5",
          "5.0"
        ],
        "value": 1.6
      },
      {
        "max": 5.0,
        "min": -8.0,
        "name": "meanF",
        "raw": "meanF[-0.5,-8.0,5.0]",
        "tokens": [
          "-0.5",
          "-8.0",
          "5.0"
        ],
        "value": -0.5
      },
      {
        "max": 8.0,
        "min": 0.5,
        "name": "sigmaF",
        "raw": "sigmaF[3.5,0.5,8.0]",
        "tokens": [
          "3.5",
          "0.5",
          "8.0"
        ],
        "value": 3.5
      },
      {
        "max": 120.0,
        "min": 25.0,
        "name": "acmsP",
        "raw": "acmsP[80.,25.,120.]",
        "tokens": [
          "80.",
          "25.",
          "120."
        ],
        "value": 80.0
      },
      {
        "max": 0.15,
        "min": 0.001,
        "name": "betaP",
        "raw": "betaP[0.05,0.001,0.15]",
        "tokens": [
          "0.05",
          "0.001",
          "0.15"
        ],
        "value": 0.05
      },
      {
        "max": 2.0,
        "min": -2.0,
        "name": "gammaP",
        "raw": "gammaP[0.05,-2,2.]",