{
  "bin": {
    "cut": "tag_Ele_pt > 40 && abs(tag_sc_eta) < 2.17 && (tag_Ele_q + el_q) == 0 && el_sc_eta >= -1.444200 && el_sc_eta < 0.000000 && el_et >= 35.000000 && el_et < 100.000000",
    "index": 5,
    "name": "bin05_el_sc_eta_m1p44To0p00_el_et_35p00To100p00",
    "title": "; -1.444 < el_sc_eta < 0.000; 35.000 < el_et < 100.000",
    "vars": {
      "el_et": {
        "max": 100,
        "min": 35
      },
      "el_sc_eta": {
        "max": 0.0,
        "min": -1.4442
      }
    }
  },
  "created_at_utc": "2026-04-22T06:46:25.793290+00:00",
  "derived": {
    "efficiency": 0.9812351729308307,
    "efficiency_error": 5.640374940445989e-05,
    "nSigF": {
      "error": 207.06948594161076,
      "isConstant": false,
      "max": 103184.032429,
      "min": 0.5,
      "name": "nSigF",
      "value": 68236.88349479175
    },
    "nSigP": {
      "error": 1493.6827419251204,
      "isConstant": false,
      "max": 5396082.863673,
      "min": 0.5,
      "name": "nSigP",
      "value": 3568187.9683443825
    }
  },
  "fit_metadata": {
    "bin_index": 5,
    "fail_hist_uses_pass_hist": false,
    "fit_range": {
      "max": 120.0,
      "min": 60.0
    },
    "truth_fail_template_uses_pass_hist": false,
    "truth_template_source": "/eos/home-p/pelai/HZa/root_TnP//hza_elid_gap_2024_sf//DY_MC_LO_2024_hza_elid_gap_2024_sf.root"
  },
  "fit_result": {
    "fail": {
      "covQual": -1,
      "edm": 0.9232581270731912,
      "floatParsFinal": [
        {
          "error": 0.011696117816430096,
          "isConstant": false,
          "max": 5.0,
          "min": -5.0,
          "name": "meanF",
          "value": 0.0031125735293056067
        },
        {
          "error": 207.06948594161076,
          "isConstant": false,
          "max": 103184.032429,
          "min": 0.5,
          "name": "nSigF",
          "value": 68236.88349479175
        },
        {
          "error": 0.0041099822021566645,
          "isConstant": false,
          "max": 1.500000002199851,
          "min": 0.40000000058662694,
          "name": "sigmaF",
          "value": 0.4000061618423426
        }
      ],
      "floatParsInit": [
        {
          "error": 0.0,
          "isConstant": false,
          "max": 5.0,
          "min": -5.0,
          "name": "meanF",
          "value": -0.2
        },
        {
          "error": 0.0,
          "isConstant": false,
          "max": 103184.032429,
          "min": 0.5,
          "name": "nSigF",
          "value": 61910.419458
        },
        {
          "error": 0.0,
          "isConstant": false,
          "max": 1.500000002199851,
          "min": 0.40000000058662694,
          "name": "sigmaF",
          "value": 0.5000000007332837
        }
      ],
      "minNll": -486804.8726339736,
      "numInvalidNLL": 0,
      "status": 160
    },
    "fail_quality": "check",
    "pass": {
      "covQual": -1,
      "edm": 0.18881717316768368,
      "floatParsFinal": [
        {
          "error": 0.001293664239033987,
          "isConstant": false,
          "max": 5.0,
          "min": -5.0,
          "name": "meanP",
          "value": 0.004744716732457022
        },
        {
          "error": 1493.6827419251204,
          "isConstant": false,
          "max": 5396082.863673,
          "min": 0.5,
          "name": "nSigP",
          "value": 3568187.9683443825
        },
        {
          "error": 4.902254837252373e-05,
          "isConstant": false,
          "max": 4.0,
          "min": 0.5,
          "name": "sigmaP",
          "value": 0.5000000007332837
        }
      ],
      "floatParsInit": [
        {
          "error": 0.0,
          "isConstant": false,
          "max": 5.0,
          "min": -5.0,
          "name": "meanP",
          "value": -0.2
        },
        {
          "error": 0.0,
          "isConstant": false,
          "max": 5396082.863673,
          "min": 0.5,
          "name": "nSigP",
          "value": 3237649.718204
        },
        {
          "error": 0.0,
          "isConstant": false,
          "max": 4.0,
          "min": 0.5,
          "name": "sigmaP",
          "value": 1.3
        }
      ],
      "minNll": -40308343.69041958,
      "numInvalidNLL": 0,
      "status": 160
    },
    "pass_quality": "check",
    "root_read_error": null
  },
  "fit_type": "nominalFit",
  "histograms": {
    "fail": {
      "entries": 61105.0,
      "fit_window": {
        "bin1": 11,
        "bin2": 70,
        "max": 120.0,
        "min": 60.0
      },
      "integral_fit_window": 68237.96149626048,
      "integral_fit_window_error": 329.53687788351755,
      "integral_full": 68789.35495298225,
      "integral_full_error": 330.90022488007116,
      "maximum_bin_center": 90.5,
      "maximum_bin_content": 8179.426895612782,
      "mean": 91.4151208027334,
      "rms": 6.387536574085227
    },
    "pass": {
      "entries": 3187316.0,
      "fit_window": {
        "bin1": 11,
        "bin2": 70,
        "max": 120.0,
        "min": 60.0
      },
      "integral_fit_window": 3568183.8188028615,
      "integral_fit_window_error": 2388.8514972982707,
      "integral_full": 3597388.5757818595,
      "integral_full_error": 2398.5634116815363,
      "maximum_bin_center": 90.5,
      "maximum_bin_content": 523710.07367132464,
      "mean": 91.80950510972917,
      "rms": 5.80069326338866
    }
  },
  "sample": {
    "fitOutputBinRoot": "/eos/home-p/pelai/HZa/root_TnP//hza_elid_gap_2024_sf//DY_MC_LO_2024_hza_elid_gap_2024_sf.nominalFit-bin05_el_sc_eta_m1p44To0p00_el_et_35p00To100p00.root",
    "fitOutputRoot": "/eos/home-p/pelai/HZa/root_TnP//hza_elid_gap_2024_sf//DY_MC_LO_2024_hza_elid_gap_2024_sf.nominalFit.root",
    "histFile": "/eos/home-p/pelai/HZa/root_TnP//hza_elid_gap_2024_sf//DY_MC_LO_2024_hza_elid_gap_2024_sf.root",
    "isMC": true,
    "mcRefHistFile": "/eos/home-p/pelai/HZa/root_TnP//hza_elid_gap_2024_sf//DY_MC_LO_2024_hza_elid_gap_2024_sf.root",
    "mcTruth": true,
    "name": "DY_MC_LO_2024"
  },
  "workspace": {
    "effective_parsed": [
      {
        "max": 90.0,
        "min": 82.0,
        "name": "peakP",
        "raw": "peakP[87.0,82.0,90.0]",
        "tokens": [
          "87.0",
          "82.0",
          "90.0"
        ],
        "value": 87.0
      },
      {
        "max": 90.0,
        "min": 82.0,
        "name": "peakF",
        "raw": "peakF[87.0,82.0,90.0]",
        "tokens": [
          "87.0",
          "82.0",
          "90.0"
        ],
        "value": 87.0
      },
      {
        "max": 5.0,
        "min": -5.0,
        "name": "meanP",
        "raw": "meanP[-0.2,-5.0,5.0]",
        "tokens": [
          "-0.2",
          "-5.0",
          "5.0"
        ],
        "value": -0.2
      },
      {
        "max": 4.0,
        "min": 0.5,
        "name": "sigmaP",
        "raw": "sigmaP[1.3,0.5,4.0]",
        "tokens": [
          "1.3",
          "0.5",
          "4.0"
        ],
        "value": 1.3
      },
      {
        "max": 5.0,
        "min": -5.0,
        "name": "meanF",
        "raw": "meanF[-0.2,-5.0,5.0]",
        "tokens": [
          "-0.2",
          "-5.0",
          "5.0"
        ],
        "value": -0.2
      },
      {
        "max": 6.0,
        "min": 0.5,
        "name": "sigmaF",
        "raw": "sigmaF[2.5,0.5,6.0]",
        "tokens": [
          "2.5",
          "0.5",
          "6.0"
        ],
        "value": 2.5
      },
      {
        "max": 120.0,
        "min": 25.0,
        "name": "acmsP",
        "raw": "acmsP[80.,25.,120.]",
        "tokens": [
          "80.",
          "25.",
          "120."
        ],
        "value": 80.0
      },
      {
        "max": 0.15,
        "min": 0.001,
        "name": "betaP",
        "raw": "betaP[0.05,0.001,0.15]",
        "tokens": [
          "0.05",
          "0.001",
          "0.15"
        ],
        "value": 0.05
      },
      {
        "max": 2.0,
        "min": -2.0,
        "name": "gammaP",
        "raw": "gammaP[0.03,-2,2.]",