{
  "bin": {
    "cut": "tag_Ele_pt > 40 && abs(tag_sc_eta) < 2.17 && (tag_Ele_q + el_q) == 0 && el_sc_eta >= -1.444200 && el_sc_eta < 0.000000 && el_et >= 35.000000 && el_et < 100.000000",
    "index": 5,
    "name": "bin05_el_sc_eta_m1p44To0p00_el_et_35p00To100p00",
    "title": "; -1.444 < el_sc_eta < 0.000; 35.000 < el_et < 100.000",
    "vars": {
      "el_et": {
        "max": 100,
        "min": 35
      },
      "el_sc_eta": {
        "max": 0.0,
        "min": -1.4442
      }
    }
  },
  "created_at_utc": "2026-04-22T17:23:11.691228+00:00",
  "derived": {
    "efficiency": 0.981235432846914,
    "efficiency_error": 5.6402725700599934e-05,
    "nSigF": {
      "error": 207.06457173408126,
      "isConstant": false,
      "max": 103184.032429,
      "min": 0.5,
      "name": "nSigF",
      "value": 68235.58101886828
    },
    "nSigP": {
      "error": 1493.6748902620748,
      "isConstant": false,
      "max": 5396082.863673,
      "min": 0.5,
      "name": "nSigP",
      "value": 3568170.2290478107
    }
  },
  "fit_metadata": {
    "bin_index": 5,
    "fail_hist_uses_pass_hist": false,
    "fit_range": {
      "max": 120.0,
      "min": 60.0
    },
    "truth_fail_template_uses_pass_hist": false,
    "truth_template_source": "/eos/home-p/pelai/HZa/root_TnP//hza_elid_gap_2024_sf//DY_MC_LO_2024_hza_elid_gap_2024_sf.root"
  },
  "fit_result": {
    "fail": {
      "covQual": -1,
      "edm": 0.9170616806796889,
      "floatParsFinal": [
        {
          "error": 0.011727130239951755,
          "isConstant": false,
          "max": 1.0,
          "min": -3.0,
          "name": "meanF",
          "value": 0.0030301166804176383
        },
        {
          "error": 207.06457173408126,
          "isConstant": false,
          "max": 103184.032429,
          "min": 0.5,
          "name": "nSigF",
          "value": 68235.58101886828
        },
        {
          "error": 0.004110403426412057,
          "isConstant": false,
          "max": 1.5000000005226186,
          "min": 0.400000000139365,
          "name": "sigmaF",
          "value": 0.40000037318855924
        }
      ],
      "floatParsInit": [
        {
          "error": 0.0,
          "isConstant": false,
          "max": 1.0,
          "min": -3.0,
          "name": "meanF",
          "value": -0.4
        },
        {
          "error": 0.0,
          "isConstant": false,
          "max": 103184.032429,
          "min": 0.5,
          "name": "nSigF",
          "value": 61910.419458
        },
        {
          "error": 0.0,
          "isConstant": false,
          "max": 1.5000000005226186,
          "min": 0.400000000139365,
          "name": "sigmaF",
          "value": 0.8
        }
      ],
      "minNll": -486804.872805239,
      "numInvalidNLL": 0,
      "status": 160
    },
    "fail_quality": "check",
    "pass": {
      "covQual": -1,
      "edm": 0.19321177422243868,
      "floatParsFinal": [
        {
          "error": 0.0012936642042560287,
          "isConstant": false,
          "max": 5.0,
          "min": -5.0,
          "name": "meanP",
          "value": 0.0047538598327623305
        },
        {
          "error": 1493.6748902620748,
          "isConstant": false,
          "max": 5396082.863673,
          "min": 0.5,
          "name": "nSigP",
          "value": 3568170.2290478107
        },
        {
          "error": 4.902384398813853e-05,
          "isConstant": false,
          "max": 2.0,
          "min": 0.5,
          "name": "sigmaP",
          "value": 0.5000000001742062
        }
      ],
      "floatParsInit": [
        {
          "error": 0.0,
          "isConstant": false,
          "max": 5.0,
          "min": -5.0,
          "name": "meanP",
          "value": -0.2
        },
        {
          "error": 0.0,
          "isConstant": false,
          "max": 5396082.863673,
          "min": 0.5,
          "name": "nSigP",
          "value": 3237649.718204
        },
        {
          "error": 0.0,
          "isConstant": false,
          "max": 2.0,
          "min": 0.5,
          "name": "sigmaP",
          "value": 1.1
        }
      ],
      "minNll": -40308343.69039631,
      "numInvalidNLL": 0,
      "status": 180
    },
    "pass_quality": "check",
    "root_read_error": null
  },
  "fit_type": "nominalFit",
  "histograms": {
    "fail": {
      "entries": 61105.0,
      "fit_window": {
        "bin1": 11,
        "bin2": 70,
        "max": 120.0,
        "min": 60.0
      },
      "integral_fit_window": 68237.96149626048,
      "integral_fit_window_error": 329.53687788351755,
      "integral_full": 68789.35495298225,
      "integral_full_error": 330.90022488007116,
      "maximum_bin_center": 90.5,
      "maximum_bin_content": 8179.426895612782,
      "mean": 91.4151208027334,
      "rms": 6.387536574085227
    },
    "pass": {
      "entries": 3187316.0,
      "fit_window": {
        "bin1": 11,
        "bin2": 70,
        "max": 120.0,
        "min": 60.0
      },
      "integral_fit_window": 3568183.8188028615,
      "integral_fit_window_error": 2388.8514972982707,
      "integral_full": 3597388.5757818595,
      "integral_full_error": 2398.5634116815363,
      "maximum_bin_center": 90.5,
      "maximum_bin_content": 523710.07367132464,
      "mean": 91.80950510972917,
      "rms": 5.80069326338866
    }
  },
  "sample": {
    "fitOutputBinRoot": "/eos/home-p/pelai/HZa/root_TnP//hza_elid_gap_2024_sf//DY_MC_LO_2024_hza_elid_gap_2024_sf.nominalFit-bin05_el_sc_eta_m1p44To0p00_el_et_35p00To100p00.root",
    "fitOutputRoot": "/eos/home-p/pelai/HZa/root_TnP//hza_elid_gap_2024_sf//DY_MC_LO_2024_hza_elid_gap_2024_sf.nominalFit.root",
    "histFile": "/eos/home-p/pelai/HZa/root_TnP//hza_elid_gap_2024_sf//DY_MC_LO_2024_hza_elid_gap_2024_sf.root",
    "isMC": true,
    "mcRefHistFile": "/eos/home-p/pelai/HZa/root_TnP//hza_elid_gap_2024_sf//DY_MC_LO_2024_hza_elid_gap_2024_sf.root",
    "mcTruth": true,
    "name": "DY_MC_LO_2024"
  },
  "workspace": {
    "effective_parsed": [
      {
        "max": 90.0,
        "min": 82.0,
        "name": "peakP",
        "raw": "peakP[87.0,82.0,90.0]",
        "tokens": [
          "87.0",
          "82.0",
          "90.0"
        ],
        "value": 87.0
      },
      {
        "max": 90.0,
        "min": 82.0,
        "name": "peakF",
        "raw": "peakF[87.0,82.0,90.0]",
        "tokens": [
          "87.0",
          "82.0",
          "90.0"
        ],
        "value": 87.0
      },
      {
        "max": 5.0,
        "min": -5.0,
        "name": "meanP",
        "raw": "meanP[-0.2,-5.0,5.0]",
        "tokens": [
          "-0.2",
          "-5.0",
          "5.0"
        ],
        "value": -0.2
      },
      {
        "max": 2.0,
        "min": 0.5,
        "name": "sigmaP",
        "raw": "sigmaP[1.1,0.5,2.0]",
        "tokens": [
          "1.1",
          "0.5",
          "2.0"
        ],
        "value": 1.1
      },
      {
        "max": 1.0,
        "min": -3.0,
        "name": "meanF",
        "raw": "meanF[-0.4,-3.0,1.0]",
        "tokens": [
          "-0.4",
          "-3.0",
          "1.0"
        ],
        "value": -0.4
      },
      {
        "max": 3.0,
        "min": 0.8,
        "name": "sigmaF",
        "raw": "sigmaF[1.8,0.8,3.0]",
        "tokens": [
          "1.8",
          "0.8",
          "3.0"
        ],
        "value": 1.8
      },
      {
        "max": 120.0,
        "min": 25.0,
        "name": "acmsP",
        "raw": "acmsP[80.,25.,120.]",
        "tokens": [
          "80.",
          "25.",
          "120."
        ],
        "value": 80.0
      },
      {
        "max": 0.15,
        "min": 0.001,
        "name": "betaP",
        "raw": "betaP[0.05,0.001,0.15]",
        "tokens": [
          "0.05",
          "0.001",
          "0.15"
        ],
        "value": 0.05
      },
      {
        "max": 2.0,
        "min": -2.0,
        "name": "gammaP",
        "raw": "gammaP[0.03,-2,2.]",