{
  "bin": {
    "cut": "tag_Ele_pt > 40 && abs(tag_sc_eta) < 2.17 && (tag_Ele_q + el_q) == 0 && el_sc_eta >= 0.000000 && el_sc_eta < 1.444200 && el_et >= 35.000000 && el_et < 100.000000",
    "index": 6,
    "name": "bin06_el_sc_eta_0p00To1p44_el_et_35p00To100p00",
    "title": "; 0.000 < el_sc_eta < 1.444; 35.000 < el_et < 100.000",
    "vars": {
      "el_et": {
        "max": 100,
        "min": 35
      },
      "el_sc_eta": {
        "max": 1.4442,
        "min": 0.0
      }
    }
  },
  "created_at_utc": "2026-04-20T13:27:19.615182+00:00",
  "derived": {
    "efficiency": 0.9827290732237222,
    "efficiency_error": 5.305240070400964e-05,
    "nSigF": {
      "error": 201.3843060428335,
      "isConstant": false,
      "max": 98381.108252,
      "min": 0.5,
      "name": "nSigF",
      "value": 64992.199699608296
    },
    "nSigP": {
      "error": 1520.7357201569248,
      "isConstant": false,
      "max": 5592491.647243,
      "min": 0.5,
      "name": "nSigP",
      "value": 3698106.361338652
    }
  },
  "fit_metadata": {
    "bin_index": 6,
    "fail_hist_uses_pass_hist": false,
    "fit_range": {
      "max": 120.0,
      "min": 60.0
    },
    "truth_fail_template_uses_pass_hist": false,
    "truth_template_source": "/eos/home-p/pelai/HZa/root_TnP//hza_elid_gap_2024_sf//DY_MC_LO_2024_hza_elid_gap_2024_sf.root"
  },
  "fit_result": {
    "fail": {
      "covQual": -1,
      "edm": 0.326514280828183,
      "floatParsFinal": [
        {
          "error": 0.011935260993006569,
          "isConstant": false,
          "max": 5.0,
          "min": -5.0,
          "name": "meanF",
          "value": 0.003916969715294982
        },
        {
          "error": 201.3843060428335,
          "isConstant": false,
          "max": 98381.108252,
          "min": 0.5,
          "name": "nSigF",
          "value": 64992.199699608296
        },
        {
          "error": 0.0042000933439577115,
          "isConstant": false,
          "max": 1.5000000051223834,
          "min": 0.40000000136596897,
          "name": "sigmaF",
          "value": 0.4000001117220412
        }
      ],
      "floatParsInit": [
        {
          "error": 0.0,
          "isConstant": false,
          "max": 5.0,
          "min": -5.0,
          "name": "meanF",
          "value": -0.0
        },
        {
          "error": 0.0,
          "isConstant": false,
          "max": 98381.108252,
          "min": 0.5,
          "name": "nSigF",
          "value": 59028.664951
        },
        {
          "error": 0.0,
          "isConstant": false,
          "max": 1.5000000051223834,
          "min": 0.40000000136596897,
          "name": "sigmaF",
          "value": 0.5000000017074612
        }
      ],
      "minNll": -460488.3536139833,
      "numInvalidNLL": 0,
      "status": 160
    },
    "fail_quality": "check",
    "pass": {
      "covQual": -1,
      "edm": 0.8366917660779173,
      "floatParsFinal": [
        {
          "error": 0.001267998865159825,
          "isConstant": false,
          "max": 5.0,
          "min": -5.0,
          "name": "meanP",
          "value": 0.004576213373228555
        },
        {
          "error": 1520.7357201569248,
          "isConstant": false,
          "max": 5592491.647243,
          "min": 0.5,
          "name": "nSigP",
          "value": 3698106.361338652
        },
        {
          "error": 4.6598967224531496e-05,
          "isConstant": false,
          "max": 5.0,
          "min": 0.5,
          "name": "sigmaP",
          "value": 0.5000000017074612
        }
      ],
      "floatParsInit": [
        {
          "error": 0.0,
          "isConstant": false,
          "max": 5.0,
          "min": -5.0,
          "name": "meanP",
          "value": -0.0
        },
        {
          "error": 0.0,
          "isConstant": false,
          "max": 5592491.647243,
          "min": 0.5,
          "name": "nSigP",
          "value": 3355494.988346
        },
        {
          "error": 0.0,
          "isConstant": false,
          "max": 5.0,
          "min": 0.5,
          "name": "sigmaP",
          "value": 0.9
        }
      ],
      "minNll": -41915585.83517973,
      "numInvalidNLL": 0,
      "status": 160
    },
    "pass_quality": "check",
    "root_read_error": null
  },
  "fit_type": "nominalFit",
  "histograms": {
    "fail": {
      "entries": 57901.0,
      "fit_window": {
        "bin1": 11,
        "bin2": 70,
        "max": 120.0,
        "min": 60.0
      },
      "integral_fit_window": 64989.13698846532,
      "integral_fit_window_error": 322.7327039202947,
      "integral_full": 65587.40550141323,
      "integral_full_error": 324.2458845804161,
      "maximum_bin_center": 90.5,
      "maximum_bin_content": 7742.0128450229095,
      "mean": 91.49340021176187,
      "rms": 6.45327164044893
    },
    "pass": {
      "entries": 3302670.0,
      "fit_window": {
        "bin1": 11,
        "bin2": 70,
        "max": 120.0,
        "min": 60.0
      },
      "integral_fit_window": 3698069.320660727,
      "integral_fit_window_error": 2431.7937240452106,
      "integral_full": 3728327.7648289134,
      "integral_full_error": 2441.6895724332835,
      "maximum_bin_center": 90.5,
      "maximum_bin_content": 542374.9140578196,
      "mean": 91.82260143672487,
      "rms": 5.786444040666718
    }
  },
  "sample": {
    "fitOutputBinRoot": "/eos/home-p/pelai/HZa/root_TnP//hza_elid_gap_2024_sf//DY_MC_LO_2024_hza_elid_gap_2024_sf.nominalFit-bin06_el_sc_eta_0p00To1p44_el_et_35p00To100p00.root",
    "fitOutputRoot": "/eos/home-p/pelai/HZa/root_TnP//hza_elid_gap_2024_sf//DY_MC_LO_2024_hza_elid_gap_2024_sf.nominalFit.root",
    "histFile": "/eos/home-p/pelai/HZa/root_TnP//hza_elid_gap_2024_sf//DY_MC_LO_2024_hza_elid_gap_2024_sf.root",
    "isMC": true,
    "mcRefHistFile": "/eos/home-p/pelai/HZa/root_TnP//hza_elid_gap_2024_sf//DY_MC_LO_2024_hza_elid_gap_2024_sf.root",
    "mcTruth": true,
    "name": "DY_MC_LO_2024"
  },
  "workspace": {
    "effective_parsed": [
      {
        "max": 5.0,
        "min": -5.0,
        "name": "meanP",
        "raw": "meanP[-0.0,-5.0,5.0]",
        "tokens": [
          "-0.0",
          "-5.0",
          "5.0"
        ],
        "value": -0.0
      },
      {
        "max": 5.0,
        "min": 0.5,
        "name": "sigmaP",
        "raw": "sigmaP[0.9,0.5,5.0]",
        "tokens": [
          "0.9",
          "0.5",
          "5.0"
        ],
        "value": 0.9
      },
      {
        "max": 5.0,
        "min": -5.0,
        "name": "meanF",
        "raw": "meanF[-0.0,-5.0,5.0]",
        "tokens": [
          "-0.0",
          "-5.0",
          "5.0"
        ],
        "value": -0.0
      },
      {
        "max": 5.0,
        "min": 0.5,
        "name": "sigmaF",
        "raw": "sigmaF[0.9,0.5,5.0]",
        "tokens": [
          "0.9",
          "0.5",
          "5.0"
        ],
        "value": 0.9
      },
      {
        "max": 80.0,
        "min": 50.0,
        "name": "acmsP",
        "raw": "acmsP[60.,50.,80.]",
        "tokens": [
          "60.",
          "50.",
          "80."
        ],
        "value": 60.0
      },
      {
        "max": 0.08,
        "min": 0.01,
        "name": "betaP",
        "raw": "betaP[0.05,0.01,0.08]",
        "tokens": [
          "0.05",
          "0.01",
          "0.08"
        ],
        "value": 0.05
      },
      {
        "max": 2.0,
        "min": -2.0,
        "name": "gammaP",
        "raw": "gammaP[0.1, -2, 2]",
        "tokens": [
          "0.1",
          "-2",
          "2"
        ],
        "value": 0.1
      },
      {
        "max": 90.0,
        "min": 82.0,
        "name": "peakP",
        "raw": "peakP[87.0,82.0,90.0]",
        "tokens": [
          "87.0",
          "82.0",
          "90.0"
        ],
        "value": 87.0
      },
      {
        "max": 80.0,
        "min": 50.0,
        "name": "acmsF",
        "raw": "acmsF[60.,50.,80.]",