{
  "bin": {
    "cut": "tag_Ele_pt > 40 && abs(tag_sc_eta) < 2.17 && (tag_Ele_q + el_q) == 0 && el_sc_eta >= -1.566000 && el_sc_eta < -1.444200 && el_et >= 7.000000 && el_et < 35.000000",
    "index": 0,
    "name": "bin00_el_sc_eta_m1p57Tom1p44_el_et_7p00To35p00",
    "title": "; -1.566 < el_sc_eta < -1.444; 7.000 < el_et < 35.000",
    "vars": {
      "el_et": {
        "max": 35,
        "min": 7
      },
      "el_sc_eta": {
        "max": -1.4442,
        "min": -1.566
      }
    }
  },
  "created_at_utc": "2026-04-22T17:23:12.024028+00:00",
  "derived": {
    "efficiency": 0.9145403727093365,
    "efficiency_error": 0.0008805364955466622,
    "nSigF": {
      "error": 58.492838597624086,
      "isConstant": false,
      "max": 9291.159464,
      "min": 0.5,
      "name": "nSigF",
      "value": 5426.777051396995
    },
    "nSigP": {
      "error": 190.4397712185928,
      "isConstant": false,
      "max": 90451.59685,
      "min": 0.5,
      "name": "nSigP",
      "value": 58074.28448423966
    }
  },
  "fit_metadata": {
    "bin_index": 0,
    "fail_hist_uses_pass_hist": false,
    "fit_range": {
      "max": 120.0,
      "min": 60.0
    },
    "truth_fail_template_uses_pass_hist": false,
    "truth_template_source": "/eos/home-p/pelai/HZa/root_TnP//hza_elid_gap_2024_sf//DY_MC_LO_2024_hza_elid_gap_2024_sf.root"
  },
  "fit_result": {
    "fail": {
      "covQual": -1,
      "edm": 0.0661861071937449,
      "floatParsFinal": [
        {
          "error": 0.0479695656329957,
          "isConstant": false,
          "max": 1.0,
          "min": -5.0,
          "name": "meanF",
          "value": -0.03905279326984257
        },
        {
          "error": 58.492838597624086,
          "isConstant": false,
          "max": 9291.159464,
          "min": 0.5,
          "name": "nSigF",
          "value": 5426.777051396995
        },
        {
          "error": 0.005562780617320656,
          "isConstant": false,
          "max": 1.5000000290473572,
          "min": 0.40000000774596195,
          "name": "sigmaF",
          "value": 0.40000001138286695
        }
      ],
      "floatParsInit": [
        {
          "error": 0.0,
          "isConstant": false,
          "max": 1.0,
          "min": -5.0,
          "name": "meanF",
          "value": -2.0
        },
        {
          "error": 0.0,
          "isConstant": false,
          "max": 9291.159464,
          "min": 0.5,
          "name": "nSigF",
          "value": 5574.695679
        },
        {
          "error": 0.0,
          "isConstant": false,
          "max": 1.5000000290473572,
          "min": 0.40000000774596195,
          "name": "sigmaF",
          "value": 0.8
        }
      ],
      "minNll": -21232.879215344274,
      "numInvalidNLL": 0,
      "status": 160
    },
    "fail_quality": "check",
    "pass": {
      "covQual": -1,
      "edm": 0.03530233933019617,
      "floatParsFinal": [
        {
          "error": 0.021225773937802117,
          "isConstant": false,
          "max": 5.0,
          "min": -5.0,
          "name": "meanP",
          "value": -0.012457642090055288
        },
        {
          "error": 190.4397712185928,
          "isConstant": false,
          "max": 90451.59685,
          "min": 0.5,
          "name": "nSigP",
          "value": 58074.28448423966
        },
        {
          "error": 0.005849648653917905,
          "isConstant": false,
          "max": 3.0,
          "min": 0.5,
          "name": "sigmaP",
          "value": 0.5000000096824524
        }
      ],
      "floatParsInit": [
        {
          "error": 0.0,
          "isConstant": false,
          "max": 5.0,
          "min": -5.0,
          "name": "meanP",
          "value": -0.9
        },
        {
          "error": 0.0,
          "isConstant": false,
          "max": 90451.59685,
          "min": 0.5,
          "name": "nSigP",
          "value": 54270.95811
        },
        {
          "error": 0.0,
          "isConstant": false,
          "max": 3.0,
          "min": 0.5,
          "name": "sigmaP",
          "value": 1.8
        }
      ],
      "minNll": -375412.8010058328,
      "numInvalidNLL": 0,
      "status": 160
    },
    "pass_quality": "check",
    "root_read_error": null
  },
  "fit_type": "nominalFit",
  "histograms": {
    "fail": {
      "entries": 5526.0,
      "fit_window": {
        "bin1": 11,
        "bin2": 70,
        "max": 120.0,
        "min": 60.0
      },
      "integral_fit_window": 5427.31664471057,
      "integral_fit_window_error": 92.78232287105345,
      "integral_full": 6194.106309589699,
      "integral_full_error": 99.17977749782843,
      "maximum_bin_center": 78.5,
      "maximum_bin_content": 213.48409600605902,
      "mean": 77.20790414044387,
      "rms": 12.86691182621567
    },
    "pass": {
      "entries": 53389.0,
      "fit_window": {
        "bin1": 11,
        "bin2": 70,
        "max": 120.0,
        "min": 60.0
      },
      "integral_fit_window": 58074.625209396865,
      "integral_fit_window_error": 304.950076295494,
      "integral_full": 60301.06456681497,
      "integral_full_error": 310.78564077487897,
      "maximum_bin_center": 89.5,
      "maximum_bin_content": 3464.4948199048617,
      "mean": 83.25841477416682,
      "rms": 10.160547452324364
    }
  },
  "sample": {
    "fitOutputBinRoot": "/eos/home-p/pelai/HZa/root_TnP//hza_elid_gap_2024_sf//DY_MC_LO_2024_hza_elid_gap_2024_sf.nominalFit-bin00_el_sc_eta_m1p57Tom1p44_el_et_7p00To35p00.root",
    "fitOutputRoot": "/eos/home-p/pelai/HZa/root_TnP//hza_elid_gap_2024_sf//DY_MC_LO_2024_hza_elid_gap_2024_sf.nominalFit.root",
    "histFile": "/eos/home-p/pelai/HZa/root_TnP//hza_elid_gap_2024_sf//DY_MC_LO_2024_hza_elid_gap_2024_sf.root",
    "isMC": true,
    "mcRefHistFile": "/eos/home-p/pelai/HZa/root_TnP//hza_elid_gap_2024_sf//DY_MC_LO_2024_hza_elid_gap_2024_sf.root",
    "mcTruth": true,
    "name": "DY_MC_LO_2024"
  },
  "workspace": {
    "effective_parsed": [
      {
        "max": 90.0,
        "min": 82.0,
        "name": "peakP",
        "raw": "peakP[87.0,82.0,90.0]",
        "tokens": [
          "87.0",
          "82.0",
          "90.0"
        ],
        "value": 87.0
      },
      {
        "max": 90.0,
        "min": 82.0,
        "name": "peakF",
        "raw": "peakF[87.0,82.0,90.0]",
        "tokens": [
          "87.0",
          "82.0",
          "90.0"
        ],
        "value": 87.0
      },
      {
        "max": 5.0,
        "min": -5.0,
        "name": "meanP",
        "raw": "meanP[-0.9,-5.0,5.0]",
        "tokens": [
          "-0.9",
          "-5.0",
          "5.0"
        ],
        "value": -0.9
      },
      {
        "max": 3.0,
        "min": 0.5,
        "name": "sigmaP",
        "raw": "sigmaP[1.8,0.5,3.0]",
        "tokens": [
          "1.8",
          "0.5",
          "3.0"
        ],
        "value": 1.8
      },
      {
        "max": 1.0,
        "min": -5.0,
        "name": "meanF",
        "raw": "meanF[-2.0,-5.0,1.0]",
        "tokens": [
          "-2.0",
          "-5.0",
          "1.0"
        ],
        "value": -2.0
      },
      {
        "max": 4.5,
        "min": 0.8,
        "name": "sigmaF",
        "raw": "sigmaF[3.0,0.8,4.5]",
        "tokens": [
          "3.0",
          "0.8",
          "4.5"
        ],
        "value": 3.0
      },
      {
        "max": 120.0,
        "min": 25.0,
        "name": "acmsP",
        "raw": "acmsP[80.,25.,120.]",
        "tokens": [
          "80.",
          "25.",
          "120."
        ],
        "value": 80.0
      },
      {
        "max": 0.15,
        "min": 0.001,
        "name": "betaP",
        "raw": "betaP[0.05,0.001,0.15]",
        "tokens": [
          "0.05",
          "0.001",
          "0.15"
        ],
        "value": 0.05
      },
      {
        "max": 2.0,
        "min": -2.0,
        "name": "gammaP",
        "raw": "gammaP[0.05,-2,2.]",
        "tokens": [
          "0.05",
          "-2",
          "2."
        ],