{
  "bin": {
    "cut": "tag_Ele_pt > 40 && abs(tag_sc_eta) < 2.17 && (tag_Ele_q + el_q) == 0 && el_sc_eta >= 1.444200 && el_sc_eta < 1.566000 && el_et >= 35.000000 && el_et < 100.000000",
    "index": 7,
    "name": "bin07_el_sc_eta_1p44To1p57_el_et_35p00To100p00",
    "title": "; 1.444 < el_sc_eta < 1.566; 35.000 < el_et < 100.000",
    "vars": {
      "el_et": {
        "max": 100,
        "min": 35
      },
      "el_sc_eta": {
        "max": 1.566,
        "min": 1.4442
      }
    }
  },
  "created_at_utc": "2026-04-22T14:58:41.983204+00:00",
  "derived": {
    "efficiency": 0.96966259139241,
    "efficiency_error": 0.00036102839714545113,
    "nSigF": {
      "error": 52.242274585270025,
      "isConstant": false,
      "max": 6531.491895,
      "min": 0.5,
      "name": "nSigF",
      "value": 4322.273960220481
    },
    "nSigP": {
      "error": 294.0687443832139,
      "isConstant": false,
      "max": 208971.778398,
      "min": 0.5,
      "name": "nSigP",
      "value": 138151.1329193344
    }
  },
  "fit_metadata": {
    "bin_index": 7,
    "fail_hist_uses_pass_hist": false,
    "fit_range": {
      "max": 120.0,
      "min": 60.0
    },
    "truth_fail_template_uses_pass_hist": false,
    "truth_template_source": "/eos/home-p/pelai/HZa/root_TnP//hza_elid_gap_2024_sf//DY_MC_LO_2024_hza_elid_gap_2024_sf.root"
  },
  "fit_result": {
    "fail": {
      "covQual": -1,
      "edm": 0.012485968234039592,
      "floatParsFinal": [
        {
          "error": 0.04421969277342663,
          "isConstant": false,
          "max": 5.0,
          "min": -5.0,
          "name": "meanF",
          "value": 0.009057190438989338
        },
        {
          "error": 52.242274585270025,
          "isConstant": false,
          "max": 6531.491895,
          "min": 0.5,
          "name": "nSigF",
          "value": 4322.273960220481
        },
        {
          "error": 0.008784563568092013,
          "isConstant": false,
          "max": 1.500007583365091,
          "min": 0.4000020222306909,
          "name": "sigmaF",
          "value": 0.4000020730237864
        }
      ],
      "floatParsInit": [
        {
          "error": 0.0,
          "isConstant": false,
          "max": 5.0,
          "min": -5.0,
          "name": "meanF",
          "value": -0.0
        },
        {
          "error": 0.0,
          "isConstant": false,
          "max": 6531.491895,
          "min": 0.5,
          "name": "nSigF",
          "value": 3918.895137
        },
        {
          "error": 0.0,
          "isConstant": false,
          "max": 1.500007583365091,
          "min": 0.4000020222306909,
          "name": "sigmaF",
          "value": 0.5000025277883636
        }
      ],
      "minNll": -18313.314580628634,
      "numInvalidNLL": 0,
      "status": 160
    },
    "fail_quality": "check",
    "pass": {
      "covQual": -1,
      "edm": 0.0016917936012830793,
      "floatParsFinal": [
        {
          "error": 0.009383698051523837,
          "isConstant": false,
          "max": 5.0,
          "min": -5.0,
          "name": "meanP",
          "value": 0.0045656094788890655
        },
        {
          "error": 294.0687443832139,
          "isConstant": false,
          "max": 208971.778398,
          "min": 0.5,
          "name": "nSigP",
          "value": 138151.1329193344
        },
        {
          "error": 0.003126436134745114,
          "isConstant": false,
          "max": 5.0,
          "min": 0.5,
          "name": "sigmaP",
          "value": 0.5000025277883636
        }
      ],
      "floatParsInit": [
        {
          "error": 0.0,
          "isConstant": false,
          "max": 5.0,
          "min": -5.0,
          "name": "meanP",
          "value": -0.0
        },
        {
          "error": 0.0,
          "isConstant": false,
          "max": 208971.778398,
          "min": 0.5,
          "name": "nSigP",
          "value": 125383.067039
        },
        {
          "error": 0.0,
          "isConstant": false,
          "max": 5.0,
          "min": 0.5,
          "name": "sigmaP",
          "value": 0.9
        }
      ],
      "minNll": -1075262.99839199,
      "numInvalidNLL": 0,
      "status": 160
    },
    "pass_quality": "check",
    "root_read_error": null
  },
  "fit_type": "nominalFit",
  "histograms": {
    "fail": {
      "entries": 3898.0,
      "fit_window": {
        "bin1": 11,
        "bin2": 70,
        "max": 120.0,
        "min": 60.0
      },
      "integral_fit_window": 4322.816630824349,
      "integral_fit_window_error": 82.7376016413272,
      "integral_full": 4354.32792970968,
      "integral_full_error": 83.04428911423703,
      "maximum_bin_center": 89.5,
      "maximum_bin_content": 390.417158387899,
      "mean": 90.71702699802614,
      "rms": 6.834964787065889
    },
    "pass": {
      "entries": 123435.0,
      "fit_window": {
        "bin1": 11,
        "bin2": 70,
        "max": 120.0,
        "min": 60.0
      },
      "integral_fit_window": 138148.78985549673,
      "integral_fit_window_error": 469.7951347765823,
      "integral_full": 139314.5189317334,
      "integral_full_error": 471.7842813096306,
      "maximum_bin_center": 91.5,
      "maximum_bin_content": 13577.45262946156,
      "mean": 91.3908075076932,
      "rms": 6.5233984028183905
    }
  },
  "sample": {
    "fitOutputBinRoot": "/eos/home-p/pelai/HZa/root_TnP//hza_elid_gap_2024_sf//DY_MC_LO_2024_hza_elid_gap_2024_sf.nominalFit-bin07_el_sc_eta_1p44To1p57_el_et_35p00To100p00.root",
    "fitOutputRoot": "/eos/home-p/pelai/HZa/root_TnP//hza_elid_gap_2024_sf//DY_MC_LO_2024_hza_elid_gap_2024_sf.nominalFit.root",
    "histFile": "/eos/home-p/pelai/HZa/root_TnP//hza_elid_gap_2024_sf//DY_MC_LO_2024_hza_elid_gap_2024_sf.root",
    "isMC": true,
    "mcRefHistFile": "/eos/home-p/pelai/HZa/root_TnP//hza_elid_gap_2024_sf//DY_MC_LO_2024_hza_elid_gap_2024_sf.root",
    "mcTruth": true,
    "name": "DY_MC_LO_2024"
  },
  "workspace": {
    "effective_parsed": [
      {
        "max": 5.0,
        "min": -5.0,
        "name": "meanP",
        "raw": "meanP[-0.0,-5.0,5.0]",
        "tokens": [
          "-0.0",
          "-5.0",
          "5.0"
        ],
        "value": -0.0
      },
      {
        "max": 5.0,
        "min": 0.5,
        "name": "sigmaP",
        "raw": "sigmaP[0.9,0.5,5.0]",
        "tokens": [
          "0.9",
          "0.5",
          "5.0"
        ],
        "value": 0.9
      },
      {
        "max": 5.0,
        "min": -5.0,
        "name": "meanF",
        "raw": "meanF[-0.0,-5.0,5.0]",
        "tokens": [
          "-0.0",
          "-5.0",
          "5.0"
        ],
        "value": -0.0
      },
      {
        "max": 5.0,
        "min": 0.5,
        "name": "sigmaF",
        "raw": "sigmaF[0.9,0.5,5.0]",
        "tokens": [
          "0.9",
          "0.5",
          "5.0"
        ],
        "value": 0.9
      },
      {
        "max": 90.0,
        "min": 45.0,
        "name": "acmsP",
        "raw": "acmsP[65.,45.,90.]",
        "tokens": [
          "65.",
          "45.",
          "90."
        ],
        "value": 65.0
      },
      {
        "max": 0.1,
        "min": 0.005,
        "name": "betaP",
        "raw": "betaP[0.05,0.005,0.10]",
        "tokens": [
          "0.05",
          "0.005",
          "0.10"
        ],
        "value": 0.05
      },
      {
        "max": 2.0,
        "min": -2.0,
        "name": "gammaP",
        "raw": "gammaP[0.1, -2, 2]",
        "tokens": [
          "0.1",
          "-2",
          "2"
        ],
        "value": 0.1
      },
      {
        "max": 90.0,
        "min": 82.0,
        "name": "peakP",
        "raw": "peakP[87.0,82.0,90.0]",
        "tokens": [
          "87.0",
          "82.0",
          "90.0"
        ],
        "value": 87.0
      },
      {
        "max": 90.0,
        "min": 45.0,
        "name": "acmsF",
        "raw": "acmsF[65.,45.,90.]",
        "tokens": [
          "65.",
          "45.",
          "90."
        ],