{
  "bin": {
    "cut": "tag_Ele_pt > 40 && abs(tag_sc_eta) < 2.17 && (tag_Ele_q + el_q) == 0 && el_sc_eta >= -1.444200 && el_sc_eta < 0.000000 && el_et >= 35.000000 && el_et < 100.000000",
    "index": 5,
    "name": "bin05_el_sc_eta_m1p44To0p00_el_et_35p00To100p00",
    "title": "; -1.444 < el_sc_eta < 0.000; 35.000 < el_et < 100.000",
    "vars": {
      "el_et": {
        "max": 100,
        "min": 35
      },
      "el_sc_eta": {
        "max": 0.0,
        "min": -1.4442
      }
    }
  },
  "created_at_utc": "2026-04-20T13:27:19.615394+00:00",
  "derived": {
    "efficiency": 0.9812343800275773,
    "efficiency_error": 5.640680474106694e-05,
    "nSigF": {
      "error": 207.08351118470455,
      "isConstant": false,
      "max": 103184.032429,
      "min": 0.5,
      "name": "nSigF",
      "value": 68240.62541953228
    },
    "nSigP": {
      "error": 1493.7058118483983,
      "isConstant": false,
      "max": 5396082.863673,
      "min": 0.5,
      "name": "nSigP",
      "value": 3568229.9798584483
    }
  },
  "fit_metadata": {
    "bin_index": 5,
    "fail_hist_uses_pass_hist": false,
    "fit_range": {
      "max": 120.0,
      "min": 60.0
    },
    "truth_fail_template_uses_pass_hist": false,
    "truth_template_source": "/eos/home-p/pelai/HZa/root_TnP//hza_elid_gap_2024_sf//DY_MC_LO_2024_hza_elid_gap_2024_sf.root"
  },
  "fit_result": {
    "fail": {
      "covQual": -1,
      "edm": 0.9185044009441881,
      "floatParsFinal": [
        {
          "error": 0.011696224390903787,
          "isConstant": false,
          "max": 5.0,
          "min": -5.0,
          "name": "meanF",
          "value": 0.0030939810200178997
        },
        {
          "error": 207.08351118470455,
          "isConstant": false,
          "max": 103184.032429,
          "min": 0.5,
          "name": "nSigF",
          "value": 68240.62541953228
        },
        {
          "error": 0.0041109283804862395,
          "isConstant": false,
          "max": 1.500000022170213,
          "min": 0.4000000059120568,
          "name": "sigmaF",
          "value": 0.4000000282369048
        }
      ],
      "floatParsInit": [
        {
          "error": 0.0,
          "isConstant": false,
          "max": 5.0,
          "min": -5.0,
          "name": "meanF",
          "value": -0.0
        },
        {
          "error": 0.0,
          "isConstant": false,
          "max": 103184.032429,
          "min": 0.5,
          "name": "nSigF",
          "value": 61910.419458
        },
        {
          "error": 0.0,
          "isConstant": false,
          "max": 1.500000022170213,
          "min": 0.4000000059120568,
          "name": "sigmaF",
          "value": 0.500000007390071
        }
      ],
      "minNll": -486804.87325639796,
      "numInvalidNLL": 0,
      "status": 160
    },
    "fail_quality": "check",
    "pass": {
      "covQual": -1,
      "edm": 0.1752557090501837,
      "floatParsFinal": [
        {
          "error": 0.0012936643256376001,
          "isConstant": false,
          "max": 5.0,
          "min": -5.0,
          "name": "meanP",
          "value": 0.00471455255596176
        },
        {
          "error": 1493.7058118483983,
          "isConstant": false,
          "max": 5396082.863673,
          "min": 0.5,
          "name": "nSigP",
          "value": 3568229.9798584483
        },
        {
          "error": 4.902202926621024e-05,
          "isConstant": false,
          "max": 5.0,
          "min": 0.5,
          "name": "sigmaP",
          "value": 0.500000007390071
        }
      ],
      "floatParsInit": [
        {
          "error": 0.0,
          "isConstant": false,
          "max": 5.0,
          "min": -5.0,
          "name": "meanP",
          "value": -0.0
        },
        {
          "error": 0.0,
          "isConstant": false,
          "max": 5396082.863673,
          "min": 0.5,
          "name": "nSigP",
          "value": 3237649.718204
        },
        {
          "error": 0.0,
          "isConstant": false,
          "max": 5.0,
          "min": 0.5,
          "name": "sigmaP",
          "value": 0.9
        }
      ],
      "minNll": -40308343.6910131,
      "numInvalidNLL": 0,
      "status": 160
    },
    "pass_quality": "check",
    "root_read_error": null
  },
  "fit_type": "nominalFit",
  "histograms": {
    "fail": {
      "entries": 61105.0,
      "fit_window": {
        "bin1": 11,
        "bin2": 70,
        "max": 120.0,
        "min": 60.0
      },
      "integral_fit_window": 68237.96149626048,
      "integral_fit_window_error": 329.53687788351755,
      "integral_full": 68789.35495298225,
      "integral_full_error": 330.90022488007116,
      "maximum_bin_center": 90.5,
      "maximum_bin_content": 8179.426895612782,
      "mean": 91.4151208027334,
      "rms": 6.387536574085227
    },
    "pass": {
      "entries": 3187316.0,
      "fit_window": {
        "bin1": 11,
        "bin2": 70,
        "max": 120.0,
        "min": 60.0
      },
      "integral_fit_window": 3568183.8188028615,
      "integral_fit_window_error": 2388.8514972982707,
      "integral_full": 3597388.5757818595,
      "integral_full_error": 2398.5634116815363,
      "maximum_bin_center": 90.5,
      "maximum_bin_content": 523710.07367132464,
      "mean": 91.80950510972917,
      "rms": 5.80069326338866
    }
  },
  "sample": {
    "fitOutputBinRoot": "/eos/home-p/pelai/HZa/root_TnP//hza_elid_gap_2024_sf//DY_MC_LO_2024_hza_elid_gap_2024_sf.nominalFit-bin05_el_sc_eta_m1p44To0p00_el_et_35p00To100p00.root",
    "fitOutputRoot": "/eos/home-p/pelai/HZa/root_TnP//hza_elid_gap_2024_sf//DY_MC_LO_2024_hza_elid_gap_2024_sf.nominalFit.root",
    "histFile": "/eos/home-p/pelai/HZa/root_TnP//hza_elid_gap_2024_sf//DY_MC_LO_2024_hza_elid_gap_2024_sf.root",
    "isMC": true,
    "mcRefHistFile": "/eos/home-p/pelai/HZa/root_TnP//hza_elid_gap_2024_sf//DY_MC_LO_2024_hza_elid_gap_2024_sf.root",
    "mcTruth": true,
    "name": "DY_MC_LO_2024"
  },
  "workspace": {
    "effective_parsed": [
      {
        "max": 5.0,
        "min": -5.0,
        "name": "meanP",
        "raw": "meanP[-0.0,-5.0,5.0]",
        "tokens": [
          "-0.0",
          "-5.0",
          "5.0"
        ],
        "value": -0.0
      },
      {
        "max": 5.0,
        "min": 0.5,
        "name": "sigmaP",
        "raw": "sigmaP[0.9,0.5,5.0]",
        "tokens": [
          "0.9",
          "0.5",
          "5.0"
        ],
        "value": 0.9
      },
      {
        "max": 5.0,
        "min": -5.0,
        "name": "meanF",
        "raw": "meanF[-0.0,-5.0,5.0]",
        "tokens": [
          "-0.0",
          "-5.0",
          "5.0"
        ],
        "value": -0.0
      },
      {
        "max": 5.0,
        "min": 0.5,
        "name": "sigmaF",
        "raw": "sigmaF[0.9,0.5,5.0]",
        "tokens": [
          "0.9",
          "0.5",
          "5.0"
        ],
        "value": 0.9
      },
      {
        "max": 80.0,
        "min": 50.0,
        "name": "acmsP",
        "raw": "acmsP[60.,50.,80.]",
        "tokens": [
          "60.",
          "50.",
          "80."
        ],
        "value": 60.0
      },
      {
        "max": 0.08,
        "min": 0.01,
        "name": "betaP",
        "raw": "betaP[0.05,0.01,0.08]",
        "tokens": [
          "0.05",
          "0.01",
          "0.08"
        ],
        "value": 0.05
      },
      {
        "max": 2.0,
        "min": -2.0,
        "name": "gammaP",
        "raw": "gammaP[0.1, -2, 2]",
        "tokens": [
          "0.1",
          "-2",
          "2"
        ],
        "value": 0.1
      },
      {
        "max": 90.0,
        "min": 82.0,
        "name": "peakP",
        "raw": "peakP[87.0,82.0,90.0]",
        "tokens": [
          "87.0",
          "82.0",
          "90.0"
        ],
        "value": 87.0
      },
      {
        "max": 80.0,
        "min": 50.0,
        "name": "acmsF",
        "raw": "acmsF[60.,50.,80.]",