{
  "bin": {
    "cut": "tag_Ele_pt > 40 && abs(tag_sc_eta) < 2.17 && (tag_Ele_q + el_q) == 0 && el_sc_eta >= 0.000000 && el_sc_eta < 1.444200 && el_et >= 7.000000 && el_et < 35.000000",
    "index": 2,
    "name": "bin02_el_sc_eta_0p00To1p44_el_et_7p00To35p00",
    "title": "; 0.000 < el_sc_eta < 1.444; 7.000 < el_et < 35.000",
    "vars": {
      "el_et": {
        "max": 35,
        "min": 7
      },
      "el_sc_eta": {
        "max": 1.4442,
        "min": 0.0
      }
    }
  },
  "created_at_utc": "2026-07-10T17:46:01.630223+00:00",
  "derived": {
    "efficiency": 0.9317606511127584,
    "efficiency_error": 2.1629328442676266e-06,
    "nSigF": {
      "error": 30453.85264146328,
      "isConstant": false,
      "max": 1487140897.196045,
      "min": 0.5,
      "name": "nSigF",
      "value": 927440919.1880963
    },
    "nSigP": {
      "error": 112532.20638847351,
      "isConstant": false,
      "max": 19323858990.661377,
      "min": 0.5,
      "name": "nSigP",
      "value": 12663558032.46656
    }
  },
  "fit_metadata": {
    "bin_index": 2,
    "fail_hist_uses_pass_hist": false,
    "fit_range": {
      "max": 120.0,
      "min": 60.0
    },
    "truth_fail_template_uses_pass_hist": false,
    "truth_template_source": "/eos/cms/store/group/phys_susy/NPS-25-014/root_TnP_local//hza_elid_gap_2024_sf//DY_MC_LO_2024_hza_elid_gap_2024_sf.root"
  },
  "fit_result": {
    "fail": {
      "covQual": -1,
      "edm": 7.649768833344515e-06,
      "floatParsFinal": [
        {
          "error": 0.00018899771801850207,
          "isConstant": false,
          "max": 1.0,
          "min": -5.0,
          "name": "meanF",
          "value": -0.04597488266612526
        },
        {
          "error": 30453.85264146328,
          "isConstant": false,
          "max": 1487140897.196045,
          "min": 0.5,
          "name": "nSigF",
          "value": 927440919.1880963
        },
        {
          "error": 2.3308496066576367e-07,
          "isConstant": false,
          "max": 4.5,
          "min": 1.0,
          "name": "sigmaF",
          "value": 1.000000000000292
        }
      ],
      "floatParsInit": [
        {
          "error": 0.0,
          "isConstant": false,
          "max": 1.0,
          "min": -5.0,
          "name": "meanF",
          "value": -1.2
        },
        {
          "error": 0.0,
          "isConstant": false,
          "max": 1487140897.196045,
          "min": 0.5,
          "name": "nSigF",
          "value": 892284538.317627
        },
        {
          "error": 0.0,
          "isConstant": false,
          "max": 4.5,
          "min": 1.0,
          "name": "sigmaF",
          "value": 3.0
        }
      ],
      "minNll": -14975403579.418694,
      "numInvalidNLL": 0,
      "status": 270
    },
    "fail_quality": "check",
    "pass": {
      "covQual": -1,
      "edm": 1.3677907838984236e-07,
      "floatParsFinal": [
        {
          "error": 3.410944793591497e-05,
          "isConstant": false,
          "max": 5.0,
          "min": -5.0,
          "name": "meanP",
          "value": -0.007250285770285636
        },
        {
          "error": 112532.20638847351,
          "isConstant": false,
          "max": 19323858990.661377,
          "min": 0.5,
          "name": "nSigP",
          "value": 12663558032.46656
        },
        {
          "error": 4.019213040162839e-08,
          "isConstant": false,
          "max": 2.5,
          "min": 0.5,
          "name": "sigmaP",
          "value": 0.5000000000000001
        }
      ],
      "floatParsInit": [
        {
          "error": 0.0,
          "isConstant": false,
          "max": 5.0,
          "min": -5.0,
          "name": "meanP",
          "value": -0.5
        },
        {
          "error": 0.0,
          "isConstant": false,
          "max": 19323858990.661377,
          "min": 0.5,
          "name": "nSigP",
          "value": 11594315394.396826
        },
        {
          "error": 0.0,
          "isConstant": false,
          "max": 2.5,
          "min": 0.5,
          "name": "sigmaP",
          "value": 1.4
        }
      ],
      "minNll": -242389749731.8848,
      "numInvalidNLL": 0,
      "status": 240
    },
    "pass_quality": "check",
    "root_read_error": null
  },
  "fit_type": "nominalFit",
  "histograms": {
    "fail": {
      "entries": 73394.0,
      "fit_window": {
        "bin1": 11,
        "bin2": 70,
        "max": 120.0,
        "min": 60.0
      },
      "integral_fit_window": 927440922.0383301,
      "integral_fit_window_error": 4145157.3586123786,
      "integral_full": 991427264.7973633,
      "integral_full_error": 4283628.42655846,
      "maximum_bin_center": 90.5,
      "maximum_bin_content": 69866248.36499023,
      "mean": 83.142442776188,
      "rms": 11.697754176323981
    },
    "pass": {
      "entries": 988449.0,
      "fit_window": {
        "bin1": 11,
        "bin2": 70,
        "max": 120.0,
        "min": 60.0
      },
      "integral_fit_window": 12663558020.398682,
      "integral_fit_window_error": 14990415.837096557,
      "integral_full": 12882572660.440918,
      "integral_full_error": 15118187.526285106,
      "maximum_bin_center": 90.5,
      "maximum_bin_content": 1471449126.3825684,
      "mean": 87.62808895871589,
      "rms": 8.041347346823352
    }
  },
  "sample": {
    "fitOutputBinRoot": "/eos/cms/store/group/phys_susy/NPS-25-014/root_TnP_local//hza_elid_gap_2024_sf//DY_MC_LO_2024_hza_elid_gap_2024_sf.nominalFit-bin02_el_sc_eta_0p00To1p44_el_et_7p00To35p00.root",
    "fitOutputRoot": "/eos/cms/store/group/phys_susy/NPS-25-014/root_TnP_local//hza_elid_gap_2024_sf//DY_MC_LO_2024_hza_elid_gap_2024_sf.nominalFit.root",
    "histFile": "/eos/cms/store/group/phys_susy/NPS-25-014/root_TnP_local//hza_elid_gap_2024_sf//DY_MC_LO_2024_hza_elid_gap_2024_sf.root",
    "isMC": true,
    "mcRefHistFile": "/eos/cms/store/group/phys_susy/NPS-25-014/root_TnP_local//hza_elid_gap_2024_sf//DY_MC_LO_2024_hza_elid_gap_2024_sf.root",
    "mcTruth": true,
    "name": "DY_MC_LO_2024"
  },
  "workspace": {
    "effective_parsed": [
      {
        "max": 90.0,
        "min": 45.0,
        "name": "acmsP",
        "raw": "acmsP[65.,45.,90.]",
        "tokens": [
          "65.",
          "45.",
          "90."
        ],
        "value": 65.0
      },
      {
        "max": 0.1,
        "min": 0.005,
        "name": "betaP",
        "raw": "betaP[0.05,0.005,0.10]",
        "tokens": [
          "0.05",
          "0.005",
          "0.10"
        ],
        "value": 0.05
      },
      {
        "max": 2.0,
        "min": -2.0,
        "name": "gammaP",
        "raw": "gammaP[0.1, -2, 2]",
        "tokens": [
          "0.1",
          "-2",
          "2"
        ],
        "value": 0.1
      },
      {
        "max": 90.0,
        "min": 82.0,
        "name": "peakP",
        "raw": "peakP[87.0,82.0,90.0]",
        "tokens": [
          "87.0",
          "82.0",
          "90.0"
        ],
        "value": 87.0
      },
      {
        "max": 90.0,
        "min": 82.0,
        "name": "peakF",
        "raw": "peakF[87.0,82.0,90.0]",
        "tokens": [
          "87.0",
          "82.0",
          "90.0"
        ],
        "value": 87.0
      },
      {
        "max": 5.0,
        "min": -5.0,
        "name": "meanP",
        "raw": "meanP[-0.5,-5.0,5.0]",
        "tokens": [
          "-0.5",
          "-5.0",
          "5.0"
        ],
        "value": -0.5
      },
      {
        "max": 2.5,
        "min": 0.5,
        "name": "sigmaP",
        "raw": "sigmaP[1.4,0.5,2.5]",
        "tokens": [
          "1.4",
          "0.5",
          "2.5"
        ],
        "value": 1.4
      },
      {
        "max": 1.0,
        "min": -5.0,
        "name": "meanF",
        "raw": "meanF[-1.2,-5.0,1.0]",
        "tokens": [
          "-1.2",
          "-5.0",
          "1.0"
        ],
        "value": -1.2
      },
      {
        "max": 4.5,
        "min": 1.0,
        "name": "sigmaF",