{
  "bin": {
    "cut": "tag_Ele_pt > 40 && abs(tag_sc_eta) < 2.17 && (tag_Ele_q + el_q) == 0 && el_sc_eta >= 0.000000 && el_sc_eta < 1.444200 && el_et >= 35.000000 && el_et < 100.000000",
    "index": 6,
    "name": "bin06_el_sc_eta_0p00To1p44_el_et_35p00To100p00",
    "title": "; 0.000 < el_sc_eta < 1.444; 35.000 < el_et < 100.000",
    "vars": {
      "el_et": {
        "max": 100,
        "min": 35
      },
      "el_sc_eta": {
        "max": 1.4442,
        "min": 0.0
      }
    }
  },
  "created_at_utc": "2026-04-22T14:58:42.152790+00:00",
  "derived": {
    "efficiency": 0.9827286561890339,
    "efficiency_error": 5.3053810347344967e-05,
    "nSigF": {
      "error": 201.3870635740568,
      "isConstant": false,
      "max": 98381.108252,
      "min": 0.5,
      "name": "nSigF",
      "value": 64992.89751572531
    },
    "nSigP": {
      "error": 1520.7097343567293,
      "isConstant": false,
      "max": 5592491.647243,
      "min": 0.5,
      "name": "nSigP",
      "value": 3698055.2026824583
    }
  },
  "fit_metadata": {
    "bin_index": 6,
    "fail_hist_uses_pass_hist": false,
    "fit_range": {
      "max": 120.0,
      "min": 60.0
    },
    "truth_fail_template_uses_pass_hist": false,
    "truth_template_source": "/eos/home-p/pelai/HZa/root_TnP//hza_elid_gap_2024_sf//DY_MC_LO_2024_hza_elid_gap_2024_sf.root"
  },
  "fit_result": {
    "fail": {
      "covQual": -1,
      "edm": 0.31338006126640827,
      "floatParsFinal": [
        {
          "error": 0.011930425843565517,
          "isConstant": false,
          "max": 2.0,
          "min": -3.0,
          "name": "meanF",
          "value": 0.004109319855240656
        },
        {
          "error": 201.3870635740568,
          "isConstant": false,
          "max": 98381.108252,
          "min": 0.5,
          "name": "nSigF",
          "value": 64992.89751572531
        },
        {
          "error": 0.0042005013412192704,
          "isConstant": false,
          "max": 1.50000000056236,
          "min": 0.4000000001499626,
          "name": "sigmaF",
          "value": 0.40000736436602574
        }
      ],
      "floatParsInit": [
        {
          "error": 0.0,
          "isConstant": false,
          "max": 2.0,
          "min": -3.0,
          "name": "meanF",
          "value": -0.2
        },
        {
          "error": 0.0,
          "isConstant": false,
          "max": 98381.108252,
          "min": 0.5,
          "name": "nSigF",
          "value": 59028.664951
        },
        {
          "error": 0.0,
          "isConstant": false,
          "max": 1.50000000056236,
          "min": 0.4000000001499626,
          "name": "sigmaF",
          "value": 0.5000000001874533
        }
      ],
      "minNll": -460488.3668516133,
      "numInvalidNLL": 0,
      "status": 160
    },
    "fail_quality": "check",
    "pass": {
      "covQual": -1,
      "edm": 0.8612136155482168,
      "floatParsFinal": [
        {
          "error": 0.0012679988169739254,
          "isConstant": false,
          "max": 5.0,
          "min": -5.0,
          "name": "meanP",
          "value": 0.0046002315494488855
        },
        {
          "error": 1520.7097343567293,
          "isConstant": false,
          "max": 5592491.647243,
          "min": 0.5,
          "name": "nSigP",
          "value": 3698055.2026824583
        },
        {
          "error": 4.6600492370707514e-05,
          "isConstant": false,
          "max": 2.0,
          "min": 0.5,
          "name": "sigmaP",
          "value": 0.5000000001874533
        }
      ],
      "floatParsInit": [
        {
          "error": 0.0,
          "isConstant": false,
          "max": 5.0,
          "min": -5.0,
          "name": "meanP",
          "value": -0.2
        },
        {
          "error": 0.0,
          "isConstant": false,
          "max": 5592491.647243,
          "min": 0.5,
          "name": "nSigP",
          "value": 3355494.988346
        },
        {
          "error": 0.0,
          "isConstant": false,
          "max": 2.0,
          "min": 0.5,
          "name": "sigmaP",
          "value": 1.1
        }
      ],
      "minNll": -41915585.835580595,
      "numInvalidNLL": 0,
      "status": 180
    },
    "pass_quality": "check",
    "root_read_error": null
  },
  "fit_type": "nominalFit",
  "histograms": {
    "fail": {
      "entries": 57901.0,
      "fit_window": {
        "bin1": 11,
        "bin2": 70,
        "max": 120.0,
        "min": 60.0
      },
      "integral_fit_window": 64989.13698846532,
      "integral_fit_window_error": 322.7327039202947,
      "integral_full": 65587.40550141323,
      "integral_full_error": 324.2458845804161,
      "maximum_bin_center": 90.5,
      "maximum_bin_content": 7742.0128450229095,
      "mean": 91.49340021176187,
      "rms": 6.45327164044893
    },
    "pass": {
      "entries": 3302670.0,
      "fit_window": {
        "bin1": 11,
        "bin2": 70,
        "max": 120.0,
        "min": 60.0
      },
      "integral_fit_window": 3698069.320660727,
      "integral_fit_window_error": 2431.7937240452106,
      "integral_full": 3728327.7648289134,
      "integral_full_error": 2441.6895724332835,
      "maximum_bin_center": 90.5,
      "maximum_bin_content": 542374.9140578196,
      "mean": 91.82260143672487,
      "rms": 5.786444040666718
    }
  },
  "sample": {
    "fitOutputBinRoot": "/eos/home-p/pelai/HZa/root_TnP//hza_elid_gap_2024_sf//DY_MC_LO_2024_hza_elid_gap_2024_sf.nominalFit-bin06_el_sc_eta_0p00To1p44_el_et_35p00To100p00.root",
    "fitOutputRoot": "/eos/home-p/pelai/HZa/root_TnP//hza_elid_gap_2024_sf//DY_MC_LO_2024_hza_elid_gap_2024_sf.nominalFit.root",
    "histFile": "/eos/home-p/pelai/HZa/root_TnP//hza_elid_gap_2024_sf//DY_MC_LO_2024_hza_elid_gap_2024_sf.root",
    "isMC": true,
    "mcRefHistFile": "/eos/home-p/pelai/HZa/root_TnP//hza_elid_gap_2024_sf//DY_MC_LO_2024_hza_elid_gap_2024_sf.root",
    "mcTruth": true,
    "name": "DY_MC_LO_2024"
  },
  "workspace": {
    "effective_parsed": [
      {
        "max": 90.0,
        "min": 82.0,
        "name": "peakP",
        "raw": "peakP[87.0,82.0,90.0]",
        "tokens": [
          "87.0",
          "82.0",
          "90.0"
        ],
        "value": 87.0
      },
      {
        "max": 90.0,
        "min": 82.0,
        "name": "peakF",
        "raw": "peakF[87.0,82.0,90.0]",
        "tokens": [
          "87.0",
          "82.0",
          "90.0"
        ],
        "value": 87.0
      },
      {
        "max": 5.0,
        "min": -5.0,
        "name": "meanP",
        "raw": "meanP[-0.2,-5.0,5.0]",
        "tokens": [
          "-0.2",
          "-5.0",
          "5.0"
        ],
        "value": -0.2
      },
      {
        "max": 2.0,
        "min": 0.5,
        "name": "sigmaP",
        "raw": "sigmaP[1.1,0.5,2.0]",
        "tokens": [
          "1.1",
          "0.5",
          "2.0"
        ],
        "value": 1.1
      },
      {
        "max": 2.0,
        "min": -3.0,
        "name": "meanF",
        "raw": "meanF[-0.2,-3.0,2.0]",
        "tokens": [
          "-0.2",
          "-3.0",
          "2.0"
        ],
        "value": -0.2
      },
      {
        "max": 3.5,
        "min": 0.5,
        "name": "sigmaF",
        "raw": "sigmaF[2.0,0.5,3.5]",
        "tokens": [
          "2.0",
          "0.5",
          "3.5"
        ],
        "value": 2.0
      },
      {
        "max": 120.0,
        "min": 25.0,
        "name": "acmsP",
        "raw": "acmsP[80.,25.,120.]",
        "tokens": [
          "80.",
          "25.",
          "120."
        ],
        "value": 80.0
      },
      {
        "max": 0.15,
        "min": 0.001,
        "name": "betaP",
        "raw": "betaP[0.05,0.001,0.15]",
        "tokens": [
          "0.05",
          "0.001",
          "0.15"
        ],
        "value": 0.05
      },
      {
        "max": 2.0,
        "min": -2.0,
        "name": "gammaP",
        "raw": "gammaP[0.03,-2,2.]",