{
  "bin": {
    "cut": "tag_Ele_pt > 40 && abs(tag_sc_eta) < 2.17 && (tag_Ele_q + el_q) == 0 && el_sc_eta >= -1.444200 && el_sc_eta < 0.000000 && el_et >= 7.000000 && el_et < 35.000000",
    "index": 1,
    "name": "bin01_el_sc_eta_m1p44To0p00_el_et_7p00To35p00",
    "title": "; -1.444 < el_sc_eta < 0.000; 7.000 < el_et < 35.000",
    "vars": {
      "el_et": {
        "max": 35,
        "min": 7
      },
      "el_sc_eta": {
        "max": 0.0,
        "min": -1.4442
      }
    }
  },
  "created_at_utc": "2026-04-22T17:23:12.723568+00:00",
  "derived": {
    "efficiency": 0.9318687414690732,
    "efficiency_error": 0.00018246810413946032,
    "nSigF": {
      "error": 225.5097284625008,
      "isConstant": false,
      "max": 130568.859125,
      "min": 0.5,
      "name": "nSigF",
      "value": 81281.81809291475
    },
    "nSigP": {
      "error": 833.7613724922994,
      "isConstant": false,
      "max": 1697334.115481,
      "min": 0.5,
      "name": "nSigP",
      "value": 1111736.1863524094
    }
  },
  "fit_metadata": {
    "bin_index": 1,
    "fail_hist_uses_pass_hist": false,
    "fit_range": {
      "max": 120.0,
      "min": 60.0
    },
    "truth_fail_template_uses_pass_hist": false,
    "truth_template_source": "/eos/home-p/pelai/HZa/root_TnP//hza_elid_gap_2024_sf//DY_MC_LO_2024_hza_elid_gap_2024_sf.root"
  },
  "fit_result": {
    "fail": {
      "covQual": -1,
      "edm": 0.010982764262013224,
      "floatParsFinal": [
        {
          "error": 0.015133895586634694,
          "isConstant": false,
          "max": 1.0,
          "min": -5.0,
          "name": "meanF",
          "value": -0.005458029947164711
        },
        {
          "error": 225.5097284625008,
          "isConstant": false,
          "max": 130568.859125,
          "min": 0.5,
          "name": "nSigF",
          "value": 81281.81809291475
        },
        {
          "error": 0.00554630664952635,
          "isConstant": false,
          "max": 1.5000000335746342,
          "min": 0.4000000089532358,
          "name": "sigmaF",
          "value": 0.4000129999810976
        }
      ],
      "floatParsInit": [
        {
          "error": 0.0,
          "isConstant": false,
          "max": 1.0,
          "min": -5.0,
          "name": "meanF",
          "value": -1.0
        },
        {
          "error": 0.0,
          "isConstant": false,
          "max": 130568.859125,
          "min": 0.5,
          "name": "nSigF",
          "value": 78341.315475
        },
        {
          "error": 0.0,
          "isConstant": false,
          "max": 1.5000000335746342,
          "min": 0.4000000089532358,
          "name": "sigmaF",
          "value": 1.0
        }
      ],
      "minNll": -552918.5967109589,
      "numInvalidNLL": 0,
      "status": 160
    },
    "fail_quality": "check",
    "pass": {
      "covQual": -1,
      "edm": 0.25881713365672465,
      "floatParsFinal": [
        {
          "error": 0.002873494418454303,
          "isConstant": false,
          "max": 5.0,
          "min": -5.0,
          "name": "meanP",
          "value": -0.00796223074580027
        },
        {
          "error": 833.7613724922994,
          "isConstant": false,
          "max": 1697334.115481,
          "min": 0.5,
          "name": "nSigP",
          "value": 1111736.1863524094
        },
        {
          "error": 0.00029059126682112746,
          "isConstant": false,
          "max": 5.0,
          "min": 0.5,
          "name": "sigmaP",
          "value": 0.5000000111915447
        }
      ],
      "floatParsInit": [
        {
          "error": 0.0,
          "isConstant": false,
          "max": 5.0,
          "min": -5.0,
          "name": "meanP",
          "value": -0.0
        },
        {
          "error": 0.0,
          "isConstant": false,
          "max": 1697334.115481,
          "min": 0.5,
          "name": "nSigP",
          "value": 1018400.469288
        },
        {
          "error": 0.0,
          "isConstant": false,
          "max": 5.0,
          "min": 0.5,
          "name": "sigmaP",
          "value": 0.9
        }
      ],
      "minNll": -10891553.371238135,
      "numInvalidNLL": 0,
      "status": 160
    },
    "pass_quality": "check",
    "root_read_error": null
  },
  "fit_type": "nominalFit",
  "histograms": {
    "fail": {
      "entries": 76991.0,
      "fit_window": {
        "bin1": 11,
        "bin2": 70,
        "max": 120.0,
        "min": 60.0
      },
      "integral_fit_window": 81285.03810728798,
      "integral_fit_window_error": 360.4354214354644,
      "integral_full": 87045.90608331797,
      "integral_full_error": 372.84617823749795,
      "maximum_bin_center": 90.5,
      "maximum_bin_content": 6135.150891630698,
      "mean": 82.97579276830248,
      "rms": 11.754672133663775
    },
    "pass": {
      "entries": 1002324.0,
      "fit_window": {
        "bin1": 11,
        "bin2": 70,
        "max": 120.0,
        "min": 60.0
      },
      "integral_fit_window": 1111700.7005014266,
      "integral_fit_window_error": 1333.408548385197,
      "integral_full": 1131556.0769871497,
      "integral_full_error": 1345.2896748576406,
      "maximum_bin_center": 90.5,
      "maximum_bin_content": 129702.09608588165,
      "mean": 87.56915625090966,
      "rms": 8.09660472945959
    }
  },
  "sample": {
    "fitOutputBinRoot": "/eos/home-p/pelai/HZa/root_TnP//hza_elid_gap_2024_sf//DY_MC_LO_2024_hza_elid_gap_2024_sf.nominalFit-bin01_el_sc_eta_m1p44To0p00_el_et_7p00To35p00.root",
    "fitOutputRoot": "/eos/home-p/pelai/HZa/root_TnP//hza_elid_gap_2024_sf//DY_MC_LO_2024_hza_elid_gap_2024_sf.nominalFit.root",
    "histFile": "/eos/home-p/pelai/HZa/root_TnP//hza_elid_gap_2024_sf//DY_MC_LO_2024_hza_elid_gap_2024_sf.root",
    "isMC": true,
    "mcRefHistFile": "/eos/home-p/pelai/HZa/root_TnP//hza_elid_gap_2024_sf//DY_MC_LO_2024_hza_elid_gap_2024_sf.root",
    "mcTruth": true,
    "name": "DY_MC_LO_2024"
  },
  "workspace": {
    "effective_parsed": [
      {
        "max": 5.0,
        "min": -5.0,
        "name": "meanP",
        "raw": "meanP[-0.0,-5.0,5.0]",
        "tokens": [
          "-0.0",
          "-5.0",
          "5.0"
        ],
        "value": -0.0
      },
      {
        "max": 5.0,
        "min": 0.5,
        "name": "sigmaP",
        "raw": "sigmaP[0.9,0.5,5.0]",
        "tokens": [
          "0.9",
          "0.5",
          "5.0"
        ],
        "value": 0.9
      },
      {
        "max": 90.0,
        "min": 45.0,
        "name": "acmsP",
        "raw": "acmsP[65.,45.,90.]",
        "tokens": [
          "65.",
          "45.",
          "90."
        ],
        "value": 65.0
      },
      {
        "max": 0.1,
        "min": 0.005,
        "name": "betaP",
        "raw": "betaP[0.05,0.005,0.10]",
        "tokens": [
          "0.05",
          "0.005",
          "0.10"
        ],
        "value": 0.05
      },
      {
        "max": 2.0,
        "min": -2.0,
        "name": "gammaP",
        "raw": "gammaP[0.1, -2, 2]",
        "tokens": [
          "0.1",
          "-2",
          "2"
        ],
        "value": 0.1
      },
      {
        "max": 90.0,
        "min": 82.0,
        "name": "peakP",
        "raw": "peakP[87.0,82.0,90.0]",
        "tokens": [
          "87.0",
          "82.0",
          "90.0"
        ],
        "value": 87.0
      },
      {
        "max": 90.0,
        "min": 82.0,
        "name": "peakF",
        "raw": "peakF[87.0,82.0,90.0]",
        "tokens": [
          "87.0",
          "82.0",
          "90.0"
        ],
        "value": 87.0
      },
      {
        "max": 1.0,
        "min": -5.0,
        "name": "meanF",
        "raw": "meanF[-1.0,-5.0,1.0]",
        "tokens": [
          "-1.0",
          "-5.0",
          "1.0"
        ],
        "value": -1.0
      },
      {
        "max": 4.5,
        "min": 1.0,
        "name": "sigmaF",
        "raw": "sigmaF[3.0,1.0,4.5]",
        "tokens": [
          "3.0",
          "1.0",
          "4.5"
        ],