{
  "bin": {
    "cut": "tag_Ele_pt > 40 && abs(tag_sc_eta) < 2.17 && (tag_Ele_q + el_q) == 0 &&(((el_pt > 7) &&(abs(el_sc_eta) < 2.5) &&(abs(el_dz) < 1.0) &&(abs(el_dxy) < 0.5) &&(el_sc_et > 10) && (    (abs(el_sc_eta) < 0.8   && el_hzzMVA > 0.3527) || (abs(el_sc_eta) >= 0.8  && abs(el_sc_eta) < 1.479 && el_hzzMVA > 0.2601) || (abs(el_sc_eta) >= 1.479 && el_hzzMVA > -0.4954) )) || ((el_pt > 7) &&(abs(el_sc_eta) < 2.5) &&(abs(el_dz) < 1.0) &&(abs(el_dxy) < 0.5) &&(el_sc_et < 10) && (    (abs(el_sc_eta) < 0.8   && el_hzzMVA > 0.9267) || (abs(el_sc_eta) >= 0.8  && abs(el_sc_eta) < 1.479 && el_hzzMVA > 0.9138) || (abs(el_sc_eta) >= 1.479 && el_hzzMVA > 0.9683) ))) && el_sc_eta >= 0.000000 && el_sc_eta < 1.444200 && el_et >= 30.000000 && el_et < 50.000000",
    "index": 18,
    "name": "bin18_el_sc_eta_0p00To1p44_el_et_30p00To50p00",
    "title": "; 0.000 < el_sc_eta < 1.444; 30.000 < el_et < 50.000",
    "vars": {
      "el_et": {
        "max": 50,
        "min": 30
      },
      "el_sc_eta": {
        "max": 1.4442,
        "min": 0.0
      }
    }
  },
  "created_at_utc": "2026-07-09T16:42:16.847545+00:00",
  "derived": {
    "efficiency": 0.9068671149222987,
    "efficiency_error": 1.3959296709388055e-06,
    "nSigF": {
      "error": 63499.41879224777,
      "isConstant": false,
      "max": 6067716061.018066,
      "min": 0.5,
      "name": "nSigF",
      "value": 4034529848.0733385
    },
    "nSigP": {
      "error": 198206.14598083496,
      "isConstant": false,
      "max": 59067128477.30127,
      "min": 0.5,
      "name": "nSigP",
      "value": 39285612599.00439
    }
  },
  "fit_metadata": {
    "bin_index": 18,
    "fail_hist_uses_pass_hist": false,
    "fit_range": {
      "max": 120.0,
      "min": 60.0
    },
    "truth_fail_template_uses_pass_hist": false,
    "truth_template_source": "/eos/home-p/pelai/HZa/root_TnP//hza_dielleg12trigger_gap_2024_sf//DY_MC_LO_2024_hza_dielleg12trigger_gap_2024_sf.root"
  },
  "fit_result": {
    "fail": {
      "covQual": -1,
      "edm": 0.0002527001564017782,
      "floatParsFinal": [
        {
          "error": 5.3551127343620664e-05,
          "isConstant": false,
          "max": 5.0,
          "min": -5.0,
          "name": "meanF",
          "value": -0.0009500985492110203
        },
        {
          "error": 63499.41879224777,
          "isConstant": false,
          "max": 6067716061.018066,
          "min": 0.5,
          "name": "nSigF",
          "value": 4034529848.0733385
        },
        {
          "error": 8.824289193798407e-08,
          "isConstant": false,
          "max": 5.0,
          "min": 0.5,
          "name": "sigmaF",
          "value": 0.500000000044456
        }
      ],
      "floatParsInit": [
        {
          "error": 0.0,
          "isConstant": false,
          "max": 5.0,
          "min": -5.0,
          "name": "meanF",
          "value": -0.0
        },
        {
          "error": 0.0,
          "isConstant": false,
          "max": 6067716061.018066,
          "min": 0.5,
          "name": "nSigF",
          "value": 3640629636.61084
        },
        {
          "error": 0.0,
          "isConstant": false,
          "max": 5.0,
          "min": 0.5,
          "name": "sigmaF",
          "value": 0.9
        }
      ],
      "minNll": -73624072850.2621,
      "numInvalidNLL": 0,
      "status": 240
    },
    "fail_quality": "check",
    "pass": {
      "covQual": -1,
      "edm": 0.0002367695858046035,
      "floatParsFinal": [
        {
          "error": 1.534049249185543e-05,
          "isConstant": false,
          "max": 5.0,
          "min": -5.0,
          "name": "meanP",
          "value": 0.001714562376234241
        },
        {
          "error": 198206.14598083496,
          "isConstant": false,
          "max": 59067128477.30127,
          "min": 0.5,
          "name": "nSigP",
          "value": 39285612599.00439
        },
        {
          "error": 7.116784661587161e-09,
          "isConstant": false,
          "max": 5.0,
          "min": 0.5,
          "name": "sigmaP",
          "value": 0.5000000000004654
        }
      ],
      "floatParsInit": [
        {
          "error": 0.0,
          "isConstant": false,
          "max": 5.0,
          "min": -5.0,
          "name": "meanP",
          "value": -0.0
        },
        {
          "error": 0.0,
          "isConstant": false,
          "max": 59067128477.30127,
          "min": 0.5,
          "name": "nSigP",
          "value": 35440277086.38076
        },
        {
          "error": 0.0,
          "isConstant": false,
          "max": 5.0,
          "min": 0.5,
          "name": "sigmaP",
          "value": 0.9
        }
      ],
      "minNll": -811456919230.8047,
      "numInvalidNLL": 0,
      "status": 240
    },
    "pass_quality": "check",
    "root_read_error": null
  },
  "fit_type": "nominalFit",
  "histograms": {
    "fail": {
      "entries": 304631.0,
      "fit_window": {
        "bin1": 11,
        "bin2": 70,
        "max": 120.0,
        "min": 60.0
      },
      "integral_fit_window": 4034529852.1865234,
      "integral_fit_window_error": 8537853.348475842,
      "integral_full": 4045144040.678711,
      "integral_full_error": 8548931.47163755,
      "maximum_bin_center": 90.5,
      "maximum_bin_content": 545037860.1572266,
      "mean": 90.4626443635037,
      "rms": 5.19171560510086
    },
    "pass": {
      "entries": 3022476.0,
      "fit_window": {
        "bin1": 11,
        "bin2": 70,
        "max": 120.0,
        "min": 60.0
      },
      "integral_fit_window": 39285612890.923584,
      "integral_fit_window_error": 26401523.37363557,
      "integral_full": 39378085651.53418,
      "integral_full_error": 26431996.38796309,
      "maximum_bin_center": 90.5,
      "maximum_bin_content": 5857283288.450439,
      "mean": 90.93809426905605,
      "rms": 4.683860954826095
    }
  },
  "sample": {
    "fitOutputBinRoot": "/eos/home-p/pelai/HZa/root_TnP//hza_dielleg12trigger_gap_2024_sf//DY_MC_LO_2024_hza_dielleg12trigger_gap_2024_sf.nominalFit-bin18_el_sc_eta_0p00To1p44_el_et_30p00To50p00.root",
    "fitOutputRoot": "/eos/home-p/pelai/HZa/root_TnP//hza_dielleg12trigger_gap_2024_sf//DY_MC_LO_2024_hza_dielleg12trigger_gap_2024_sf.nominalFit.root",
    "histFile": "/eos/home-p/pelai/HZa/root_TnP//hza_dielleg12trigger_gap_2024_sf//DY_MC_LO_2024_hza_dielleg12trigger_gap_2024_sf.root",
    "isMC": true,
    "mcRefHistFile": "/eos/home-p/pelai/HZa/root_TnP//hza_dielleg12trigger_gap_2024_sf//DY_MC_LO_2024_hza_dielleg12trigger_gap_2024_sf.root",
    "mcTruth": true,
    "name": "DY_MC_LO_2024"
  },
  "workspace": {
    "effective_parsed": [
      {
        "max": 5.0,
        "min": -5.0,
        "name": "meanP",
        "raw": "meanP[-0.0,-5.0,5.0]",
        "tokens": [
          "-0.0",
          "-5.0",
          "5.0"
        ],
        "value": -0.0
      },
      {
        "max": 5.0,
        "min": 0.5,
        "name": "sigmaP",
        "raw": "sigmaP[0.9,0.5,5.0]",
        "tokens": [
          "0.9",
          "0.5",
          "5.0"
        ],
        "value": 0.9
      },
      {
        "max": 5.0,
        "min": -5.0,
        "name": "meanF",
        "raw": "meanF[-0.0,-5.0,5.0]",
        "tokens": [
          "-0.0",
          "-5.0",
          "5.0"
        ],
        "value": -0.0
      },
      {
        "max": 5.0,
        "min": 0.5,
        "name": "sigmaF",
        "raw": "sigmaF[0.9,0.5,5.0]",
        "tokens": [
          "0.9",
          "0.5",
          "5.0"
        ],
        "value": 0.9
      },
      {
        "max": 90.0,
        "min": 45.0,
        "name": "acmsP",
        "raw": "acmsP[65.,45.,90.]",
        "tokens": [
          "65.",
          "45.",
          "90."
        ],
        "value": 65.0
      },
      {
        "max": 0.1,
        "min": 0.005,
        "name": "betaP",
        "raw": "betaP[0.05,0.005,0.10]",
        "tokens": [
          "0.05",
          "0.005",
          "0.10"
        ],