{
  "bin": {
    "cut": "tag_Ele_pt > 35 && abs(tag_sc_eta) < 2.17 && ph_sc_eta >= -0.800000 && ph_sc_eta < 0.000000 && ph_et >= 50.000000 && ph_et < 80.000000 &&  ((ph_sc_eta > -1.566 && ph_sc_eta < 0) && (ph_sc_phi > -1.2 && ph_sc_phi < -0.8))  ",
    "index": 8,
    "name": "bin08_ph_sc_eta_m0p80To0p00_ph_et_50p00To80p00",
    "title": "; -0.800 < ph_sc_eta < 0.000; 50.000 < ph_et < 80.000",
    "vars": {
      "ph_et": {
        "max": 80,
        "min": 50
      },
      "ph_sc_eta": {
        "max": 0.0,
        "min": -0.8
      }
    }
  },
  "created_at_utc": "2026-04-20T06:45:24.737231+00:00",
  "derived": {
    "efficiency": 0.8420432081976905,
    "efficiency_error": 0.0031002990104526786,
    "nSigF": {
      "error": 33.655266621969304,
      "isConstant": false,
      "max": 2453.113475,
      "min": 0.5,
      "name": "nSigF",
      "value": 1573.3647747130155
    },
    "nSigP": {
      "error": 77.67646136076655,
      "isConstant": false,
      "max": 13058.861586,
      "min": 0.5,
      "name": "nSigP",
      "value": 8387.364085127074
    }
  },
  "fit_metadata": {
    "bin_index": 8,
    "fail_hist_uses_pass_hist": false,
    "fit_range": {
      "max": 120.0,
      "min": 60.0
    },
    "truth_fail_template_uses_pass_hist": false,
    "truth_template_source": "/eos/home-p/pelai/HZa/root_TnP//hza_resolve_phid_2023postBPixHole_sf//DY_MC_LO_2023postBPix_hza_resolve_phid_2023postBPixHole_sf.root"
  },
  "fit_result": {
    "fail": {
      "covQual": -1,
      "edm": 0.0784126292894608,
      "floatParsFinal": [
        {
          "error": 0.05681296290357363,
          "isConstant": false,
          "max": 5.0,
          "min": -5.0,
          "name": "meanF",
          "value": 0.00920270274744972
        },
        {
          "error": 33.655266621969304,
          "isConstant": false,
          "max": 2453.113475,
          "min": 0.5,
          "name": "nSigF",
          "value": 1573.3647747130155
        },
        {
          "error": 0.013742616711462957,
          "isConstant": false,
          "max": 1.5000000775818643,
          "min": 0.40000002068849716,
          "name": "sigmaF",
          "value": 0.40000079558869106
        }
      ],
      "floatParsInit": [
        {
          "error": 0.0,
          "isConstant": false,
          "max": 5.0,
          "min": -5.0,
          "name": "meanF",
          "value": -0.0
        },
        {
          "error": 0.0,
          "isConstant": false,
          "max": 2453.113475,
          "min": 0.5,
          "name": "nSigF",
          "value": 1471.868085
        },
        {
          "error": 0.0,
          "isConstant": false,
          "max": 1.5000000775818643,
          "min": 0.40000002068849716,
          "name": "sigmaF",
          "value": 0.5000000258606214
        }
      ],
      "minNll": -5201.976215517837,
      "numInvalidNLL": 0,
      "status": 160
    },
    "fail_quality": "check",
    "pass": {
      "covQual": -1,
      "edm": 0.35198490461034576,
      "floatParsFinal": [
        {
          "error": 0.026346935790028336,
          "isConstant": false,
          "max": 5.0,
          "min": -5.0,
          "name": "meanP",
          "value": 0.015849283806752545
        },
        {
          "error": 77.67646136076655,
          "isConstant": false,
          "max": 13058.861586,
          "min": 0.5,
          "name": "nSigP",
          "value": 8387.364085127074
        },
        {
          "error": 0.005017586022285414,
          "isConstant": false,
          "max": 5.0,
          "min": 0.5,
          "name": "sigmaP",
          "value": 0.5000000258606214
        }
      ],
      "floatParsInit": [
        {
          "error": 0.0,
          "isConstant": false,
          "max": 5.0,
          "min": -5.0,
          "name": "meanP",
          "value": -0.0
        },
        {
          "error": 0.0,
          "isConstant": false,
          "max": 13058.861586,
          "min": 0.5,
          "name": "nSigP",
          "value": 7835.316952
        },
        {
          "error": 0.0,
          "isConstant": false,
          "max": 5.0,
          "min": 0.5,
          "name": "sigmaP",
          "value": 0.9
        }
      ],
      "minNll": -42071.39221921237,
      "numInvalidNLL": 0,
      "status": 160
    },
    "pass_quality": "check",
    "root_read_error": null
  },
  "fit_type": "nominalFit",
  "histograms": {
    "fail": {
      "entries": 1590.0,
      "fit_window": {
        "bin1": 11,
        "bin2": 70,
        "max": 120.0,
        "min": 60.0
      },
      "integral_fit_window": 1573.8438490218175,
      "integral_fit_window_error": 46.747933198776934,
      "integral_full": 1635.40898342173,
      "integral_full_error": 47.67369460013512,
      "maximum_bin_center": 91.5,
      "maximum_bin_content": 200.0472212034624,
      "mean": 95.30117302405388,
      "rms": 9.247865227034485
    },
    "pass": {
      "entries": 8486.0,
      "fit_window": {
        "bin1": 11,
        "bin2": 70,
        "max": 120.0,
        "min": 60.0
      },
      "integral_fit_window": 8388.267202135243,
      "integral_fit_window_error": 107.97958854059408,
      "integral_full": 8705.907724147008,
      "integral_full_error": 110.025378870749,
      "maximum_bin_center": 91.5,
      "maximum_bin_content": 1192.8567547102953,
      "mean": 95.02721480085563,
      "rms": 9.077323117696528
    }
  },
  "sample": {
    "fitOutputBinRoot": "/eos/home-p/pelai/HZa/root_TnP//hza_resolve_phid_2023postBPixHole_sf//DY_MC_LO_2023postBPix_hza_resolve_phid_2023postBPixHole_sf.nominalFit-bin08_ph_sc_eta_m0p80To0p00_ph_et_50p00To80p00.root",
    "fitOutputRoot": "/eos/home-p/pelai/HZa/root_TnP//hza_resolve_phid_2023postBPixHole_sf//DY_MC_LO_2023postBPix_hza_resolve_phid_2023postBPixHole_sf.nominalFit.root",
    "histFile": "/eos/home-p/pelai/HZa/root_TnP//hza_resolve_phid_2023postBPixHole_sf//DY_MC_LO_2023postBPix_hza_resolve_phid_2023postBPixHole_sf.root",
    "isMC": true,
    "mcRefHistFile": "/eos/home-p/pelai/HZa/root_TnP//hza_resolve_phid_2023postBPixHole_sf//DY_MC_LO_2023postBPix_hza_resolve_phid_2023postBPixHole_sf.root",
    "mcTruth": true,
    "name": "DY_MC_LO_2023postBPix"
  },
  "workspace": {
    "effective_parsed": [
      {
        "max": 5.0,
        "min": -5.0,
        "name": "meanP",
        "raw": "meanP[-0.0,-5.0,5.0]",
        "tokens": [
          "-0.0",
          "-5.0",
          "5.0"
        ],
        "value": -0.0
      },
      {
        "max": 5.0,
        "min": 0.5,
        "name": "sigmaP",
        "raw": "sigmaP[0.9,0.5,5.0]",
        "tokens": [
          "0.9",
          "0.5",
          "5.0"
        ],
        "value": 0.9
      },
      {
        "max": 5.0,
        "min": -5.0,
        "name": "meanF",
        "raw": "meanF[-0.0,-5.0,5.0]",
        "tokens": [
          "-0.0",
          "-5.0",
          "5.0"
        ],
        "value": -0.0
      },
      {
        "max": 3.0,
        "min": 0.0,
        "name": "sigmaF",
        "raw": "sigmaF[1.0,0.0,3.0]",
        "tokens": [
          "1.0",
          "0.0",
          "3.0"
        ],
        "value": 1.0
      },
      {
        "max": 80.0,
        "min": 50.0,
        "name": "acmsP",
        "raw": "acmsP[60.,50.,80.]",
        "tokens": [
          "60.",
          "50.",
          "80."
        ],
        "value": 60.0
      },
      {
        "max": 0.08,
        "min": 0.01,
        "name": "betaP",
        "raw": "betaP[0.05,0.01,0.08]",
        "tokens": [
          "0.05",
          "0.01",
          "0.08"
        ],
        "value": 0.05
      },
      {
        "max": 2.0,
        "min": -2.0,
        "name": "gammaP",
        "raw": "gammaP[0.1, -2, 2]",
        "tokens": [
          "0.1",
          "-2",
          "2"
        ],
        "value": 0.1
      },
      {
        "max": 90.0,
        "min": 82.0,
        "name": "peakP",
        "raw": "peakP[87.0,82.0,90.0]",