{
  "bin": {
    "cut": "tag_Ele_pt > 35 && abs(tag_sc_eta) < 2.17 && ph_sc_eta >= 0.800000 && ph_sc_eta < 1.444200 && ph_et >= 20.000000 && ph_et < 35.000000 &&  !((ph_sc_eta > -1.566 && ph_sc_eta < 0) && (ph_sc_phi > -1.2 && ph_sc_phi < -0.8))  ",
    "index": 6,
    "name": "bin06_ph_sc_eta_0p80To1p44_ph_et_20p00To35p00",
    "title": "; 0.800 < ph_sc_eta < 1.444; 20.000 < ph_et < 35.000",
    "vars": {
      "ph_et": {
        "max": 35,
        "min": 20
      },
      "ph_sc_eta": {
        "max": 1.4442,
        "min": 0.8
      }
    }
  },
  "created_at_utc": "2026-04-21T16:57:35.246919+00:00",
  "derived": {
    "efficiency": 0.7557758637554696,
    "efficiency_error": 0.0007330038222334446,
    "nSigF": {
      "error": 209.99375793585205,
      "isConstant": false,
      "max": 91819.320798,
      "min": 0.5,
      "name": "nSigF",
      "value": 60826.176575040605
    },
    "nSigP": {
      "error": 369.42835392663255,
      "isConstant": false,
      "max": 284473.725023,
      "min": 0.5,
      "name": "nSigP",
      "value": 188232.6491019521
    }
  },
  "fit_metadata": {
    "bin_index": 6,
    "fail_hist_uses_pass_hist": false,
    "fit_range": {
      "max": 120.0,
      "min": 60.0
    },
    "truth_fail_template_uses_pass_hist": false,
    "truth_template_source": "/eos/home-p/pelai/HZa/root_TnP//hza_resolve_phid_2023postBPix_sf//DY_MC_LO_2023postBPix_hza_resolve_phid_2023postBPix_sf.root"
  },
  "fit_result": {
    "fail": {
      "covQual": -1,
      "edm": 0.002201781712444399,
      "floatParsFinal": [
        {
          "error": 0.016505180359252858,
          "isConstant": false,
          "max": 5.0,
          "min": -5.0,
          "name": "meanF",
          "value": -0.003731144359303329
        },
        {
          "error": 209.99375793585205,
          "isConstant": false,
          "max": 91819.320798,
          "min": 0.5,
          "name": "nSigF",
          "value": 60826.176575040605
        },
        {
          "error": 0.009437471552735388,
          "isConstant": false,
          "max": 1.5000115875097033,
          "min": 0.4000030900025876,
          "name": "sigmaF",
          "value": 0.40000333089106027
        }
      ],
      "floatParsInit": [
        {
          "error": 0.0,
          "isConstant": false,
          "max": 5.0,
          "min": -5.0,
          "name": "meanF",
          "value": -0.0
        },
        {
          "error": 0.0,
          "isConstant": false,
          "max": 91819.320798,
          "min": 0.5,
          "name": "nSigF",
          "value": 55091.592479
        },
        {
          "error": 0.0,
          "isConstant": false,
          "max": 1.5000115875097033,
          "min": 0.4000030900025876,
          "name": "sigmaF",
          "value": 0.5000038625032345
        }
      ],
      "minNll": -409676.8146187661,
      "numInvalidNLL": 0,
      "status": 180
    },
    "fail_quality": "check",
    "pass": {
      "covQual": -1,
      "edm": 0.233305353572866,
      "floatParsFinal": [
        {
          "error": 0.008929136711781194,
          "isConstant": false,
          "max": 5.0,
          "min": -5.0,
          "name": "meanP",
          "value": -0.008507393403213825
        },
        {
          "error": 369.42835392663255,
          "isConstant": false,
          "max": 284473.725023,
          "min": 0.5,
          "name": "nSigP",
          "value": 188232.6491019521
        },
        {
          "error": 0.0030500020121640437,
          "isConstant": false,
          "max": 5.0,
          "min": 0.5,
          "name": "sigmaP",
          "value": 0.5000038625032345
        }
      ],
      "floatParsInit": [
        {
          "error": 0.0,
          "isConstant": false,
          "max": 5.0,
          "min": -5.0,
          "name": "meanP",
          "value": -0.0
        },
        {
          "error": 0.0,
          "isConstant": false,
          "max": 284473.725023,
          "min": 0.5,
          "name": "nSigP",
          "value": 170684.235014
        },
        {
          "error": 0.0,
          "isConstant": false,
          "max": 5.0,
          "min": 0.5,
          "name": "sigmaP",
          "value": 0.9
        }
      ],
      "minNll": -1489803.7903783577,
      "numInvalidNLL": 0,
      "status": 160
    },
    "pass_quality": "check",
    "root_read_error": null
  },
  "fit_type": "nominalFit",
  "histograms": {
    "fail": {
      "entries": 60146.0,
      "fit_window": {
        "bin1": 11,
        "bin2": 70,
        "max": 120.0,
        "min": 60.0
      },
      "integral_fit_window": 60825.603851817184,
      "integral_fit_window_error": 289.65952873853837,
      "integral_full": 61212.88053177731,
      "integral_full_error": 290.58792361880745,
      "maximum_bin_center": 89.5,
      "maximum_bin_content": 5465.003391055084,
      "mean": 86.57629101318366,
      "rms": 7.769128515603917
    },
    "pass": {
      "entries": 186823.0,
      "fit_window": {
        "bin1": 11,
        "bin2": 70,
        "max": 120.0,
        "min": 60.0
      },
      "integral_fit_window": 188236.6534382813,
      "integral_fit_window_error": 509.52255297106524,
      "integral_full": 189649.15001553128,
      "integral_full_error": 511.44373100709663,
      "maximum_bin_center": 89.5,
      "maximum_bin_content": 17775.314480893194,
      "mean": 86.37645740680657,
      "rms": 7.6049015833049864
    }
  },
  "sample": {
    "fitOutputBinRoot": "/eos/home-p/pelai/HZa/root_TnP//hza_resolve_phid_2023postBPix_sf//DY_MC_LO_2023postBPix_hza_resolve_phid_2023postBPix_sf.nominalFit-bin06_ph_sc_eta_0p80To1p44_ph_et_20p00To35p00.root",
    "fitOutputRoot": "/eos/home-p/pelai/HZa/root_TnP//hza_resolve_phid_2023postBPix_sf//DY_MC_LO_2023postBPix_hza_resolve_phid_2023postBPix_sf.nominalFit.root",
    "histFile": "/eos/home-p/pelai/HZa/root_TnP//hza_resolve_phid_2023postBPix_sf//DY_MC_LO_2023postBPix_hza_resolve_phid_2023postBPix_sf.root",
    "isMC": true,
    "mcRefHistFile": "/eos/home-p/pelai/HZa/root_TnP//hza_resolve_phid_2023postBPix_sf//DY_MC_LO_2023postBPix_hza_resolve_phid_2023postBPix_sf.root",
    "mcTruth": true,
    "name": "DY_MC_LO_2023postBPix"
  },
  "workspace": {
    "effective_parsed": [
      {
        "max": 5.0,
        "min": -5.0,
        "name": "meanP",
        "raw": "meanP[-0.0,-5.0,5.0]",
        "tokens": [
          "-0.0",
          "-5.0",
          "5.0"
        ],
        "value": -0.0
      },
      {
        "max": 5.0,
        "min": 0.5,
        "name": "sigmaP",
        "raw": "sigmaP[0.9,0.5,5.0]",
        "tokens": [
          "0.9",
          "0.5",
          "5.0"
        ],
        "value": 0.9
      },
      {
        "max": 5.0,
        "min": -5.0,
        "name": "meanF",
        "raw": "meanF[-0.0,-5.0,5.0]",
        "tokens": [
          "-0.0",
          "-5.0",
          "5.0"
        ],
        "value": -0.0
      },
      {
        "max": 3.0,
        "min": 0.0,
        "name": "sigmaF",
        "raw": "sigmaF[1.0,0.0,3.0]",
        "tokens": [
          "1.0",
          "0.0",
          "3.0"
        ],
        "value": 1.0
      },
      {
        "max": 80.0,
        "min": 50.0,
        "name": "acmsP",
        "raw": "acmsP[60.,50.,80.]",
        "tokens": [
          "60.",
          "50.",
          "80."
        ],
        "value": 60.0
      },
      {
        "max": 0.08,
        "min": 0.01,
        "name": "betaP",
        "raw": "betaP[0.05,0.01,0.08]",
        "tokens": [
          "0.05",
          "0.01",
          "0.08"
        ],
        "value": 0.05
      },
      {
        "max": 2.0,
        "min": -2.0,
        "name": "gammaP",
        "raw": "gammaP[0.1, -2, 2]",
        "tokens": [
          "0.1",
          "-2",
          "2"
        ],
        "value": 0.1
      },
      {
        "max": 90.0,
        "min": 82.0,
        "name": "peakP",
        "raw": "peakP[87.0,82.0,90.0]",