{
  "bin": {
    "cut": "tag_Ele_pt > 35 && abs(tag_sc_eta) < 2.17 && ph_sc_eta >= 2.000000 && ph_sc_eta < 2.500000 && ph_et >= 20.000000 && ph_et < 35.000000 &&  !((ph_sc_eta > -1.566 && ph_sc_eta < 0) && (ph_sc_phi > -1.2 && ph_sc_phi < -0.8))  ",
    "index": 9,
    "name": "bin09_ph_sc_eta_2p00To2p50_ph_et_20p00To35p00",
    "title": "; 2.000 < ph_sc_eta < 2.500; 20.000 < ph_et < 35.000",
    "vars": {
      "ph_et": {
        "max": 35,
        "min": 20
      },
      "ph_sc_eta": {
        "max": 2.5,
        "min": 2.0
      }
    }
  },
  "created_at_utc": "2026-04-20T19:11:23.297394+00:00",
  "derived": {
    "efficiency": 0.7952844460295027,
    "efficiency_error": 0.0009545835685636317,
    "nSigF": {
      "error": 127.34839884227586,
      "isConstant": false,
      "max": 33683.367887,
      "min": 0.5,
      "name": "nSigF",
      "value": 22335.49734437496
    },
    "nSigP": {
      "error": 118.64417374969344,
      "isConstant": false,
      "max": 130975.796985,
      "min": 0.5,
      "name": "nSigP",
      "value": 86769.53601129202
    }
  },
  "fit_metadata": {
    "bin_index": 9,
    "fail_hist_uses_pass_hist": false,
    "fit_range": {
      "max": 120.0,
      "min": 60.0
    },
    "truth_fail_template_uses_pass_hist": false,
    "truth_template_source": "/eos/home-p/pelai/HZa/root_TnP//hza_resolve_phid_2023postBPix_sf//DY_MC_LO_2023postBPix_hza_resolve_phid_2023postBPix_sf.root"
  },
  "fit_result": {
    "fail": {
      "covQual": -1,
      "edm": 0.19961869194085435,
      "floatParsFinal": [
        {
          "error": 0.02413002373501527,
          "isConstant": false,
          "max": 5.0,
          "min": -5.0,
          "name": "meanF",
          "value": 0.0003217379095419304
        },
        {
          "error": 127.34839884227586,
          "isConstant": false,
          "max": 33683.367887,
          "min": 0.5,
          "name": "nSigF",
          "value": 22335.49734437496
        },
        {
          "error": 0.00516865749932835,
          "isConstant": false,
          "max": 1.5000108237645653,
          "min": 0.4000028863372174,
          "name": "sigmaF",
          "value": 0.40000300040981285
        }
      ],
      "floatParsInit": [
        {
          "error": 0.0,
          "isConstant": false,
          "max": 5.0,
          "min": -5.0,
          "name": "meanF",
          "value": -0.0
        },
        {
          "error": 0.0,
          "isConstant": false,
          "max": 33683.367887,
          "min": 0.5,
          "name": "nSigF",
          "value": 20210.020732
        },
        {
          "error": 0.0,
          "isConstant": false,
          "max": 1.5000108237645653,
          "min": 0.4000028863372174,
          "name": "sigmaF",
          "value": 0.5000036079215218
        }
      ],
      "minNll": -129336.72037569097,
      "numInvalidNLL": 0,
      "status": 160
    },
    "fail_quality": "check",
    "pass": {
      "covQual": -1,
      "edm": 0.0311534247415522,
      "floatParsFinal": [
        {
          "error": 0.0008508168345682243,
          "isConstant": false,
          "max": 5.0,
          "min": -5.0,
          "name": "meanP",
          "value": -0.0010545989013426293
        },
        {
          "error": 118.64417374969344,
          "isConstant": false,
          "max": 130975.796985,
          "min": 0.5,
          "name": "nSigP",
          "value": 86769.53601129202
        },
        {
          "error": 0.20429835686288228,
          "isConstant": false,
          "max": 5.0,
          "min": 0.5,
          "name": "sigmaP",
          "value": 0.5000036079215218
        }
      ],
      "floatParsInit": [
        {
          "error": 0.0,
          "isConstant": false,
          "max": 5.0,
          "min": -5.0,
          "name": "meanP",
          "value": -0.0
        },
        {
          "error": 0.0,
          "isConstant": false,
          "max": 130975.796985,
          "min": 0.5,
          "name": "nSigP",
          "value": 78585.478191
        },
        {
          "error": 0.0,
          "isConstant": false,
          "max": 5.0,
          "min": 0.5,
          "name": "sigmaP",
          "value": 0.9
        }
      ],
      "minNll": -622241.031292378,
      "numInvalidNLL": 0,
      "status": -1
    },
    "pass_quality": "check",
    "root_read_error": null
  },
  "fit_type": "nominalFit",
  "histograms": {
    "fail": {
      "entries": 22246.0,
      "fit_window": {
        "bin1": 11,
        "bin2": 70,
        "max": 120.0,
        "min": 60.0
      },
      "integral_fit_window": 22336.6930542208,
      "integral_fit_window_error": 175.38966409168896,
      "integral_full": 22455.57859154923,
      "integral_full_error": 175.84690975034283,
      "maximum_bin_center": 90.5,
      "maximum_bin_content": 2161.0334070248214,
      "mean": 88.87253039660202,
      "rms": 7.409093133800225
    },
    "pass": {
      "entries": 86062.0,
      "fit_window": {
        "bin1": 11,
        "bin2": 70,
        "max": 120.0,
        "min": 60.0
      },
      "integral_fit_window": 86767.70275118612,
      "integral_fit_window_error": 345.95960207681594,
      "integral_full": 87317.1979901487,
      "integral_full_error": 347.01685673666157,
      "maximum_bin_center": 90.5,
      "maximum_bin_content": 8403.867876025906,
      "mean": 88.66869145279436,
      "rms": 7.384488691753679
    }
  },
  "sample": {
    "fitOutputBinRoot": "/eos/home-p/pelai/HZa/root_TnP//hza_resolve_phid_2023postBPix_sf//DY_MC_LO_2023postBPix_hza_resolve_phid_2023postBPix_sf.nominalFit-bin09_ph_sc_eta_2p00To2p50_ph_et_20p00To35p00.root",
    "fitOutputRoot": "/eos/home-p/pelai/HZa/root_TnP//hza_resolve_phid_2023postBPix_sf//DY_MC_LO_2023postBPix_hza_resolve_phid_2023postBPix_sf.nominalFit.root",
    "histFile": "/eos/home-p/pelai/HZa/root_TnP//hza_resolve_phid_2023postBPix_sf//DY_MC_LO_2023postBPix_hza_resolve_phid_2023postBPix_sf.root",
    "isMC": true,
    "mcRefHistFile": "/eos/home-p/pelai/HZa/root_TnP//hza_resolve_phid_2023postBPix_sf//DY_MC_LO_2023postBPix_hza_resolve_phid_2023postBPix_sf.root",
    "mcTruth": true,
    "name": "DY_MC_LO_2023postBPix"
  },
  "workspace": {
    "effective_parsed": [
      {
        "max": 5.0,
        "min": -5.0,
        "name": "meanP",
        "raw": "meanP[-0.0,-5.0,5.0]",
        "tokens": [
          "-0.0",
          "-5.0",
          "5.0"
        ],
        "value": -0.0
      },
      {
        "max": 5.0,
        "min": 0.5,
        "name": "sigmaP",
        "raw": "sigmaP[0.9,0.5,5.0]",
        "tokens": [
          "0.9",
          "0.5",
          "5.0"
        ],
        "value": 0.9
      },
      {
        "max": 5.0,
        "min": -5.0,
        "name": "meanF",
        "raw": "meanF[-0.0,-5.0,5.0]",
        "tokens": [
          "-0.0",
          "-5.0",
          "5.0"
        ],
        "value": -0.0
      },
      {
        "max": 3.0,
        "min": 0.0,
        "name": "sigmaF",
        "raw": "sigmaF[1.0,0.0,3.0]",
        "tokens": [
          "1.0",
          "0.0",
          "3.0"
        ],
        "value": 1.0
      },
      {
        "max": 80.0,
        "min": 50.0,
        "name": "acmsP",
        "raw": "acmsP[60.,50.,80.]",
        "tokens": [
          "60.",
          "50.",
          "80."
        ],
        "value": 60.0
      },
      {
        "max": 0.08,
        "min": 0.01,
        "name": "betaP",
        "raw": "betaP[0.05,0.01,0.08]",
        "tokens": [
          "0.05",
          "0.01",
          "0.08"
        ],
        "value": 0.05
      },
      {
        "max": 2.0,
        "min": -2.0,
        "name": "gammaP",
        "raw": "gammaP[0.1, -2, 2]",
        "tokens": [
          "0.1",
          "-2",
          "2"
        ],
        "value": 0.1
      },
      {
        "max": 90.0,
        "min": 82.0,
        "name": "peakP",
        "raw": "peakP[87.0,82.0,90.0]",
        "tokens": [
          "87.0",
          "82.0",
          "90.0"
        ],