{
  "bin": {
    "cut": "tag_Ele_pt > 35 && abs(tag_sc_eta) < 2.17 && ph_sc_eta >= 0.000000 && ph_sc_eta < 0.800000 && ph_et >= 20.000000 && ph_et < 35.000000 &&  !((ph_sc_eta > -1.566 && ph_sc_eta < 0) && (ph_sc_phi > -1.2 && ph_sc_phi < -0.8))  ",
    "index": 5,
    "name": "bin05_ph_sc_eta_0p00To0p80_ph_et_20p00To35p00",
    "title": "; 0.000 < ph_sc_eta < 0.800; 20.000 < ph_et < 35.000",
    "vars": {
      "ph_et": {
        "max": 35,
        "min": 20
      },
      "ph_sc_eta": {
        "max": 0.8,
        "min": 0.0
      }
    }
  },
  "created_at_utc": "2026-04-21T16:57:35.694939+00:00",
  "derived": {
    "efficiency": 0.7284532171634084,
    "efficiency_error": 0.0006266832938531281,
    "nSigF": {
      "error": 268.4305072692223,
      "isConstant": false,
      "max": 149851.950539,
      "min": 0.5,
      "name": "nSigF",
      "value": 99287.90685034027
    },
    "nSigP": {
      "error": 439.9034783039533,
      "isConstant": false,
      "max": 401988.58028,
      "min": 0.5,
      "name": "nSigP",
      "value": 266350.4034738466
    }
  },
  "fit_metadata": {
    "bin_index": 5,
    "fail_hist_uses_pass_hist": false,
    "fit_range": {
      "max": 120.0,
      "min": 60.0
    },
    "truth_fail_template_uses_pass_hist": false,
    "truth_template_source": "/eos/home-p/pelai/HZa/root_TnP//hza_resolve_phid_2023postBPix_sf//DY_MC_LO_2023postBPix_hza_resolve_phid_2023postBPix_sf.root"
  },
  "fit_result": {
    "fail": {
      "covQual": -1,
      "edm": 0.03384340313261538,
      "floatParsFinal": [
        {
          "error": 0.011229137477290596,
          "isConstant": false,
          "max": 5.0,
          "min": -5.0,
          "name": "meanF",
          "value": -0.002587798910504091
        },
        {
          "error": 268.4305072692223,
          "isConstant": false,
          "max": 149851.950539,
          "min": 0.5,
          "name": "nSigF",
          "value": 99287.90685034027
        },
        {
          "error": 0.005744275422032902,
          "isConstant": false,
          "max": 1.5000001389616615,
          "min": 0.4000000370564431,
          "name": "sigmaF",
          "value": 0.4000038566346789
        }
      ],
      "floatParsInit": [
        {
          "error": 0.0,
          "isConstant": false,
          "max": 5.0,
          "min": -5.0,
          "name": "meanF",
          "value": -0.0
        },
        {
          "error": 0.0,
          "isConstant": false,
          "max": 149851.950539,
          "min": 0.5,
          "name": "nSigF",
          "value": 89911.170323
        },
        {
          "error": 0.0,
          "isConstant": false,
          "max": 1.5000001389616615,
          "min": 0.4000000370564431,
          "name": "sigmaF",
          "value": 0.5000000463205538
        }
      ],
      "minNll": -722048.1273510768,
      "numInvalidNLL": 0,
      "status": 160
    },
    "fail_quality": "check",
    "pass": {
      "covQual": -1,
      "edm": 0.1665076624888565,
      "floatParsFinal": [
        {
          "error": 0.006242319233854321,
          "isConstant": false,
          "max": 5.0,
          "min": -5.0,
          "name": "meanP",
          "value": -0.005688311818708769
        },
        {
          "error": 439.9034783039533,
          "isConstant": false,
          "max": 401988.58028,
          "min": 0.5,
          "name": "nSigP",
          "value": 266350.4034738466
        },
        {
          "error": 0.001299132820953508,
          "isConstant": false,
          "max": 5.0,
          "min": 0.5,
          "name": "sigmaP",
          "value": 0.5000000463205538
        }
      ],
      "floatParsInit": [
        {
          "error": 0.0,
          "isConstant": false,
          "max": 5.0,
          "min": -5.0,
          "name": "meanP",
          "value": -0.0
        },
        {
          "error": 0.0,
          "isConstant": false,
          "max": 401988.58028,
          "min": 0.5,
          "name": "nSigP",
          "value": 241193.148168
        },
        {
          "error": 0.0,
          "isConstant": false,
          "max": 5.0,
          "min": 0.5,
          "name": "sigmaP",
          "value": 0.9
        }
      ],
      "minNll": -2233081.8285523206,
      "numInvalidNLL": 0,
      "status": 160
    },
    "pass_quality": "check",
    "root_read_error": null
  },
  "fit_type": "nominalFit",
  "histograms": {
    "fail": {
      "entries": 98691.0,
      "fit_window": {
        "bin1": 11,
        "bin2": 70,
        "max": 120.0,
        "min": 60.0
      },
      "integral_fit_window": 99279.28444322276,
      "integral_fit_window_error": 369.89222291355225,
      "integral_full": 99901.30035900936,
      "integral_full_error": 371.0671704143597,
      "maximum_bin_center": 90.5,
      "maximum_bin_content": 10470.028774005925,
      "mean": 87.59925048348187,
      "rms": 7.788010329993006
    },
    "pass": {
      "entries": 264906.0,
      "fit_window": {
        "bin1": 11,
        "bin2": 70,
        "max": 120.0,
        "min": 60.0
      },
      "integral_fit_window": 266349.7145187343,
      "integral_fit_window_error": 605.4758392936044,
      "integral_full": 267992.38685357803,
      "integral_full_error": 607.3650251884185,
      "maximum_bin_center": 90.5,
      "maximum_bin_content": 30958.22431291532,
      "mean": 88.08003048568516,
      "rms": 7.262922859596271
    }
  },
  "sample": {
    "fitOutputBinRoot": "/eos/home-p/pelai/HZa/root_TnP//hza_resolve_phid_2023postBPix_sf//DY_MC_LO_2023postBPix_hza_resolve_phid_2023postBPix_sf.nominalFit-bin05_ph_sc_eta_0p00To0p80_ph_et_20p00To35p00.root",
    "fitOutputRoot": "/eos/home-p/pelai/HZa/root_TnP//hza_resolve_phid_2023postBPix_sf//DY_MC_LO_2023postBPix_hza_resolve_phid_2023postBPix_sf.nominalFit.root",
    "histFile": "/eos/home-p/pelai/HZa/root_TnP//hza_resolve_phid_2023postBPix_sf//DY_MC_LO_2023postBPix_hza_resolve_phid_2023postBPix_sf.root",
    "isMC": true,
    "mcRefHistFile": "/eos/home-p/pelai/HZa/root_TnP//hza_resolve_phid_2023postBPix_sf//DY_MC_LO_2023postBPix_hza_resolve_phid_2023postBPix_sf.root",
    "mcTruth": true,
    "name": "DY_MC_LO_2023postBPix"
  },
  "workspace": {
    "effective_parsed": [
      {
        "max": 5.0,
        "min": -5.0,
        "name": "meanP",
        "raw": "meanP[-0.0,-5.0,5.0]",
        "tokens": [
          "-0.0",
          "-5.0",
          "5.0"
        ],
        "value": -0.0
      },
      {
        "max": 5.0,
        "min": 0.5,
        "name": "sigmaP",
        "raw": "sigmaP[0.9,0.5,5.0]",
        "tokens": [
          "0.9",
          "0.5",
          "5.0"
        ],
        "value": 0.9
      },
      {
        "max": 5.0,
        "min": -5.0,
        "name": "meanF",
        "raw": "meanF[-0.0,-5.0,5.0]",
        "tokens": [
          "-0.0",
          "-5.0",
          "5.0"
        ],
        "value": -0.0
      },
      {
        "max": 3.0,
        "min": 0.0,
        "name": "sigmaF",
        "raw": "sigmaF[1.0,0.0,3.0]",
        "tokens": [
          "1.0",
          "0.0",
          "3.0"
        ],
        "value": 1.0
      },
      {
        "max": 80.0,
        "min": 50.0,
        "name": "acmsP",
        "raw": "acmsP[60.,50.,80.]",
        "tokens": [
          "60.",
          "50.",
          "80."
        ],
        "value": 60.0
      },
      {
        "max": 0.08,
        "min": 0.01,
        "name": "betaP",
        "raw": "betaP[0.05,0.01,0.08]",
        "tokens": [
          "0.05",
          "0.01",
          "0.08"
        ],
        "value": 0.05
      },
      {
        "max": 2.0,
        "min": -2.0,
        "name": "gammaP",
        "raw": "gammaP[0.1, -2, 2]",
        "tokens": [
          "0.1",
          "-2",
          "2"
        ],
        "value": 0.1
      },
      {
        "max": 90.0,
        "min": 82.0,
        "name": "peakP",
        "raw": "peakP[87.0,82.0,90.0]",
        "tokens": [
          "87.0",
          "82.0",
          "90.0"
        ],