{
  "bin": {
    "cut": "tag_Ele_pt > 35 && abs(tag_sc_eta) < 2.17 && ph_sc_eta >= 1.566000 && ph_sc_eta < 2.000000 && ph_et >= 20.000000 && ph_et < 35.000000 &&  !((ph_sc_eta > -1.566 && ph_sc_eta < 0) && (ph_sc_phi > -1.2 && ph_sc_phi < -0.8))  ",
    "index": 8,
    "name": "bin08_ph_sc_eta_1p57To2p00_ph_et_20p00To35p00",
    "title": "; 1.566 < ph_sc_eta < 2.000; 20.000 < ph_et < 35.000",
    "vars": {
      "ph_et": {
        "max": 35,
        "min": 20
      },
      "ph_sc_eta": {
        "max": 2.0,
        "min": 1.566
      }
    }
  },
  "created_at_utc": "2026-04-20T06:28:08.992788+00:00",
  "derived": {
    "efficiency": 0.6856821129799472,
    "efficiency_error": 0.0011667088099536515,
    "nSigF": {
      "error": 170.60245627646145,
      "isConstant": false,
      "max": 60960.920188,
      "min": 0.5,
      "name": "nSigF",
      "value": 40292.046179689045
    },
    "nSigP": {
      "error": 296.47364481483964,
      "isConstant": false,
      "max": 132766.598696,
      "min": 0.5,
      "name": "nSigP",
      "value": 87896.79652883459
    }
  },
  "fit_metadata": {
    "bin_index": 8,
    "fail_hist_uses_pass_hist": false,
    "fit_range": {
      "max": 120.0,
      "min": 60.0
    },
    "truth_fail_template_uses_pass_hist": false,
    "truth_template_source": "/eos/home-p/pelai/HZa/root_TnP//hza_resolve_phid_2023postBPix_sf//DY_MC_LO_2023postBPix_hza_resolve_phid_2023postBPix_sf.root"
  },
  "fit_result": {
    "fail": {
      "covQual": -1,
      "edm": 0.06303893985615604,
      "floatParsFinal": [
        {
          "error": 0.021126671161528776,
          "isConstant": false,
          "max": 5.0,
          "min": -5.0,
          "name": "meanF",
          "value": -0.002359789510167687
        },
        {
          "error": 170.60245627646145,
          "isConstant": false,
          "max": 60960.920188,
          "min": 0.5,
          "name": "nSigF",
          "value": 40292.046179689045
        },
        {
          "error": 0.007486375189744737,
          "isConstant": false,
          "max": 1.5000007389556642,
          "min": 0.40000019705484385,
          "name": "sigmaF",
          "value": 0.40000022487105585
        }
      ],
      "floatParsInit": [
        {
          "error": 0.0,
          "isConstant": false,
          "max": 5.0,
          "min": -5.0,
          "name": "meanF",
          "value": -0.0
        },
        {
          "error": 0.0,
          "isConstant": false,
          "max": 60960.920188,
          "min": 0.5,
          "name": "nSigF",
          "value": 36576.552113
        },
        {
          "error": 0.0,
          "isConstant": false,
          "max": 1.5000007389556642,
          "min": 0.40000019705484385,
          "name": "sigmaF",
          "value": 0.5000002463185548
        }
      ],
      "minNll": -252734.2520500024,
      "numInvalidNLL": 0,
      "status": 160
    },
    "fail_quality": "check",
    "pass": {
      "covQual": -1,
      "edm": 1.4317865953850427e-05,
      "floatParsFinal": [
        {
          "error": 0.015886242257433292,
          "isConstant": false,
          "max": 5.0,
          "min": -5.0,
          "name": "meanP",
          "value": -0.006292517503275974
        },
        {
          "error": 296.47364481483964,
          "isConstant": false,
          "max": 132766.598696,
          "min": 0.5,
          "name": "nSigP",
          "value": 87896.79652883459
        },
        {
          "error": 0.008541519832398703,
          "isConstant": false,
          "max": 5.0,
          "min": 0.5,
          "name": "sigmaP",
          "value": 0.5000002463185548
        }
      ],
      "floatParsInit": [
        {
          "error": 0.0,
          "isConstant": false,
          "max": 5.0,
          "min": -5.0,
          "name": "meanP",
          "value": -0.0
        },
        {
          "error": 0.0,
          "isConstant": false,
          "max": 132766.598696,
          "min": 0.5,
          "name": "nSigP",
          "value": 79659.959217
        },
        {
          "error": 0.0,
          "isConstant": false,
          "max": 5.0,
          "min": 0.5,
          "name": "sigmaP",
          "value": 0.9
        }
      ],
      "minNll": -627977.8405585552,
      "numInvalidNLL": 0,
      "status": 240
    },
    "pass_quality": "check",
    "root_read_error": null
  },
  "fit_type": "nominalFit",
  "histograms": {
    "fail": {
      "entries": 39807.0,
      "fit_window": {
        "bin1": 11,
        "bin2": 70,
        "max": 120.0,
        "min": 60.0
      },
      "integral_fit_window": 40293.80475912757,
      "integral_fit_window_error": 236.17491384050575,
      "integral_full": 40640.61345837242,
      "integral_full_error": 237.18231775018236,
      "maximum_bin_center": 88.5,
      "maximum_bin_content": 3322.0162867813724,
      "mean": 86.59947667925054,
      "rms": 8.236610300652135
    },
    "pass": {
      "entries": 87613.0,
      "fit_window": {
        "bin1": 11,
        "bin2": 70,
        "max": 120.0,
        "min": 60.0
      },
      "integral_fit_window": 87897.29300168385,
      "integral_fit_window_error": 347.84069291000503,
      "integral_full": 88511.06579718509,
      "integral_full_error": 349.05474777645827,
      "maximum_bin_center": 89.5,
      "maximum_bin_content": 7996.921429257373,
      "mean": 86.64297805788031,
      "rms": 7.593829708725423
    }
  },
  "sample": {
    "fitOutputBinRoot": "/eos/home-p/pelai/HZa/root_TnP//hza_resolve_phid_2023postBPix_sf//DY_MC_LO_2023postBPix_hza_resolve_phid_2023postBPix_sf.nominalFit-bin08_ph_sc_eta_1p57To2p00_ph_et_20p00To35p00.root",
    "fitOutputRoot": "/eos/home-p/pelai/HZa/root_TnP//hza_resolve_phid_2023postBPix_sf//DY_MC_LO_2023postBPix_hza_resolve_phid_2023postBPix_sf.nominalFit.root",
    "histFile": "/eos/home-p/pelai/HZa/root_TnP//hza_resolve_phid_2023postBPix_sf//DY_MC_LO_2023postBPix_hza_resolve_phid_2023postBPix_sf.root",
    "isMC": true,
    "mcRefHistFile": "/eos/home-p/pelai/HZa/root_TnP//hza_resolve_phid_2023postBPix_sf//DY_MC_LO_2023postBPix_hza_resolve_phid_2023postBPix_sf.root",
    "mcTruth": true,
    "name": "DY_MC_LO_2023postBPix"
  },
  "workspace": {
    "effective_parsed": [
      {
        "max": 5.0,
        "min": -5.0,
        "name": "meanP",
        "raw": "meanP[-0.0,-5.0,5.0]",
        "tokens": [
          "-0.0",
          "-5.0",
          "5.0"
        ],
        "value": -0.0
      },
      {
        "max": 5.0,
        "min": 0.5,
        "name": "sigmaP",
        "raw": "sigmaP[0.9,0.5,5.0]",
        "tokens": [
          "0.9",
          "0.5",
          "5.0"
        ],
        "value": 0.9
      },
      {
        "max": 5.0,
        "min": -5.0,
        "name": "meanF",
        "raw": "meanF[-0.0,-5.0,5.0]",
        "tokens": [
          "-0.0",
          "-5.0",
          "5.0"
        ],
        "value": -0.0
      },
      {
        "max": 3.0,
        "min": 0.0,
        "name": "sigmaF",
        "raw": "sigmaF[1.0,0.0,3.0]",
        "tokens": [
          "1.0",
          "0.0",
          "3.0"
        ],
        "value": 1.0
      },
      {
        "max": 80.0,
        "min": 50.0,
        "name": "acmsP",
        "raw": "acmsP[60.,50.,80.]",
        "tokens": [
          "60.",
          "50.",
          "80."
        ],
        "value": 60.0
      },
      {
        "max": 0.08,
        "min": 0.01,
        "name": "betaP",
        "raw": "betaP[0.05,0.01,0.08]",
        "tokens": [
          "0.05",
          "0.01",
          "0.08"
        ],
        "value": 0.05
      },
      {
        "max": 2.0,
        "min": -2.0,
        "name": "gammaP",
        "raw": "gammaP[0.1, -2, 2]",
        "tokens": [
          "0.1",
          "-2",
          "2"
        ],
        "value": 0.1
      },
      {
        "max": 90.0,
        "min": 82.0,
        "name": "peakP",
        "raw": "peakP[87.0,82.0,90.0]",