{
  "bin": {
    "cut": "tag_Ele_pt > 35 && abs(tag_sc_eta) < 2.17 && ph_sc_eta >= -2.000000 && ph_sc_eta < -1.566000 && ph_et >= 20.000000 && ph_et < 35.000000 &&  !((ph_sc_eta > -1.566 && ph_sc_eta < 0) && (ph_sc_phi > -1.2 && ph_sc_phi < -0.8))  ",
    "index": 1,
    "name": "bin01_ph_sc_eta_m2p00Tom1p57_ph_et_20p00To35p00",
    "title": "; -2.000 < ph_sc_eta < -1.566; 20.000 < ph_et < 35.000",
    "vars": {
      "ph_et": {
        "max": 35,
        "min": 20
      },
      "ph_sc_eta": {
        "max": -1.566,
        "min": -2.0
      }
    }
  },
  "created_at_utc": "2026-04-20T06:28:08.854085+00:00",
  "derived": {
    "efficiency": 0.6909739680943503,
    "efficiency_error": 0.0011064890643613927,
    "nSigF": {
      "error": 168.46748116631352,
      "isConstant": false,
      "max": 59084.716818,
      "min": 0.5,
      "name": "nSigF",
      "value": 39103.089710003645
    },
    "nSigP": {
      "error": 251.75501587711915,
      "isConstant": false,
      "max": 132060.900135,
      "min": 0.5,
      "name": "nSigP",
      "value": 87433.46602567108
    }
  },
  "fit_metadata": {
    "bin_index": 1,
    "fail_hist_uses_pass_hist": false,
    "fit_range": {
      "max": 120.0,
      "min": 60.0
    },
    "truth_fail_template_uses_pass_hist": false,
    "truth_template_source": "/eos/home-p/pelai/HZa/root_TnP//hza_resolve_phid_2023postBPix_sf//DY_MC_LO_2023postBPix_hza_resolve_phid_2023postBPix_sf.root"
  },
  "fit_result": {
    "fail": {
      "covQual": -1,
      "edm": 0.00035273653445696835,
      "floatParsFinal": [
        {
          "error": 0.02128811170225786,
          "isConstant": false,
          "max": 5.0,
          "min": -5.0,
          "name": "meanF",
          "value": -0.0015589306781791379
        },
        {
          "error": 168.46748116631352,
          "isConstant": false,
          "max": 59084.716818,
          "min": 0.5,
          "name": "nSigF",
          "value": 39103.089710003645
        },
        {
          "error": 0.010716382956161674,
          "isConstant": false,
          "max": 1.5000003667493336,
          "min": 0.4000000977998223,
          "name": "sigmaF",
          "value": 0.40000087769250336
        }
      ],
      "floatParsInit": [
        {
          "error": 0.0,
          "isConstant": false,
          "max": 5.0,
          "min": -5.0,
          "name": "meanF",
          "value": -0.0
        },
        {
          "error": 0.0,
          "isConstant": false,
          "max": 59084.716818,
          "min": 0.5,
          "name": "nSigF",
          "value": 35450.830091
        },
        {
          "error": 0.0,
          "isConstant": false,
          "max": 1.5000003667493336,
          "min": 0.4000000977998223,
          "name": "sigmaF",
          "value": 0.5000001222497779
        }
      ],
      "minNll": -245538.0742251033,
      "numInvalidNLL": 0,
      "status": 160
    },
    "fail_quality": "check",
    "pass": {
      "covQual": -1,
      "edm": 0.010797169437397877,
      "floatParsFinal": [
        {
          "error": 0.013184425894916973,
          "isConstant": false,
          "max": 5.0,
          "min": -5.0,
          "name": "meanP",
          "value": -0.005354007414446471
        },
        {
          "error": 251.75501587711915,
          "isConstant": false,
          "max": 132060.900135,
          "min": 0.5,
          "name": "nSigP",
          "value": 87433.46602567108
        },
        {
          "error": 0.004433479618309422,
          "isConstant": false,
          "max": 5.0,
          "min": 0.5,
          "name": "sigmaP",
          "value": 0.5000001222497779
        }
      ],
      "floatParsInit": [
        {
          "error": 0.0,
          "isConstant": false,
          "max": 5.0,
          "min": -5.0,
          "name": "meanP",
          "value": -0.0
        },
        {
          "error": 0.0,
          "isConstant": false,
          "max": 132060.900135,
          "min": 0.5,
          "name": "nSigP",
          "value": 79236.540081
        },
        {
          "error": 0.0,
          "isConstant": false,
          "max": 5.0,
          "min": 0.5,
          "name": "sigmaP",
          "value": 0.9
        }
      ],
      "minNll": -626678.3262210313,
      "numInvalidNLL": 0,
      "status": 160
    },
    "pass_quality": "check",
    "root_read_error": null
  },
  "fit_type": "nominalFit",
  "histograms": {
    "fail": {
      "entries": 38881.0,
      "fit_window": {
        "bin1": 11,
        "bin2": 70,
        "max": 120.0,
        "min": 60.0
      },
      "integral_fit_window": 39100.42819796015,
      "integral_fit_window_error": 232.11659548497897,
      "integral_full": 39389.811212047425,
      "integral_full_error": 232.98448890184662,
      "maximum_bin_center": 89.5,
      "maximum_bin_content": 3331.3088558760755,
      "mean": 86.89269445256161,
      "rms": 7.874192064311138
    },
    "pass": {
      "entries": 86932.0,
      "fit_window": {
        "bin1": 11,
        "bin2": 70,
        "max": 120.0,
        "min": 60.0
      },
      "integral_fit_window": 87433.27537752388,
      "integral_fit_window_error": 347.2975346460484,
      "integral_full": 88040.60009017153,
      "integral_full_error": 348.4874246207849,
      "maximum_bin_center": 88.5,
      "maximum_bin_content": 8183.666897726209,
      "mean": 86.87754355264948,
      "rms": 7.427920975875131
    }
  },
  "sample": {
    "fitOutputBinRoot": "/eos/home-p/pelai/HZa/root_TnP//hza_resolve_phid_2023postBPix_sf//DY_MC_LO_2023postBPix_hza_resolve_phid_2023postBPix_sf.nominalFit-bin01_ph_sc_eta_m2p00Tom1p57_ph_et_20p00To35p00.root",
    "fitOutputRoot": "/eos/home-p/pelai/HZa/root_TnP//hza_resolve_phid_2023postBPix_sf//DY_MC_LO_2023postBPix_hza_resolve_phid_2023postBPix_sf.nominalFit.root",
    "histFile": "/eos/home-p/pelai/HZa/root_TnP//hza_resolve_phid_2023postBPix_sf//DY_MC_LO_2023postBPix_hza_resolve_phid_2023postBPix_sf.root",
    "isMC": true,
    "mcRefHistFile": "/eos/home-p/pelai/HZa/root_TnP//hza_resolve_phid_2023postBPix_sf//DY_MC_LO_2023postBPix_hza_resolve_phid_2023postBPix_sf.root",
    "mcTruth": true,
    "name": "DY_MC_LO_2023postBPix"
  },
  "workspace": {
    "effective_parsed": [
      {
        "max": 5.0,
        "min": -5.0,
        "name": "meanP",
        "raw": "meanP[-0.0,-5.0,5.0]",
        "tokens": [
          "-0.0",
          "-5.0",
          "5.0"
        ],
        "value": -0.0
      },
      {
        "max": 5.0,
        "min": 0.5,
        "name": "sigmaP",
        "raw": "sigmaP[0.9,0.5,5.0]",
        "tokens": [
          "0.9",
          "0.5",
          "5.0"
        ],
        "value": 0.9
      },
      {
        "max": 5.0,
        "min": -5.0,
        "name": "meanF",
        "raw": "meanF[-0.0,-5.0,5.0]",
        "tokens": [
          "-0.0",
          "-5.0",
          "5.0"
        ],
        "value": -0.0
      },
      {
        "max": 3.0,
        "min": 0.0,
        "name": "sigmaF",
        "raw": "sigmaF[1.0,0.0,3.0]",
        "tokens": [
          "1.0",
          "0.0",
          "3.0"
        ],
        "value": 1.0
      },
      {
        "max": 80.0,
        "min": 50.0,
        "name": "acmsP",
        "raw": "acmsP[60.,50.,80.]",
        "tokens": [
          "60.",
          "50.",
          "80."
        ],
        "value": 60.0
      },
      {
        "max": 0.08,
        "min": 0.01,
        "name": "betaP",
        "raw": "betaP[0.05,0.01,0.08]",
        "tokens": [
          "0.05",
          "0.01",
          "0.08"
        ],
        "value": 0.05
      },
      {
        "max": 2.0,
        "min": -2.0,
        "name": "gammaP",
        "raw": "gammaP[0.1, -2, 2]",
        "tokens": [
          "0.1",
          "-2",
          "2"
        ],
        "value": 0.1
      },
      {
        "max": 90.0,
        "min": 82.0,
        "name": "peakP",
        "raw": "peakP[87.0,82.0,90.0]",