{
  "bin": {
    "cut": "tag_Ele_pt > 35 && abs(tag_sc_eta) < 2.17 && ph_sc_eta >= -1.444200 && ph_sc_eta < -0.800000 && ph_et >= 20.000000 && ph_et < 35.000000 &&  !((ph_sc_eta > -1.566 && ph_sc_eta < 0) && (ph_sc_phi > -1.2 && ph_sc_phi < -0.8))  ",
    "index": 3,
    "name": "bin03_ph_sc_eta_m1p44Tom0p80_ph_et_20p00To35p00",
    "title": "; -1.444 < ph_sc_eta < -0.800; 20.000 < ph_et < 35.000",
    "vars": {
      "ph_et": {
        "max": 35,
        "min": 20
      },
      "ph_sc_eta": {
        "max": -0.8,
        "min": -1.4442
      }
    }
  },
  "created_at_utc": "2026-04-21T16:57:35.021820+00:00",
  "derived": {
    "efficiency": 0.7588313319357763,
    "efficiency_error": 0.0007523603542184752,
    "nSigF": {
      "error": 202.74119439180504,
      "isConstant": false,
      "max": 85510.244086,
      "min": 0.5,
      "name": "nSigF",
      "value": 56595.611654280896
    },
    "nSigP": {
      "error": 359.19287225791777,
      "isConstant": false,
      "max": 268891.599262,
      "min": 0.5,
      "name": "nSigP",
      "value": 178076.71169747956
    }
  },
  "fit_metadata": {
    "bin_index": 3,
    "fail_hist_uses_pass_hist": false,
    "fit_range": {
      "max": 120.0,
      "min": 60.0
    },
    "truth_fail_template_uses_pass_hist": false,
    "truth_template_source": "/eos/home-p/pelai/HZa/root_TnP//hza_resolve_phid_2023postBPix_sf//DY_MC_LO_2023postBPix_hza_resolve_phid_2023postBPix_sf.root"
  },
  "fit_result": {
    "fail": {
      "covQual": -1,
      "edm": 0.0568876887077387,
      "floatParsFinal": [
        {
          "error": 0.017196621514190547,
          "isConstant": false,
          "max": 5.0,
          "min": -5.0,
          "name": "meanF",
          "value": -0.002218320697257248
        },
        {
          "error": 202.74119439180504,
          "isConstant": false,
          "max": 85510.244086,
          "min": 0.5,
          "name": "nSigF",
          "value": 56595.611654280896
        },
        {
          "error": 0.008033666689672592,
          "isConstant": false,
          "max": 1.5000023855136266,
          "min": 0.4000006361369671,
          "name": "sigmaF",
          "value": 0.4000006362972965
        }
      ],
      "floatParsInit": [
        {
          "error": 0.0,
          "isConstant": false,
          "max": 5.0,
          "min": -5.0,
          "name": "meanF",
          "value": -0.0
        },
        {
          "error": 0.0,
          "isConstant": false,
          "max": 85510.244086,
          "min": 0.5,
          "name": "nSigF",
          "value": 51306.146452
        },
        {
          "error": 0.0,
          "isConstant": false,
          "max": 1.5000023855136266,
          "min": 0.4000006361369671,
          "name": "sigmaF",
          "value": 0.5000007951712089
        }
      ],
      "minNll": -376694.7605183562,
      "numInvalidNLL": 0,
      "status": 160
    },
    "fail_quality": "check",
    "pass": {
      "covQual": -1,
      "edm": 0.1827879961626816,
      "floatParsFinal": [
        {
          "error": 0.009167930308210614,
          "isConstant": false,
          "max": 5.0,
          "min": -5.0,
          "name": "meanP",
          "value": -0.007982795865218328
        },
        {
          "error": 359.19287225791777,
          "isConstant": false,
          "max": 268891.599262,
          "min": 0.5,
          "name": "nSigP",
          "value": 178076.71169747956
        },
        {
          "error": 0.0030534320113107527,
          "isConstant": false,
          "max": 5.0,
          "min": 0.5,
          "name": "sigmaP",
          "value": 0.5000007951712089
        }
      ],
      "floatParsInit": [
        {
          "error": 0.0,
          "isConstant": false,
          "max": 5.0,
          "min": -5.0,
          "name": "meanP",
          "value": -0.0
        },
        {
          "error": 0.0,
          "isConstant": false,
          "max": 268891.599262,
          "min": 0.5,
          "name": "nSigP",
          "value": 161334.959557
        },
        {
          "error": 0.0,
          "isConstant": false,
          "max": 5.0,
          "min": 0.5,
          "name": "sigmaP",
          "value": 0.9
        }
      ],
      "minNll": -1400429.4849027507,
      "numInvalidNLL": 0,
      "status": 160
    },
    "pass_quality": "check",
    "root_read_error": null
  },
  "fit_type": "nominalFit",
  "histograms": {
    "fail": {
      "entries": 56293.0,
      "fit_window": {
        "bin1": 11,
        "bin2": 70,
        "max": 120.0,
        "min": 60.0
      },
      "integral_fit_window": 56594.78604171198,
      "integral_fit_window_error": 279.1548823771997,
      "integral_full": 57006.82939093609,
      "integral_full_error": 280.17453775459205,
      "maximum_bin_center": 89.5,
      "maximum_bin_content": 5108.90510491663,
      "mean": 86.5115917164856,
      "rms": 7.836634879145341
    },
    "pass": {
      "entries": 176541.0,
      "fit_window": {
        "bin1": 11,
        "bin2": 70,
        "max": 120.0,
        "min": 60.0
      },
      "integral_fit_window": 178081.50079155312,
      "integral_fit_window_error": 495.7669230925917,
      "integral_full": 179261.0661748582,
      "integral_full_error": 497.3839727826563,
      "maximum_bin_center": 89.5,
      "maximum_bin_content": 16940.025162046462,
      "mean": 86.44461052636791,
      "rms": 7.528303724941982
    }
  },
  "sample": {
    "fitOutputBinRoot": "/eos/home-p/pelai/HZa/root_TnP//hza_resolve_phid_2023postBPix_sf//DY_MC_LO_2023postBPix_hza_resolve_phid_2023postBPix_sf.nominalFit-bin03_ph_sc_eta_m1p44Tom0p80_ph_et_20p00To35p00.root",
    "fitOutputRoot": "/eos/home-p/pelai/HZa/root_TnP//hza_resolve_phid_2023postBPix_sf//DY_MC_LO_2023postBPix_hza_resolve_phid_2023postBPix_sf.nominalFit.root",
    "histFile": "/eos/home-p/pelai/HZa/root_TnP//hza_resolve_phid_2023postBPix_sf//DY_MC_LO_2023postBPix_hza_resolve_phid_2023postBPix_sf.root",
    "isMC": true,
    "mcRefHistFile": "/eos/home-p/pelai/HZa/root_TnP//hza_resolve_phid_2023postBPix_sf//DY_MC_LO_2023postBPix_hza_resolve_phid_2023postBPix_sf.root",
    "mcTruth": true,
    "name": "DY_MC_LO_2023postBPix"
  },
  "workspace": {
    "effective_parsed": [
      {
        "max": 5.0,
        "min": -5.0,
        "name": "meanP",
        "raw": "meanP[-0.0,-5.0,5.0]",
        "tokens": [
          "-0.0",
          "-5.0",
          "5.0"
        ],
        "value": -0.0
      },
      {
        "max": 5.0,
        "min": 0.5,
        "name": "sigmaP",
        "raw": "sigmaP[0.9,0.5,5.0]",
        "tokens": [
          "0.9",
          "0.5",
          "5.0"
        ],
        "value": 0.9
      },
      {
        "max": 5.0,
        "min": -5.0,
        "name": "meanF",
        "raw": "meanF[-0.0,-5.0,5.0]",
        "tokens": [
          "-0.0",
          "-5.0",
          "5.0"
        ],
        "value": -0.0
      },
      {
        "max": 90.0,
        "min": 82.0,
        "name": "peakP",
        "raw": "peakP[87.0,82.0,90.0]",
        "tokens": [
          "87.0",
          "82.0",
          "90.0"
        ],
        "value": 87.0
      },
      {
        "max": 90.0,
        "min": 82.0,
        "name": "peakF",
        "raw": "peakF[87.0,82.0,90.0]",
        "tokens": [
          "87.0",
          "82.0",
          "90.0"
        ],
        "value": 87.0
      },
      {
        "max": 95.0,
        "min": 45.0,
        "name": "acmsP",
        "raw": "acmsP[70.,45.,95.]",
        "tokens": [
          "70.",
          "45.",
          "95."
        ],
        "value": 70.0
      },
      {
        "max": 0.1,
        "min": 0.005,
        "name": "betaP",
        "raw": "betaP[0.05,0.005,0.10]",
        "tokens": [
          "0.05",
          "0.005",
          "0.10"
        ],
        "value": 0.05
      },
      {
        "max": 2.0,
        "min": -2.0,
        "name": "gammaP",
        "raw": "gammaP[0.08,-2,2]",