{
  "bin": {
    "cut": "tag_Ele_pt > 35 && abs(tag_sc_eta) < 2.17 && ph_sc_eta >= -0.800000 && ph_sc_eta < 0.000000 && ph_et >= 35.000000 && ph_et < 50.000000 &&  !((ph_sc_eta > -1.566 && ph_sc_eta < 0) && (ph_sc_phi > -1.2 && ph_sc_phi < -0.8))  ",
    "index": 14,
    "name": "bin14_ph_sc_eta_m0p80To0p00_ph_et_35p00To50p00",
    "title": "; -0.800 < ph_sc_eta < 0.000; 35.000 < ph_et < 50.000",
    "vars": {
      "ph_et": {
        "max": 50,
        "min": 35
      },
      "ph_sc_eta": {
        "max": 0.0,
        "min": -0.8
      }
    }
  },
  "created_at_utc": "2026-04-19T17:02:38.898033+00:00",
  "derived": {
    "efficiency": 0.8049107363820496,
    "efficiency_error": 0.0003417511177755018,
    "nSigF": {
      "error": 371.2244212818332,
      "isConstant": false,
      "max": 285917.515566,
      "min": 0.5,
      "name": "nSigF",
      "value": 190136.1545765027
    },
    "nSigP": {
      "error": 754.3136415673653,
      "isConstant": false,
      "max": 1179282.792247,
      "min": 0.5,
      "name": "nSigP",
      "value": 784474.9083308466
    }
  },
  "fit_metadata": {
    "bin_index": 14,
    "fail_hist_uses_pass_hist": false,
    "fit_range": {
      "max": 120.0,
      "min": 60.0
    },
    "truth_fail_template_uses_pass_hist": false,
    "truth_template_source": "/eos/home-p/pelai/HZa/root_TnP//hza_resolve_phid_2023postBPix_sf//DY_MC_LO_2023postBPix_hza_resolve_phid_2023postBPix_sf.root"
  },
  "fit_result": {
    "fail": {
      "covQual": -1,
      "edm": 0.20776240946381838,
      "floatParsFinal": [
        {
          "error": 0.006164532572590531,
          "isConstant": false,
          "max": 5.0,
          "min": -5.0,
          "name": "meanF",
          "value": 0.0016125537051134842
        },
        {
          "error": 371.2244212818332,
          "isConstant": false,
          "max": 285917.515566,
          "min": 0.5,
          "name": "nSigF",
          "value": 190136.1545765027
        },
        {
          "error": 0.0017442619927403313,
          "isConstant": false,
          "max": 1.5000000087249146,
          "min": 0.4000000023266439,
          "name": "sigmaF",
          "value": 0.4000000061077471
        }
      ],
      "floatParsInit": [
        {
          "error": 0.0,
          "isConstant": false,
          "max": 5.0,
          "min": -5.0,
          "name": "meanF",
          "value": -0.0
        },
        {
          "error": 0.0,
          "isConstant": false,
          "max": 285917.515566,
          "min": 0.5,
          "name": "nSigF",
          "value": 171550.50934
        },
        {
          "error": 0.0,
          "isConstant": false,
          "max": 1.5000000087249146,
          "min": 0.4000000023266439,
          "name": "sigmaF",
          "value": 0.5000000029083048
        }
      ],
      "minNll": -1588183.506265573,
      "numInvalidNLL": 0,
      "status": 160
    },
    "fail_quality": "check",
    "pass": {
      "covQual": -1,
      "edm": 0.13749579993076042,
      "floatParsFinal": [
        {
          "error": 0.0028785286405139665,
          "isConstant": false,
          "max": 5.0,
          "min": -5.0,
          "name": "meanP",
          "value": 0.0004226177116475327
        },
        {
          "error": 754.3136415673653,
          "isConstant": false,
          "max": 1179282.792247,
          "min": 0.5,
          "name": "nSigP",
          "value": 784474.9083308466
        },
        {
          "error": 0.0002226298712579844,
          "isConstant": false,
          "max": 5.0,
          "min": 0.5,
          "name": "sigmaP",
          "value": 0.5000000029083048
        }
      ],
      "floatParsInit": [
        {
          "error": 0.0,
          "isConstant": false,
          "max": 5.0,
          "min": -5.0,
          "name": "meanP",
          "value": -0.0
        },
        {
          "error": 0.0,
          "isConstant": false,
          "max": 1179282.792247,
          "min": 0.5,
          "name": "nSigP",
          "value": 707569.675348
        },
        {
          "error": 0.0,
          "isConstant": false,
          "max": 5.0,
          "min": 0.5,
          "name": "sigmaP",
          "value": 0.9
        }
      ],
      "minNll": -7719854.060479365,
      "numInvalidNLL": 0,
      "status": 160
    },
    "pass_quality": "check",
    "root_read_error": null
  },
  "fit_type": "nominalFit",
  "histograms": {
    "fail": {
      "entries": 187861.0,
      "fit_window": {
        "bin1": 11,
        "bin2": 70,
        "max": 120.0,
        "min": 60.0
      },
      "integral_fit_window": 190136.5666785952,
      "integral_fit_window_error": 512.1859580606015,
      "integral_full": 190611.67704394294,
      "integral_full_error": 512.8107316896228,
      "maximum_bin_center": 90.5,
      "maximum_bin_content": 27449.254848965626,
      "mean": 90.77942348820639,
      "rms": 4.9532597976150825
    },
    "pass": {
      "entries": 775186.0,
      "fit_window": {
        "bin1": 11,
        "bin2": 70,
        "max": 120.0,
        "min": 60.0
      },
      "integral_fit_window": 784472.4981281181,
      "integral_fit_window_error": 1039.9863737566168,
      "integral_full": 786188.5281648269,
      "integral_full_error": 1041.1389142923015,
      "maximum_bin_center": 90.5,
      "maximum_bin_content": 119960.59350343335,
      "mean": 90.78740702831536,
      "rms": 4.661112600246244
    }
  },
  "sample": {
    "fitOutputBinRoot": "/eos/home-p/pelai/HZa/root_TnP//hza_resolve_phid_2023postBPix_sf//DY_MC_LO_2023postBPix_hza_resolve_phid_2023postBPix_sf.nominalFit-bin14_ph_sc_eta_m0p80To0p00_ph_et_35p00To50p00.root",
    "fitOutputRoot": "/eos/home-p/pelai/HZa/root_TnP//hza_resolve_phid_2023postBPix_sf//DY_MC_LO_2023postBPix_hza_resolve_phid_2023postBPix_sf.nominalFit.root",
    "histFile": "/eos/home-p/pelai/HZa/root_TnP//hza_resolve_phid_2023postBPix_sf//DY_MC_LO_2023postBPix_hza_resolve_phid_2023postBPix_sf.root",
    "isMC": true,
    "mcRefHistFile": "/eos/home-p/pelai/HZa/root_TnP//hza_resolve_phid_2023postBPix_sf//DY_MC_LO_2023postBPix_hza_resolve_phid_2023postBPix_sf.root",
    "mcTruth": true,
    "name": "DY_MC_LO_2023postBPix"
  },
  "workspace": {
    "effective_parsed": [
      {
        "max": 5.0,
        "min": -5.0,
        "name": "meanP",
        "raw": "meanP[-0.0,-5.0,5.0]",
        "tokens": [
          "-0.0",
          "-5.0",
          "5.0"
        ],
        "value": -0.0
      },
      {
        "max": 5.0,
        "min": 0.5,
        "name": "sigmaP",
        "raw": "sigmaP[0.9,0.5,5.0]",
        "tokens": [
          "0.9",
          "0.5",
          "5.0"
        ],
        "value": 0.9
      },
      {
        "max": 5.0,
        "min": -5.0,
        "name": "meanF",
        "raw": "meanF[-0.0,-5.0,5.0]",
        "tokens": [
          "-0.0",
          "-5.0",
          "5.0"
        ],
        "value": -0.0
      },
      {
        "max": 3.0,
        "min": 0.0,
        "name": "sigmaF",
        "raw": "sigmaF[1.0,0.0,3.0]",
        "tokens": [
          "1.0",
          "0.0",
          "3.0"
        ],
        "value": 1.0
      },
      {
        "max": 80.0,
        "min": 50.0,
        "name": "acmsP",
        "raw": "acmsP[60.,50.,80.]",
        "tokens": [
          "60.",
          "50.",
          "80."
        ],
        "value": 60.0
      },
      {
        "max": 0.08,
        "min": 0.01,
        "name": "betaP",
        "raw": "betaP[0.05,0.01,0.08]",
        "tokens": [
          "0.05",
          "0.01",
          "0.08"
        ],
        "value": 0.05
      },
      {
        "max": 2.0,
        "min": -2.0,
        "name": "gammaP",
        "raw": "gammaP[0.1, -2, 2]",
        "tokens": [
          "0.1",
          "-2",
          "2"
        ],
        "value": 0.1
      },
      {
        "max": 90.0,
        "min": 82.0,
        "name": "peakP",
        "raw": "peakP[87.0,82.0,90.0]",