{
  "bin": {
    "cut": "tag_Ele_pt > 35 && abs(tag_sc_eta) < 2.17 && ph_sc_eta >= 2.000000 && ph_sc_eta < 2.500000 && ph_et >= 35.000000 && ph_et < 50.000000 &&  !((ph_sc_eta > -1.566 && ph_sc_eta < 0) && (ph_sc_phi > -1.2 && ph_sc_phi < -0.8))  ",
    "index": 19,
    "name": "bin19_ph_sc_eta_2p00To2p50_ph_et_35p00To50p00",
    "title": "; 2.000 < ph_sc_eta < 2.500; 35.000 < ph_et < 50.000",
    "vars": {
      "ph_et": {
        "max": 50,
        "min": 35
      },
      "ph_sc_eta": {
        "max": 2.5,
        "min": 2.0
      }
    }
  },
  "created_at_utc": "2026-04-20T19:11:25.611558+00:00",
  "derived": {
    "efficiency": 0.8196091120641061,
    "efficiency_error": 0.0006457864551963314,
    "nSigF": {
      "error": 183.56025100748593,
      "isConstant": false,
      "max": 69890.555833,
      "min": 0.5,
      "name": "nSigF",
      "value": 46415.24230078326
    },
    "nSigP": {
      "error": 391.0332136530924,
      "isConstant": false,
      "max": 317370.619713,
      "min": 0.5,
      "name": "nSigP",
      "value": 210888.45430986816
    }
  },
  "fit_metadata": {
    "bin_index": 19,
    "fail_hist_uses_pass_hist": false,
    "fit_range": {
      "max": 120.0,
      "min": 60.0
    },
    "truth_fail_template_uses_pass_hist": false,
    "truth_template_source": "/eos/home-p/pelai/HZa/root_TnP//hza_resolve_phid_2023postBPix_sf//DY_MC_LO_2023postBPix_hza_resolve_phid_2023postBPix_sf.root"
  },
  "fit_result": {
    "fail": {
      "covQual": -1,
      "edm": 0.0015827623082430749,
      "floatParsFinal": [
        {
          "error": 0.015016696891519299,
          "isConstant": false,
          "max": 5.0,
          "min": -5.0,
          "name": "meanF",
          "value": 0.004134604274654841
        },
        {
          "error": 183.56025100748593,
          "isConstant": false,
          "max": 69890.555833,
          "min": 0.5,
          "name": "nSigF",
          "value": 46415.24230078326
        },
        {
          "error": 0.0073028562905393946,
          "isConstant": false,
          "max": 1.5000018562697255,
          "min": 0.4000004950052602,
          "name": "sigmaF",
          "value": 0.40000049617348554
        }
      ],
      "floatParsInit": [
        {
          "error": 0.0,
          "isConstant": false,
          "max": 5.0,
          "min": -5.0,
          "name": "meanF",
          "value": -0.0
        },
        {
          "error": 0.0,
          "isConstant": false,
          "max": 69890.555833,
          "min": 0.5,
          "name": "nSigF",
          "value": 41934.3335
        },
        {
          "error": 0.0,
          "isConstant": false,
          "max": 1.5000018562697255,
          "min": 0.4000004950052602,
          "name": "sigmaF",
          "value": 0.5000006187565752
        }
      ],
      "minNll": -317112.66290378664,
      "numInvalidNLL": 0,
      "status": 160
    },
    "fail_quality": "check",
    "pass": {
      "covQual": -1,
      "edm": 0.009381957147510738,
      "floatParsFinal": [
        {
          "error": 0.007058919609666425,
          "isConstant": false,
          "max": 5.0,
          "min": -5.0,
          "name": "meanP",
          "value": 0.0033895162446340166
        },
        {
          "error": 391.0332136530924,
          "isConstant": false,
          "max": 317370.619713,
          "min": 0.5,
          "name": "nSigP",
          "value": 210888.45430986816
        },
        {
          "error": 0.002206221410661291,
          "isConstant": false,
          "max": 5.0,
          "min": 0.5,
          "name": "sigmaP",
          "value": 0.5000006187565752
        }
      ],
      "floatParsInit": [
        {
          "error": 0.0,
          "isConstant": false,
          "max": 5.0,
          "min": -5.0,
          "name": "meanP",
          "value": -0.0
        },
        {
          "error": 0.0,
          "isConstant": false,
          "max": 317370.619713,
          "min": 0.5,
          "name": "nSigP",
          "value": 190422.371828
        },
        {
          "error": 0.0,
          "isConstant": false,
          "max": 5.0,
          "min": 0.5,
          "name": "sigmaP",
          "value": 0.9
        }
      ],
      "minNll": -1764198.6085591319,
      "numInvalidNLL": 0,
      "status": 160
    },
    "pass_quality": "check",
    "root_read_error": null
  },
  "fit_type": "nominalFit",
  "histograms": {
    "fail": {
      "entries": 45926.0,
      "fit_window": {
        "bin1": 11,
        "bin2": 70,
        "max": 120.0,
        "min": 60.0
      },
      "integral_fit_window": 46414.61387402357,
      "integral_fit_window_error": 252.8634316801434,
      "integral_full": 46593.703888883516,
      "integral_full_error": 253.374215629893,
      "maximum_bin_center": 90.5,
      "maximum_bin_content": 5327.553930229412,
      "mean": 91.11340380915551,
      "rms": 5.421224047824593
    },
    "pass": {
      "entries": 208173.0,
      "fit_window": {
        "bin1": 11,
        "bin2": 70,
        "max": 120.0,
        "min": 60.0
      },
      "integral_fit_window": 210879.31581432882,
      "integral_fit_window_error": 539.3173822721984,
      "integral_full": 211580.41314181575,
      "integral_full_error": 540.2124433383985,
      "maximum_bin_center": 90.5,
      "maximum_bin_content": 24862.502299813154,
      "mean": 91.02153489151314,
      "rms": 5.24100587478385
    }
  },
  "sample": {
    "fitOutputBinRoot": "/eos/home-p/pelai/HZa/root_TnP//hza_resolve_phid_2023postBPix_sf//DY_MC_LO_2023postBPix_hza_resolve_phid_2023postBPix_sf.nominalFit-bin19_ph_sc_eta_2p00To2p50_ph_et_35p00To50p00.root",
    "fitOutputRoot": "/eos/home-p/pelai/HZa/root_TnP//hza_resolve_phid_2023postBPix_sf//DY_MC_LO_2023postBPix_hza_resolve_phid_2023postBPix_sf.nominalFit.root",
    "histFile": "/eos/home-p/pelai/HZa/root_TnP//hza_resolve_phid_2023postBPix_sf//DY_MC_LO_2023postBPix_hza_resolve_phid_2023postBPix_sf.root",
    "isMC": true,
    "mcRefHistFile": "/eos/home-p/pelai/HZa/root_TnP//hza_resolve_phid_2023postBPix_sf//DY_MC_LO_2023postBPix_hza_resolve_phid_2023postBPix_sf.root",
    "mcTruth": true,
    "name": "DY_MC_LO_2023postBPix"
  },
  "workspace": {
    "effective_parsed": [
      {
        "max": 5.0,
        "min": -5.0,
        "name": "meanP",
        "raw": "meanP[-0.0,-5.0,5.0]",
        "tokens": [
          "-0.0",
          "-5.0",
          "5.0"
        ],
        "value": -0.0
      },
      {
        "max": 5.0,
        "min": 0.5,
        "name": "sigmaP",
        "raw": "sigmaP[0.9,0.5,5.0]",
        "tokens": [
          "0.9",
          "0.5",
          "5.0"
        ],
        "value": 0.9
      },
      {
        "max": 5.0,
        "min": -5.0,
        "name": "meanF",
        "raw": "meanF[-0.0,-5.0,5.0]",
        "tokens": [
          "-0.0",
          "-5.0",
          "5.0"
        ],
        "value": -0.0
      },
      {
        "max": 3.0,
        "min": 0.0,
        "name": "sigmaF",
        "raw": "sigmaF[1.0,0.0,3.0]",
        "tokens": [
          "1.0",
          "0.0",
          "3.0"
        ],
        "value": 1.0
      },
      {
        "max": 80.0,
        "min": 50.0,
        "name": "acmsP",
        "raw": "acmsP[60.,50.,80.]",
        "tokens": [
          "60.",
          "50.",
          "80."
        ],
        "value": 60.0
      },
      {
        "max": 0.08,
        "min": 0.01,
        "name": "betaP",
        "raw": "betaP[0.05,0.01,0.08]",
        "tokens": [
          "0.05",
          "0.01",
          "0.08"
        ],
        "value": 0.05
      },
      {
        "max": 2.0,
        "min": -2.0,
        "name": "gammaP",
        "raw": "gammaP[0.1, -2, 2]",
        "tokens": [
          "0.1",
          "-2",
          "2"
        ],
        "value": 0.1
      },
      {
        "max": 90.0,
        "min": 82.0,
        "name": "peakP",
        "raw": "peakP[87.0,82.0,90.0]",
        "tokens": [
          "87.0",
          "82.0",
          "90.0"
        ],