{
  "bin": {
    "cut": "tag_Ele_pt > 35 && abs(tag_sc_eta) < 2.17 && ph_sc_eta >= 0.800000 && ph_sc_eta < 1.444200 && ph_et >= 35.000000 && ph_et < 50.000000 &&  !((ph_sc_eta > -1.566 && ph_sc_eta < 0) && (ph_sc_phi > -1.2 && ph_sc_phi < -0.8))  ",
    "index": 16,
    "name": "bin16_ph_sc_eta_0p80To1p44_ph_et_35p00To50p00",
    "title": "; 0.800 < ph_sc_eta < 1.444; 35.000 < ph_et < 50.000",
    "vars": {
      "ph_et": {
        "max": 50,
        "min": 35
      },
      "ph_sc_eta": {
        "max": 1.4442,
        "min": 0.8
      }
    }
  },
  "created_at_utc": "2026-04-21T16:57:42.289057+00:00",
  "derived": {
    "efficiency": 0.8045252769528197,
    "efficiency_error": 0.0003972398931516244,
    "nSigF": {
      "error": 319.7824855937506,
      "isConstant": false,
      "max": 212297.339135,
      "min": 0.5,
      "name": "nSigF",
      "value": 141158.76010396265
    },
    "nSigP": {
      "error": 649.1009015851887,
      "isConstant": false,
      "max": 872968.136954,
      "min": 0.5,
      "name": "nSigP",
      "value": 580974.3009051182
    }
  },
  "fit_metadata": {
    "bin_index": 16,
    "fail_hist_uses_pass_hist": false,
    "fit_range": {
      "max": 120.0,
      "min": 60.0
    },
    "truth_fail_template_uses_pass_hist": false,
    "truth_template_source": "/eos/home-p/pelai/HZa/root_TnP//hza_resolve_phid_2023postBPix_sf//DY_MC_LO_2023postBPix_hza_resolve_phid_2023postBPix_sf.root"
  },
  "fit_result": {
    "fail": {
      "covQual": -1,
      "edm": 0.09763613694805152,
      "floatParsFinal": [
        {
          "error": 0.008123660609285821,
          "isConstant": false,
          "max": 5.0,
          "min": -5.0,
          "name": "meanF",
          "value": 0.0014802517997214437
        },
        {
          "error": 319.7824855937506,
          "isConstant": false,
          "max": 212297.339135,
          "min": 0.5,
          "name": "nSigF",
          "value": 141158.76010396265
        },
        {
          "error": 0.0034374940206844395,
          "isConstant": false,
          "max": 1.5000000618755094,
          "min": 0.40000001650013584,
          "name": "sigmaF",
          "value": 0.40000002493927256
        }
      ],
      "floatParsInit": [
        {
          "error": 0.0,
          "isConstant": false,
          "max": 5.0,
          "min": -5.0,
          "name": "meanF",
          "value": -0.0
        },
        {
          "error": 0.0,
          "isConstant": false,
          "max": 212297.339135,
          "min": 0.5,
          "name": "nSigF",
          "value": 127378.403481
        },
        {
          "error": 0.0,
          "isConstant": false,
          "max": 1.5000000618755094,
          "min": 0.40000001650013584,
          "name": "sigmaF",
          "value": 0.5000000206251698
        }
      ],
      "minNll": -1128790.2305881826,
      "numInvalidNLL": 0,
      "status": 160
    },
    "fail_quality": "check",
    "pass": {
      "covQual": -1,
      "edm": 0.04191867025741205,
      "floatParsFinal": [
        {
          "error": 0.003884211328813336,
          "isConstant": false,
          "max": 5.0,
          "min": -5.0,
          "name": "meanP",
          "value": -0.0005626441633852508
        },
        {
          "error": 649.1009015851887,
          "isConstant": false,
          "max": 872968.136954,
          "min": 0.5,
          "name": "nSigP",
          "value": 580974.3009051182
        },
        {
          "error": 0.0005789448173700862,
          "isConstant": false,
          "max": 5.0,
          "min": 0.5,
          "name": "sigmaP",
          "value": 0.5000000206251698
        }
      ],
      "floatParsInit": [
        {
          "error": 0.0,
          "isConstant": false,
          "max": 5.0,
          "min": -5.0,
          "name": "meanP",
          "value": -0.0
        },
        {
          "error": 0.0,
          "isConstant": false,
          "max": 872968.136954,
          "min": 0.5,
          "name": "nSigP",
          "value": 523780.882172
        },
        {
          "error": 0.0,
          "isConstant": false,
          "max": 5.0,
          "min": 0.5,
          "name": "sigmaP",
          "value": 0.9
        }
      ],
      "minNll": -5492480.710769877,
      "numInvalidNLL": 0,
      "status": 160
    },
    "pass_quality": "check",
    "root_read_error": null
  },
  "fit_type": "nominalFit",
  "histograms": {
    "fail": {
      "entries": 139662.0,
      "fit_window": {
        "bin1": 11,
        "bin2": 70,
        "max": 120.0,
        "min": 60.0
      },
      "integral_fit_window": 141159.31288930427,
      "integral_fit_window_error": 441.4218855366372,
      "integral_full": 141531.55942347122,
      "integral_full_error": 442.00282060162345,
      "maximum_bin_center": 90.5,
      "maximum_bin_content": 17860.290503280637,
      "mean": 90.21489983963082,
      "rms": 5.064976158182694
    },
    "pass": {
      "entries": 573103.0,
      "fit_window": {
        "bin1": 11,
        "bin2": 70,
        "max": 120.0,
        "min": 60.0
      },
      "integral_fit_window": 580972.9160648792,
      "integral_fit_window_error": 895.0457379552796,
      "integral_full": 581978.7579693783,
      "integral_full_error": 895.8037900586316,
      "maximum_bin_center": 90.5,
      "maximum_bin_content": 75535.6108360321,
      "mean": 90.06235534353104,
      "rms": 4.771649728690157
    }
  },
  "sample": {
    "fitOutputBinRoot": "/eos/home-p/pelai/HZa/root_TnP//hza_resolve_phid_2023postBPix_sf//DY_MC_LO_2023postBPix_hza_resolve_phid_2023postBPix_sf.nominalFit-bin16_ph_sc_eta_0p80To1p44_ph_et_35p00To50p00.root",
    "fitOutputRoot": "/eos/home-p/pelai/HZa/root_TnP//hza_resolve_phid_2023postBPix_sf//DY_MC_LO_2023postBPix_hza_resolve_phid_2023postBPix_sf.nominalFit.root",
    "histFile": "/eos/home-p/pelai/HZa/root_TnP//hza_resolve_phid_2023postBPix_sf//DY_MC_LO_2023postBPix_hza_resolve_phid_2023postBPix_sf.root",
    "isMC": true,
    "mcRefHistFile": "/eos/home-p/pelai/HZa/root_TnP//hza_resolve_phid_2023postBPix_sf//DY_MC_LO_2023postBPix_hza_resolve_phid_2023postBPix_sf.root",
    "mcTruth": true,
    "name": "DY_MC_LO_2023postBPix"
  },
  "workspace": {
    "effective_parsed": [
      {
        "max": 5.0,
        "min": -5.0,
        "name": "meanP",
        "raw": "meanP[-0.0,-5.0,5.0]",
        "tokens": [
          "-0.0",
          "-5.0",
          "5.0"
        ],
        "value": -0.0
      },
      {
        "max": 5.0,
        "min": 0.5,
        "name": "sigmaP",
        "raw": "sigmaP[0.9,0.5,5.0]",
        "tokens": [
          "0.9",
          "0.5",
          "5.0"
        ],
        "value": 0.9
      },
      {
        "max": 5.0,
        "min": -5.0,
        "name": "meanF",
        "raw": "meanF[-0.0,-5.0,5.0]",
        "tokens": [
          "-0.0",
          "-5.0",
          "5.0"
        ],
        "value": -0.0
      },
      {
        "max": 3.0,
        "min": 0.0,
        "name": "sigmaF",
        "raw": "sigmaF[1.0,0.0,3.0]",
        "tokens": [
          "1.0",
          "0.0",
          "3.0"
        ],
        "value": 1.0
      },
      {
        "max": 80.0,
        "min": 50.0,
        "name": "acmsP",
        "raw": "acmsP[60.,50.,80.]",
        "tokens": [
          "60.",
          "50.",
          "80."
        ],
        "value": 60.0
      },
      {
        "max": 0.08,
        "min": 0.01,
        "name": "betaP",
        "raw": "betaP[0.05,0.01,0.08]",
        "tokens": [
          "0.05",
          "0.01",
          "0.08"
        ],
        "value": 0.05
      },
      {
        "max": 2.0,
        "min": -2.0,
        "name": "gammaP",
        "raw": "gammaP[0.1, -2, 2]",
        "tokens": [
          "0.1",
          "-2",
          "2"
        ],
        "value": 0.1
      },
      {
        "max": 90.0,
        "min": 82.0,
        "name": "peakP",
        "raw": "peakP[87.0,82.0,90.0]",