{
  "bin": {
    "cut": "tag_Ele_pt > 35 && abs(tag_sc_eta) < 2.17 && ph_sc_eta >= -1.444200 && ph_sc_eta < -0.800000 && ph_et >= 35.000000 && ph_et < 50.000000 &&  !((ph_sc_eta > -1.566 && ph_sc_eta < 0) && (ph_sc_phi > -1.2 && ph_sc_phi < -0.8))  ",
    "index": 13,
    "name": "bin13_ph_sc_eta_m1p44Tom0p80_ph_et_35p00To50p00",
    "title": "; -1.444 < ph_sc_eta < -0.800; 35.000 < ph_et < 50.000",
    "vars": {
      "ph_et": {
        "max": 50,
        "min": 35
      },
      "ph_sc_eta": {
        "max": -0.8,
        "min": -1.4442
      }
    }
  },
  "created_at_utc": "2026-04-20T19:11:21.730925+00:00",
  "derived": {
    "efficiency": 0.8053998254231082,
    "efficiency_error": 0.00041222968713669294,
    "nSigF": {
      "error": 306.536517665103,
      "isConstant": false,
      "max": 195300.17833,
      "min": 0.5,
      "name": "nSigF",
      "value": 129905.9965245783
    },
    "nSigP": {
      "error": 624.6270088306046,
      "isConstant": false,
      "max": 808112.29311,
      "min": 0.5,
      "name": "nSigP",
      "value": 537647.3435843172
    }
  },
  "fit_metadata": {
    "bin_index": 13,
    "fail_hist_uses_pass_hist": false,
    "fit_range": {
      "max": 120.0,
      "min": 60.0
    },
    "truth_fail_template_uses_pass_hist": false,
    "truth_template_source": "/eos/home-p/pelai/HZa/root_TnP//hza_resolve_phid_2023postBPix_sf//DY_MC_LO_2023postBPix_hza_resolve_phid_2023postBPix_sf.root"
  },
  "fit_result": {
    "fail": {
      "covQual": -1,
      "edm": 0.011767399204064758,
      "floatParsFinal": [
        {
          "error": 0.008492078121024704,
          "isConstant": false,
          "max": 5.0,
          "min": -5.0,
          "name": "meanF",
          "value": 0.0014093328905993019
        },
        {
          "error": 306.536517665103,
          "isConstant": false,
          "max": 195300.17833,
          "min": 0.5,
          "name": "nSigF",
          "value": 129905.9965245783
        },
        {
          "error": 0.0044073240302916206,
          "isConstant": false,
          "max": 1.5000000510197224,
          "min": 0.40000001360525933,
          "name": "sigmaF",
          "value": 0.40000005035310293
        }
      ],
      "floatParsInit": [
        {
          "error": 0.0,
          "isConstant": false,
          "max": 5.0,
          "min": -5.0,
          "name": "meanF",
          "value": -0.0
        },
        {
          "error": 0.0,
          "isConstant": false,
          "max": 195300.17833,
          "min": 0.5,
          "name": "nSigF",
          "value": 117180.106998
        },
        {
          "error": 0.0,
          "isConstant": false,
          "max": 1.5000000510197224,
          "min": 0.40000001360525933,
          "name": "sigmaF",
          "value": 0.5000000170065741
        }
      ],
      "minNll": -1028300.7040456369,
      "numInvalidNLL": 0,
      "status": 160
    },
    "fail_quality": "check",
    "pass": {
      "covQual": -1,
      "edm": 0.24246591589227134,
      "floatParsFinal": [
        {
          "error": 0.0040475178846079984,
          "isConstant": false,
          "max": 5.0,
          "min": -5.0,
          "name": "meanP",
          "value": -7.586696929262615e-05
        },
        {
          "error": 624.6270088306046,
          "isConstant": false,
          "max": 808112.29311,
          "min": 0.5,
          "name": "nSigP",
          "value": 537647.3435843172
        },
        {
          "error": 0.0006216705219182495,
          "isConstant": false,
          "max": 5.0,
          "min": 0.5,
          "name": "sigmaP",
          "value": 0.5000000170065741
        }
      ],
      "floatParsInit": [
        {
          "error": 0.0,
          "isConstant": false,
          "max": 5.0,
          "min": -5.0,
          "name": "meanP",
          "value": -0.0
        },
        {
          "error": 0.0,
          "isConstant": false,
          "max": 808112.29311,
          "min": 0.5,
          "name": "nSigP",
          "value": 484867.375866
        },
        {
          "error": 0.0,
          "isConstant": false,
          "max": 5.0,
          "min": 0.5,
          "name": "sigmaP",
          "value": 0.9
        }
      ],
      "minNll": -5041508.546758865,
      "numInvalidNLL": 0,
      "status": 160
    },
    "pass_quality": "check",
    "root_read_error": null
  },
  "fit_type": "nominalFit",
  "histograms": {
    "fail": {
      "entries": 128115.0,
      "fit_window": {
        "bin1": 11,
        "bin2": 70,
        "max": 120.0,
        "min": 60.0
      },
      "integral_fit_window": 129906.64083956044,
      "integral_fit_window_error": 423.7866976143246,
      "integral_full": 130200.11888678344,
      "integral_full_error": 424.2492931173831,
      "maximum_bin_center": 90.5,
      "maximum_bin_content": 16194.196700519456,
      "mean": 90.23463718628975,
      "rms": 5.008197937246589
    },
    "pass": {
      "entries": 530917.0,
      "fit_window": {
        "bin1": 11,
        "bin2": 70,
        "max": 120.0,
        "min": 60.0
      },
      "integral_fit_window": 537646.3563086677,
      "integral_fit_window_error": 860.7504360654863,
      "integral_full": 538741.5287401768,
      "integral_full_error": 861.6294621538009,
      "maximum_bin_center": 90.5,
      "maximum_bin_content": 69385.56298901785,
      "mean": 90.10401202233416,
      "rms": 4.7998728218240885
    }
  },
  "sample": {
    "fitOutputBinRoot": "/eos/home-p/pelai/HZa/root_TnP//hza_resolve_phid_2023postBPix_sf//DY_MC_LO_2023postBPix_hza_resolve_phid_2023postBPix_sf.nominalFit-bin13_ph_sc_eta_m1p44Tom0p80_ph_et_35p00To50p00.root",
    "fitOutputRoot": "/eos/home-p/pelai/HZa/root_TnP//hza_resolve_phid_2023postBPix_sf//DY_MC_LO_2023postBPix_hza_resolve_phid_2023postBPix_sf.nominalFit.root",
    "histFile": "/eos/home-p/pelai/HZa/root_TnP//hza_resolve_phid_2023postBPix_sf//DY_MC_LO_2023postBPix_hza_resolve_phid_2023postBPix_sf.root",
    "isMC": true,
    "mcRefHistFile": "/eos/home-p/pelai/HZa/root_TnP//hza_resolve_phid_2023postBPix_sf//DY_MC_LO_2023postBPix_hza_resolve_phid_2023postBPix_sf.root",
    "mcTruth": true,
    "name": "DY_MC_LO_2023postBPix"
  },
  "workspace": {
    "effective_parsed": [
      {
        "max": 5.0,
        "min": -5.0,
        "name": "meanP",
        "raw": "meanP[-0.0,-5.0,5.0]",
        "tokens": [
          "-0.0",
          "-5.0",
          "5.0"
        ],
        "value": -0.0
      },
      {
        "max": 5.0,
        "min": 0.5,
        "name": "sigmaP",
        "raw": "sigmaP[0.9,0.5,5.0]",
        "tokens": [
          "0.9",
          "0.5",
          "5.0"
        ],
        "value": 0.9
      },
      {
        "max": 5.0,
        "min": -5.0,
        "name": "meanF",
        "raw": "meanF[-0.0,-5.0,5.0]",
        "tokens": [
          "-0.0",
          "-5.0",
          "5.0"
        ],
        "value": -0.0
      },
      {
        "max": 3.0,
        "min": 0.0,
        "name": "sigmaF",
        "raw": "sigmaF[1.0,0.0,3.0]",
        "tokens": [
          "1.0",
          "0.0",
          "3.0"
        ],
        "value": 1.0
      },
      {
        "max": 80.0,
        "min": 50.0,
        "name": "acmsP",
        "raw": "acmsP[60.,50.,80.]",
        "tokens": [
          "60.",
          "50.",
          "80."
        ],
        "value": 60.0
      },
      {
        "max": 0.08,
        "min": 0.01,
        "name": "betaP",
        "raw": "betaP[0.05,0.01,0.08]",
        "tokens": [
          "0.05",
          "0.01",
          "0.08"
        ],
        "value": 0.05
      },
      {
        "max": 2.0,
        "min": -2.0,
        "name": "gammaP",
        "raw": "gammaP[0.1, -2, 2]",
        "tokens": [
          "0.1",
          "-2",
          "2"
        ],
        "value": 0.1
      },
      {
        "max": 90.0,
        "min": 82.0,
        "name": "peakP",
        "raw": "peakP[87.0,82.0,90.0]",