{
  "bin": {
    "cut": "tag_Ele_pt > 35 && abs(tag_sc_eta) < 2.17 && ph_sc_eta >= -2.500000 && ph_sc_eta < -2.000000 && ph_et >= 35.000000 && ph_et < 50.000000 &&  !((ph_sc_eta > -1.566 && ph_sc_eta < 0) && (ph_sc_phi > -1.2 && ph_sc_phi < -0.8))  ",
    "index": 10,
    "name": "bin10_ph_sc_eta_m2p50Tom2p00_ph_et_35p00To50p00",
    "title": "; -2.500 < ph_sc_eta < -2.000; 35.000 < ph_et < 50.000",
    "vars": {
      "ph_et": {
        "max": 50,
        "min": 35
      },
      "ph_sc_eta": {
        "max": -2.0,
        "min": -2.5
      }
    }
  },
  "created_at_utc": "2026-04-21T16:57:36.281817+00:00",
  "derived": {
    "efficiency": 0.816927831591976,
    "efficiency_error": 0.0006570601542161233,
    "nSigF": {
      "error": 182.6494948606669,
      "isConstant": false,
      "max": 69232.387278,
      "min": 0.5,
      "name": "nSigF",
      "value": 45986.78816959969
    },
    "nSigP": {
      "error": 385.37435384618584,
      "isConstant": false,
      "max": 308794.474782,
      "min": 0.5,
      "name": "nSigP",
      "value": 205208.07432367766
    }
  },
  "fit_metadata": {
    "bin_index": 10,
    "fail_hist_uses_pass_hist": false,
    "fit_range": {
      "max": 120.0,
      "min": 60.0
    },
    "truth_fail_template_uses_pass_hist": false,
    "truth_template_source": "/eos/home-p/pelai/HZa/root_TnP//hza_resolve_phid_2023postBPix_sf//DY_MC_LO_2023postBPix_hza_resolve_phid_2023postBPix_sf.root"
  },
  "fit_result": {
    "fail": {
      "covQual": -1,
      "edm": 0.018355647679329033,
      "floatParsFinal": [
        {
          "error": 0.015094134520781122,
          "isConstant": false,
          "max": 5.0,
          "min": -5.0,
          "name": "meanF",
          "value": 0.004182068215092372
        },
        {
          "error": 182.6494948606669,
          "isConstant": false,
          "max": 69232.387278,
          "min": 0.5,
          "name": "nSigF",
          "value": 45986.78816959969
        },
        {
          "error": 0.006480722572557884,
          "isConstant": false,
          "max": 1.5000025447984568,
          "min": 0.4000006786129219,
          "name": "sigmaF",
          "value": 0.40000070164979096
        }
      ],
      "floatParsInit": [
        {
          "error": 0.0,
          "isConstant": false,
          "max": 5.0,
          "min": -5.0,
          "name": "meanF",
          "value": -0.0
        },
        {
          "error": 0.0,
          "isConstant": false,
          "max": 69232.387278,
          "min": 0.5,
          "name": "nSigF",
          "value": 41539.432367
        },
        {
          "error": 0.0,
          "isConstant": false,
          "max": 1.5000025447984568,
          "min": 0.4000006786129219,
          "name": "sigmaF",
          "value": 0.5000008482661523
        }
      ],
      "minNll": -313921.2889282319,
      "numInvalidNLL": 0,
      "status": 160
    },
    "fail_quality": "check",
    "pass": {
      "covQual": -1,
      "edm": 0.002056562072770567,
      "floatParsFinal": [
        {
          "error": 0.007149164335771285,
          "isConstant": false,
          "max": 5.0,
          "min": -5.0,
          "name": "meanP",
          "value": 0.0036909285789876733
        },
        {
          "error": 385.37435384618584,
          "isConstant": false,
          "max": 308794.474782,
          "min": 0.5,
          "name": "nSigP",
          "value": 205208.07432367766
        },
        {
          "error": 0.0021953518043985043,
          "isConstant": false,
          "max": 5.0,
          "min": 0.5,
          "name": "sigmaP",
          "value": 0.5000008482661523
        }
      ],
      "floatParsInit": [
        {
          "error": 0.0,
          "isConstant": false,
          "max": 5.0,
          "min": -5.0,
          "name": "meanP",
          "value": -0.0
        },
        {
          "error": 0.0,
          "isConstant": false,
          "max": 308794.474782,
          "min": 0.5,
          "name": "nSigP",
          "value": 185276.684869
        },
        {
          "error": 0.0,
          "isConstant": false,
          "max": 5.0,
          "min": 0.5,
          "name": "sigmaP",
          "value": 0.9
        }
      ],
      "minNll": -1710523.407540164,
      "numInvalidNLL": 0,
      "status": 160
    },
    "pass_quality": "check",
    "root_read_error": null
  },
  "fit_type": "nominalFit",
  "histograms": {
    "fail": {
      "entries": 45448.0,
      "fit_window": {
        "bin1": 11,
        "bin2": 70,
        "max": 120.0,
        "min": 60.0
      },
      "integral_fit_window": 45987.01423714759,
      "integral_fit_window_error": 251.77773391397426,
      "integral_full": 46154.924851959004,
      "integral_full_error": 252.21969858180364,
      "maximum_bin_center": 90.5,
      "maximum_bin_content": 5201.2709638582955,
      "mean": 90.94957835850796,
      "rms": 5.347810620244616
    },
    "pass": {
      "entries": 202465.0,
      "fit_window": {
        "bin1": 11,
        "bin2": 70,
        "max": 120.0,
        "min": 60.0
      },
      "integral_fit_window": 205197.82045468205,
      "integral_fit_window_error": 532.4976147959622,
      "integral_full": 205862.98318777326,
      "integral_full_error": 533.362533735747,
      "maximum_bin_center": 90.5,
      "maximum_bin_content": 24507.97322018604,
      "mean": 90.9597460309634,
      "rms": 5.241665653401464
    }
  },
  "sample": {
    "fitOutputBinRoot": "/eos/home-p/pelai/HZa/root_TnP//hza_resolve_phid_2023postBPix_sf//DY_MC_LO_2023postBPix_hza_resolve_phid_2023postBPix_sf.nominalFit-bin10_ph_sc_eta_m2p50Tom2p00_ph_et_35p00To50p00.root",
    "fitOutputRoot": "/eos/home-p/pelai/HZa/root_TnP//hza_resolve_phid_2023postBPix_sf//DY_MC_LO_2023postBPix_hza_resolve_phid_2023postBPix_sf.nominalFit.root",
    "histFile": "/eos/home-p/pelai/HZa/root_TnP//hza_resolve_phid_2023postBPix_sf//DY_MC_LO_2023postBPix_hza_resolve_phid_2023postBPix_sf.root",
    "isMC": true,
    "mcRefHistFile": "/eos/home-p/pelai/HZa/root_TnP//hza_resolve_phid_2023postBPix_sf//DY_MC_LO_2023postBPix_hza_resolve_phid_2023postBPix_sf.root",
    "mcTruth": true,
    "name": "DY_MC_LO_2023postBPix"
  },
  "workspace": {
    "effective_parsed": [
      {
        "max": 5.0,
        "min": -5.0,
        "name": "meanP",
        "raw": "meanP[-0.0,-5.0,5.0]",
        "tokens": [
          "-0.0",
          "-5.0",
          "5.0"
        ],
        "value": -0.0
      },
      {
        "max": 5.0,
        "min": 0.5,
        "name": "sigmaP",
        "raw": "sigmaP[0.9,0.5,5.0]",
        "tokens": [
          "0.9",
          "0.5",
          "5.0"
        ],
        "value": 0.9
      },
      {
        "max": 5.0,
        "min": -5.0,
        "name": "meanF",
        "raw": "meanF[-0.0,-5.0,5.0]",
        "tokens": [
          "-0.0",
          "-5.0",
          "5.0"
        ],
        "value": -0.0
      },
      {
        "max": 3.0,
        "min": 0.0,
        "name": "sigmaF",
        "raw": "sigmaF[1.0,0.0,3.0]",
        "tokens": [
          "1.0",
          "0.0",
          "3.0"
        ],
        "value": 1.0
      },
      {
        "max": 80.0,
        "min": 50.0,
        "name": "acmsP",
        "raw": "acmsP[60.,50.,80.]",
        "tokens": [
          "60.",
          "50.",
          "80."
        ],
        "value": 60.0
      },
      {
        "max": 0.08,
        "min": 0.01,
        "name": "betaP",
        "raw": "betaP[0.05,0.01,0.08]",
        "tokens": [
          "0.05",
          "0.01",
          "0.08"
        ],
        "value": 0.05
      },
      {
        "max": 2.0,
        "min": -2.0,
        "name": "gammaP",
        "raw": "gammaP[0.1, -2, 2]",
        "tokens": [
          "0.1",
          "-2",
          "2"
        ],
        "value": 0.1
      },
      {
        "max": 90.0,
        "min": 82.0,
        "name": "peakP",
        "raw": "peakP[87.0,82.0,90.0]",