{
  "bin": {
    "cut": "tag_Ele_pt > 35 && abs(tag_sc_eta) < 2.17 && ph_sc_eta >= -1.444200 && ph_sc_eta < -0.800000 && ph_et >= 50.000000 && ph_et < 80.000000 &&  !((ph_sc_eta > -1.566 && ph_sc_eta < 0) && (ph_sc_phi > -1.2 && ph_sc_phi < -0.8))  ",
    "index": 23,
    "name": "bin23_ph_sc_eta_m1p44Tom0p80_ph_et_50p00To80p00",
    "title": "; -1.444 < ph_sc_eta < -0.800; 50.000 < ph_et < 80.000",
    "vars": {
      "ph_et": {
        "max": 80,
        "min": 50
      },
      "ph_sc_eta": {
        "max": -0.8,
        "min": -1.4442
      }
    }
  },
  "created_at_utc": "2026-04-21T16:57:45.118873+00:00",
  "derived": {
    "efficiency": 0.8069560694890691,
    "efficiency_error": 0.0011361506949462699,
    "nSigF": {
      "error": 110.8676440538984,
      "isConstant": false,
      "max": 26290.99581,
      "min": 0.5,
      "name": "nSigF",
      "value": 16917.899397286343
    },
    "nSigP": {
      "error": 226.39394071738934,
      "isConstant": false,
      "max": 110159.894697,
      "min": 0.5,
      "name": "nSigP",
      "value": 70719.66243907699
    }
  },
  "fit_metadata": {
    "bin_index": 23,
    "fail_hist_uses_pass_hist": false,
    "fit_range": {
      "max": 120.0,
      "min": 60.0
    },
    "truth_fail_template_uses_pass_hist": false,
    "truth_template_source": "/eos/home-p/pelai/HZa/root_TnP//hza_resolve_phid_2023postBPix_sf//DY_MC_LO_2023postBPix_hza_resolve_phid_2023postBPix_sf.root"
  },
  "fit_result": {
    "fail": {
      "covQual": -1,
      "edm": 0.048770918541348185,
      "floatParsFinal": [
        {
          "error": 0.024472922443564027,
          "isConstant": false,
          "max": 5.0,
          "min": -5.0,
          "name": "meanF",
          "value": 0.009086647479657373
        },
        {
          "error": 110.8676440538984,
          "isConstant": false,
          "max": 26290.99581,
          "min": 0.5,
          "name": "nSigF",
          "value": 16917.899397286343
        },
        {
          "error": 0.00989638825941852,
          "isConstant": false,
          "max": 1.5000000519489318,
          "min": 0.4000000138530485,
          "name": "sigmaF",
          "value": 0.4000000584567319
        }
      ],
      "floatParsInit": [
        {
          "error": 0.0,
          "isConstant": false,
          "max": 5.0,
          "min": -5.0,
          "name": "meanF",
          "value": -0.0
        },
        {
          "error": 0.0,
          "isConstant": false,
          "max": 26290.99581,
          "min": 0.5,
          "name": "nSigF",
          "value": 15774.597486
        },
        {
          "error": 0.0,
          "isConstant": false,
          "max": 1.5000000519489318,
          "min": 0.4000000138530485,
          "name": "sigmaF",
          "value": 0.5000000173163106
        }
      ],
      "minNll": -93871.32013064632,
      "numInvalidNLL": 0,
      "status": 160
    },
    "fail_quality": "check",
    "pass": {
      "covQual": -1,
      "edm": 0.06787930969242391,
      "floatParsFinal": [
        {
          "error": 0.011716516392024534,
          "isConstant": false,
          "max": 5.0,
          "min": -5.0,
          "name": "meanP",
          "value": 0.012212466281674494
        },
        {
          "error": 226.39394071738934,
          "isConstant": false,
          "max": 110159.894697,
          "min": 0.5,
          "name": "nSigP",
          "value": 70719.66243907699
        },
        {
          "error": 0.003151765362427672,
          "isConstant": false,
          "max": 5.0,
          "min": 0.5,
          "name": "sigmaP",
          "value": 0.5000000173163106
        }
      ],
      "floatParsInit": [
        {
          "error": 0.0,
          "isConstant": false,
          "max": 5.0,
          "min": -5.0,
          "name": "meanP",
          "value": -0.0
        },
        {
          "error": 0.0,
          "isConstant": false,
          "max": 110159.894697,
          "min": 0.5,
          "name": "nSigP",
          "value": 66095.936818
        },
        {
          "error": 0.0,
          "isConstant": false,
          "max": 5.0,
          "min": 0.5,
          "name": "sigmaP",
          "value": 0.9
        }
      ],
      "minNll": -497707.76132013625,
      "numInvalidNLL": 0,
      "status": 160
    },
    "pass_quality": "check",
    "root_read_error": null
  },
  "fit_type": "nominalFit",
  "histograms": {
    "fail": {
      "entries": 17387.0,
      "fit_window": {
        "bin1": 11,
        "bin2": 70,
        "max": 120.0,
        "min": 60.0
      },
      "integral_fit_window": 16917.91768586016,
      "integral_fit_window_error": 152.59851663688622,
      "integral_full": 17527.330540304745,
      "integral_full_error": 155.29367326244363,
      "maximum_bin_center": 90.5,
      "maximum_bin_content": 1838.36751819573,
      "mean": 95.26673292079738,
      "rms": 9.318969110465995
    },
    "pass": {
      "entries": 72254.0,
      "fit_window": {
        "bin1": 11,
        "bin2": 70,
        "max": 120.0,
        "min": 60.0
      },
      "integral_fit_window": 70720.90349790256,
      "integral_fit_window_error": 312.37494840273376,
      "integral_full": 73439.92979796341,
      "integral_full_error": 318.3161600714362,
      "maximum_bin_center": 91.5,
      "maximum_bin_content": 8303.714371109949,
      "mean": 95.1377014096287,
      "rms": 9.34812144801317
    }
  },
  "sample": {
    "fitOutputBinRoot": "/eos/home-p/pelai/HZa/root_TnP//hza_resolve_phid_2023postBPix_sf//DY_MC_LO_2023postBPix_hza_resolve_phid_2023postBPix_sf.nominalFit-bin23_ph_sc_eta_m1p44Tom0p80_ph_et_50p00To80p00.root",
    "fitOutputRoot": "/eos/home-p/pelai/HZa/root_TnP//hza_resolve_phid_2023postBPix_sf//DY_MC_LO_2023postBPix_hza_resolve_phid_2023postBPix_sf.nominalFit.root",
    "histFile": "/eos/home-p/pelai/HZa/root_TnP//hza_resolve_phid_2023postBPix_sf//DY_MC_LO_2023postBPix_hza_resolve_phid_2023postBPix_sf.root",
    "isMC": true,
    "mcRefHistFile": "/eos/home-p/pelai/HZa/root_TnP//hza_resolve_phid_2023postBPix_sf//DY_MC_LO_2023postBPix_hza_resolve_phid_2023postBPix_sf.root",
    "mcTruth": true,
    "name": "DY_MC_LO_2023postBPix"
  },
  "workspace": {
    "effective_parsed": [
      {
        "max": 5.0,
        "min": -5.0,
        "name": "meanP",
        "raw": "meanP[-0.0,-5.0,5.0]",
        "tokens": [
          "-0.0",
          "-5.0",
          "5.0"
        ],
        "value": -0.0
      },
      {
        "max": 5.0,
        "min": 0.5,
        "name": "sigmaP",
        "raw": "sigmaP[0.9,0.5,5.0]",
        "tokens": [
          "0.9",
          "0.5",
          "5.0"
        ],
        "value": 0.9
      },
      {
        "max": 5.0,
        "min": -5.0,
        "name": "meanF",
        "raw": "meanF[-0.0,-5.0,5.0]",
        "tokens": [
          "-0.0",
          "-5.0",
          "5.0"
        ],
        "value": -0.0
      },
      {
        "max": 90.0,
        "min": 82.0,
        "name": "peakP",
        "raw": "peakP[87.0,82.0,90.0]",
        "tokens": [
          "87.0",
          "82.0",
          "90.0"
        ],
        "value": 87.0
      },
      {
        "max": 90.0,
        "min": 82.0,
        "name": "peakF",
        "raw": "peakF[87.0,82.0,90.0]",
        "tokens": [
          "87.0",
          "82.0",
          "90.0"
        ],
        "value": 87.0
      },
      {
        "max": 95.0,
        "min": 45.0,
        "name": "acmsP",
        "raw": "acmsP[70.,45.,95.]",
        "tokens": [
          "70.",
          "45.",
          "95."
        ],
        "value": 70.0
      },
      {
        "max": 0.1,
        "min": 0.005,
        "name": "betaP",
        "raw": "betaP[0.05,0.005,0.10]",
        "tokens": [
          "0.05",
          "0.005",
          "0.10"
        ],
        "value": 0.05
      },
      {
        "max": 2.0,
        "min": -2.0,
        "name": "gammaP",
        "raw": "gammaP[0.08,-2,2]",