{
  "bin": {
    "cut": "tag_Ele_pt > 35 && abs(tag_sc_eta) < 2.17 && ph_sc_eta >= 1.566000 && ph_sc_eta < 2.000000 && ph_et >= 50.000000 && ph_et < 80.000000 &&  !((ph_sc_eta > -1.566 && ph_sc_eta < 0) && (ph_sc_phi > -1.2 && ph_sc_phi < -0.8))  ",
    "index": 28,
    "name": "bin28_ph_sc_eta_1p57To2p00_ph_et_50p00To80p00",
    "title": "; 1.566 < ph_sc_eta < 2.000; 50.000 < ph_et < 80.000",
    "vars": {
      "ph_et": {
        "max": 80,
        "min": 50
      },
      "ph_sc_eta": {
        "max": 2.0,
        "min": 1.566
      }
    }
  },
  "created_at_utc": "2026-04-20T06:28:11.654665+00:00",
  "derived": {
    "efficiency": 0.7919413770740349,
    "efficiency_error": 0.0016433986039433497,
    "nSigF": {
      "error": 81.75748478903733,
      "isConstant": false,
      "max": 14343.284429,
      "min": 0.5,
      "name": "nSigF",
      "value": 9211.662233058687
    },
    "nSigP": {
      "error": 159.5448762710439,
      "isConstant": false,
      "max": 54556.068164,
      "min": 0.5,
      "name": "nSigP",
      "value": 35062.69709660261
    }
  },
  "fit_metadata": {
    "bin_index": 28,
    "fail_hist_uses_pass_hist": false,
    "fit_range": {
      "max": 120.0,
      "min": 60.0
    },
    "truth_fail_template_uses_pass_hist": false,
    "truth_template_source": "/eos/home-p/pelai/HZa/root_TnP//hza_resolve_phid_2023postBPix_sf//DY_MC_LO_2023postBPix_hza_resolve_phid_2023postBPix_sf.root"
  },
  "fit_result": {
    "fail": {
      "covQual": -1,
      "edm": 0.05336250145459174,
      "floatParsFinal": [
        {
          "error": 0.033309608372042554,
          "isConstant": false,
          "max": 5.0,
          "min": -5.0,
          "name": "meanF",
          "value": 0.01207787778358238
        },
        {
          "error": 81.75748478903733,
          "isConstant": false,
          "max": 14343.284429,
          "min": 0.5,
          "name": "nSigF",
          "value": 9211.662233058687
        },
        {
          "error": 0.009891000799294114,
          "isConstant": false,
          "max": 1.5000000039071848,
          "min": 0.400000001041916,
          "name": "sigmaF",
          "value": 0.4000000029008038
        }
      ],
      "floatParsInit": [
        {
          "error": 0.0,
          "isConstant": false,
          "max": 5.0,
          "min": -5.0,
          "name": "meanF",
          "value": -0.0
        },
        {
          "error": 0.0,
          "isConstant": false,
          "max": 14343.284429,
          "min": 0.5,
          "name": "nSigF",
          "value": 8605.970657
        },
        {
          "error": 0.0,
          "isConstant": false,
          "max": 1.5000000039071848,
          "min": 0.400000001041916,
          "name": "sigmaF",
          "value": 0.500000001302395
        }
      ],
      "minNll": -45486.20207268119,
      "numInvalidNLL": 0,
      "status": 160
    },
    "fail_quality": "check",
    "pass": {
      "covQual": -1,
      "edm": 0.20806048969767582,
      "floatParsFinal": [
        {
          "error": 0.017804535994409676,
          "isConstant": false,
          "max": 5.0,
          "min": -5.0,
          "name": "meanP",
          "value": 0.014264741626525357
        },
        {
          "error": 159.5448762710439,
          "isConstant": false,
          "max": 54556.068164,
          "min": 0.5,
          "name": "nSigP",
          "value": 35062.69709660261
        },
        {
          "error": 0.00626196875521251,
          "isConstant": false,
          "max": 5.0,
          "min": 0.5,
          "name": "sigmaP",
          "value": 0.500000001302395
        }
      ],
      "floatParsInit": [
        {
          "error": 0.0,
          "isConstant": false,
          "max": 5.0,
          "min": -5.0,
          "name": "meanP",
          "value": -0.0
        },
        {
          "error": 0.0,
          "isConstant": false,
          "max": 54556.068164,
          "min": 0.5,
          "name": "nSigP",
          "value": 32733.640899
        },
        {
          "error": 0.0,
          "isConstant": false,
          "max": 5.0,
          "min": 0.5,
          "name": "sigmaP",
          "value": 0.9
        }
      ],
      "minNll": -221403.6941640763,
      "numInvalidNLL": 0,
      "status": 160
    },
    "pass_quality": "check",
    "root_read_error": null
  },
  "fit_type": "nominalFit",
  "histograms": {
    "fail": {
      "entries": 9419.0,
      "fit_window": {
        "bin1": 11,
        "bin2": 70,
        "max": 120.0,
        "min": 60.0
      },
      "integral_fit_window": 9212.410193258405,
      "integral_fit_window_error": 112.67237933080779,
      "integral_full": 9562.189619227218,
      "integral_full_error": 114.78489515240207,
      "maximum_bin_center": 91.5,
      "maximum_bin_content": 1002.8721508007603,
      "mean": 95.30929413698645,
      "rms": 9.34684684520191
    },
    "pass": {
      "entries": 35855.0,
      "fit_window": {
        "bin1": 11,
        "bin2": 70,
        "max": 120.0,
        "min": 60.0
      },
      "integral_fit_window": 35063.17884927929,
      "integral_fit_window_error": 219.77630589811906,
      "integral_full": 36370.7121095951,
      "integral_full_error": 223.8374415507869,
      "maximum_bin_center": 91.5,
      "maximum_bin_content": 3814.387017754129,
      "mean": 95.16902109260583,
      "rms": 9.200937792054091
    }
  },
  "sample": {
    "fitOutputBinRoot": "/eos/home-p/pelai/HZa/root_TnP//hza_resolve_phid_2023postBPix_sf//DY_MC_LO_2023postBPix_hza_resolve_phid_2023postBPix_sf.nominalFit-bin28_ph_sc_eta_1p57To2p00_ph_et_50p00To80p00.root",
    "fitOutputRoot": "/eos/home-p/pelai/HZa/root_TnP//hza_resolve_phid_2023postBPix_sf//DY_MC_LO_2023postBPix_hza_resolve_phid_2023postBPix_sf.nominalFit.root",
    "histFile": "/eos/home-p/pelai/HZa/root_TnP//hza_resolve_phid_2023postBPix_sf//DY_MC_LO_2023postBPix_hza_resolve_phid_2023postBPix_sf.root",
    "isMC": true,
    "mcRefHistFile": "/eos/home-p/pelai/HZa/root_TnP//hza_resolve_phid_2023postBPix_sf//DY_MC_LO_2023postBPix_hza_resolve_phid_2023postBPix_sf.root",
    "mcTruth": true,
    "name": "DY_MC_LO_2023postBPix"
  },
  "workspace": {
    "effective_parsed": [
      {
        "max": 5.0,
        "min": -5.0,
        "name": "meanP",
        "raw": "meanP[-0.0,-5.0,5.0]",
        "tokens": [
          "-0.0",
          "-5.0",
          "5.0"
        ],
        "value": -0.0
      },
      {
        "max": 5.0,
        "min": 0.5,
        "name": "sigmaP",
        "raw": "sigmaP[0.9,0.5,5.0]",
        "tokens": [
          "0.9",
          "0.5",
          "5.0"
        ],
        "value": 0.9
      },
      {
        "max": 5.0,
        "min": -5.0,
        "name": "meanF",
        "raw": "meanF[-0.0,-5.0,5.0]",
        "tokens": [
          "-0.0",
          "-5.0",
          "5.0"
        ],
        "value": -0.0
      },
      {
        "max": 3.0,
        "min": 0.0,
        "name": "sigmaF",
        "raw": "sigmaF[1.0,0.0,3.0]",
        "tokens": [
          "1.0",
          "0.0",
          "3.0"
        ],
        "value": 1.0
      },
      {
        "max": 80.0,
        "min": 50.0,
        "name": "acmsP",
        "raw": "acmsP[60.,50.,80.]",
        "tokens": [
          "60.",
          "50.",
          "80."
        ],
        "value": 60.0
      },
      {
        "max": 0.08,
        "min": 0.01,
        "name": "betaP",
        "raw": "betaP[0.05,0.01,0.08]",
        "tokens": [
          "0.05",
          "0.01",
          "0.08"
        ],
        "value": 0.05
      },
      {
        "max": 2.0,
        "min": -2.0,
        "name": "gammaP",
        "raw": "gammaP[0.1, -2, 2]",
        "tokens": [
          "0.1",
          "-2",
          "2"
        ],
        "value": 0.1
      },
      {
        "max": 90.0,
        "min": 82.0,
        "name": "peakP",
        "raw": "peakP[87.0,82.0,90.0]",
        "tokens": [
          "87.0",
          "82.0",
          "90.0"
        ],