{
  "bin": {
    "cut": "tag_Ele_pt > 35 && abs(tag_sc_eta) < 2.17 && ph_sc_eta >= -2.500000 && ph_sc_eta < -2.000000 && ph_et >= 50.000000 && ph_et < 80.000000 &&  !((ph_sc_eta > -1.566 && ph_sc_eta < 0) && (ph_sc_phi > -1.2 && ph_sc_phi < -0.8))  ",
    "index": 20,
    "name": "bin20_ph_sc_eta_m2p50Tom2p00_ph_et_50p00To80p00",
    "title": "; -2.500 < ph_sc_eta < -2.000; 50.000 < ph_et < 80.000",
    "vars": {
      "ph_et": {
        "max": 80,
        "min": 50
      },
      "ph_sc_eta": {
        "max": -2.0,
        "min": -2.5
      }
    }
  },
  "created_at_utc": "2026-04-20T06:28:11.328327+00:00",
  "derived": {
    "efficiency": 0.8210088100813852,
    "efficiency_error": 0.001812892922114324,
    "nSigF": {
      "error": 64.79988164910446,
      "isConstant": false,
      "max": 9111.37186,
      "min": 0.5,
      "name": "nSigF",
      "value": 5796.00873994324
    },
    "nSigP": {
      "error": 138.64137230221422,
      "isConstant": false,
      "max": 41487.036849,
      "min": 0.5,
      "name": "nSigP",
      "value": 26585.522119640507
    }
  },
  "fit_metadata": {
    "bin_index": 20,
    "fail_hist_uses_pass_hist": false,
    "fit_range": {
      "max": 120.0,
      "min": 60.0
    },
    "truth_fail_template_uses_pass_hist": false,
    "truth_template_source": "/eos/home-p/pelai/HZa/root_TnP//hza_resolve_phid_2023postBPix_sf//DY_MC_LO_2023postBPix_hza_resolve_phid_2023postBPix_sf.root"
  },
  "fit_result": {
    "fail": {
      "covQual": -1,
      "edm": 0.07386690842541058,
      "floatParsFinal": [
        {
          "error": 0.04002795247014257,
          "isConstant": false,
          "max": 5.0,
          "min": -5.0,
          "name": "meanF",
          "value": 0.01469933154296399
        },
        {
          "error": 64.79988164910446,
          "isConstant": false,
          "max": 9111.37186,
          "min": 0.5,
          "name": "nSigF",
          "value": 5796.00873994324
        },
        {
          "error": 0.011059438823360579,
          "isConstant": false,
          "max": 1.5000000442171597,
          "min": 0.40000001179124256,
          "name": "sigmaF",
          "value": 0.4000000120295789
        }
      ],
      "floatParsInit": [
        {
          "error": 0.0,
          "isConstant": false,
          "max": 5.0,
          "min": -5.0,
          "name": "meanF",
          "value": -0.0
        },
        {
          "error": 0.0,
          "isConstant": false,
          "max": 9111.37186,
          "min": 0.5,
          "name": "nSigF",
          "value": 5466.823116
        },
        {
          "error": 0.0,
          "isConstant": false,
          "max": 1.5000000442171597,
          "min": 0.40000001179124256,
          "name": "sigmaF",
          "value": 0.5000000147390532
        }
      ],
      "minNll": -26031.705432707553,
      "numInvalidNLL": 0,
      "status": 160
    },
    "fail_quality": "check",
    "pass": {
      "covQual": -1,
      "edm": 0.04537800076131884,
      "floatParsFinal": [
        {
          "error": 0.02028068782751591,
          "isConstant": false,
          "max": 5.0,
          "min": -5.0,
          "name": "meanP",
          "value": 0.0166057740853649
        },
        {
          "error": 138.64137230221422,
          "isConstant": false,
          "max": 41487.036849,
          "min": 0.5,
          "name": "nSigP",
          "value": 26585.522119640507
        },
        {
          "error": 0.0059950015353005814,
          "isConstant": false,
          "max": 5.0,
          "min": 0.5,
          "name": "sigmaP",
          "value": 0.5000000147390532
        }
      ],
      "floatParsInit": [
        {
          "error": 0.0,
          "isConstant": false,
          "max": 5.0,
          "min": -5.0,
          "name": "meanP",
          "value": -0.0
        },
        {
          "error": 0.0,
          "isConstant": false,
          "max": 41487.036849,
          "min": 0.5,
          "name": "nSigP",
          "value": 24892.222109
        },
        {
          "error": 0.0,
          "isConstant": false,
          "max": 5.0,
          "min": 0.5,
          "name": "sigmaP",
          "value": 0.9
        }
      ],
      "minNll": -160618.32577889194,
      "numInvalidNLL": 0,
      "status": 160
    },
    "pass_quality": "check",
    "root_read_error": null
  },
  "fit_type": "nominalFit",
  "histograms": {
    "fail": {
      "entries": 6028.0,
      "fit_window": {
        "bin1": 11,
        "bin2": 70,
        "max": 120.0,
        "min": 60.0
      },
      "integral_fit_window": 5796.700139742666,
      "integral_fit_window_error": 89.44583784701636,
      "integral_full": 6074.247906958534,
      "integral_full_error": 91.54913690546235,
      "maximum_bin_center": 91.5,
      "maximum_bin_content": 588.5365088168387,
      "mean": 95.99966780286584,
      "rms": 9.662219681400149
    },
    "pass": {
      "entries": 27208.0,
      "fit_window": {
        "bin1": 11,
        "bin2": 70,
        "max": 120.0,
        "min": 60.0
      },
      "integral_fit_window": 26585.906938905955,
      "integral_fit_window_error": 191.75905033788996,
      "integral_full": 27658.024566010805,
      "integral_full_error": 195.48726070144698,
      "maximum_bin_center": 91.5,
      "maximum_bin_content": 2795.157983584907,
      "mean": 95.65472836941937,
      "rms": 9.21407676446065
    }
  },
  "sample": {
    "fitOutputBinRoot": "/eos/home-p/pelai/HZa/root_TnP//hza_resolve_phid_2023postBPix_sf//DY_MC_LO_2023postBPix_hza_resolve_phid_2023postBPix_sf.nominalFit-bin20_ph_sc_eta_m2p50Tom2p00_ph_et_50p00To80p00.root",
    "fitOutputRoot": "/eos/home-p/pelai/HZa/root_TnP//hza_resolve_phid_2023postBPix_sf//DY_MC_LO_2023postBPix_hza_resolve_phid_2023postBPix_sf.nominalFit.root",
    "histFile": "/eos/home-p/pelai/HZa/root_TnP//hza_resolve_phid_2023postBPix_sf//DY_MC_LO_2023postBPix_hza_resolve_phid_2023postBPix_sf.root",
    "isMC": true,
    "mcRefHistFile": "/eos/home-p/pelai/HZa/root_TnP//hza_resolve_phid_2023postBPix_sf//DY_MC_LO_2023postBPix_hza_resolve_phid_2023postBPix_sf.root",
    "mcTruth": true,
    "name": "DY_MC_LO_2023postBPix"
  },
  "workspace": {
    "effective_parsed": [
      {
        "max": 5.0,
        "min": -5.0,
        "name": "meanP",
        "raw": "meanP[-0.0,-5.0,5.0]",
        "tokens": [
          "-0.0",
          "-5.0",
          "5.0"
        ],
        "value": -0.0
      },
      {
        "max": 5.0,
        "min": 0.5,
        "name": "sigmaP",
        "raw": "sigmaP[0.9,0.5,5.0]",
        "tokens": [
          "0.9",
          "0.5",
          "5.0"
        ],
        "value": 0.9
      },
      {
        "max": 5.0,
        "min": -5.0,
        "name": "meanF",
        "raw": "meanF[-0.0,-5.0,5.0]",
        "tokens": [
          "-0.0",
          "-5.0",
          "5.0"
        ],
        "value": -0.0
      },
      {
        "max": 3.0,
        "min": 0.0,
        "name": "sigmaF",
        "raw": "sigmaF[1.0,0.0,3.0]",
        "tokens": [
          "1.0",
          "0.0",
          "3.0"
        ],
        "value": 1.0
      },
      {
        "max": 80.0,
        "min": 50.0,
        "name": "acmsP",
        "raw": "acmsP[60.,50.,80.]",
        "tokens": [
          "60.",
          "50.",
          "80."
        ],
        "value": 60.0
      },
      {
        "max": 0.08,
        "min": 0.01,
        "name": "betaP",
        "raw": "betaP[0.05,0.01,0.08]",
        "tokens": [
          "0.05",
          "0.01",
          "0.08"
        ],
        "value": 0.05
      },
      {
        "max": 2.0,
        "min": -2.0,
        "name": "gammaP",
        "raw": "gammaP[0.1, -2, 2]",
        "tokens": [
          "0.1",
          "-2",
          "2"
        ],
        "value": 0.1
      },
      {
        "max": 90.0,
        "min": 82.0,
        "name": "peakP",
        "raw": "peakP[87.0,82.0,90.0]",
        "tokens": [
          "87.0",
          "82.0",
          "90.0"
        ],