{
  "bin": {
    "cut": "tag_Ele_pt > 35 && abs(tag_sc_eta) < 2.17 && ph_sc_eta >= -0.800000 && ph_sc_eta < 0.000000 && ph_et >= 50.000000 && ph_et < 80.000000 &&  !((ph_sc_eta > -1.566 && ph_sc_eta < 0) && (ph_sc_phi > -1.2 && ph_sc_phi < -0.8))  ",
    "index": 24,
    "name": "bin24_ph_sc_eta_m0p80To0p00_ph_et_50p00To80p00",
    "title": "; -0.800 < ph_sc_eta < 0.000; 50.000 < ph_et < 80.000",
    "vars": {
      "ph_et": {
        "max": 80,
        "min": 50
      },
      "ph_sc_eta": {
        "max": 0.0,
        "min": -0.8
      }
    }
  },
  "created_at_utc": "2026-04-20T06:28:11.420057+00:00",
  "derived": {
    "efficiency": 0.811399980630448,
    "efficiency_error": 0.0008981486218214762,
    "nSigF": {
      "error": 137.17907411271153,
      "isConstant": false,
      "max": 40437.322269,
      "min": 0.5,
      "name": "nSigF",
      "value": 25946.615341420922
    },
    "nSigP": {
      "error": 284.4710719761497,
      "isConstant": false,
      "max": 173710.31052,
      "min": 0.5,
      "name": "nSigP",
      "value": 111628.21327288517
    }
  },
  "fit_metadata": {
    "bin_index": 24,
    "fail_hist_uses_pass_hist": false,
    "fit_range": {
      "max": 120.0,
      "min": 60.0
    },
    "truth_fail_template_uses_pass_hist": false,
    "truth_template_source": "/eos/home-p/pelai/HZa/root_TnP//hza_resolve_phid_2023postBPix_sf//DY_MC_LO_2023postBPix_hza_resolve_phid_2023postBPix_sf.root"
  },
  "fit_result": {
    "fail": {
      "covQual": -1,
      "edm": 0.044380601975411896,
      "floatParsFinal": [
        {
          "error": 0.017427388353310036,
          "isConstant": false,
          "max": 5.0,
          "min": -5.0,
          "name": "meanF",
          "value": 0.010539354645116461
        },
        {
          "error": 137.17907411271153,
          "isConstant": false,
          "max": 40437.322269,
          "min": 0.5,
          "name": "nSigF",
          "value": 25946.615341420922
        },
        {
          "error": 0.007852509669125457,
          "isConstant": false,
          "max": 1.5000000027944638,
          "min": 0.4000000007451903,
          "name": "sigmaF",
          "value": 0.4000001763775768
        }
      ],
      "floatParsInit": [
        {
          "error": 0.0,
          "isConstant": false,
          "max": 5.0,
          "min": -5.0,
          "name": "meanF",
          "value": -0.0
        },
        {
          "error": 0.0,
          "isConstant": false,
          "max": 40437.322269,
          "min": 0.5,
          "name": "nSigF",
          "value": 24262.393362
        },
        {
          "error": 0.0,
          "isConstant": false,
          "max": 1.5000000027944638,
          "min": 0.4000000007451903,
          "name": "sigmaF",
          "value": 0.5000000009314879
        }
      ],
      "minNll": -157349.83172814228,
      "numInvalidNLL": 0,
      "status": 160
    },
    "fail_quality": "check",
    "pass": {
      "covQual": -1,
      "edm": 0.0014695029257036632,
      "floatParsFinal": [
        {
          "error": 0.00780084893991928,
          "isConstant": false,
          "max": 5.0,
          "min": -5.0,
          "name": "meanP",
          "value": 0.013971144360960253
        },
        {
          "error": 284.4710719761497,
          "isConstant": false,
          "max": 173710.31052,
          "min": 0.5,
          "name": "nSigP",
          "value": 111628.21327288517
        },
        {
          "error": 0.00115400771456603,
          "isConstant": false,
          "max": 5.0,
          "min": 0.5,
          "name": "sigmaP",
          "value": 0.5000000009314879
        }
      ],
      "floatParsInit": [
        {
          "error": 0.0,
          "isConstant": false,
          "max": 5.0,
          "min": -5.0,
          "name": "meanP",
          "value": -0.0
        },
        {
          "error": 0.0,
          "isConstant": false,
          "max": 173710.31052,
          "min": 0.5,
          "name": "nSigP",
          "value": 104226.186312
        },
        {
          "error": 0.0,
          "isConstant": false,
          "max": 5.0,
          "min": 0.5,
          "name": "sigmaP",
          "value": 0.9
        }
      ],
      "minNll": -847446.0671509535,
      "numInvalidNLL": 0,
      "status": 160
    },
    "pass_quality": "check",
    "root_read_error": null
  },
  "fit_type": "nominalFit",
  "histograms": {
    "fail": {
      "entries": 26509.0,
      "fit_window": {
        "bin1": 11,
        "bin2": 70,
        "max": 120.0,
        "min": 60.0
      },
      "integral_fit_window": 25946.202496313337,
      "integral_fit_window_error": 189.14729678474924,
      "integral_full": 26958.214846321145,
      "integral_full_error": 192.81879752631266,
      "maximum_bin_center": 91.5,
      "maximum_bin_content": 3395.826784771353,
      "mean": 95.32594216177101,
      "rms": 9.289883422254194
    },
    "pass": {
      "entries": 114157.0,
      "fit_window": {
        "bin1": 11,
        "bin2": 70,
        "max": 120.0,
        "min": 60.0
      },
      "integral_fit_window": 111629.13928774504,
      "integral_fit_window_error": 392.4068711642085,
      "integral_full": 115806.8736802655,
      "integral_full_error": 399.761613614005,
      "maximum_bin_center": 91.5,
      "maximum_bin_content": 15779.720236086989,
      "mean": 95.22713396746354,
      "rms": 9.097391644192651
    }
  },
  "sample": {
    "fitOutputBinRoot": "/eos/home-p/pelai/HZa/root_TnP//hza_resolve_phid_2023postBPix_sf//DY_MC_LO_2023postBPix_hza_resolve_phid_2023postBPix_sf.nominalFit-bin24_ph_sc_eta_m0p80To0p00_ph_et_50p00To80p00.root",
    "fitOutputRoot": "/eos/home-p/pelai/HZa/root_TnP//hza_resolve_phid_2023postBPix_sf//DY_MC_LO_2023postBPix_hza_resolve_phid_2023postBPix_sf.nominalFit.root",
    "histFile": "/eos/home-p/pelai/HZa/root_TnP//hza_resolve_phid_2023postBPix_sf//DY_MC_LO_2023postBPix_hza_resolve_phid_2023postBPix_sf.root",
    "isMC": true,
    "mcRefHistFile": "/eos/home-p/pelai/HZa/root_TnP//hza_resolve_phid_2023postBPix_sf//DY_MC_LO_2023postBPix_hza_resolve_phid_2023postBPix_sf.root",
    "mcTruth": true,
    "name": "DY_MC_LO_2023postBPix"
  },
  "workspace": {
    "effective_parsed": [
      {
        "max": 5.0,
        "min": -5.0,
        "name": "meanP",
        "raw": "meanP[-0.0,-5.0,5.0]",
        "tokens": [
          "-0.0",
          "-5.0",
          "5.0"
        ],
        "value": -0.0
      },
      {
        "max": 5.0,
        "min": 0.5,
        "name": "sigmaP",
        "raw": "sigmaP[0.9,0.5,5.0]",
        "tokens": [
          "0.9",
          "0.5",
          "5.0"
        ],
        "value": 0.9
      },
      {
        "max": 5.0,
        "min": -5.0,
        "name": "meanF",
        "raw": "meanF[-0.0,-5.0,5.0]",
        "tokens": [
          "-0.0",
          "-5.0",
          "5.0"
        ],
        "value": -0.0
      },
      {
        "max": 3.0,
        "min": 0.0,
        "name": "sigmaF",
        "raw": "sigmaF[1.0,0.0,3.0]",
        "tokens": [
          "1.0",
          "0.0",
          "3.0"
        ],
        "value": 1.0
      },
      {
        "max": 80.0,
        "min": 50.0,
        "name": "acmsP",
        "raw": "acmsP[60.,50.,80.]",
        "tokens": [
          "60.",
          "50.",
          "80."
        ],
        "value": 60.0
      },
      {
        "max": 0.08,
        "min": 0.01,
        "name": "betaP",
        "raw": "betaP[0.05,0.01,0.08]",
        "tokens": [
          "0.05",
          "0.01",
          "0.08"
        ],
        "value": 0.05
      },
      {
        "max": 2.0,
        "min": -2.0,
        "name": "gammaP",
        "raw": "gammaP[0.1, -2, 2]",
        "tokens": [
          "0.1",
          "-2",
          "2"
        ],
        "value": 0.1
      },
      {
        "max": 90.0,
        "min": 82.0,
        "name": "peakP",
        "raw": "peakP[87.0,82.0,90.0]",