{
  "bin": {
    "cut": "tag_Ele_pt > 40 && abs(tag_sc_eta) < 2.17 && (tag_Ele_q + el_q) == 0 && el_sc_abseta >= 0.000000 && el_sc_abseta < 1.444200 && el_et >= 100.000000 && el_et < 500.000000",
    "index": 0,
    "name": "bin00_el_sc_abseta_0p00To1p44_el_et_100p00To500p00",
    "title": "; 0.000 < el_sc_abseta < 1.444; 100.000 < el_et < 500.000",
    "vars": {
      "el_et": {
        "max": 500,
        "min": 100
      },
      "el_sc_abseta": {
        "max": 1.4442,
        "min": 0.0
      }
    }
  },
  "created_at_utc": "2026-04-27T07:31:28.110980+00:00",
  "derived": {
    "efficiency": 0.9830704314367413,
    "efficiency_error": 0.00045086646614511054,
    "nSigF": {
      "error": 22.97502575389632,
      "isConstant": false,
      "max": 1331.425375,
      "min": 0.5,
      "name": "nSigF",
      "value": 855.4605453268149
    },
    "nSigP": {
      "error": 176.34984650440674,
      "isConstant": false,
      "max": 75964.240188,
      "min": 0.5,
      "name": "nSigP",
      "value": 49675.097403053114
    }
  },
  "fit_metadata": {
    "bin_index": 0,
    "fail_hist_uses_pass_hist": false,
    "fit_range": {
      "max": 120.0,
      "min": 60.0
    },
    "truth_fail_template_uses_pass_hist": true,
    "truth_template_source": "/eos/home-p/pelai/HZa/root_TnP//hza_elid_nongap_highpT_2025_sf//DY_MC_LO_2025_hza_elid_nongap_highpT_2025_sf.root"
  },
  "fit_result": {
    "fail": {
      "covQual": -1,
      "edm": 0.09865436499105051,
      "floatParsFinal": [
        {
          "error": 0.11116837592620898,
          "isConstant": false,
          "max": 5.0,
          "min": -5.0,
          "name": "meanF",
          "value": -0.10958783093554736
        },
        {
          "error": 22.97502575389632,
          "isConstant": false,
          "max": 1331.425375,
          "min": 0.5,
          "name": "nSigF",
          "value": 855.4605453268149
        },
        {
          "error": 0.008548329840038837,
          "isConstant": false,
          "max": 1.5000000019402782,
          "min": 0.4000000005174076,
          "name": "sigmaF",
          "value": 1.500000001608507
        }
      ],
      "floatParsInit": [
        {
          "error": 0.0,
          "isConstant": false,
          "max": 5.0,
          "min": -5.0,
          "name": "meanF",
          "value": -0.0
        },
        {
          "error": 0.0,
          "isConstant": false,
          "max": 1331.425375,
          "min": 0.5,
          "name": "nSigF",
          "value": 798.855225
        },
        {
          "error": 0.0,
          "isConstant": false,
          "max": 1.5000000019402782,
          "min": 0.4000000005174076,
          "name": "sigmaF",
          "value": 0.5000000006467594
        }
      ],
      "minNll": -2013.1147339088247,
      "numInvalidNLL": 0,
      "status": 160
    },
    "fail_quality": "check",
    "pass": {
      "covQual": -1,
      "edm": 0.3323324520234643,
      "floatParsFinal": [
        {
          "error": 0.009249782294114883,
          "isConstant": false,
          "max": 5.0,
          "min": -5.0,
          "name": "meanP",
          "value": 0.003359290048541297
        },
        {
          "error": 176.34984650440674,
          "isConstant": false,
          "max": 75964.240188,
          "min": 0.5,
          "name": "nSigP",
          "value": 49675.097403053114
        },
        {
          "error": 0.0010598125183816642,
          "isConstant": false,
          "max": 5.0,
          "min": 0.5,
          "name": "sigmaP",
          "value": 0.5000000006467594
        }
      ],
      "floatParsInit": [
        {
          "error": 0.0,
          "isConstant": false,
          "max": 5.0,
          "min": -5.0,
          "name": "meanP",
          "value": -0.0
        },
        {
          "error": 0.0,
          "isConstant": false,
          "max": 75964.240188,
          "min": 0.5,
          "name": "nSigP",
          "value": 45578.544113
        },
        {
          "error": 0.0,
          "isConstant": false,
          "max": 5.0,
          "min": 0.5,
          "name": "sigmaP",
          "value": 0.9
        }
      ],
      "minNll": -346782.75484481617,
      "numInvalidNLL": 0,
      "status": 160
    },
    "pass_quality": "check",
    "root_read_error": null
  },
  "fit_type": "nominalFit",
  "histograms": {
    "fail": {
      "entries": 775.0,
      "fit_window": {
        "bin1": 11,
        "bin2": 70,
        "max": 120.0,
        "min": 60.0
      },
      "integral_fit_window": 856.3161328537444,
      "integral_fit_window_error": 37.25947519687648,
      "integral_full": 887.6169165270601,
      "integral_full_error": 37.93418936763193,
      "maximum_bin_center": 91.5,
      "maximum_bin_content": 98.39453275496331,
      "mean": 91.85009375967635,
      "rms": 10.358612960634463
    },
    "pass": {
      "entries": 45027.0,
      "fit_window": {
        "bin1": 11,
        "bin2": 70,
        "max": 120.0,
        "min": 60.0
      },
      "integral_fit_window": 49672.97385594467,
      "integral_fit_window_error": 281.68987833124123,
      "integral_full": 50642.82679195677,
      "integral_full_error": 284.4510867031281,
      "maximum_bin_center": 90.5,
      "maximum_bin_content": 8405.771695248206,
      "mean": 91.29515821288986,
      "rms": 7.565315002885834
    }
  },
  "sample": {
    "fitOutputBinRoot": "/eos/home-p/pelai/HZa/root_TnP//hza_elid_nongap_highpT_2025_sf//DY_MC_LO_2025_hza_elid_nongap_highpT_2025_sf.nominalFit-bin00_el_sc_abseta_0p00To1p44_el_et_100p00To500p00.root",
    "fitOutputRoot": "/eos/home-p/pelai/HZa/root_TnP//hza_elid_nongap_highpT_2025_sf//DY_MC_LO_2025_hza_elid_nongap_highpT_2025_sf.nominalFit.root",
    "histFile": "/eos/home-p/pelai/HZa/root_TnP//hza_elid_nongap_highpT_2025_sf//DY_MC_LO_2025_hza_elid_nongap_highpT_2025_sf.root",
    "isMC": true,
    "mcRefHistFile": "/eos/home-p/pelai/HZa/root_TnP//hza_elid_nongap_highpT_2025_sf//DY_MC_LO_2025_hza_elid_nongap_highpT_2025_sf.root",
    "mcTruth": true,
    "name": "DY_MC_LO_2025"
  },
  "workspace": {
    "effective_parsed": [
      {
        "max": 5.0,
        "min": -5.0,
        "name": "meanP",
        "raw": "meanP[-0.0,-5.0,5.0]",
        "tokens": [
          "-0.0",
          "-5.0",
          "5.0"
        ],
        "value": -0.0
      },
      {
        "max": 5.0,
        "min": 0.5,
        "name": "sigmaP",
        "raw": "sigmaP[0.9,0.5,5.0]",
        "tokens": [
          "0.9",
          "0.5",
          "5.0"
        ],
        "value": 0.9
      },
      {
        "max": 5.0,
        "min": -5.0,
        "name": "meanF",
        "raw": "meanF[-0.0,-5.0,5.0]",
        "tokens": [
          "-0.0",
          "-5.0",
          "5.0"
        ],
        "value": -0.0
      },
      {
        "max": 5.0,
        "min": 0.5,
        "name": "sigmaF",
        "raw": "sigmaF[0.9,0.5,5.0]",
        "tokens": [
          "0.9",
          "0.5",
          "5.0"
        ],
        "value": 0.9
      },
      {
        "max": 90.0,
        "min": 45.0,
        "name": "acmsP",
        "raw": "acmsP[65.,45.,90.]",
        "tokens": [
          "65.",
          "45.",
          "90."
        ],
        "value": 65.0
      },
      {
        "max": 0.1,
        "min": 0.005,
        "name": "betaP",
        "raw": "betaP[0.05,0.005,0.10]",
        "tokens": [
          "0.05",
          "0.005",
          "0.10"
        ],
        "value": 0.05
      },
      {
        "max": 2.0,
        "min": -2.0,
        "name": "gammaP",
        "raw": "gammaP[0.1, -2, 2]",
        "tokens": [
          "0.1",
          "-2",
          "2"
        ],
        "value": 0.1
      },
      {
        "max": 90.0,
        "min": 82.0,
        "name": "peakP",
        "raw": "peakP[87.0,82.0,90.0]",
        "tokens": [
          "87.0",
          "82.0",
          "90.0"
        ],
        "value": 87.0
      },
      {
        "max": 90.0,
        "min": 45.0,
        "name": "acmsF",