{
  "bin": {
    "cut": "tag_Ele_pt > 40 && abs(tag_sc_eta) < 2.17 && (tag_Ele_q + el_q) == 0 && el_sc_abseta >= 1.566000 && el_sc_abseta < 2.500000 && el_et >= 100.000000 && el_et < 500.000000",
    "index": 2,
    "name": "bin02_el_sc_abseta_1p57To2p50_el_et_100p00To500p00",
    "title": "; 1.566 < el_sc_abseta < 2.500; 100.000 < el_et < 500.000",
    "vars": {
      "el_et": {
        "max": 500,
        "min": 100
      },
      "el_sc_abseta": {
        "max": 2.5,
        "min": 1.566
      }
    }
  },
  "created_at_utc": "2026-04-27T07:31:28.300633+00:00",
  "derived": {
    "efficiency": 0.9852155675641555,
    "efficiency_error": 0.0008681006444117833,
    "nSigF": {
      "error": 10.78407860327016,
      "isConstant": false,
      "max": 284.950453,
      "min": 0.5,
      "name": "nSigF",
      "value": 182.27960677785185
    },
    "nSigP": {
      "error": 87.41169533961965,
      "isConstant": false,
      "max": 18507.60834,
      "min": 0.5,
      "name": "nSigP",
      "value": 12146.87861886497
    }
  },
  "fit_metadata": {
    "bin_index": 2,
    "fail_hist_uses_pass_hist": false,
    "fit_range": {
      "max": 120.0,
      "min": 60.0
    },
    "truth_fail_template_uses_pass_hist": true,
    "truth_template_source": "/eos/home-p/pelai/HZa/root_TnP//hza_elid_nongap_highpT_2025_sf//DY_MC_LO_2025_hza_elid_nongap_highpT_2025_sf.root"
  },
  "fit_result": {
    "fail": {
      "covQual": -1,
      "edm": 0.004127338826950527,
      "floatParsFinal": [
        {
          "error": 0.26768764253418587,
          "isConstant": false,
          "max": 5.0,
          "min": -5.0,
          "name": "meanF",
          "value": -0.45190549380381917
        },
        {
          "error": 10.78407860327016,
          "isConstant": false,
          "max": 284.950453,
          "min": 0.5,
          "name": "nSigF",
          "value": 182.27960677785185
        },
        {
          "error": 0.040111866736564306,
          "isConstant": false,
          "max": 1.5000167802003865,
          "min": 0.4000044747201031,
          "name": "sigmaF",
          "value": 1.5000167799853223
        }
      ],
      "floatParsInit": [
        {
          "error": 0.0,
          "isConstant": false,
          "max": 5.0,
          "min": -5.0,
          "name": "meanF",
          "value": -0.0
        },
        {
          "error": 0.0,
          "isConstant": false,
          "max": 284.950453,
          "min": 0.5,
          "name": "nSigF",
          "value": 170.970272
        },
        {
          "error": 0.0,
          "isConstant": false,
          "max": 1.5000167802003865,
          "min": 0.4000044747201031,
          "name": "sigmaF",
          "value": 0.5000055934001288
        }
      ],
      "minNll": -115.54090645306269,
      "numInvalidNLL": 0,
      "status": 160
    },
    "fail_quality": "check",
    "pass": {
      "covQual": -1,
      "edm": 0.5670491027511818,
      "floatParsFinal": [
        {
          "error": 0.021481353272204018,
          "isConstant": false,
          "max": 5.0,
          "min": -5.0,
          "name": "meanP",
          "value": 0.003796401627865542
        },
        {
          "error": 87.41169533961965,
          "isConstant": false,
          "max": 18507.60834,
          "min": 0.5,
          "name": "nSigP",
          "value": 12146.87861886497
        },
        {
          "error": 0.004767652216009832,
          "isConstant": false,
          "max": 5.0,
          "min": 0.5,
          "name": "sigmaP",
          "value": 0.5000055934001288
        }
      ],
      "floatParsInit": [
        {
          "error": 0.0,
          "isConstant": false,
          "max": 5.0,
          "min": -5.0,
          "name": "meanP",
          "value": -0.0
        },
        {
          "error": 0.0,
          "isConstant": false,
          "max": 18507.60834,
          "min": 0.5,
          "name": "nSigP",
          "value": 11104.565004
        },
        {
          "error": 0.0,
          "isConstant": false,
          "max": 5.0,
          "min": 0.5,
          "name": "sigmaP",
          "value": 0.9
        }
      ],
      "minNll": -66770.6642211455,
      "numInvalidNLL": 0,
      "status": 160
    },
    "pass_quality": "check",
    "root_read_error": null
  },
  "fit_type": "nominalFit",
  "histograms": {
    "fail": {
      "entries": 170.0,
      "fit_window": {
        "bin1": 11,
        "bin2": 70,
        "max": 120.0,
        "min": 60.0
      },
      "integral_fit_window": 183.12001408331886,
      "integral_fit_window_error": 16.968547664936462,
      "integral_full": 189.9669687794767,
      "integral_full_error": 17.220245129774266,
      "maximum_bin_center": 92.5,
      "maximum_bin_content": 17.326047069502764,
      "mean": 92.03908555388668,
      "rms": 10.36694673265425
    },
    "pass": {
      "entries": 10875.0,
      "fit_window": {
        "bin1": 11,
        "bin2": 70,
        "max": 120.0,
        "min": 60.0
      },
      "integral_fit_window": 12145.5141531795,
      "integral_fit_window_error": 138.9694955684992,
      "integral_full": 12338.405559967689,
      "integral_full_error": 140.11426134023623,
      "maximum_bin_center": 91.5,
      "maximum_bin_content": 1787.4555823161363,
      "mean": 91.34794959300774,
      "rms": 7.459366551221234
    }
  },
  "sample": {
    "fitOutputBinRoot": "/eos/home-p/pelai/HZa/root_TnP//hza_elid_nongap_highpT_2025_sf//DY_MC_LO_2025_hza_elid_nongap_highpT_2025_sf.nominalFit-bin02_el_sc_abseta_1p57To2p50_el_et_100p00To500p00.root",
    "fitOutputRoot": "/eos/home-p/pelai/HZa/root_TnP//hza_elid_nongap_highpT_2025_sf//DY_MC_LO_2025_hza_elid_nongap_highpT_2025_sf.nominalFit.root",
    "histFile": "/eos/home-p/pelai/HZa/root_TnP//hza_elid_nongap_highpT_2025_sf//DY_MC_LO_2025_hza_elid_nongap_highpT_2025_sf.root",
    "isMC": true,
    "mcRefHistFile": "/eos/home-p/pelai/HZa/root_TnP//hza_elid_nongap_highpT_2025_sf//DY_MC_LO_2025_hza_elid_nongap_highpT_2025_sf.root",
    "mcTruth": true,
    "name": "DY_MC_LO_2025"
  },
  "workspace": {
    "effective_parsed": [
      {
        "max": 5.0,
        "min": -5.0,
        "name": "meanP",
        "raw": "meanP[-0.0,-5.0,5.0]",
        "tokens": [
          "-0.0",
          "-5.0",
          "5.0"
        ],
        "value": -0.0
      },
      {
        "max": 5.0,
        "min": 0.5,
        "name": "sigmaP",
        "raw": "sigmaP[0.9,0.5,5.0]",
        "tokens": [
          "0.9",
          "0.5",
          "5.0"
        ],
        "value": 0.9
      },
      {
        "max": 5.0,
        "min": -5.0,
        "name": "meanF",
        "raw": "meanF[-0.0,-5.0,5.0]",
        "tokens": [
          "-0.0",
          "-5.0",
          "5.0"
        ],
        "value": -0.0
      },
      {
        "max": 5.0,
        "min": 0.5,
        "name": "sigmaF",
        "raw": "sigmaF[0.9,0.5,5.0]",
        "tokens": [
          "0.9",
          "0.5",
          "5.0"
        ],
        "value": 0.9
      },
      {
        "max": 90.0,
        "min": 45.0,
        "name": "acmsP",
        "raw": "acmsP[65.,45.,90.]",
        "tokens": [
          "65.",
          "45.",
          "90."
        ],
        "value": 65.0
      },
      {
        "max": 0.1,
        "min": 0.005,
        "name": "betaP",
        "raw": "betaP[0.05,0.005,0.10]",
        "tokens": [
          "0.05",
          "0.005",
          "0.10"
        ],
        "value": 0.05
      },
      {
        "max": 2.0,
        "min": -2.0,
        "name": "gammaP",
        "raw": "gammaP[0.1, -2, 2]",
        "tokens": [
          "0.1",
          "-2",
          "2"
        ],
        "value": 0.1
      },
      {
        "max": 90.0,
        "min": 82.0,
        "name": "peakP",
        "raw": "peakP[87.0,82.0,90.0]",
        "tokens": [
          "87.0",
          "82.0",
          "90.0"
        ],
        "value": 87.0
      },
      {
        "max": 90.0,
        "min": 45.0,
        "name": "acmsF",