{
  "bin": {
    "cut": "tag_Ele_pt > 35 && abs(tag_sc_eta) < 2.17 && ph_sc_eta >= -0.800000 && ph_sc_eta < 0.000000 && ph_et >= 20.000000 && ph_et < 35.000000",
    "index": 4,
    "name": "bin04_ph_sc_eta_m0p80To0p00_ph_et_20p00To35p00",
    "title": "; -0.800 < ph_sc_eta < 0.000; 20.000 < ph_et < 35.000",
    "vars": {
      "ph_et": {
        "max": 35,
        "min": 20
      },
      "ph_sc_eta": {
        "max": 0.0,
        "min": -0.8
      }
    }
  },
  "created_at_utc": "2026-04-20T18:49:25.229739+00:00",
  "derived": {
    "efficiency": 0.7415719898923085,
    "efficiency_error": 0.0005447727913798434,
    "nSigF": {
      "error": 332.0767295699334,
      "isConstant": false,
      "max": 204362.565151,
      "min": 0.5,
      "name": "nSigF",
      "value": 135380.15676876061
    },
    "nSigP": {
      "error": 558.0889569957217,
      "isConstant": false,
      "max": 586083.857612,
      "min": 0.5,
      "name": "nSigP",
      "value": 388480.0730582824
    }
  },
  "fit_metadata": {
    "bin_index": 4,
    "fail_hist_uses_pass_hist": false,
    "fit_range": {
      "max": 120.0,
      "min": 60.0
    },
    "truth_fail_template_uses_pass_hist": false,
    "truth_template_source": "/eos/home-p/pelai/HZa/root_TnP//hza_resolve_phid_2022postEE_sf//DY_MC_LO_2022postEE_hza_resolve_phid_2022postEE_sf.root"
  },
  "fit_result": {
    "fail": {
      "covQual": -1,
      "edm": 9.704334894255933,
      "floatParsFinal": [
        {
          "error": 0.009886374532915188,
          "isConstant": false,
          "max": 5.0,
          "min": -5.0,
          "name": "meanF",
          "value": -0.004352326985832988
        },
        {
          "error": 332.0767295699334,
          "isConstant": false,
          "max": 204362.565151,
          "min": 0.5,
          "name": "nSigF",
          "value": 135380.15676876061
        },
        {
          "error": 0.0027110007301290595,
          "isConstant": false,
          "max": 1.5000002339931668,
          "min": 0.40000006239817787,
          "name": "sigmaF",
          "value": 0.40000018899323553
        }
      ],
      "floatParsInit": [
        {
          "error": 0.0,
          "isConstant": false,
          "max": 5.0,
          "min": -5.0,
          "name": "meanF",
          "value": -0.0
        },
        {
          "error": 0.0,
          "isConstant": false,
          "max": 204362.565151,
          "min": 0.5,
          "name": "nSigF",
          "value": 122617.53909
        },
        {
          "error": 0.0,
          "isConstant": false,
          "max": 1.5000002339931668,
          "min": 0.40000006239817787,
          "name": "sigmaF",
          "value": 0.5000000779977223
        }
      ],
      "minNll": -1028865.8899575226,
      "numInvalidNLL": 0,
      "status": 160
    },
    "fail_quality": "check",
    "pass": {
      "covQual": -1,
      "edm": 0.23647473778506312,
      "floatParsFinal": [
        {
          "error": 0.005394708817780369,
          "isConstant": false,
          "max": 5.0,
          "min": -5.0,
          "name": "meanP",
          "value": -0.008096951689231524
        },
        {
          "error": 558.0889569957217,
          "isConstant": false,
          "max": 586083.857612,
          "min": 0.5,
          "name": "nSigP",
          "value": 388480.0730582824
        },
        {
          "error": 0.001027311424244004,
          "isConstant": false,
          "max": 5.0,
          "min": 0.5,
          "name": "sigmaP",
          "value": 0.5000000779977223
        }
      ],
      "floatParsInit": [
        {
          "error": 0.0,
          "isConstant": false,
          "max": 5.0,
          "min": -5.0,
          "name": "meanP",
          "value": -0.0
        },
        {
          "error": 0.0,
          "isConstant": false,
          "max": 586083.857612,
          "min": 0.5,
          "name": "nSigP",
          "value": 351650.314567
        },
        {
          "error": 0.0,
          "isConstant": false,
          "max": 5.0,
          "min": 0.5,
          "name": "sigmaP",
          "value": 0.9
        }
      ],
      "minNll": -3402241.390212805,
      "numInvalidNLL": 0,
      "status": 160
    },
    "pass_quality": "check",
    "root_read_error": null
  },
  "fit_type": "nominalFit",
  "histograms": {
    "fail": {
      "entries": 142494.0,
      "fit_window": {
        "bin1": 11,
        "bin2": 70,
        "max": 120.0,
        "min": 60.0
      },
      "integral_fit_window": 135370.65416886163,
      "integral_fit_window_error": 407.68520161461936,
      "integral_full": 136241.71010051723,
      "integral_full_error": 408.9901752982916,
      "maximum_bin_center": 90.5,
      "maximum_bin_content": 14485.400847331599,
      "mean": 87.14372943613151,
      "rms": 7.676006277758863
    },
    "pass": {
      "entries": 389360.0,
      "fit_window": {
        "bin1": 11,
        "bin2": 70,
        "max": 120.0,
        "min": 60.0
      },
      "integral_fit_window": 388477.6353058413,
      "integral_fit_window_error": 696.0915546448502,
      "integral_full": 390722.5717413248,
      "integral_full_error": 698.0872113927927,
      "maximum_bin_center": 90.5,
      "maximum_bin_content": 45413.03116251731,
      "mean": 87.5626711647098,
      "rms": 7.24582090758665
    }
  },
  "sample": {
    "fitOutputBinRoot": "/eos/home-p/pelai/HZa/root_TnP//hza_resolve_phid_2022postEE_sf//DY_MC_LO_2022postEE_hza_resolve_phid_2022postEE_sf.nominalFit-bin04_ph_sc_eta_m0p80To0p00_ph_et_20p00To35p00.root",
    "fitOutputRoot": "/eos/home-p/pelai/HZa/root_TnP//hza_resolve_phid_2022postEE_sf//DY_MC_LO_2022postEE_hza_resolve_phid_2022postEE_sf.nominalFit.root",
    "histFile": "/eos/home-p/pelai/HZa/root_TnP//hza_resolve_phid_2022postEE_sf//DY_MC_LO_2022postEE_hza_resolve_phid_2022postEE_sf.root",
    "isMC": true,
    "mcRefHistFile": "/eos/home-p/pelai/HZa/root_TnP//hza_resolve_phid_2022postEE_sf//DY_MC_LO_2022postEE_hza_resolve_phid_2022postEE_sf.root",
    "mcTruth": true,
    "name": "DY_MC_LO_2022postEE"
  },
  "workspace": {
    "effective_parsed": [
      {
        "max": 5.0,
        "min": -5.0,
        "name": "meanP",
        "raw": "meanP[-0.0,-5.0,5.0]",
        "tokens": [
          "-0.0",
          "-5.0",
          "5.0"
        ],
        "value": -0.0
      },
      {
        "max": 5.0,
        "min": 0.5,
        "name": "sigmaP",
        "raw": "sigmaP[0.9,0.5,5.0]",
        "tokens": [
          "0.9",
          "0.5",
          "5.0"
        ],
        "value": 0.9
      },
      {
        "max": 5.0,
        "min": -5.0,
        "name": "meanF",
        "raw": "meanF[-0.0,-5.0,5.0]",
        "tokens": [
          "-0.0",
          "-5.0",
          "5.0"
        ],
        "value": -0.0
      },
      {
        "max": 5.0,
        "min": 0.5,
        "name": "sigmaF",
        "raw": "sigmaF[0.9,0.5,5.0]",
        "tokens": [
          "0.9",
          "0.5",
          "5.0"
        ],
        "value": 0.9
      },
      {
        "max": 80.0,
        "min": 50.0,
        "name": "acmsP",
        "raw": "acmsP[60.,50.,80.]",
        "tokens": [
          "60.",
          "50.",
          "80."
        ],
        "value": 60.0
      },
      {
        "max": 0.08,
        "min": 0.01,
        "name": "betaP",
        "raw": "betaP[0.05,0.01,0.08]",
        "tokens": [
          "0.05",
          "0.01",
          "0.08"
        ],
        "value": 0.05
      },
      {
        "max": 2.0,
        "min": -2.0,
        "name": "gammaP",
        "raw": "gammaP[0.1, -2, 2]",
        "tokens": [
          "0.1",
          "-2",
          "2"
        ],
        "value": 0.1
      },
      {
        "max": 90.0,
        "min": 82.0,
        "name": "peakP",
        "raw": "peakP[87.0,82.0,90.0]",
        "tokens": [
          "87.0",
          "82.0",
          "90.0"
        ],
        "value": 87.0
      },
      {
        "max": 80.0,
        "min": 50.0,
        "name": "acmsF",