{
  "bin": {
    "cut": "tag_Ele_pt > 35 && abs(tag_sc_eta) < 2.17 && ph_sc_eta >= 0.800000 && ph_sc_eta < 1.444200 && ph_et >= 20.000000 && ph_et < 35.000000",
    "index": 6,
    "name": "bin06_ph_sc_eta_0p80To1p44_ph_et_20p00To35p00",
    "title": "; 0.800 < ph_sc_eta < 1.444; 20.000 < ph_et < 35.000",
    "vars": {
      "ph_et": {
        "max": 35,
        "min": 20
      },
      "ph_sc_eta": {
        "max": 1.4442,
        "min": 0.8
      }
    }
  },
  "created_at_utc": "2026-04-22T06:46:28.062584+00:00",
  "derived": {
    "efficiency": 0.7473202441350967,
    "efficiency_error": 0.0006634374967967651,
    "nSigF": {
      "error": 273.9956209509037,
      "isConstant": false,
      "max": 135391.297976,
      "min": 0.5,
      "name": "nSigF",
      "value": 89686.08657266265
    },
    "nSigP": {
      "error": 460.2259962281969,
      "isConstant": false,
      "max": 400562.584663,
      "min": 0.5,
      "name": "nSigP",
      "value": 265253.6523299418
    }
  },
  "fit_metadata": {
    "bin_index": 6,
    "fail_hist_uses_pass_hist": false,
    "fit_range": {
      "max": 120.0,
      "min": 60.0
    },
    "truth_fail_template_uses_pass_hist": false,
    "truth_template_source": "/eos/home-p/pelai/HZa/root_TnP//hza_resolve_phid_2022postEE_sf//DY_MC_LO_2022postEE_hza_resolve_phid_2022postEE_sf.root"
  },
  "fit_result": {
    "fail": {
      "covQual": -1,
      "edm": 0.5156279156804452,
      "floatParsFinal": [
        {
          "error": 0.014208776588190197,
          "isConstant": false,
          "max": 5.0,
          "min": -5.0,
          "name": "meanF",
          "value": -0.004313473263226619
        },
        {
          "error": 273.9956209509037,
          "isConstant": false,
          "max": 135391.297976,
          "min": 0.5,
          "name": "nSigF",
          "value": 89686.08657266265
        },
        {
          "error": 0.00728722438582069,
          "isConstant": false,
          "max": 1.5000000318474114,
          "min": 0.40000000849264306,
          "name": "sigmaF",
          "value": 0.40000000859575946
        }
      ],
      "floatParsInit": [
        {
          "error": 0.0,
          "isConstant": false,
          "max": 5.0,
          "min": -5.0,
          "name": "meanF",
          "value": -0.2
        },
        {
          "error": 0.0,
          "isConstant": false,
          "max": 135391.297976,
          "min": 0.5,
          "name": "nSigF",
          "value": 81234.778786
        },
        {
          "error": 0.0,
          "isConstant": false,
          "max": 1.5000000318474114,
          "min": 0.40000000849264306,
          "name": "sigmaF",
          "value": 0.5000000106158038
        }
      ],
      "minNll": -640198.7436229512,
      "numInvalidNLL": 0,
      "status": 160
    },
    "fail_quality": "check",
    "pass": {
      "covQual": -1,
      "edm": 1.2997922362862424,
      "floatParsFinal": [
        {
          "error": 0.007766988623530313,
          "isConstant": false,
          "max": 5.0,
          "min": -5.0,
          "name": "meanP",
          "value": -0.008795213357375431
        },
        {
          "error": 460.2259962281969,
          "isConstant": false,
          "max": 400562.584663,
          "min": 0.5,
          "name": "nSigP",
          "value": 265253.6523299418
        },
        {
          "error": 0.004306311228312709,
          "isConstant": false,
          "max": 5.0,
          "min": 0.5,
          "name": "sigmaP",
          "value": 0.5000000106158038
        }
      ],
      "floatParsInit": [
        {
          "error": 0.0,
          "isConstant": false,
          "max": 5.0,
          "min": -5.0,
          "name": "meanP",
          "value": -0.9
        },
        {
          "error": 0.0,
          "isConstant": false,
          "max": 400562.584663,
          "min": 0.5,
          "name": "nSigP",
          "value": 240337.550798
        },
        {
          "error": 0.0,
          "isConstant": false,
          "max": 5.0,
          "min": 0.5,
          "name": "sigmaP",
          "value": 1.5
        }
      ],
      "minNll": -2195690.378973891,
      "numInvalidNLL": 0,
      "status": 160
    },
    "pass_quality": "check",
    "root_read_error": null
  },
  "fit_type": "nominalFit",
  "histograms": {
    "fail": {
      "entries": 94861.0,
      "fit_window": {
        "bin1": 11,
        "bin2": 70,
        "max": 120.0,
        "min": 60.0
      },
      "integral_fit_window": 89686.68318552294,
      "integral_fit_window_error": 327.3276008931991,
      "integral_full": 90260.86531752459,
      "integral_full_error": 328.36921219456514,
      "maximum_bin_center": 89.5,
      "maximum_bin_content": 8324.336119421958,
      "mean": 86.30445700723281,
      "rms": 7.681562443697075
    },
    "pass": {
      "entries": 265405.0,
      "fit_window": {
        "bin1": 11,
        "bin2": 70,
        "max": 120.0,
        "min": 60.0
      },
      "integral_fit_window": 265253.90511188336,
      "integral_fit_window_error": 576.3555714290641,
      "integral_full": 267041.72310892696,
      "integral_full_error": 578.284752997567,
      "maximum_bin_center": 89.5,
      "maximum_bin_content": 25439.158112577523,
      "mean": 86.2973577309846,
      "rms": 7.474975488457721
    }
  },
  "sample": {
    "fitOutputBinRoot": "/eos/home-p/pelai/HZa/root_TnP//hza_resolve_phid_2022postEE_sf//DY_MC_LO_2022postEE_hza_resolve_phid_2022postEE_sf.nominalFit-bin06_ph_sc_eta_0p80To1p44_ph_et_20p00To35p00.root",
    "fitOutputRoot": "/eos/home-p/pelai/HZa/root_TnP//hza_resolve_phid_2022postEE_sf//DY_MC_LO_2022postEE_hza_resolve_phid_2022postEE_sf.nominalFit.root",
    "histFile": "/eos/home-p/pelai/HZa/root_TnP//hza_resolve_phid_2022postEE_sf//DY_MC_LO_2022postEE_hza_resolve_phid_2022postEE_sf.root",
    "isMC": true,
    "mcRefHistFile": "/eos/home-p/pelai/HZa/root_TnP//hza_resolve_phid_2022postEE_sf//DY_MC_LO_2022postEE_hza_resolve_phid_2022postEE_sf.root",
    "mcTruth": true,
    "name": "DY_MC_LO_2022postEE"
  },
  "workspace": {
    "effective_parsed": [
      {
        "max": 90.0,
        "min": 82.0,
        "name": "peakP",
        "raw": "peakP[87.0,82.0,90.0]",
        "tokens": [
          "87.0",
          "82.0",
          "90.0"
        ],
        "value": 87.0
      },
      {
        "max": 90.0,
        "min": 82.0,
        "name": "peakF",
        "raw": "peakF[87.0,82.0,90.0]",
        "tokens": [
          "87.0",
          "82.0",
          "90.0"
        ],
        "value": 87.0
      },
      {
        "max": 5.0,
        "min": -5.0,
        "name": "meanP",
        "raw": "meanP[-0.9,-5.0,5.0]",
        "tokens": [
          "-0.9",
          "-5.0",
          "5.0"
        ],
        "value": -0.9
      },
      {
        "max": 5.0,
        "min": 0.5,
        "name": "sigmaP",
        "raw": "sigmaP[1.5,0.5,5.0]",
        "tokens": [
          "1.5",
          "0.5",
          "5.0"
        ],
        "value": 1.5
      },
      {
        "max": 110.0,
        "min": 40.0,
        "name": "acmsP",
        "raw": "acmsP[78.,40.,110.]",
        "tokens": [
          "78.",
          "40.",
          "110."
        ],
        "value": 78.0
      },
      {
        "max": 0.12,
        "min": 0.001,
        "name": "betaP",
        "raw": "betaP[0.03,0.001,0.12]",
        "tokens": [
          "0.03",
          "0.001",
          "0.12"
        ],
        "value": 0.03
      },
      {
        "max": 2.0,
        "min": -2.0,
        "name": "gammaP",
        "raw": "gammaP[0.03,-2,2.]",
        "tokens": [
          "0.03",
          "-2",
          "2."
        ],
        "value": 0.03
      },
      {
        "max": 5.0,
        "min": -5.0,
        "name": "meanF",
        "raw": "meanF[-0.2,-5.0,5.0]",
        "tokens": [
          "-0.2",
          "-5.0",
          "5.0"
        ],
        "value": -0.2
      },
      {
        "max": 7.0,
        "min": 0.5,
        "name": "sigmaF",