{
  "bin": {
    "cut": "tag_Ele_pt > 35 && abs(tag_sc_eta) < 2.17 && ph_sc_eta >= 2.000000 && ph_sc_eta < 2.500000 && ph_et >= 20.000000 && ph_et < 35.000000",
    "index": 9,
    "name": "bin09_ph_sc_eta_2p00To2p50_ph_et_20p00To35p00",
    "title": "; 2.000 < ph_sc_eta < 2.500; 20.000 < ph_et < 35.000",
    "vars": {
      "ph_et": {
        "max": 35,
        "min": 20
      },
      "ph_sc_eta": {
        "max": 2.5,
        "min": 2.0
      }
    }
  },
  "created_at_utc": "2026-04-20T18:49:26.133203+00:00",
  "derived": {
    "efficiency": 0.7853375576928107,
    "efficiency_error": 0.0009377227040532567,
    "nSigF": {
      "error": 167.3312575275304,
      "isConstant": false,
      "max": 51060.165397,
      "min": 0.5,
      "name": "nSigF",
      "value": 33829.340769396935
    },
    "nSigP": {
      "error": 314.90621145385376,
      "isConstant": false,
      "max": 186624.623407,
      "min": 0.5,
      "name": "nSigP",
      "value": 123763.85721064832
    }
  },
  "fit_metadata": {
    "bin_index": 9,
    "fail_hist_uses_pass_hist": false,
    "fit_range": {
      "max": 120.0,
      "min": 60.0
    },
    "truth_fail_template_uses_pass_hist": false,
    "truth_template_source": "/eos/home-p/pelai/HZa/root_TnP//hza_resolve_phid_2022postEE_sf//DY_MC_LO_2022postEE_hza_resolve_phid_2022postEE_sf.root"
  },
  "fit_result": {
    "fail": {
      "covQual": -1,
      "edm": 2.615708059641453,
      "floatParsFinal": [
        {
          "error": 0.022279648911168515,
          "isConstant": false,
          "max": 5.0,
          "min": -5.0,
          "name": "meanF",
          "value": 0.0008114661498037634
        },
        {
          "error": 167.3312575275304,
          "isConstant": false,
          "max": 51060.165397,
          "min": 0.5,
          "name": "nSigF",
          "value": 33829.340769396935
        },
        {
          "error": 0.008316461172804324,
          "isConstant": false,
          "max": 1.5000022443529248,
          "min": 0.4000005984941133,
          "name": "sigmaF",
          "value": 0.400000598871208
        }
      ],
      "floatParsInit": [
        {
          "error": 0.0,
          "isConstant": false,
          "max": 5.0,
          "min": -5.0,
          "name": "meanF",
          "value": -0.0
        },
        {
          "error": 0.0,
          "isConstant": false,
          "max": 51060.165397,
          "min": 0.5,
          "name": "nSigF",
          "value": 30636.099238
        },
        {
          "error": 0.0,
          "isConstant": false,
          "max": 1.5000022443529248,
          "min": 0.4000005984941133,
          "name": "sigmaF",
          "value": 0.5000007481176416
        }
      ],
      "minNll": -210889.77407619535,
      "numInvalidNLL": 0,
      "status": 160
    },
    "fail_quality": "check",
    "pass": {
      "covQual": -1,
      "edm": 4.935680858230918,
      "floatParsFinal": [
        {
          "error": 0.011404086329868335,
          "isConstant": false,
          "max": 5.0,
          "min": -5.0,
          "name": "meanP",
          "value": -0.001796482027748958
        },
        {
          "error": 314.90621145385376,
          "isConstant": false,
          "max": 186624.623407,
          "min": 0.5,
          "name": "nSigP",
          "value": 123763.85721064832
        },
        {
          "error": 0.0044294438334344655,
          "isConstant": false,
          "max": 5.0,
          "min": 0.5,
          "name": "sigmaP",
          "value": 0.5000007481176416
        }
      ],
      "floatParsInit": [
        {
          "error": 0.0,
          "isConstant": false,
          "max": 5.0,
          "min": -5.0,
          "name": "meanP",
          "value": -0.0
        },
        {
          "error": 0.0,
          "isConstant": false,
          "max": 186624.623407,
          "min": 0.5,
          "name": "nSigP",
          "value": 111974.774044
        },
        {
          "error": 0.0,
          "isConstant": false,
          "max": 5.0,
          "min": 0.5,
          "name": "sigmaP",
          "value": 0.9
        }
      ],
      "minNll": -935784.8737611882,
      "numInvalidNLL": 0,
      "status": 160
    },
    "pass_quality": "check",
    "root_read_error": null
  },
  "fit_type": "nominalFit",
  "histograms": {
    "fail": {
      "entries": 36042.0,
      "fit_window": {
        "bin1": 11,
        "bin2": 70,
        "max": 120.0,
        "min": 60.0
      },
      "integral_fit_window": 33829.22195510941,
      "integral_fit_window_error": 202.17201260787203,
      "integral_full": 34040.11026438478,
      "integral_full_error": 202.79702152422595,
      "maximum_bin_center": 90.5,
      "maximum_bin_content": 3197.884345116101,
      "mean": 88.57701690958751,
      "rms": 7.248519240617256
    },
    "pass": {
      "entries": 124337.0,
      "fit_window": {
        "bin1": 11,
        "bin2": 70,
        "max": 120.0,
        "min": 60.0
      },
      "integral_fit_window": 123770.77130998384,
      "integral_fit_window_error": 393.0139055376067,
      "integral_full": 124416.41560492913,
      "integral_full_error": 394.0303715885801,
      "maximum_bin_center": 89.5,
      "maximum_bin_content": 12266.230483831087,
      "mean": 88.37726843743698,
      "rms": 7.058568714840193
    }
  },
  "sample": {
    "fitOutputBinRoot": "/eos/home-p/pelai/HZa/root_TnP//hza_resolve_phid_2022postEE_sf//DY_MC_LO_2022postEE_hza_resolve_phid_2022postEE_sf.nominalFit-bin09_ph_sc_eta_2p00To2p50_ph_et_20p00To35p00.root",
    "fitOutputRoot": "/eos/home-p/pelai/HZa/root_TnP//hza_resolve_phid_2022postEE_sf//DY_MC_LO_2022postEE_hza_resolve_phid_2022postEE_sf.nominalFit.root",
    "histFile": "/eos/home-p/pelai/HZa/root_TnP//hza_resolve_phid_2022postEE_sf//DY_MC_LO_2022postEE_hza_resolve_phid_2022postEE_sf.root",
    "isMC": true,
    "mcRefHistFile": "/eos/home-p/pelai/HZa/root_TnP//hza_resolve_phid_2022postEE_sf//DY_MC_LO_2022postEE_hza_resolve_phid_2022postEE_sf.root",
    "mcTruth": true,
    "name": "DY_MC_LO_2022postEE"
  },
  "workspace": {
    "effective_parsed": [
      {
        "max": 5.0,
        "min": -5.0,
        "name": "meanP",
        "raw": "meanP[-0.0,-5.0,5.0]",
        "tokens": [
          "-0.0",
          "-5.0",
          "5.0"
        ],
        "value": -0.0
      },
      {
        "max": 5.0,
        "min": 0.5,
        "name": "sigmaP",
        "raw": "sigmaP[0.9,0.5,5.0]",
        "tokens": [
          "0.9",
          "0.5",
          "5.0"
        ],
        "value": 0.9
      },
      {
        "max": 5.0,
        "min": -5.0,
        "name": "meanF",
        "raw": "meanF[-0.0,-5.0,5.0]",
        "tokens": [
          "-0.0",
          "-5.0",
          "5.0"
        ],
        "value": -0.0
      },
      {
        "max": 5.0,
        "min": 0.5,
        "name": "sigmaF",
        "raw": "sigmaF[0.9,0.5,5.0]",
        "tokens": [
          "0.9",
          "0.5",
          "5.0"
        ],
        "value": 0.9
      },
      {
        "max": 80.0,
        "min": 50.0,
        "name": "acmsP",
        "raw": "acmsP[60.,50.,80.]",
        "tokens": [
          "60.",
          "50.",
          "80."
        ],
        "value": 60.0
      },
      {
        "max": 0.08,
        "min": 0.01,
        "name": "betaP",
        "raw": "betaP[0.05,0.01,0.08]",
        "tokens": [
          "0.05",
          "0.01",
          "0.08"
        ],
        "value": 0.05
      },
      {
        "max": 2.0,
        "min": -2.0,
        "name": "gammaP",
        "raw": "gammaP[0.1, -2, 2]",
        "tokens": [
          "0.1",
          "-2",
          "2"
        ],
        "value": 0.1
      },
      {
        "max": 90.0,
        "min": 82.0,
        "name": "peakP",
        "raw": "peakP[87.0,82.0,90.0]",
        "tokens": [
          "87.0",
          "82.0",
          "90.0"
        ],
        "value": 87.0
      },
      {
        "max": 80.0,
        "min": 50.0,
        "name": "acmsF",