{
  "bin": {
    "cut": "tag_Ele_pt > 35 && abs(tag_sc_eta) < 2.17 && ph_sc_eta >= 0.800000 && ph_sc_eta < 1.444200 && ph_et >= 20.000000 && ph_et < 35.000000",
    "index": 6,
    "name": "bin06_ph_sc_eta_0p80To1p44_ph_et_20p00To35p00",
    "title": "; 0.800 < ph_sc_eta < 1.444; 20.000 < ph_et < 35.000",
    "vars": {
      "ph_et": {
        "max": 35,
        "min": 20
      },
      "ph_sc_eta": {
        "max": 1.4442,
        "min": 0.8
      }
    }
  },
  "created_at_utc": "2026-04-21T16:57:32.296840+00:00",
  "derived": {
    "efficiency": 0.7473121011437698,
    "efficiency_error": 0.000663456090212869,
    "nSigF": {
      "error": 274.00889829781954,
      "isConstant": false,
      "max": 135391.297976,
      "min": 0.5,
      "name": "nSigF",
      "value": 89689.62858506678
    },
    "nSigP": {
      "error": 460.2241702543397,
      "isConstant": false,
      "max": 400562.584663,
      "min": 0.5,
      "name": "nSigP",
      "value": 265252.6895514133
    }
  },
  "fit_metadata": {
    "bin_index": 6,
    "fail_hist_uses_pass_hist": false,
    "fit_range": {
      "max": 120.0,
      "min": 60.0
    },
    "truth_fail_template_uses_pass_hist": false,
    "truth_template_source": "/eos/home-p/pelai/HZa/root_TnP//hza_resolve_phid_2022postEE_sf//DY_MC_LO_2022postEE_hza_resolve_phid_2022postEE_sf.root"
  },
  "fit_result": {
    "fail": {
      "covQual": -1,
      "edm": 0.5197699504844041,
      "floatParsFinal": [
        {
          "error": 0.01420874414603146,
          "isConstant": false,
          "max": 5.0,
          "min": -5.0,
          "name": "meanF",
          "value": -0.004367332344409114
        },
        {
          "error": 274.00889829781954,
          "isConstant": false,
          "max": 135391.297976,
          "min": 0.5,
          "name": "nSigF",
          "value": 89689.62858506678
        },
        {
          "error": 0.007288284194779143,
          "isConstant": false,
          "max": 1.5000000064379155,
          "min": 0.4000000017167775,
          "name": "sigmaF",
          "value": 0.40000005975299635
        }
      ],
      "floatParsInit": [
        {
          "error": 0.0,
          "isConstant": false,
          "max": 5.0,
          "min": -5.0,
          "name": "meanF",
          "value": -0.0
        },
        {
          "error": 0.0,
          "isConstant": false,
          "max": 135391.297976,
          "min": 0.5,
          "name": "nSigF",
          "value": 81234.778786
        },
        {
          "error": 0.0,
          "isConstant": false,
          "max": 1.5000000064379155,
          "min": 0.4000000017167775,
          "name": "sigmaF",
          "value": 0.5000000021459718
        }
      ],
      "minNll": -640198.743732624,
      "numInvalidNLL": 0,
      "status": 160
    },
    "fail_quality": "check",
    "pass": {
      "covQual": -1,
      "edm": 1.3025777839635262,
      "floatParsFinal": [
        {
          "error": 0.007767005098740842,
          "isConstant": false,
          "max": 5.0,
          "min": -5.0,
          "name": "meanP",
          "value": -0.008779802229681444
        },
        {
          "error": 460.2241702543397,
          "isConstant": false,
          "max": 400562.584663,
          "min": 0.5,
          "name": "nSigP",
          "value": 265252.6895514133
        },
        {
          "error": 0.004305926245220026,
          "isConstant": false,
          "max": 5.0,
          "min": 0.5,
          "name": "sigmaP",
          "value": 0.5000000021459718
        }
      ],
      "floatParsInit": [
        {
          "error": 0.0,
          "isConstant": false,
          "max": 5.0,
          "min": -5.0,
          "name": "meanP",
          "value": -0.0
        },
        {
          "error": 0.0,
          "isConstant": false,
          "max": 400562.584663,
          "min": 0.5,
          "name": "nSigP",
          "value": 240337.550798
        },
        {
          "error": 0.0,
          "isConstant": false,
          "max": 5.0,
          "min": 0.5,
          "name": "sigmaP",
          "value": 0.9
        }
      ],
      "minNll": -2195690.379073807,
      "numInvalidNLL": 0,
      "status": 160
    },
    "pass_quality": "check",
    "root_read_error": null
  },
  "fit_type": "nominalFit",
  "histograms": {
    "fail": {
      "entries": 94861.0,
      "fit_window": {
        "bin1": 11,
        "bin2": 70,
        "max": 120.0,
        "min": 60.0
      },
      "integral_fit_window": 89686.68318552294,
      "integral_fit_window_error": 327.3276008931991,
      "integral_full": 90260.86531752459,
      "integral_full_error": 328.36921219456514,
      "maximum_bin_center": 89.5,
      "maximum_bin_content": 8324.336119421958,
      "mean": 86.30445700723281,
      "rms": 7.681562443697075
    },
    "pass": {
      "entries": 265405.0,
      "fit_window": {
        "bin1": 11,
        "bin2": 70,
        "max": 120.0,
        "min": 60.0
      },
      "integral_fit_window": 265253.90511188336,
      "integral_fit_window_error": 576.3555714290641,
      "integral_full": 267041.72310892696,
      "integral_full_error": 578.284752997567,
      "maximum_bin_center": 89.5,
      "maximum_bin_content": 25439.158112577523,
      "mean": 86.2973577309846,
      "rms": 7.474975488457721
    }
  },
  "sample": {
    "fitOutputBinRoot": "/eos/home-p/pelai/HZa/root_TnP//hza_resolve_phid_2022postEE_sf//DY_MC_LO_2022postEE_hza_resolve_phid_2022postEE_sf.nominalFit-bin06_ph_sc_eta_0p80To1p44_ph_et_20p00To35p00.root",
    "fitOutputRoot": "/eos/home-p/pelai/HZa/root_TnP//hza_resolve_phid_2022postEE_sf//DY_MC_LO_2022postEE_hza_resolve_phid_2022postEE_sf.nominalFit.root",
    "histFile": "/eos/home-p/pelai/HZa/root_TnP//hza_resolve_phid_2022postEE_sf//DY_MC_LO_2022postEE_hza_resolve_phid_2022postEE_sf.root",
    "isMC": true,
    "mcRefHistFile": "/eos/home-p/pelai/HZa/root_TnP//hza_resolve_phid_2022postEE_sf//DY_MC_LO_2022postEE_hza_resolve_phid_2022postEE_sf.root",
    "mcTruth": true,
    "name": "DY_MC_LO_2022postEE"
  },
  "workspace": {
    "effective_parsed": [
      {
        "max": 5.0,
        "min": -5.0,
        "name": "meanP",
        "raw": "meanP[-0.0,-5.0,5.0]",
        "tokens": [
          "-0.0",
          "-5.0",
          "5.0"
        ],
        "value": -0.0
      },
      {
        "max": 5.0,
        "min": 0.5,
        "name": "sigmaP",
        "raw": "sigmaP[0.9,0.5,5.0]",
        "tokens": [
          "0.9",
          "0.5",
          "5.0"
        ],
        "value": 0.9
      },
      {
        "max": 5.0,
        "min": -5.0,
        "name": "meanF",
        "raw": "meanF[-0.0,-5.0,5.0]",
        "tokens": [
          "-0.0",
          "-5.0",
          "5.0"
        ],
        "value": -0.0
      },
      {
        "max": 90.0,
        "min": 82.0,
        "name": "peakP",
        "raw": "peakP[87.0,82.0,90.0]",
        "tokens": [
          "87.0",
          "82.0",
          "90.0"
        ],
        "value": 87.0
      },
      {
        "max": 90.0,
        "min": 82.0,
        "name": "peakF",
        "raw": "peakF[87.0,82.0,90.0]",
        "tokens": [
          "87.0",
          "82.0",
          "90.0"
        ],
        "value": 87.0
      },
      {
        "max": 95.0,
        "min": 45.0,
        "name": "acmsP",
        "raw": "acmsP[70.,45.,95.]",
        "tokens": [
          "70.",
          "45.",
          "95."
        ],
        "value": 70.0
      },
      {
        "max": 0.1,
        "min": 0.005,
        "name": "betaP",
        "raw": "betaP[0.05,0.005,0.10]",
        "tokens": [
          "0.05",
          "0.005",
          "0.10"
        ],
        "value": 0.05
      },
      {
        "max": 1.0,
        "min": -2.0,
        "name": "gammaP",
        "raw": "gammaP[0.05,-2,1.0]",
        "tokens": [
          "0.05",
          "-2",
          "1.0"
        ],
        "value": 0.05
      },
      {
        "max": 95.0,
        "min": 45.0,
        "name": "acmsF",