{
  "bin": {
    "cut": "tag_Ele_pt > 35 && abs(tag_sc_eta) < 2.17 && ph_sc_eta >= 0.000000 && ph_sc_eta < 0.800000 && ph_et >= 20.000000 && ph_et < 35.000000",
    "index": 5,
    "name": "bin05_ph_sc_eta_0p00To0p80_ph_et_20p00To35p00",
    "title": "; 0.000 < ph_sc_eta < 0.800; 20.000 < ph_et < 35.000",
    "vars": {
      "ph_et": {
        "max": 35,
        "min": 20
      },
      "ph_sc_eta": {
        "max": 0.8,
        "min": 0.0
      }
    }
  },
  "created_at_utc": "2026-04-20T18:49:23.875524+00:00",
  "derived": {
    "efficiency": 0.7388220201384563,
    "efficiency_error": 0.0005527889608525305,
    "nSigF": {
      "error": 333.14240726057324,
      "isConstant": false,
      "max": 203422.095403,
      "min": 0.5,
      "name": "nSigF",
      "value": 134842.60643097456
    },
    "nSigP": {
      "error": 553.1296998217294,
      "isConstant": false,
      "max": 575635.491353,
      "min": 0.5,
      "name": "nSigP",
      "value": 381443.6689374837
    }
  },
  "fit_metadata": {
    "bin_index": 5,
    "fail_hist_uses_pass_hist": false,
    "fit_range": {
      "max": 120.0,
      "min": 60.0
    },
    "truth_fail_template_uses_pass_hist": false,
    "truth_template_source": "/eos/home-p/pelai/HZa/root_TnP//hza_resolve_phid_2022postEE_sf//DY_MC_LO_2022postEE_hza_resolve_phid_2022postEE_sf.root"
  },
  "fit_result": {
    "fail": {
      "covQual": -1,
      "edm": 3.023006561246488,
      "floatParsFinal": [
        {
          "error": 0.009957289323959895,
          "isConstant": false,
          "max": 5.0,
          "min": -5.0,
          "name": "meanF",
          "value": -0.003640318926229291
        },
        {
          "error": 333.14240726057324,
          "isConstant": false,
          "max": 203422.095403,
          "min": 0.5,
          "name": "nSigF",
          "value": 134842.60643097456
        },
        {
          "error": 0.002364992454729209,
          "isConstant": false,
          "max": 1.5000001843837225,
          "min": 0.40000004916899273,
          "name": "sigmaF",
          "value": 0.4000002000673786
        }
      ],
      "floatParsInit": [
        {
          "error": 0.0,
          "isConstant": false,
          "max": 5.0,
          "min": -5.0,
          "name": "meanF",
          "value": -0.0
        },
        {
          "error": 0.0,
          "isConstant": false,
          "max": 203422.095403,
          "min": 0.5,
          "name": "nSigF",
          "value": 122053.257242
        },
        {
          "error": 0.0,
          "isConstant": false,
          "max": 1.5000001843837225,
          "min": 0.40000004916899273,
          "name": "sigmaF",
          "value": 0.5000000614612409
        }
      ],
      "minNll": -1025067.5000617304,
      "numInvalidNLL": 0,
      "status": 160
    },
    "fail_quality": "check",
    "pass": {
      "covQual": -1,
      "edm": 3.5605253866552644,
      "floatParsFinal": [
        {
          "error": 0.0054147135376050315,
          "isConstant": false,
          "max": 5.0,
          "min": -5.0,
          "name": "meanP",
          "value": -0.006942135490623613
        },
        {
          "error": 553.1296998217294,
          "isConstant": false,
          "max": 575635.491353,
          "min": 0.5,
          "name": "nSigP",
          "value": 381443.6689374837
        },
        {
          "error": 0.001113284938727921,
          "isConstant": false,
          "max": 5.0,
          "min": 0.5,
          "name": "sigmaP",
          "value": 0.5000000614612409
        }
      ],
      "floatParsInit": [
        {
          "error": 0.0,
          "isConstant": false,
          "max": 5.0,
          "min": -5.0,
          "name": "meanP",
          "value": -0.0
        },
        {
          "error": 0.0,
          "isConstant": false,
          "max": 575635.491353,
          "min": 0.5,
          "name": "nSigP",
          "value": 345381.294812
        },
        {
          "error": 0.0,
          "isConstant": false,
          "max": 5.0,
          "min": 0.5,
          "name": "sigmaP",
          "value": 0.9
        }
      ],
      "minNll": -3338370.83108305,
      "numInvalidNLL": 0,
      "status": 160
    },
    "pass_quality": "check",
    "root_read_error": null
  },
  "fit_type": "nominalFit",
  "histograms": {
    "fail": {
      "entries": 141803.0,
      "fit_window": {
        "bin1": 11,
        "bin2": 70,
        "max": 120.0,
        "min": 60.0
      },
      "integral_fit_window": 134833.25376066432,
      "integral_fit_window_error": 404.7676386554749,
      "integral_full": 135614.73026896035,
      "integral_full_error": 405.9350324366257,
      "maximum_bin_center": 90.5,
      "maximum_bin_content": 14329.470775363096,
      "mean": 87.29782331840104,
      "rms": 7.576476253108123
    },
    "pass": {
      "entries": 382421.0,
      "fit_window": {
        "bin1": 11,
        "bin2": 70,
        "max": 120.0,
        "min": 60.0
      },
      "integral_fit_window": 381441.90912821516,
      "integral_fit_window_error": 689.611182240221,
      "integral_full": 383756.9942353232,
      "integral_full_error": 691.6947023997283,
      "maximum_bin_center": 90.5,
      "maximum_bin_content": 44970.12325286016,
      "mean": 87.75554463616467,
      "rms": 7.214395754501297
    }
  },
  "sample": {
    "fitOutputBinRoot": "/eos/home-p/pelai/HZa/root_TnP//hza_resolve_phid_2022postEE_sf//DY_MC_LO_2022postEE_hza_resolve_phid_2022postEE_sf.nominalFit-bin05_ph_sc_eta_0p00To0p80_ph_et_20p00To35p00.root",
    "fitOutputRoot": "/eos/home-p/pelai/HZa/root_TnP//hza_resolve_phid_2022postEE_sf//DY_MC_LO_2022postEE_hza_resolve_phid_2022postEE_sf.nominalFit.root",
    "histFile": "/eos/home-p/pelai/HZa/root_TnP//hza_resolve_phid_2022postEE_sf//DY_MC_LO_2022postEE_hza_resolve_phid_2022postEE_sf.root",
    "isMC": true,
    "mcRefHistFile": "/eos/home-p/pelai/HZa/root_TnP//hza_resolve_phid_2022postEE_sf//DY_MC_LO_2022postEE_hza_resolve_phid_2022postEE_sf.root",
    "mcTruth": true,
    "name": "DY_MC_LO_2022postEE"
  },
  "workspace": {
    "effective_parsed": [
      {
        "max": 5.0,
        "min": -5.0,
        "name": "meanP",
        "raw": "meanP[-0.0,-5.0,5.0]",
        "tokens": [
          "-0.0",
          "-5.0",
          "5.0"
        ],
        "value": -0.0
      },
      {
        "max": 5.0,
        "min": 0.5,
        "name": "sigmaP",
        "raw": "sigmaP[0.9,0.5,5.0]",
        "tokens": [
          "0.9",
          "0.5",
          "5.0"
        ],
        "value": 0.9
      },
      {
        "max": 5.0,
        "min": -5.0,
        "name": "meanF",
        "raw": "meanF[-0.0,-5.0,5.0]",
        "tokens": [
          "-0.0",
          "-5.0",
          "5.0"
        ],
        "value": -0.0
      },
      {
        "max": 5.0,
        "min": 0.5,
        "name": "sigmaF",
        "raw": "sigmaF[0.9,0.5,5.0]",
        "tokens": [
          "0.9",
          "0.5",
          "5.0"
        ],
        "value": 0.9
      },
      {
        "max": 80.0,
        "min": 50.0,
        "name": "acmsP",
        "raw": "acmsP[60.,50.,80.]",
        "tokens": [
          "60.",
          "50.",
          "80."
        ],
        "value": 60.0
      },
      {
        "max": 0.08,
        "min": 0.01,
        "name": "betaP",
        "raw": "betaP[0.05,0.01,0.08]",
        "tokens": [
          "0.05",
          "0.01",
          "0.08"
        ],
        "value": 0.05
      },
      {
        "max": 2.0,
        "min": -2.0,
        "name": "gammaP",
        "raw": "gammaP[0.1, -2, 2]",
        "tokens": [
          "0.1",
          "-2",
          "2"
        ],
        "value": 0.1
      },
      {
        "max": 90.0,
        "min": 82.0,
        "name": "peakP",
        "raw": "peakP[87.0,82.0,90.0]",
        "tokens": [
          "87.0",
          "82.0",
          "90.0"
        ],
        "value": 87.0
      },
      {
        "max": 80.0,
        "min": 50.0,
        "name": "acmsF",