{
  "bin": {
    "cut": "tag_Ele_pt > 35 && abs(tag_sc_eta) < 2.17 && ph_sc_eta >= -2.500000 && ph_sc_eta < -2.000000 && ph_et >= 20.000000 && ph_et < 35.000000",
    "index": 0,
    "name": "bin00_ph_sc_eta_m2p50Tom2p00_ph_et_20p00To35p00",
    "title": "; -2.500 < ph_sc_eta < -2.000; 20.000 < ph_et < 35.000",
    "vars": {
      "ph_et": {
        "max": 35,
        "min": 20
      },
      "ph_sc_eta": {
        "max": -2.0,
        "min": -2.5
      }
    }
  },
  "created_at_utc": "2026-04-20T18:49:25.067767+00:00",
  "derived": {
    "efficiency": 0.7792448651068331,
    "efficiency_error": 0.0009556308756682601,
    "nSigF": {
      "error": 169.30306987239965,
      "isConstant": false,
      "max": 51886.91629,
      "min": 0.5,
      "name": "nSigF",
      "value": 34397.47807355027
    },
    "nSigP": {
      "error": 312.7675629528676,
      "isConstant": false,
      "max": 183113.73955,
      "min": 0.5,
      "name": "nSigP",
      "value": 121419.86266553019
    }
  },
  "fit_metadata": {
    "bin_index": 0,
    "fail_hist_uses_pass_hist": false,
    "fit_range": {
      "max": 120.0,
      "min": 60.0
    },
    "truth_fail_template_uses_pass_hist": false,
    "truth_template_source": "/eos/home-p/pelai/HZa/root_TnP//hza_resolve_phid_2022postEE_sf//DY_MC_LO_2022postEE_hza_resolve_phid_2022postEE_sf.root"
  },
  "fit_result": {
    "fail": {
      "covQual": -1,
      "edm": 3.562491002550872,
      "floatParsFinal": [
        {
          "error": 0.02285077248662093,
          "isConstant": false,
          "max": 5.0,
          "min": -5.0,
          "name": "meanF",
          "value": 0.0024018533367868855
        },
        {
          "error": 169.30306987239965,
          "isConstant": false,
          "max": 51886.91629,
          "min": 0.5,
          "name": "nSigF",
          "value": 34397.47807355027
        },
        {
          "error": 0.014301341340603457,
          "isConstant": false,
          "max": 1.5000005315125093,
          "min": 0.4000001417366692,
          "name": "sigmaF",
          "value": 0.4000001422046651
        }
      ],
      "floatParsInit": [
        {
          "error": 0.0,
          "isConstant": false,
          "max": 5.0,
          "min": -5.0,
          "name": "meanF",
          "value": -0.0
        },
        {
          "error": 0.0,
          "isConstant": false,
          "max": 51886.91629,
          "min": 0.5,
          "name": "nSigF",
          "value": 31132.149774
        },
        {
          "error": 0.0,
          "isConstant": false,
          "max": 1.5000005315125093,
          "min": 0.4000001417366692,
          "name": "sigmaF",
          "value": 0.5000001771708364
        }
      ],
      "minNll": -214690.8191422902,
      "numInvalidNLL": 0,
      "status": 160
    },
    "fail_quality": "check",
    "pass": {
      "covQual": -1,
      "edm": 0.4342347395148139,
      "floatParsFinal": [
        {
          "error": 0.011748711770132925,
          "isConstant": false,
          "max": 5.0,
          "min": -5.0,
          "name": "meanP",
          "value": -0.001638398525379614
        },
        {
          "error": 312.7675629528676,
          "isConstant": false,
          "max": 183113.73955,
          "min": 0.5,
          "name": "nSigP",
          "value": 121419.86266553019
        },
        {
          "error": 0.010548389209334597,
          "isConstant": false,
          "max": 5.0,
          "min": 0.5,
          "name": "sigmaP",
          "value": 0.5000001771708364
        }
      ],
      "floatParsInit": [
        {
          "error": 0.0,
          "isConstant": false,
          "max": 5.0,
          "min": -5.0,
          "name": "meanP",
          "value": -0.0
        },
        {
          "error": 0.0,
          "isConstant": false,
          "max": 183113.73955,
          "min": 0.5,
          "name": "nSigP",
          "value": 109868.24373
        },
        {
          "error": 0.0,
          "isConstant": false,
          "max": 5.0,
          "min": 0.5,
          "name": "sigmaP",
          "value": 0.9
        }
      ],
      "minNll": -914468.5631115278,
      "numInvalidNLL": 0,
      "status": 160
    },
    "pass_quality": "check",
    "root_read_error": null
  },
  "fit_type": "nominalFit",
  "histograms": {
    "fail": {
      "entries": 36454.0,
      "fit_window": {
        "bin1": 11,
        "bin2": 70,
        "max": 120.0,
        "min": 60.0
      },
      "integral_fit_window": 34397.24937118099,
      "integral_fit_window_error": 203.1733132547396,
      "integral_full": 34591.27752650647,
      "integral_full_error": 203.76403743751442,
      "maximum_bin_center": 89.5,
      "maximum_bin_content": 3206.384973884553,
      "mean": 88.37997596568319,
      "rms": 7.168943044530437
    },
    "pass": {
      "entries": 121995.0,
      "fit_window": {
        "bin1": 11,
        "bin2": 70,
        "max": 120.0,
        "min": 60.0
      },
      "integral_fit_window": 121423.24958778001,
      "integral_fit_window_error": 388.2096653805761,
      "integral_full": 122075.82636669533,
      "integral_full_error": 389.24302930906333,
      "maximum_bin_center": 89.5,
      "maximum_bin_content": 11836.135790981032,
      "mean": 88.30193860180258,
      "rms": 7.109458790780751
    }
  },
  "sample": {
    "fitOutputBinRoot": "/eos/home-p/pelai/HZa/root_TnP//hza_resolve_phid_2022postEE_sf//DY_MC_LO_2022postEE_hza_resolve_phid_2022postEE_sf.nominalFit-bin00_ph_sc_eta_m2p50Tom2p00_ph_et_20p00To35p00.root",
    "fitOutputRoot": "/eos/home-p/pelai/HZa/root_TnP//hza_resolve_phid_2022postEE_sf//DY_MC_LO_2022postEE_hza_resolve_phid_2022postEE_sf.nominalFit.root",
    "histFile": "/eos/home-p/pelai/HZa/root_TnP//hza_resolve_phid_2022postEE_sf//DY_MC_LO_2022postEE_hza_resolve_phid_2022postEE_sf.root",
    "isMC": true,
    "mcRefHistFile": "/eos/home-p/pelai/HZa/root_TnP//hza_resolve_phid_2022postEE_sf//DY_MC_LO_2022postEE_hza_resolve_phid_2022postEE_sf.root",
    "mcTruth": true,
    "name": "DY_MC_LO_2022postEE"
  },
  "workspace": {
    "effective_parsed": [
      {
        "max": 5.0,
        "min": -5.0,
        "name": "meanP",
        "raw": "meanP[-0.0,-5.0,5.0]",
        "tokens": [
          "-0.0",
          "-5.0",
          "5.0"
        ],
        "value": -0.0
      },
      {
        "max": 5.0,
        "min": 0.5,
        "name": "sigmaP",
        "raw": "sigmaP[0.9,0.5,5.0]",
        "tokens": [
          "0.9",
          "0.5",
          "5.0"
        ],
        "value": 0.9
      },
      {
        "max": 5.0,
        "min": -5.0,
        "name": "meanF",
        "raw": "meanF[-0.0,-5.0,5.0]",
        "tokens": [
          "-0.0",
          "-5.0",
          "5.0"
        ],
        "value": -0.0
      },
      {
        "max": 5.0,
        "min": 0.5,
        "name": "sigmaF",
        "raw": "sigmaF[0.9,0.5,5.0]",
        "tokens": [
          "0.9",
          "0.5",
          "5.0"
        ],
        "value": 0.9
      },
      {
        "max": 80.0,
        "min": 50.0,
        "name": "acmsP",
        "raw": "acmsP[60.,50.,80.]",
        "tokens": [
          "60.",
          "50.",
          "80."
        ],
        "value": 60.0
      },
      {
        "max": 0.08,
        "min": 0.01,
        "name": "betaP",
        "raw": "betaP[0.05,0.01,0.08]",
        "tokens": [
          "0.05",
          "0.01",
          "0.08"
        ],
        "value": 0.05
      },
      {
        "max": 2.0,
        "min": -2.0,
        "name": "gammaP",
        "raw": "gammaP[0.1, -2, 2]",
        "tokens": [
          "0.1",
          "-2",
          "2"
        ],
        "value": 0.1
      },
      {
        "max": 90.0,
        "min": 82.0,
        "name": "peakP",
        "raw": "peakP[87.0,82.0,90.0]",
        "tokens": [
          "87.0",
          "82.0",
          "90.0"
        ],
        "value": 87.0
      },
      {
        "max": 80.0,
        "min": 50.0,
        "name": "acmsF",