{
  "bin": {
    "cut": "tag_Ele_pt > 35 && abs(tag_sc_eta) < 2.17 && ph_sc_eta >= -0.800000 && ph_sc_eta < 0.000000 && ph_et >= 35.000000 && ph_et < 50.000000",
    "index": 14,
    "name": "bin14_ph_sc_eta_m0p80To0p00_ph_et_35p00To50p00",
    "title": "; -0.800 < ph_sc_eta < 0.000; 35.000 < ph_et < 50.000",
    "vars": {
      "ph_et": {
        "max": 50,
        "min": 35
      },
      "ph_sc_eta": {
        "max": 0.0,
        "min": -0.8
      }
    }
  },
  "created_at_utc": "2026-04-21T16:57:36.918236+00:00",
  "derived": {
    "efficiency": 0.8022617826357835,
    "efficiency_error": 0.0002944011016590945,
    "nSigF": {
      "error": 498.06941680505406,
      "isConstant": false,
      "max": 448715.170124,
      "min": 0.5,
      "name": "nSigF",
      "value": 298469.8389986536
    },
    "nSigP": {
      "error": 983.2693957290612,
      "isConstant": false,
      "max": 1819844.025464,
      "min": 0.5,
      "name": "nSigP",
      "value": 1210949.2453703438
    }
  },
  "fit_metadata": {
    "bin_index": 14,
    "fail_hist_uses_pass_hist": false,
    "fit_range": {
      "max": 120.0,
      "min": 60.0
    },
    "truth_fail_template_uses_pass_hist": false,
    "truth_template_source": "/eos/home-p/pelai/HZa/root_TnP//hza_resolve_phid_2022postEE_sf//DY_MC_LO_2022postEE_hza_resolve_phid_2022postEE_sf.root"
  },
  "fit_result": {
    "fail": {
      "covQual": -1,
      "edm": 0.686808018919817,
      "floatParsFinal": [
        {
          "error": 0.00518777689164196,
          "isConstant": false,
          "max": 5.0,
          "min": -5.0,
          "name": "meanF",
          "value": 0.0008240567903952112
        },
        {
          "error": 498.06941680505406,
          "isConstant": false,
          "max": 448715.170124,
          "min": 0.5,
          "name": "nSigF",
          "value": 298469.8389986536
        },
        {
          "error": 0.003929579993778742,
          "isConstant": false,
          "max": 1.5000000151290607,
          "min": 0.4000000040344162,
          "name": "sigmaF",
          "value": 0.4000000048636824
        }
      ],
      "floatParsInit": [
        {
          "error": 0.0,
          "isConstant": false,
          "max": 5.0,
          "min": -5.0,
          "name": "meanF",
          "value": -0.0
        },
        {
          "error": 0.0,
          "isConstant": false,
          "max": 448715.170124,
          "min": 0.5,
          "name": "nSigF",
          "value": 269229.102074
        },
        {
          "error": 0.0,
          "isConstant": false,
          "max": 1.5000000151290607,
          "min": 0.4000000040344162,
          "name": "sigmaF",
          "value": 0.5000000050430202
        }
      ],
      "minNll": -2634871.800155071,
      "numInvalidNLL": 0,
      "status": 160
    },
    "fail_quality": "check",
    "pass": {
      "covQual": -1,
      "edm": 5.7260483867768475,
      "floatParsFinal": [
        {
          "error": 0.0023834848004931075,
          "isConstant": false,
          "max": 5.0,
          "min": -5.0,
          "name": "meanP",
          "value": -0.0007920374113625783
        },
        {
          "error": 983.2693957290612,
          "isConstant": false,
          "max": 1819844.025464,
          "min": 0.5,
          "name": "nSigP",
          "value": 1210949.2453703438
        },
        {
          "error": 0.00015296133560038783,
          "isConstant": false,
          "max": 5.0,
          "min": 0.5,
          "name": "sigmaP",
          "value": 0.5000000050430202
        }
      ],
      "floatParsInit": [
        {
          "error": 0.0,
          "isConstant": false,
          "max": 5.0,
          "min": -5.0,
          "name": "meanP",
          "value": -0.0
        },
        {
          "error": 0.0,
          "isConstant": false,
          "max": 1819844.025464,
          "min": 0.5,
          "name": "nSigP",
          "value": 1091906.415279
        },
        {
          "error": 0.0,
          "isConstant": false,
          "max": 5.0,
          "min": 0.5,
          "name": "sigmaP",
          "value": 0.9
        }
      ],
      "minNll": -12465406.954037566,
      "numInvalidNLL": 0,
      "status": 160
    },
    "pass_quality": "check",
    "root_read_error": null
  },
  "fit_type": "nominalFit",
  "histograms": {
    "fail": {
      "entries": 314808.0,
      "fit_window": {
        "bin1": 11,
        "bin2": 70,
        "max": 120.0,
        "min": 60.0
      },
      "integral_fit_window": 298469.9912138049,
      "integral_fit_window_error": 599.2560680360383,
      "integral_full": 299143.44674932875,
      "integral_full_error": 599.9281445201769,
      "maximum_bin_center": 90.5,
      "maximum_bin_content": 44339.474779901,
      "mean": 90.55282390638534,
      "rms": 4.821818377450361
    },
    "pass": {
      "entries": 1210135.0,
      "fit_window": {
        "bin1": 11,
        "bin2": 70,
        "max": 120.0,
        "min": 60.0
      },
      "integral_fit_window": 1210945.1105293457,
      "integral_fit_window_error": 1231.5552812495582,
      "integral_full": 1213229.3503096125,
      "integral_full_error": 1232.7027980163557,
      "maximum_bin_center": 90.5,
      "maximum_bin_content": 190315.22123532812,
      "mean": 90.57773078024765,
      "rms": 4.5505448244520625
    }
  },
  "sample": {
    "fitOutputBinRoot": "/eos/home-p/pelai/HZa/root_TnP//hza_resolve_phid_2022postEE_sf//DY_MC_LO_2022postEE_hza_resolve_phid_2022postEE_sf.nominalFit-bin14_ph_sc_eta_m0p80To0p00_ph_et_35p00To50p00.root",
    "fitOutputRoot": "/eos/home-p/pelai/HZa/root_TnP//hza_resolve_phid_2022postEE_sf//DY_MC_LO_2022postEE_hza_resolve_phid_2022postEE_sf.nominalFit.root",
    "histFile": "/eos/home-p/pelai/HZa/root_TnP//hza_resolve_phid_2022postEE_sf//DY_MC_LO_2022postEE_hza_resolve_phid_2022postEE_sf.root",
    "isMC": true,
    "mcRefHistFile": "/eos/home-p/pelai/HZa/root_TnP//hza_resolve_phid_2022postEE_sf//DY_MC_LO_2022postEE_hza_resolve_phid_2022postEE_sf.root",
    "mcTruth": true,
    "name": "DY_MC_LO_2022postEE"
  },
  "workspace": {
    "effective_parsed": [
      {
        "max": 5.0,
        "min": -5.0,
        "name": "meanP",
        "raw": "meanP[-0.0,-5.0,5.0]",
        "tokens": [
          "-0.0",
          "-5.0",
          "5.0"
        ],
        "value": -0.0
      },
      {
        "max": 5.0,
        "min": 0.5,
        "name": "sigmaP",
        "raw": "sigmaP[0.9,0.5,5.0]",
        "tokens": [
          "0.9",
          "0.5",
          "5.0"
        ],
        "value": 0.9
      },
      {
        "max": 5.0,
        "min": -5.0,
        "name": "meanF",
        "raw": "meanF[-0.0,-5.0,5.0]",
        "tokens": [
          "-0.0",
          "-5.0",
          "5.0"
        ],
        "value": -0.0
      },
      {
        "max": 5.0,
        "min": 0.5,
        "name": "sigmaF",
        "raw": "sigmaF[0.9,0.5,5.0]",
        "tokens": [
          "0.9",
          "0.5",
          "5.0"
        ],
        "value": 0.9
      },
      {
        "max": 80.0,
        "min": 50.0,
        "name": "acmsP",
        "raw": "acmsP[60.,50.,80.]",
        "tokens": [
          "60.",
          "50.",
          "80."
        ],
        "value": 60.0
      },
      {
        "max": 0.08,
        "min": 0.01,
        "name": "betaP",
        "raw": "betaP[0.05,0.01,0.08]",
        "tokens": [
          "0.05",
          "0.01",
          "0.08"
        ],
        "value": 0.05
      },
      {
        "max": 2.0,
        "min": -2.0,
        "name": "gammaP",
        "raw": "gammaP[0.1, -2, 2]",
        "tokens": [
          "0.1",
          "-2",
          "2"
        ],
        "value": 0.1
      },
      {
        "max": 90.0,
        "min": 82.0,
        "name": "peakP",
        "raw": "peakP[87.0,82.0,90.0]",
        "tokens": [
          "87.0",
          "82.0",
          "90.0"
        ],
        "value": 87.0
      },
      {
        "max": 80.0,
        "min": 50.0,
        "name": "acmsF",