{
  "bin": {
    "cut": "tag_Ele_pt > 35 && abs(tag_sc_eta) < 2.17 && ph_sc_eta >= 2.000000 && ph_sc_eta < 2.500000 && ph_et >= 35.000000 && ph_et < 50.000000",
    "index": 19,
    "name": "bin19_ph_sc_eta_2p00To2p50_ph_et_35p00To50p00",
    "title": "; 2.000 < ph_sc_eta < 2.500; 35.000 < ph_et < 50.000",
    "vars": {
      "ph_et": {
        "max": 50,
        "min": 35
      },
      "ph_sc_eta": {
        "max": 2.5,
        "min": 2.0
      }
    }
  },
  "created_at_utc": "2026-04-21T16:57:44.018662+00:00",
  "derived": {
    "efficiency": 0.812216303473261,
    "efficiency_error": 0.0006290250091118446,
    "nSigF": {
      "error": 221.38056072351537,
      "isConstant": false,
      "max": 89409.484323,
      "min": 0.5,
      "name": "nSigF",
      "value": 59376.808470534794
    },
    "nSigP": {
      "error": 452.758995740689,
      "isConstant": false,
      "max": 386607.116857,
      "min": 0.5,
      "name": "nSigP",
      "value": 256821.08074334575
    }
  },
  "fit_metadata": {
    "bin_index": 19,
    "fail_hist_uses_pass_hist": false,
    "fit_range": {
      "max": 120.0,
      "min": 60.0
    },
    "truth_fail_template_uses_pass_hist": false,
    "truth_template_source": "/eos/home-p/pelai/HZa/root_TnP//hza_resolve_phid_2022postEE_sf//DY_MC_LO_2022postEE_hza_resolve_phid_2022postEE_sf.root"
  },
  "fit_result": {
    "fail": {
      "covQual": -1,
      "edm": 0.13251868269022168,
      "floatParsFinal": [
        {
          "error": 0.014135923608261436,
          "isConstant": false,
          "max": 5.0,
          "min": -5.0,
          "name": "meanF",
          "value": 0.0022255741479053626
        },
        {
          "error": 221.38056072351537,
          "isConstant": false,
          "max": 89409.484323,
          "min": 0.5,
          "name": "nSigF",
          "value": 59376.808470534794
        },
        {
          "error": 0.003914131239825813,
          "isConstant": false,
          "max": 1.5000007071324613,
          "min": 0.4000001885686564,
          "name": "sigmaF",
          "value": 0.4000001919727889
        }
      ],
      "floatParsInit": [
        {
          "error": 0.0,
          "isConstant": false,
          "max": 5.0,
          "min": -5.0,
          "name": "meanF",
          "value": -0.0
        },
        {
          "error": 0.0,
          "isConstant": false,
          "max": 89409.484323,
          "min": 0.5,
          "name": "nSigF",
          "value": 53645.690594
        },
        {
          "error": 0.0,
          "isConstant": false,
          "max": 1.5000007071324613,
          "min": 0.4000001885686564,
          "name": "sigmaF",
          "value": 0.5000002357108204
        }
      ],
      "minNll": -420170.2719816329,
      "numInvalidNLL": 0,
      "status": 160
    },
    "fail_quality": "check",
    "pass": {
      "covQual": -1,
      "edm": 0.035669633742002875,
      "floatParsFinal": [
        {
          "error": 0.00674182469496909,
          "isConstant": false,
          "max": 5.0,
          "min": -5.0,
          "name": "meanP",
          "value": 0.004410826059780604
        },
        {
          "error": 452.758995740689,
          "isConstant": false,
          "max": 386607.116857,
          "min": 0.5,
          "name": "nSigP",
          "value": 256821.08074334575
        },
        {
          "error": 0.0034178261317671654,
          "isConstant": false,
          "max": 5.0,
          "min": 0.5,
          "name": "sigmaP",
          "value": 0.5000002357108204
        }
      ],
      "floatParsInit": [
        {
          "error": 0.0,
          "isConstant": false,
          "max": 5.0,
          "min": -5.0,
          "name": "meanP",
          "value": -0.0
        },
        {
          "error": 0.0,
          "isConstant": false,
          "max": 386607.116857,
          "min": 0.5,
          "name": "nSigP",
          "value": 231964.270114
        },
        {
          "error": 0.0,
          "isConstant": false,
          "max": 5.0,
          "min": 0.5,
          "name": "sigmaP",
          "value": 0.9
        }
      ],
      "minNll": -2198647.133171341,
      "numInvalidNLL": 0,
      "status": 160
    },
    "pass_quality": "check",
    "root_read_error": null
  },
  "fit_type": "nominalFit",
  "histograms": {
    "fail": {
      "entries": 62936.0,
      "fit_window": {
        "bin1": 11,
        "bin2": 70,
        "max": 120.0,
        "min": 60.0
      },
      "integral_fit_window": 59377.469065021316,
      "integral_fit_window_error": 268.2122122221906,
      "integral_full": 59606.32288232253,
      "integral_full_error": 268.76407262339285,
      "maximum_bin_center": 90.5,
      "maximum_bin_content": 6778.103667417525,
      "mean": 90.75395849912947,
      "rms": 5.419581502590082
    },
    "pass": {
      "entries": 257426.0,
      "fit_window": {
        "bin1": 11,
        "bin2": 70,
        "max": 120.0,
        "min": 60.0
      },
      "integral_fit_window": 256812.36527633673,
      "integral_fit_window_error": 567.2412548698146,
      "integral_full": 257738.07790484035,
      "integral_full_error": 568.2436101753029,
      "maximum_bin_center": 90.5,
      "maximum_bin_content": 30053.047398665214,
      "mean": 90.70957928785911,
      "rms": 5.316988763773319
    }
  },
  "sample": {
    "fitOutputBinRoot": "/eos/home-p/pelai/HZa/root_TnP//hza_resolve_phid_2022postEE_sf//DY_MC_LO_2022postEE_hza_resolve_phid_2022postEE_sf.nominalFit-bin19_ph_sc_eta_2p00To2p50_ph_et_35p00To50p00.root",
    "fitOutputRoot": "/eos/home-p/pelai/HZa/root_TnP//hza_resolve_phid_2022postEE_sf//DY_MC_LO_2022postEE_hza_resolve_phid_2022postEE_sf.nominalFit.root",
    "histFile": "/eos/home-p/pelai/HZa/root_TnP//hza_resolve_phid_2022postEE_sf//DY_MC_LO_2022postEE_hza_resolve_phid_2022postEE_sf.root",
    "isMC": true,
    "mcRefHistFile": "/eos/home-p/pelai/HZa/root_TnP//hza_resolve_phid_2022postEE_sf//DY_MC_LO_2022postEE_hza_resolve_phid_2022postEE_sf.root",
    "mcTruth": true,
    "name": "DY_MC_LO_2022postEE"
  },
  "workspace": {
    "effective_parsed": [
      {
        "max": 5.0,
        "min": -5.0,
        "name": "meanP",
        "raw": "meanP[-0.0,-5.0,5.0]",
        "tokens": [
          "-0.0",
          "-5.0",
          "5.0"
        ],
        "value": -0.0
      },
      {
        "max": 5.0,
        "min": 0.5,
        "name": "sigmaP",
        "raw": "sigmaP[0.9,0.5,5.0]",
        "tokens": [
          "0.9",
          "0.5",
          "5.0"
        ],
        "value": 0.9
      },
      {
        "max": 5.0,
        "min": -5.0,
        "name": "meanF",
        "raw": "meanF[-0.0,-5.0,5.0]",
        "tokens": [
          "-0.0",
          "-5.0",
          "5.0"
        ],
        "value": -0.0
      },
      {
        "max": 90.0,
        "min": 82.0,
        "name": "peakP",
        "raw": "peakP[87.0,82.0,90.0]",
        "tokens": [
          "87.0",
          "82.0",
          "90.0"
        ],
        "value": 87.0
      },
      {
        "max": 90.0,
        "min": 82.0,
        "name": "peakF",
        "raw": "peakF[87.0,82.0,90.0]",
        "tokens": [
          "87.0",
          "82.0",
          "90.0"
        ],
        "value": 87.0
      },
      {
        "max": 95.0,
        "min": 45.0,
        "name": "acmsP",
        "raw": "acmsP[70.,45.,95.]",
        "tokens": [
          "70.",
          "45.",
          "95."
        ],
        "value": 70.0
      },
      {
        "max": 0.1,
        "min": 0.005,
        "name": "betaP",
        "raw": "betaP[0.05,0.005,0.10]",
        "tokens": [
          "0.05",
          "0.005",
          "0.10"
        ],
        "value": 0.05
      },
      {
        "max": 1.0,
        "min": -2.0,
        "name": "gammaP",
        "raw": "gammaP[0.05,-2,1.0]",
        "tokens": [
          "0.05",
          "-2",
          "1.0"
        ],
        "value": 0.05
      },
      {
        "max": 95.0,
        "min": 45.0,
        "name": "acmsF",