{
  "bin": {
    "cut": "tag_Ele_pt > 35 && abs(tag_sc_eta) < 2.17 && ph_sc_eta >= -2.500000 && ph_sc_eta < -2.000000 && ph_et >= 35.000000 && ph_et < 50.000000",
    "index": 10,
    "name": "bin10_ph_sc_eta_m2p50Tom2p00_ph_et_35p00To50p00",
    "title": "; -2.500 < ph_sc_eta < -2.000; 35.000 < ph_et < 50.000",
    "vars": {
      "ph_et": {
        "max": 50,
        "min": 35
      },
      "ph_sc_eta": {
        "max": -2.0,
        "min": -2.5
      }
    }
  },
  "created_at_utc": "2026-04-19T17:08:10.082918+00:00",
  "derived": {
    "efficiency": 0.8088437182200595,
    "efficiency_error": 0.0006275141130006192,
    "nSigF": {
      "error": 226.8551102323654,
      "isConstant": false,
      "max": 93299.983484,
      "min": 0.5,
      "name": "nSigF",
      "value": 61975.70228237482
    },
    "nSigP": {
      "error": 459.7302178632963,
      "isConstant": false,
      "max": 394666.266542,
      "min": 0.5,
      "name": "nSigP",
      "value": 262239.1323298688
    }
  },
  "fit_metadata": {
    "bin_index": 10,
    "fail_hist_uses_pass_hist": false,
    "fit_range": {
      "max": 120.0,
      "min": 60.0
    },
    "truth_fail_template_uses_pass_hist": false,
    "truth_template_source": "/eos/home-p/pelai/HZa/root_TnP//hza_resolve_phid_2022postEE_sf//DY_MC_LO_2022postEE_hza_resolve_phid_2022postEE_sf.root"
  },
  "fit_result": {
    "fail": {
      "covQual": -1,
      "edm": 22.498580900214492,
      "floatParsFinal": [
        {
          "error": 0.014198994835777246,
          "isConstant": false,
          "max": 5.0,
          "min": -5.0,
          "name": "meanF",
          "value": 0.004926291639712588
        },
        {
          "error": 226.8551102323654,
          "isConstant": false,
          "max": 93299.983484,
          "min": 0.5,
          "name": "nSigF",
          "value": 61975.70228237482
        },
        {
          "error": 0.01200429436335862,
          "isConstant": false,
          "max": 1.500000870990455,
          "min": 0.4000002322641214,
          "name": "sigmaF",
          "value": 0.40000041231055067
        }
      ],
      "floatParsInit": [
        {
          "error": 0.0,
          "isConstant": false,
          "max": 5.0,
          "min": -5.0,
          "name": "meanF",
          "value": -0.0
        },
        {
          "error": 0.0,
          "isConstant": false,
          "max": 93299.983484,
          "min": 0.5,
          "name": "nSigF",
          "value": 55979.99009
        },
        {
          "error": 0.0,
          "isConstant": false,
          "max": 1.500000870990455,
          "min": 0.4000002322641214,
          "name": "sigmaF",
          "value": 0.5000002903301517
        }
      ],
      "minNll": -440885.4521867336,
      "numInvalidNLL": 0,
      "status": 160
    },
    "fail_quality": "check",
    "pass": {
      "covQual": -1,
      "edm": 1.9083496369567867,
      "floatParsFinal": [
        {
          "error": 0.006754264002180044,
          "isConstant": false,
          "max": 5.0,
          "min": -5.0,
          "name": "meanP",
          "value": 0.004065241645224482
        },
        {
          "error": 459.7302178632963,
          "isConstant": false,
          "max": 394666.266542,
          "min": 0.5,
          "name": "nSigP",
          "value": 262239.1323298688
        },
        {
          "error": 0.0030342791450731488,
          "isConstant": false,
          "max": 5.0,
          "min": 0.5,
          "name": "sigmaP",
          "value": 0.5000002903301517
        }
      ],
      "floatParsInit": [
        {
          "error": 0.0,
          "isConstant": false,
          "max": 5.0,
          "min": -5.0,
          "name": "meanP",
          "value": -0.0
        },
        {
          "error": 0.0,
          "isConstant": false,
          "max": 394666.266542,
          "min": 0.5,
          "name": "nSigP",
          "value": 236799.759925
        },
        {
          "error": 0.0,
          "isConstant": false,
          "max": 5.0,
          "min": 0.5,
          "name": "sigmaP",
          "value": 0.9
        }
      ],
      "minNll": -2250099.740491529,
      "numInvalidNLL": 0,
      "status": 160
    },
    "pass_quality": "check",
    "root_read_error": null
  },
  "fit_type": "nominalFit",
  "histograms": {
    "fail": {
      "entries": 65806.0,
      "fit_window": {
        "bin1": 11,
        "bin2": 70,
        "max": 120.0,
        "min": 60.0
      },
      "integral_fit_window": 61974.70796436888,
      "integral_fit_window_error": 273.1971095932371,
      "integral_full": 62199.988989400714,
      "integral_full_error": 273.7175095374438,
      "maximum_bin_center": 90.5,
      "maximum_bin_content": 6942.060437737833,
      "mean": 90.63265875046775,
      "rms": 5.4074440597540505
    },
    "pass": {
      "entries": 262887.0,
      "fit_window": {
        "bin1": 11,
        "bin2": 70,
        "max": 120.0,
        "min": 60.0
      },
      "integral_fit_window": 262228.46888116846,
      "integral_fit_window_error": 570.426019408207,
      "integral_full": 263110.8443613986,
      "integral_full_error": 571.3948607126788,
      "maximum_bin_center": 90.5,
      "maximum_bin_content": 30234.210408661475,
      "mean": 90.61104511152577,
      "rms": 5.282817165077337
    }
  },
  "sample": {
    "fitOutputBinRoot": "/eos/home-p/pelai/HZa/root_TnP//hza_resolve_phid_2022postEE_sf//DY_MC_LO_2022postEE_hza_resolve_phid_2022postEE_sf.nominalFit-bin10_ph_sc_eta_m2p50Tom2p00_ph_et_35p00To50p00.root",
    "fitOutputRoot": "/eos/home-p/pelai/HZa/root_TnP//hza_resolve_phid_2022postEE_sf//DY_MC_LO_2022postEE_hza_resolve_phid_2022postEE_sf.nominalFit.root",
    "histFile": "/eos/home-p/pelai/HZa/root_TnP//hza_resolve_phid_2022postEE_sf//DY_MC_LO_2022postEE_hza_resolve_phid_2022postEE_sf.root",
    "isMC": true,
    "mcRefHistFile": "/eos/home-p/pelai/HZa/root_TnP//hza_resolve_phid_2022postEE_sf//DY_MC_LO_2022postEE_hza_resolve_phid_2022postEE_sf.root",
    "mcTruth": true,
    "name": "DY_MC_LO_2022postEE"
  },
  "workspace": {
    "effective_parsed": [
      {
        "max": 5.0,
        "min": -5.0,
        "name": "meanP",
        "raw": "meanP[-0.0,-5.0,5.0]",
        "tokens": [
          "-0.0",
          "-5.0",
          "5.0"
        ],
        "value": -0.0
      },
      {
        "max": 5.0,
        "min": 0.5,
        "name": "sigmaP",
        "raw": "sigmaP[0.9,0.5,5.0]",
        "tokens": [
          "0.9",
          "0.5",
          "5.0"
        ],
        "value": 0.9
      },
      {
        "max": 5.0,
        "min": -5.0,
        "name": "meanF",
        "raw": "meanF[-0.0,-5.0,5.0]",
        "tokens": [
          "-0.0",
          "-5.0",
          "5.0"
        ],
        "value": -0.0
      },
      {
        "max": 5.0,
        "min": 0.5,
        "name": "sigmaF",
        "raw": "sigmaF[0.9,0.5,5.0]",
        "tokens": [
          "0.9",
          "0.5",
          "5.0"
        ],
        "value": 0.9
      },
      {
        "max": 80.0,
        "min": 50.0,
        "name": "acmsP",
        "raw": "acmsP[60.,50.,80.]",
        "tokens": [
          "60.",
          "50.",
          "80."
        ],
        "value": 60.0
      },
      {
        "max": 0.08,
        "min": 0.01,
        "name": "betaP",
        "raw": "betaP[0.05,0.01,0.08]",
        "tokens": [
          "0.05",
          "0.01",
          "0.08"
        ],
        "value": 0.05
      },
      {
        "max": 2.0,
        "min": -2.0,
        "name": "gammaP",
        "raw": "gammaP[0.1, -2, 2]",
        "tokens": [
          "0.1",
          "-2",
          "2"
        ],
        "value": 0.1
      },
      {
        "max": 90.0,
        "min": 82.0,
        "name": "peakP",
        "raw": "peakP[87.0,82.0,90.0]",
        "tokens": [
          "87.0",
          "82.0",
          "90.0"
        ],
        "value": 87.0
      },
      {
        "max": 80.0,
        "min": 50.0,
        "name": "acmsF",