{
  "bin": {
    "cut": "tag_Ele_pt > 35 && abs(tag_sc_eta) < 2.17 && ph_sc_eta >= 0.000000 && ph_sc_eta < 0.800000 && ph_et >= 35.000000 && ph_et < 50.000000",
    "index": 15,
    "name": "bin15_ph_sc_eta_0p00To0p80_ph_et_35p00To50p00",
    "title": "; 0.000 < ph_sc_eta < 0.800; 35.000 < ph_et < 50.000",
    "vars": {
      "ph_et": {
        "max": 50,
        "min": 35
      },
      "ph_sc_eta": {
        "max": 0.8,
        "min": 0.0
      }
    }
  },
  "created_at_utc": "2026-04-20T18:49:25.095543+00:00",
  "derived": {
    "efficiency": 0.8012223355407323,
    "efficiency_error": 0.00029200555191023753,
    "nSigF": {
      "error": 500.42691758522415,
      "isConstant": false,
      "max": 457396.758128,
      "min": 0.5,
      "name": "nSigF",
      "value": 304190.3653366717
    },
    "nSigP": {
      "error": 992.4487144916784,
      "isConstant": false,
      "max": 1842689.631642,
      "min": 0.5,
      "name": "nSigP",
      "value": 1226114.1895747506
    }
  },
  "fit_metadata": {
    "bin_index": 15,
    "fail_hist_uses_pass_hist": false,
    "fit_range": {
      "max": 120.0,
      "min": 60.0
    },
    "truth_fail_template_uses_pass_hist": false,
    "truth_template_source": "/eos/home-p/pelai/HZa/root_TnP//hza_resolve_phid_2022postEE_sf//DY_MC_LO_2022postEE_hza_resolve_phid_2022postEE_sf.root"
  },
  "fit_result": {
    "fail": {
      "covQual": -1,
      "edm": 58.16085069373445,
      "floatParsFinal": [
        {
          "error": 0.00501842121145657,
          "isConstant": false,
          "max": 5.0,
          "min": -5.0,
          "name": "meanF",
          "value": 0.0007388872116900203
        },
        {
          "error": 500.42691758522415,
          "isConstant": false,
          "max": 457396.758128,
          "min": 0.5,
          "name": "nSigF",
          "value": 304190.3653366717
        },
        {
          "error": 0.0017865400076921556,
          "isConstant": false,
          "max": 1.500000015266177,
          "min": 0.4000000040709806,
          "name": "sigmaF",
          "value": 0.4000000104722119
        }
      ],
      "floatParsInit": [
        {
          "error": 0.0,
          "isConstant": false,
          "max": 5.0,
          "min": -5.0,
          "name": "meanF",
          "value": -0.0
        },
        {
          "error": 0.0,
          "isConstant": false,
          "max": 457396.758128,
          "min": 0.5,
          "name": "nSigF",
          "value": 274438.054877
        },
        {
          "error": 0.0,
          "isConstant": false,
          "max": 1.500000015266177,
          "min": 0.4000000040709806,
          "name": "sigmaF",
          "value": 0.5000000050887257
        }
      ],
      "minNll": -2694084.174582614,
      "numInvalidNLL": 0,
      "status": 160
    },
    "fail_quality": "check",
    "pass": {
      "covQual": -1,
      "edm": 4.861691607177823,
      "floatParsFinal": [
        {
          "error": 0.0023672081468331108,
          "isConstant": false,
          "max": 5.0,
          "min": -5.0,
          "name": "meanP",
          "value": -0.0009539125501341061
        },
        {
          "error": 992.4487144916784,
          "isConstant": false,
          "max": 1842689.631642,
          "min": 0.5,
          "name": "nSigP",
          "value": 1226114.1895747506
        },
        {
          "error": 0.0001567060570006884,
          "isConstant": false,
          "max": 5.0,
          "min": 0.5,
          "name": "sigmaP",
          "value": 0.5000000050887257
        }
      ],
      "floatParsInit": [
        {
          "error": 0.0,
          "isConstant": false,
          "max": 5.0,
          "min": -5.0,
          "name": "meanP",
          "value": -0.0
        },
        {
          "error": 0.0,
          "isConstant": false,
          "max": 1842689.631642,
          "min": 0.5,
          "name": "nSigP",
          "value": 1105613.778985
        },
        {
          "error": 0.0,
          "isConstant": false,
          "max": 5.0,
          "min": 0.5,
          "name": "sigmaP",
          "value": 0.9
        }
      ],
      "minNll": -12641135.28056715,
      "numInvalidNLL": 0,
      "status": 160
    },
    "pass_quality": "check",
    "root_read_error": null
  },
  "fit_type": "nominalFit",
  "histograms": {
    "fail": {
      "entries": 321173.0,
      "fit_window": {
        "bin1": 11,
        "bin2": 70,
        "max": 120.0,
        "min": 60.0
      },
      "integral_fit_window": 304191.0223276894,
      "integral_fit_window_error": 607.8639132508113,
      "integral_full": 304931.17208556685,
      "integral_full_error": 608.6399303176318,
      "maximum_bin_center": 90.5,
      "maximum_bin_content": 45567.6173931344,
      "mean": 90.60816764803023,
      "rms": 4.822531137143751
    },
    "pass": {
      "entries": 1224032.0,
      "fit_window": {
        "bin1": 11,
        "bin2": 70,
        "max": 120.0,
        "min": 60.0
      },
      "integral_fit_window": 1226109.9400035718,
      "integral_fit_window_error": 1235.4448799475003,
      "integral_full": 1228459.754427668,
      "integral_full_error": 1236.6233764944527,
      "maximum_bin_center": 90.5,
      "maximum_bin_content": 192645.95374241742,
      "mean": 90.614390391081,
      "rms": 4.538336450820469
    }
  },
  "sample": {
    "fitOutputBinRoot": "/eos/home-p/pelai/HZa/root_TnP//hza_resolve_phid_2022postEE_sf//DY_MC_LO_2022postEE_hza_resolve_phid_2022postEE_sf.nominalFit-bin15_ph_sc_eta_0p00To0p80_ph_et_35p00To50p00.root",
    "fitOutputRoot": "/eos/home-p/pelai/HZa/root_TnP//hza_resolve_phid_2022postEE_sf//DY_MC_LO_2022postEE_hza_resolve_phid_2022postEE_sf.nominalFit.root",
    "histFile": "/eos/home-p/pelai/HZa/root_TnP//hza_resolve_phid_2022postEE_sf//DY_MC_LO_2022postEE_hza_resolve_phid_2022postEE_sf.root",
    "isMC": true,
    "mcRefHistFile": "/eos/home-p/pelai/HZa/root_TnP//hza_resolve_phid_2022postEE_sf//DY_MC_LO_2022postEE_hza_resolve_phid_2022postEE_sf.root",
    "mcTruth": true,
    "name": "DY_MC_LO_2022postEE"
  },
  "workspace": {
    "effective_parsed": [
      {
        "max": 5.0,
        "min": -5.0,
        "name": "meanP",
        "raw": "meanP[-0.0,-5.0,5.0]",
        "tokens": [
          "-0.0",
          "-5.0",
          "5.0"
        ],
        "value": -0.0
      },
      {
        "max": 5.0,
        "min": 0.5,
        "name": "sigmaP",
        "raw": "sigmaP[0.9,0.5,5.0]",
        "tokens": [
          "0.9",
          "0.5",
          "5.0"
        ],
        "value": 0.9
      },
      {
        "max": 5.0,
        "min": -5.0,
        "name": "meanF",
        "raw": "meanF[-0.0,-5.0,5.0]",
        "tokens": [
          "-0.0",
          "-5.0",
          "5.0"
        ],
        "value": -0.0
      },
      {
        "max": 5.0,
        "min": 0.5,
        "name": "sigmaF",
        "raw": "sigmaF[0.9,0.5,5.0]",
        "tokens": [
          "0.9",
          "0.5",
          "5.0"
        ],
        "value": 0.9
      },
      {
        "max": 80.0,
        "min": 50.0,
        "name": "acmsP",
        "raw": "acmsP[60.,50.,80.]",
        "tokens": [
          "60.",
          "50.",
          "80."
        ],
        "value": 60.0
      },
      {
        "max": 0.08,
        "min": 0.01,
        "name": "betaP",
        "raw": "betaP[0.05,0.01,0.08]",
        "tokens": [
          "0.05",
          "0.01",
          "0.08"
        ],
        "value": 0.05
      },
      {
        "max": 2.0,
        "min": -2.0,
        "name": "gammaP",
        "raw": "gammaP[0.1, -2, 2]",
        "tokens": [
          "0.1",
          "-2",
          "2"
        ],
        "value": 0.1
      },
      {
        "max": 90.0,
        "min": 82.0,
        "name": "peakP",
        "raw": "peakP[87.0,82.0,90.0]",
        "tokens": [
          "87.0",
          "82.0",
          "90.0"
        ],
        "value": 87.0
      },
      {
        "max": 80.0,
        "min": 50.0,
        "name": "acmsF",