{
  "bin": {
    "cut": "tag_Ele_pt > 35 && abs(tag_sc_eta) < 2.17 && ph_sc_eta >= 1.566000 && ph_sc_eta < 2.000000 && ph_et >= 35.000000 && ph_et < 50.000000",
    "index": 18,
    "name": "bin18_ph_sc_eta_1p57To2p00_ph_et_35p00To50p00",
    "title": "; 1.566 < ph_sc_eta < 2.000; 35.000 < ph_et < 50.000",
    "vars": {
      "ph_et": {
        "max": 50,
        "min": 35
      },
      "ph_sc_eta": {
        "max": 2.0,
        "min": 1.566
      }
    }
  },
  "created_at_utc": "2026-04-20T06:36:04.173014+00:00",
  "derived": {
    "efficiency": 0.76762146129958,
    "efficiency_error": 0.0006154106750872692,
    "nSigF": {
      "error": 271.5444613042855,
      "isConstant": false,
      "max": 132652.742925,
      "min": 0.5,
      "name": "nSigF",
      "value": 88199.31866181247
    },
    "nSigP": {
      "error": 453.6002555047453,
      "isConstant": false,
      "max": 438146.773991,
      "min": 0.5,
      "name": "nSigP",
      "value": 291350.8719670998
    }
  },
  "fit_metadata": {
    "bin_index": 18,
    "fail_hist_uses_pass_hist": false,
    "fit_range": {
      "max": 120.0,
      "min": 60.0
    },
    "truth_fail_template_uses_pass_hist": false,
    "truth_template_source": "/eos/home-p/pelai/HZa/root_TnP//hza_resolve_phid_2022postEE_sf//DY_MC_LO_2022postEE_hza_resolve_phid_2022postEE_sf.root"
  },
  "fit_result": {
    "fail": {
      "covQual": -1,
      "edm": 0.05035881534839388,
      "floatParsFinal": [
        {
          "error": 0.011951691959551258,
          "isConstant": false,
          "max": 5.0,
          "min": -5.0,
          "name": "meanF",
          "value": 0.0020971839424142047
        },
        {
          "error": 271.5444613042855,
          "isConstant": false,
          "max": 132652.742925,
          "min": 0.5,
          "name": "nSigF",
          "value": 88199.31866181247
        },
        {
          "error": 0.009610253091606819,
          "isConstant": false,
          "max": 1.5000000597945102,
          "min": 0.4000000159452028,
          "name": "sigmaF",
          "value": 0.4000000376249917
        }
      ],
      "floatParsInit": [
        {
          "error": 0.0,
          "isConstant": false,
          "max": 5.0,
          "min": -5.0,
          "name": "meanF",
          "value": -0.0
        },
        {
          "error": 0.0,
          "isConstant": false,
          "max": 132652.742925,
          "min": 0.5,
          "name": "nSigF",
          "value": 79591.645755
        },
        {
          "error": 0.0,
          "isConstant": false,
          "max": 1.5000000597945102,
          "min": 0.4000000159452028,
          "name": "sigmaF",
          "value": 0.5000000199315034
        }
      ],
      "minNll": -658940.8314717929,
      "numInvalidNLL": 0,
      "status": 160
    },
    "fail_quality": "check",
    "pass": {
      "covQual": -1,
      "edm": 949.0187198259438,
      "floatParsFinal": [
        {
          "error": 0.005657917316903127,
          "isConstant": false,
          "max": 5.0,
          "min": -5.0,
          "name": "meanP",
          "value": 0.0005802217649977237
        },
        {
          "error": 453.6002555047453,
          "isConstant": false,
          "max": 438146.773991,
          "min": 0.5,
          "name": "nSigP",
          "value": 291350.8719670998
        },
        {
          "error": 0.00021735426371677358,
          "isConstant": false,
          "max": 5.0,
          "min": 0.5,
          "name": "sigmaP",
          "value": 0.5000000199315034
        }
      ],
      "floatParsInit": [
        {
          "error": 0.0,
          "isConstant": false,
          "max": 5.0,
          "min": -5.0,
          "name": "meanP",
          "value": -0.0
        },
        {
          "error": 0.0,
          "isConstant": false,
          "max": 438146.773991,
          "min": 0.5,
          "name": "nSigP",
          "value": 262888.064395
        },
        {
          "error": 0.0,
          "isConstant": false,
          "max": 5.0,
          "min": 0.5,
          "name": "sigmaP",
          "value": 0.9
        }
      ],
      "minNll": -2537306.901928,
      "numInvalidNLL": 0,
      "status": 160
    },
    "pass_quality": "check",
    "root_read_error": null
  },
  "fit_type": "nominalFit",
  "histograms": {
    "fail": {
      "entries": 93618.0,
      "fit_window": {
        "bin1": 11,
        "bin2": 70,
        "max": 120.0,
        "min": 60.0
      },
      "integral_fit_window": 88199.65524720418,
      "integral_fit_window_error": 324.8069954101821,
      "integral_full": 88435.16195007169,
      "integral_full_error": 325.24443997136007,
      "maximum_bin_center": 89.5,
      "maximum_bin_content": 10076.680210307835,
      "mean": 89.8542954520971,
      "rms": 5.259130982292634
    },
    "pass": {
      "entries": 290205.0,
      "fit_window": {
        "bin1": 11,
        "bin2": 70,
        "max": 120.0,
        "min": 60.0
      },
      "integral_fit_window": 291351.15414834843,
      "integral_fit_window_error": 642.3083917225857,
      "integral_full": 292097.8493273584,
      "integral_full_error": 643.0387667373959,
      "maximum_bin_center": 89.5,
      "maximum_bin_content": 34621.01989627349,
      "mean": 89.79376550842736,
      "rms": 5.07984147489816
    }
  },
  "sample": {
    "fitOutputBinRoot": "/eos/home-p/pelai/HZa/root_TnP//hza_resolve_phid_2022postEE_sf//DY_MC_LO_2022postEE_hza_resolve_phid_2022postEE_sf.nominalFit-bin18_ph_sc_eta_1p57To2p00_ph_et_35p00To50p00.root",
    "fitOutputRoot": "/eos/home-p/pelai/HZa/root_TnP//hza_resolve_phid_2022postEE_sf//DY_MC_LO_2022postEE_hza_resolve_phid_2022postEE_sf.nominalFit.root",
    "histFile": "/eos/home-p/pelai/HZa/root_TnP//hza_resolve_phid_2022postEE_sf//DY_MC_LO_2022postEE_hza_resolve_phid_2022postEE_sf.root",
    "isMC": true,
    "mcRefHistFile": "/eos/home-p/pelai/HZa/root_TnP//hza_resolve_phid_2022postEE_sf//DY_MC_LO_2022postEE_hza_resolve_phid_2022postEE_sf.root",
    "mcTruth": true,
    "name": "DY_MC_LO_2022postEE"
  },
  "workspace": {
    "effective_parsed": [
      {
        "max": 5.0,
        "min": -5.0,
        "name": "meanP",
        "raw": "meanP[-0.0,-5.0,5.0]",
        "tokens": [
          "-0.0",
          "-5.0",
          "5.0"
        ],
        "value": -0.0
      },
      {
        "max": 5.0,
        "min": 0.5,
        "name": "sigmaP",
        "raw": "sigmaP[0.9,0.5,5.0]",
        "tokens": [
          "0.9",
          "0.5",
          "5.0"
        ],
        "value": 0.9
      },
      {
        "max": 5.0,
        "min": -5.0,
        "name": "meanF",
        "raw": "meanF[-0.0,-5.0,5.0]",
        "tokens": [
          "-0.0",
          "-5.0",
          "5.0"
        ],
        "value": -0.0
      },
      {
        "max": 5.0,
        "min": 0.5,
        "name": "sigmaF",
        "raw": "sigmaF[0.9,0.5,5.0]",
        "tokens": [
          "0.9",
          "0.5",
          "5.0"
        ],
        "value": 0.9
      },
      {
        "max": 80.0,
        "min": 50.0,
        "name": "acmsP",
        "raw": "acmsP[60.,50.,80.]",
        "tokens": [
          "60.",
          "50.",
          "80."
        ],
        "value": 60.0
      },
      {
        "max": 0.08,
        "min": 0.01,
        "name": "betaP",
        "raw": "betaP[0.05,0.01,0.08]",
        "tokens": [
          "0.05",
          "0.01",
          "0.08"
        ],
        "value": 0.05
      },
      {
        "max": 2.0,
        "min": -2.0,
        "name": "gammaP",
        "raw": "gammaP[0.1, -2, 2]",
        "tokens": [
          "0.1",
          "-2",
          "2"
        ],
        "value": 0.1
      },
      {
        "max": 90.0,
        "min": 82.0,
        "name": "peakP",
        "raw": "peakP[87.0,82.0,90.0]",
        "tokens": [
          "87.0",
          "82.0",
          "90.0"
        ],
        "value": 87.0
      },
      {
        "max": 80.0,
        "min": 50.0,
        "name": "acmsF",