{
  "bin": {
    "cut": "tag_Ele_pt > 35 && abs(tag_sc_eta) < 2.17 && ph_sc_eta >= 2.000000 && ph_sc_eta < 2.500000 && ph_et >= 35.000000 && ph_et < 50.000000",
    "index": 19,
    "name": "bin19_ph_sc_eta_2p00To2p50_ph_et_35p00To50p00",
    "title": "; 2.000 < ph_sc_eta < 2.500; 35.000 < ph_et < 50.000",
    "vars": {
      "ph_et": {
        "max": 50,
        "min": 35
      },
      "ph_sc_eta": {
        "max": 2.5,
        "min": 2.0
      }
    }
  },
  "created_at_utc": "2026-04-20T18:49:27.404796+00:00",
  "derived": {
    "efficiency": 0.8122162059566559,
    "efficiency_error": 0.0006290249910958421,
    "nSigF": {
      "error": 221.3805942166291,
      "isConstant": false,
      "max": 89409.484323,
      "min": 0.5,
      "name": "nSigF",
      "value": 59376.846990934064
    },
    "nSigP": {
      "error": 452.7589471464162,
      "isConstant": false,
      "max": 386607.116857,
      "min": 0.5,
      "name": "nSigP",
      "value": 256821.08315222163
    }
  },
  "fit_metadata": {
    "bin_index": 19,
    "fail_hist_uses_pass_hist": false,
    "fit_range": {
      "max": 120.0,
      "min": 60.0
    },
    "truth_fail_template_uses_pass_hist": false,
    "truth_template_source": "/eos/home-p/pelai/HZa/root_TnP//hza_resolve_phid_2022postEE_sf//DY_MC_LO_2022postEE_hza_resolve_phid_2022postEE_sf.root"
  },
  "fit_result": {
    "fail": {
      "covQual": -1,
      "edm": 0.13243388626252192,
      "floatParsFinal": [
        {
          "error": 0.014136109214565984,
          "isConstant": false,
          "max": 5.0,
          "min": -5.0,
          "name": "meanF",
          "value": 0.0022379936460588112
        },
        {
          "error": 221.3805942166291,
          "isConstant": false,
          "max": 89409.484323,
          "min": 0.5,
          "name": "nSigF",
          "value": 59376.846990934064
        },
        {
          "error": 0.003915167577687811,
          "isConstant": false,
          "max": 1.5000007072948314,
          "min": 0.4000001886119551,
          "name": "sigmaF",
          "value": 0.4000001916715331
        }
      ],
      "floatParsInit": [
        {
          "error": 0.0,
          "isConstant": false,
          "max": 5.0,
          "min": -5.0,
          "name": "meanF",
          "value": -0.0
        },
        {
          "error": 0.0,
          "isConstant": false,
          "max": 89409.484323,
          "min": 0.5,
          "name": "nSigF",
          "value": 53645.690594
        },
        {
          "error": 0.0,
          "isConstant": false,
          "max": 1.5000007072948314,
          "min": 0.4000001886119551,
          "name": "sigmaF",
          "value": 0.5000002357649438
        }
      ],
      "minNll": -420170.2425899673,
      "numInvalidNLL": 0,
      "status": 160
    },
    "fail_quality": "check",
    "pass": {
      "covQual": -1,
      "edm": 0.035668788256200686,
      "floatParsFinal": [
        {
          "error": 0.006741822979976497,
          "isConstant": false,
          "max": 5.0,
          "min": -5.0,
          "name": "meanP",
          "value": 0.004412735428541481
        },
        {
          "error": 452.7589471464162,
          "isConstant": false,
          "max": 386607.116857,
          "min": 0.5,
          "name": "nSigP",
          "value": 256821.08315222163
        },
        {
          "error": 0.003417810377757291,
          "isConstant": false,
          "max": 5.0,
          "min": 0.5,
          "name": "sigmaP",
          "value": 0.5000002357649438
        }
      ],
      "floatParsInit": [
        {
          "error": 0.0,
          "isConstant": false,
          "max": 5.0,
          "min": -5.0,
          "name": "meanP",
          "value": -0.0
        },
        {
          "error": 0.0,
          "isConstant": false,
          "max": 386607.116857,
          "min": 0.5,
          "name": "nSigP",
          "value": 231964.270114
        },
        {
          "error": 0.0,
          "isConstant": false,
          "max": 5.0,
          "min": 0.5,
          "name": "sigmaP",
          "value": 0.9
        }
      ],
      "minNll": -2198647.1306475936,
      "numInvalidNLL": 0,
      "status": 160
    },
    "pass_quality": "check",
    "root_read_error": null
  },
  "fit_type": "nominalFit",
  "histograms": {
    "fail": {
      "entries": 62936.0,
      "fit_window": {
        "bin1": 11,
        "bin2": 70,
        "max": 120.0,
        "min": 60.0
      },
      "integral_fit_window": 59377.469065021316,
      "integral_fit_window_error": 268.2122122221906,
      "integral_full": 59606.32288232253,
      "integral_full_error": 268.76407262339285,
      "maximum_bin_center": 90.5,
      "maximum_bin_content": 6778.103667417525,
      "mean": 90.75395849912947,
      "rms": 5.419581502590082
    },
    "pass": {
      "entries": 257426.0,
      "fit_window": {
        "bin1": 11,
        "bin2": 70,
        "max": 120.0,
        "min": 60.0
      },
      "integral_fit_window": 256812.36527633673,
      "integral_fit_window_error": 567.2412548698146,
      "integral_full": 257738.07790484035,
      "integral_full_error": 568.2436101753029,
      "maximum_bin_center": 90.5,
      "maximum_bin_content": 30053.047398665214,
      "mean": 90.70957928785911,
      "rms": 5.316988763773319
    }
  },
  "sample": {
    "fitOutputBinRoot": "/eos/home-p/pelai/HZa/root_TnP//hza_resolve_phid_2022postEE_sf//DY_MC_LO_2022postEE_hza_resolve_phid_2022postEE_sf.nominalFit-bin19_ph_sc_eta_2p00To2p50_ph_et_35p00To50p00.root",
    "fitOutputRoot": "/eos/home-p/pelai/HZa/root_TnP//hza_resolve_phid_2022postEE_sf//DY_MC_LO_2022postEE_hza_resolve_phid_2022postEE_sf.nominalFit.root",
    "histFile": "/eos/home-p/pelai/HZa/root_TnP//hza_resolve_phid_2022postEE_sf//DY_MC_LO_2022postEE_hza_resolve_phid_2022postEE_sf.root",
    "isMC": true,
    "mcRefHistFile": "/eos/home-p/pelai/HZa/root_TnP//hza_resolve_phid_2022postEE_sf//DY_MC_LO_2022postEE_hza_resolve_phid_2022postEE_sf.root",
    "mcTruth": true,
    "name": "DY_MC_LO_2022postEE"
  },
  "workspace": {
    "effective_parsed": [
      {
        "max": 5.0,
        "min": -5.0,
        "name": "meanP",
        "raw": "meanP[-0.0,-5.0,5.0]",
        "tokens": [
          "-0.0",
          "-5.0",
          "5.0"
        ],
        "value": -0.0
      },
      {
        "max": 5.0,
        "min": 0.5,
        "name": "sigmaP",
        "raw": "sigmaP[0.9,0.5,5.0]",
        "tokens": [
          "0.9",
          "0.5",
          "5.0"
        ],
        "value": 0.9
      },
      {
        "max": 5.0,
        "min": -5.0,
        "name": "meanF",
        "raw": "meanF[-0.0,-5.0,5.0]",
        "tokens": [
          "-0.0",
          "-5.0",
          "5.0"
        ],
        "value": -0.0
      },
      {
        "max": 5.0,
        "min": 0.5,
        "name": "sigmaF",
        "raw": "sigmaF[0.9,0.5,5.0]",
        "tokens": [
          "0.9",
          "0.5",
          "5.0"
        ],
        "value": 0.9
      },
      {
        "max": 80.0,
        "min": 50.0,
        "name": "acmsP",
        "raw": "acmsP[60.,50.,80.]",
        "tokens": [
          "60.",
          "50.",
          "80."
        ],
        "value": 60.0
      },
      {
        "max": 0.08,
        "min": 0.01,
        "name": "betaP",
        "raw": "betaP[0.05,0.01,0.08]",
        "tokens": [
          "0.05",
          "0.01",
          "0.08"
        ],
        "value": 0.05
      },
      {
        "max": 2.0,
        "min": -2.0,
        "name": "gammaP",
        "raw": "gammaP[0.1, -2, 2]",
        "tokens": [
          "0.1",
          "-2",
          "2"
        ],
        "value": 0.1
      },
      {
        "max": 90.0,
        "min": 82.0,
        "name": "peakP",
        "raw": "peakP[87.0,82.0,90.0]",
        "tokens": [
          "87.0",
          "82.0",
          "90.0"
        ],
        "value": 87.0
      },
      {
        "max": 80.0,
        "min": 50.0,
        "name": "acmsF",