{
  "bin": {
    "cut": "tag_Ele_pt > 35 && abs(tag_sc_eta) < 2.17 && ph_sc_eta >= -2.000000 && ph_sc_eta < -1.566000 && ph_et >= 35.000000 && ph_et < 50.000000",
    "index": 11,
    "name": "bin11_ph_sc_eta_m2p00Tom1p57_ph_et_35p00To50p00",
    "title": "; -2.000 < ph_sc_eta < -1.566; 35.000 < ph_et < 50.000",
    "vars": {
      "ph_et": {
        "max": 50,
        "min": 35
      },
      "ph_sc_eta": {
        "max": -1.566,
        "min": -2.0
      }
    }
  },
  "created_at_utc": "2026-04-21T16:57:37.530494+00:00",
  "derived": {
    "efficiency": 0.7713335596085309,
    "efficiency_error": 0.0005752480565841189,
    "nSigF": {
      "error": 290.64130007493804,
      "isConstant": false,
      "max": 151969.863858,
      "min": 0.5,
      "name": "nSigF",
      "value": 101029.1997117264
    },
    "nSigP": {
      "error": 523.6465507790854,
      "isConstant": false,
      "max": 512372.456416,
      "min": 0.5,
      "name": "nSigP",
      "value": 340789.8951181397
    }
  },
  "fit_metadata": {
    "bin_index": 11,
    "fail_hist_uses_pass_hist": false,
    "fit_range": {
      "max": 120.0,
      "min": 60.0
    },
    "truth_fail_template_uses_pass_hist": false,
    "truth_template_source": "/eos/home-p/pelai/HZa/root_TnP//hza_resolve_phid_2022postEE_sf//DY_MC_LO_2022postEE_hza_resolve_phid_2022postEE_sf.root"
  },
  "fit_result": {
    "fail": {
      "covQual": -1,
      "edm": 3.839995061697306,
      "floatParsFinal": [
        {
          "error": 0.011089526558465845,
          "isConstant": false,
          "max": 5.0,
          "min": -5.0,
          "name": "meanF",
          "value": 0.002351619588080389
        },
        {
          "error": 290.64130007493804,
          "isConstant": false,
          "max": 151969.863858,
          "min": 0.5,
          "name": "nSigF",
          "value": 101029.1997117264
        },
        {
          "error": 0.009809940423764402,
          "isConstant": false,
          "max": 1.5000000553642538,
          "min": 0.40000001476380104,
          "name": "sigmaF",
          "value": 0.40000071499183065
        }
      ],
      "floatParsInit": [
        {
          "error": 0.0,
          "isConstant": false,
          "max": 5.0,
          "min": -5.0,
          "name": "meanF",
          "value": -0.0
        },
        {
          "error": 0.0,
          "isConstant": false,
          "max": 151969.863858,
          "min": 0.5,
          "name": "nSigF",
          "value": 91181.918315
        },
        {
          "error": 0.0,
          "isConstant": false,
          "max": 1.5000000553642538,
          "min": 0.40000001476380104,
          "name": "sigmaF",
          "value": 0.5000000184547513
        }
      ],
      "minNll": -769719.3466098178,
      "numInvalidNLL": 0,
      "status": 160
    },
    "fail_quality": "check",
    "pass": {
      "covQual": -1,
      "edm": 0.6172197863585757,
      "floatParsFinal": [
        {
          "error": 0.005697182062741835,
          "isConstant": false,
          "max": 5.0,
          "min": -5.0,
          "name": "meanP",
          "value": 0.000884690526509857
        },
        {
          "error": 523.6465507790854,
          "isConstant": false,
          "max": 512372.456416,
          "min": 0.5,
          "name": "nSigP",
          "value": 340789.8951181397
        },
        {
          "error": 0.0013862983459413947,
          "isConstant": false,
          "max": 5.0,
          "min": 0.5,
          "name": "sigmaP",
          "value": 0.5000000184547513
        }
      ],
      "floatParsInit": [
        {
          "error": 0.0,
          "isConstant": false,
          "max": 5.0,
          "min": -5.0,
          "name": "meanP",
          "value": -0.0
        },
        {
          "error": 0.0,
          "isConstant": false,
          "max": 512372.456416,
          "min": 0.5,
          "name": "nSigP",
          "value": 307423.473849
        },
        {
          "error": 0.0,
          "isConstant": false,
          "max": 5.0,
          "min": 0.5,
          "name": "sigmaP",
          "value": 0.9
        }
      ],
      "minNll": -3026502.4627027474,
      "numInvalidNLL": 0,
      "status": 160
    },
    "pass_quality": "check",
    "root_read_error": null
  },
  "fit_type": "nominalFit",
  "histograms": {
    "fail": {
      "entries": 107776.0,
      "fit_window": {
        "bin1": 11,
        "bin2": 70,
        "max": 120.0,
        "min": 60.0
      },
      "integral_fit_window": 101026.59390193754,
      "integral_fit_window_error": 347.61111379275144,
      "integral_full": 101313.24257188947,
      "integral_full_error": 348.11904553903474,
      "maximum_bin_center": 89.5,
      "maximum_bin_content": 11582.72615538783,
      "mean": 89.78529672220841,
      "rms": 5.228630514365524
    },
    "pass": {
      "entries": 340385.0,
      "fit_window": {
        "bin1": 11,
        "bin2": 70,
        "max": 120.0,
        "min": 60.0
      },
      "integral_fit_window": 340790.32501316734,
      "integral_fit_window_error": 650.8021855196748,
      "integral_full": 341581.6376103727,
      "integral_full_error": 651.558744302747,
      "maximum_bin_center": 89.5,
      "maximum_bin_content": 40755.79448993712,
      "mean": 89.68469539513906,
      "rms": 4.986102557512387
    }
  },
  "sample": {
    "fitOutputBinRoot": "/eos/home-p/pelai/HZa/root_TnP//hza_resolve_phid_2022postEE_sf//DY_MC_LO_2022postEE_hza_resolve_phid_2022postEE_sf.nominalFit-bin11_ph_sc_eta_m2p00Tom1p57_ph_et_35p00To50p00.root",
    "fitOutputRoot": "/eos/home-p/pelai/HZa/root_TnP//hza_resolve_phid_2022postEE_sf//DY_MC_LO_2022postEE_hza_resolve_phid_2022postEE_sf.nominalFit.root",
    "histFile": "/eos/home-p/pelai/HZa/root_TnP//hza_resolve_phid_2022postEE_sf//DY_MC_LO_2022postEE_hza_resolve_phid_2022postEE_sf.root",
    "isMC": true,
    "mcRefHistFile": "/eos/home-p/pelai/HZa/root_TnP//hza_resolve_phid_2022postEE_sf//DY_MC_LO_2022postEE_hza_resolve_phid_2022postEE_sf.root",
    "mcTruth": true,
    "name": "DY_MC_LO_2022postEE"
  },
  "workspace": {
    "effective_parsed": [
      {
        "max": 5.0,
        "min": -5.0,
        "name": "meanP",
        "raw": "meanP[-0.0,-5.0,5.0]",
        "tokens": [
          "-0.0",
          "-5.0",
          "5.0"
        ],
        "value": -0.0
      },
      {
        "max": 5.0,
        "min": 0.5,
        "name": "sigmaP",
        "raw": "sigmaP[0.9,0.5,5.0]",
        "tokens": [
          "0.9",
          "0.5",
          "5.0"
        ],
        "value": 0.9
      },
      {
        "max": 5.0,
        "min": -5.0,
        "name": "meanF",
        "raw": "meanF[-0.0,-5.0,5.0]",
        "tokens": [
          "-0.0",
          "-5.0",
          "5.0"
        ],
        "value": -0.0
      },
      {
        "max": 5.0,
        "min": 0.5,
        "name": "sigmaF",
        "raw": "sigmaF[0.9,0.5,5.0]",
        "tokens": [
          "0.9",
          "0.5",
          "5.0"
        ],
        "value": 0.9
      },
      {
        "max": 80.0,
        "min": 50.0,
        "name": "acmsP",
        "raw": "acmsP[60.,50.,80.]",
        "tokens": [
          "60.",
          "50.",
          "80."
        ],
        "value": 60.0
      },
      {
        "max": 0.08,
        "min": 0.01,
        "name": "betaP",
        "raw": "betaP[0.05,0.01,0.08]",
        "tokens": [
          "0.05",
          "0.01",
          "0.08"
        ],
        "value": 0.05
      },
      {
        "max": 2.0,
        "min": -2.0,
        "name": "gammaP",
        "raw": "gammaP[0.1, -2, 2]",
        "tokens": [
          "0.1",
          "-2",
          "2"
        ],
        "value": 0.1
      },
      {
        "max": 90.0,
        "min": 82.0,
        "name": "peakP",
        "raw": "peakP[87.0,82.0,90.0]",
        "tokens": [
          "87.0",
          "82.0",
          "90.0"
        ],
        "value": 87.0
      },
      {
        "max": 80.0,
        "min": 50.0,
        "name": "acmsF",