{
  "bin": {
    "cut": "tag_Ele_pt > 35 && abs(tag_sc_eta) < 2.17 && ph_sc_eta >= 0.800000 && ph_sc_eta < 1.444200 && ph_et >= 35.000000 && ph_et < 50.000000",
    "index": 16,
    "name": "bin16_ph_sc_eta_0p80To1p44_ph_et_35p00To50p00",
    "title": "; 0.800 < ph_sc_eta < 1.444; 35.000 < ph_et < 50.000",
    "vars": {
      "ph_et": {
        "max": 50,
        "min": 35
      },
      "ph_sc_eta": {
        "max": 1.4442,
        "min": 0.8
      }
    }
  },
  "created_at_utc": "2026-04-21T16:57:43.919967+00:00",
  "derived": {
    "efficiency": 0.7929575616053721,
    "efficiency_error": 0.0003689058126221424,
    "nSigF": {
      "error": 412.38895992637845,
      "isConstant": false,
      "max": 307075.937291,
      "min": 0.5,
      "name": "nSigF",
      "value": 204263.64231288998
    },
    "nSigP": {
      "error": 771.7220751031418,
      "isConstant": false,
      "max": 1175733.497603,
      "min": 0.5,
      "name": "nSigP",
      "value": 782314.9736303715
    }
  },
  "fit_metadata": {
    "bin_index": 16,
    "fail_hist_uses_pass_hist": false,
    "fit_range": {
      "max": 120.0,
      "min": 60.0
    },
    "truth_fail_template_uses_pass_hist": false,
    "truth_template_source": "/eos/home-p/pelai/HZa/root_TnP//hza_resolve_phid_2022postEE_sf//DY_MC_LO_2022postEE_hza_resolve_phid_2022postEE_sf.root"
  },
  "fit_result": {
    "fail": {
      "covQual": -1,
      "edm": 0.4265676874256208,
      "floatParsFinal": [
        {
          "error": 0.007129418975971191,
          "isConstant": false,
          "max": 5.0,
          "min": -5.0,
          "name": "meanF",
          "value": 0.0005739219959650654
        },
        {
          "error": 412.38895992637845,
          "isConstant": false,
          "max": 307075.937291,
          "min": 0.5,
          "name": "nSigF",
          "value": 204263.64231288998
        },
        {
          "error": 0.00399778489681285,
          "isConstant": false,
          "max": 1.5000000603860608,
          "min": 0.40000001610294955,
          "name": "sigmaF",
          "value": 0.40000085570980526
        }
      ],
      "floatParsInit": [
        {
          "error": 0.0,
          "isConstant": false,
          "max": 5.0,
          "min": -5.0,
          "name": "meanF",
          "value": -0.0
        },
        {
          "error": 0.0,
          "isConstant": false,
          "max": 307075.937291,
          "min": 0.5,
          "name": "nSigF",
          "value": 184245.562374
        },
        {
          "error": 0.0,
          "isConstant": false,
          "max": 1.5000000603860608,
          "min": 0.40000001610294955,
          "name": "sigmaF",
          "value": 0.5000000201286869
        }
      ],
      "minNll": -1711816.1529434463,
      "numInvalidNLL": 0,
      "status": 60
    },
    "fail_quality": "check",
    "pass": {
      "covQual": -1,
      "edm": 511.64302027836123,
      "floatParsFinal": [
        {
          "error": 0.003355409348666072,
          "isConstant": false,
          "max": 5.0,
          "min": -5.0,
          "name": "meanP",
          "value": -0.001224222577469014
        },
        {
          "error": 771.7220751031418,
          "isConstant": false,
          "max": 1175733.497603,
          "min": 0.5,
          "name": "nSigP",
          "value": 782314.9736303715
        },
        {
          "error": 0.00020192357598336486,
          "isConstant": false,
          "max": 5.0,
          "min": 0.5,
          "name": "sigmaP",
          "value": 0.5000000201286869
        }
      ],
      "floatParsInit": [
        {
          "error": 0.0,
          "isConstant": false,
          "max": 5.0,
          "min": -5.0,
          "name": "meanP",
          "value": -0.0
        },
        {
          "error": 0.0,
          "isConstant": false,
          "max": 1175733.497603,
          "min": 0.5,
          "name": "nSigP",
          "value": 705440.098562
        },
        {
          "error": 0.0,
          "isConstant": false,
          "max": 5.0,
          "min": 0.5,
          "name": "sigmaP",
          "value": 0.9
        }
      ],
      "minNll": -7641212.845027318,
      "numInvalidNLL": 0,
      "status": 160
    },
    "pass_quality": "check",
    "root_read_error": null
  },
  "fit_type": "nominalFit",
  "histograms": {
    "fail": {
      "entries": 216075.0,
      "fit_window": {
        "bin1": 11,
        "bin2": 70,
        "max": 120.0,
        "min": 60.0
      },
      "integral_fit_window": 204279.17849257332,
      "integral_fit_window_error": 495.3093262208164,
      "integral_full": 204717.29152722057,
      "integral_full_error": 495.85497202648975,
      "maximum_bin_center": 90.5,
      "maximum_bin_content": 25992.24140232154,
      "mean": 89.96564935791586,
      "rms": 4.9608537657511675
    },
    "pass": {
      "entries": 781049.0,
      "fit_window": {
        "bin1": 11,
        "bin2": 70,
        "max": 120.0,
        "min": 60.0
      },
      "integral_fit_window": 782309.8569906107,
      "integral_fit_window_error": 1013.7285097432052,
      "integral_full": 783822.3317353643,
      "integral_full_error": 1014.6770906924814,
      "maximum_bin_center": 90.5,
      "maximum_bin_content": 101914.05024638702,
      "mean": 89.90063553198168,
      "rms": 4.743659483133205
    }
  },
  "sample": {
    "fitOutputBinRoot": "/eos/home-p/pelai/HZa/root_TnP//hza_resolve_phid_2022postEE_sf//DY_MC_LO_2022postEE_hza_resolve_phid_2022postEE_sf.nominalFit-bin16_ph_sc_eta_0p80To1p44_ph_et_35p00To50p00.root",
    "fitOutputRoot": "/eos/home-p/pelai/HZa/root_TnP//hza_resolve_phid_2022postEE_sf//DY_MC_LO_2022postEE_hza_resolve_phid_2022postEE_sf.nominalFit.root",
    "histFile": "/eos/home-p/pelai/HZa/root_TnP//hza_resolve_phid_2022postEE_sf//DY_MC_LO_2022postEE_hza_resolve_phid_2022postEE_sf.root",
    "isMC": true,
    "mcRefHistFile": "/eos/home-p/pelai/HZa/root_TnP//hza_resolve_phid_2022postEE_sf//DY_MC_LO_2022postEE_hza_resolve_phid_2022postEE_sf.root",
    "mcTruth": true,
    "name": "DY_MC_LO_2022postEE"
  },
  "workspace": {
    "effective_parsed": [
      {
        "max": 5.0,
        "min": -5.0,
        "name": "meanP",
        "raw": "meanP[-0.0,-5.0,5.0]",
        "tokens": [
          "-0.0",
          "-5.0",
          "5.0"
        ],
        "value": -0.0
      },
      {
        "max": 5.0,
        "min": 0.5,
        "name": "sigmaP",
        "raw": "sigmaP[0.9,0.5,5.0]",
        "tokens": [
          "0.9",
          "0.5",
          "5.0"
        ],
        "value": 0.9
      },
      {
        "max": 5.0,
        "min": -5.0,
        "name": "meanF",
        "raw": "meanF[-0.0,-5.0,5.0]",
        "tokens": [
          "-0.0",
          "-5.0",
          "5.0"
        ],
        "value": -0.0
      },
      {
        "max": 5.0,
        "min": 0.5,
        "name": "sigmaF",
        "raw": "sigmaF[0.9,0.5,5.0]",
        "tokens": [
          "0.9",
          "0.5",
          "5.0"
        ],
        "value": 0.9
      },
      {
        "max": 80.0,
        "min": 50.0,
        "name": "acmsP",
        "raw": "acmsP[60.,50.,80.]",
        "tokens": [
          "60.",
          "50.",
          "80."
        ],
        "value": 60.0
      },
      {
        "max": 0.08,
        "min": 0.01,
        "name": "betaP",
        "raw": "betaP[0.05,0.01,0.08]",
        "tokens": [
          "0.05",
          "0.01",
          "0.08"
        ],
        "value": 0.05
      },
      {
        "max": 2.0,
        "min": -2.0,
        "name": "gammaP",
        "raw": "gammaP[0.1, -2, 2]",
        "tokens": [
          "0.1",
          "-2",
          "2"
        ],
        "value": 0.1
      },
      {
        "max": 90.0,
        "min": 82.0,
        "name": "peakP",
        "raw": "peakP[87.0,82.0,90.0]",
        "tokens": [
          "87.0",
          "82.0",
          "90.0"
        ],
        "value": 87.0
      },
      {
        "max": 80.0,
        "min": 50.0,
        "name": "acmsF",