{
  "bin": {
    "cut": "tag_Ele_pt > 35 && abs(tag_sc_eta) < 2.17 && ph_sc_eta >= -1.444200 && ph_sc_eta < -0.800000 && ph_et >= 35.000000 && ph_et < 50.000000",
    "index": 13,
    "name": "bin13_ph_sc_eta_m1p44Tom0p80_ph_et_35p00To50p00",
    "title": "; -1.444 < ph_sc_eta < -0.800; 35.000 < ph_et < 50.000",
    "vars": {
      "ph_et": {
        "max": 50,
        "min": 35
      },
      "ph_sc_eta": {
        "max": -0.8,
        "min": -1.4442
      }
    }
  },
  "created_at_utc": "2026-04-21T16:57:35.746788+00:00",
  "derived": {
    "efficiency": 0.7938291640483413,
    "efficiency_error": 0.0003680760963770376,
    "nSigF": {
      "error": 412.8147020559554,
      "isConstant": false,
      "max": 308615.59206,
      "min": 0.5,
      "name": "nSigF",
      "value": 205279.44808492556
    },
    "nSigP": {
      "error": 795.8249268759973,
      "isConstant": false,
      "max": 1187944.653648,
      "min": 0.5,
      "name": "nSigP",
      "value": 790397.0118633562
    }
  },
  "fit_metadata": {
    "bin_index": 13,
    "fail_hist_uses_pass_hist": false,
    "fit_range": {
      "max": 120.0,
      "min": 60.0
    },
    "truth_fail_template_uses_pass_hist": false,
    "truth_template_source": "/eos/home-p/pelai/HZa/root_TnP//hza_resolve_phid_2022postEE_sf//DY_MC_LO_2022postEE_hza_resolve_phid_2022postEE_sf.root"
  },
  "fit_result": {
    "fail": {
      "covQual": -1,
      "edm": 8.667000732253035,
      "floatParsFinal": [
        {
          "error": 0.0071496812723412795,
          "isConstant": false,
          "max": 5.0,
          "min": -5.0,
          "name": "meanF",
          "value": 0.001316469327746539
        },
        {
          "error": 412.8147020559554,
          "isConstant": false,
          "max": 308615.59206,
          "min": 0.5,
          "name": "nSigF",
          "value": 205279.44808492556
        },
        {
          "error": 0.0021367271981966307,
          "isConstant": false,
          "max": 1.5000000912729843,
          "min": 0.40000002433946247,
          "name": "sigmaF",
          "value": 0.4000000470292472
        }
      ],
      "floatParsInit": [
        {
          "error": 0.0,
          "isConstant": false,
          "max": 5.0,
          "min": -5.0,
          "name": "meanF",
          "value": -0.0
        },
        {
          "error": 0.0,
          "isConstant": false,
          "max": 308615.59206,
          "min": 0.5,
          "name": "nSigF",
          "value": 185169.355236
        },
        {
          "error": 0.0,
          "isConstant": false,
          "max": 1.5000000912729843,
          "min": 0.40000002433946247,
          "name": "sigmaF",
          "value": 0.5000000304243281
        }
      ],
      "minNll": -1720913.403770416,
      "numInvalidNLL": 0,
      "status": 160
    },
    "fail_quality": "check",
    "pass": {
      "covQual": -1,
      "edm": 0.07383711853845595,
      "floatParsFinal": [
        {
          "error": 0.0034484733754651664,
          "isConstant": false,
          "max": 5.0,
          "min": -5.0,
          "name": "meanP",
          "value": -0.0009163374512732858
        },
        {
          "error": 795.8249268759973,
          "isConstant": false,
          "max": 1187944.653648,
          "min": 0.5,
          "name": "nSigP",
          "value": 790397.0118633562
        },
        {
          "error": 0.0004627578533197285,
          "isConstant": false,
          "max": 5.0,
          "min": 0.5,
          "name": "sigmaP",
          "value": 0.5000000304243281
        }
      ],
      "floatParsInit": [
        {
          "error": 0.0,
          "isConstant": false,
          "max": 5.0,
          "min": -5.0,
          "name": "meanP",
          "value": -0.0
        },
        {
          "error": 0.0,
          "isConstant": false,
          "max": 1187944.653648,
          "min": 0.5,
          "name": "nSigP",
          "value": 712766.792189
        },
        {
          "error": 0.0,
          "isConstant": false,
          "max": 5.0,
          "min": 0.5,
          "name": "sigmaP",
          "value": 0.9
        }
      ],
      "minNll": -7728937.673566153,
      "numInvalidNLL": 0,
      "status": 160
    },
    "pass_quality": "check",
    "root_read_error": null
  },
  "fit_type": "nominalFit",
  "histograms": {
    "fail": {
      "entries": 217265.0,
      "fit_window": {
        "bin1": 11,
        "bin2": 70,
        "max": 120.0,
        "min": 60.0
      },
      "integral_fit_window": 205280.0846467784,
      "integral_fit_window_error": 497.2689839600589,
      "integral_full": 205743.72804008782,
      "integral_full_error": 497.82096672784996,
      "maximum_bin_center": 90.5,
      "maximum_bin_content": 25771.964468828817,
      "mean": 89.95967672163918,
      "rms": 4.958098479675695
    },
    "pass": {
      "entries": 788914.0,
      "fit_window": {
        "bin1": 11,
        "bin2": 70,
        "max": 120.0,
        "min": 60.0
      },
      "integral_fit_window": 790393.9259328175,
      "integral_fit_window_error": 993.1809011546354,
      "integral_full": 791963.1024320767,
      "integral_full_error": 994.1699296354469,
      "maximum_bin_center": 90.5,
      "maximum_bin_content": 102679.92873052509,
      "mean": 89.87339324636953,
      "rms": 4.740134836527885
    }
  },
  "sample": {
    "fitOutputBinRoot": "/eos/home-p/pelai/HZa/root_TnP//hza_resolve_phid_2022postEE_sf//DY_MC_LO_2022postEE_hza_resolve_phid_2022postEE_sf.nominalFit-bin13_ph_sc_eta_m1p44Tom0p80_ph_et_35p00To50p00.root",
    "fitOutputRoot": "/eos/home-p/pelai/HZa/root_TnP//hza_resolve_phid_2022postEE_sf//DY_MC_LO_2022postEE_hza_resolve_phid_2022postEE_sf.nominalFit.root",
    "histFile": "/eos/home-p/pelai/HZa/root_TnP//hza_resolve_phid_2022postEE_sf//DY_MC_LO_2022postEE_hza_resolve_phid_2022postEE_sf.root",
    "isMC": true,
    "mcRefHistFile": "/eos/home-p/pelai/HZa/root_TnP//hza_resolve_phid_2022postEE_sf//DY_MC_LO_2022postEE_hza_resolve_phid_2022postEE_sf.root",
    "mcTruth": true,
    "name": "DY_MC_LO_2022postEE"
  },
  "workspace": {
    "effective_parsed": [
      {
        "max": 5.0,
        "min": -5.0,
        "name": "meanP",
        "raw": "meanP[-0.0,-5.0,5.0]",
        "tokens": [
          "-0.0",
          "-5.0",
          "5.0"
        ],
        "value": -0.0
      },
      {
        "max": 5.0,
        "min": 0.5,
        "name": "sigmaP",
        "raw": "sigmaP[0.9,0.5,5.0]",
        "tokens": [
          "0.9",
          "0.5",
          "5.0"
        ],
        "value": 0.9
      },
      {
        "max": 5.0,
        "min": -5.0,
        "name": "meanF",
        "raw": "meanF[-0.0,-5.0,5.0]",
        "tokens": [
          "-0.0",
          "-5.0",
          "5.0"
        ],
        "value": -0.0
      },
      {
        "max": 5.0,
        "min": 0.5,
        "name": "sigmaF",
        "raw": "sigmaF[0.9,0.5,5.0]",
        "tokens": [
          "0.9",
          "0.5",
          "5.0"
        ],
        "value": 0.9
      },
      {
        "max": 80.0,
        "min": 50.0,
        "name": "acmsP",
        "raw": "acmsP[60.,50.,80.]",
        "tokens": [
          "60.",
          "50.",
          "80."
        ],
        "value": 60.0
      },
      {
        "max": 0.08,
        "min": 0.01,
        "name": "betaP",
        "raw": "betaP[0.05,0.01,0.08]",
        "tokens": [
          "0.05",
          "0.01",
          "0.08"
        ],
        "value": 0.05
      },
      {
        "max": 2.0,
        "min": -2.0,
        "name": "gammaP",
        "raw": "gammaP[0.1, -2, 2]",
        "tokens": [
          "0.1",
          "-2",
          "2"
        ],
        "value": 0.1
      },
      {
        "max": 90.0,
        "min": 82.0,
        "name": "peakP",
        "raw": "peakP[87.0,82.0,90.0]",
        "tokens": [
          "87.0",
          "82.0",
          "90.0"
        ],
        "value": 87.0
      },
      {
        "max": 80.0,
        "min": 50.0,