{
  "bin": {
    "cut": "tag_Ele_pt > 35 && abs(tag_sc_eta) < 2.17 && ph_sc_eta >= -2.000000 && ph_sc_eta < -1.566000 && ph_et >= 50.000000 && ph_et < 80.000000",
    "index": 21,
    "name": "bin21_ph_sc_eta_m2p00Tom1p57_ph_et_50p00To80p00",
    "title": "; -2.000 < ph_sc_eta < -1.566; 50.000 < ph_et < 80.000",
    "vars": {
      "ph_et": {
        "max": 80,
        "min": 50
      },
      "ph_sc_eta": {
        "max": -1.566,
        "min": -2.0
      }
    }
  },
  "created_at_utc": "2026-04-20T18:49:27.911899+00:00",
  "derived": {
    "efficiency": 0.7884236341550644,
    "efficiency_error": 0.00157980256562147,
    "nSigF": {
      "error": 100.21887241589411,
      "isConstant": false,
      "max": 18419.688944,
      "min": 0.5,
      "name": "nSigF",
      "value": 11857.341071765451
    },
    "nSigP": {
      "error": 188.78362367063892,
      "isConstant": false,
      "max": 68904.127945,
      "min": 0.5,
      "name": "nSigP",
      "value": 44185.50201428935
    }
  },
  "fit_metadata": {
    "bin_index": 21,
    "fail_hist_uses_pass_hist": false,
    "fit_range": {
      "max": 120.0,
      "min": 60.0
    },
    "truth_fail_template_uses_pass_hist": false,
    "truth_template_source": "/eos/home-p/pelai/HZa/root_TnP//hza_resolve_phid_2022postEE_sf//DY_MC_LO_2022postEE_hza_resolve_phid_2022postEE_sf.root"
  },
  "fit_result": {
    "fail": {
      "covQual": -1,
      "edm": 0.004876700307840068,
      "floatParsFinal": [
        {
          "error": 0.03154313845407275,
          "isConstant": false,
          "max": 5.0,
          "min": -5.0,
          "name": "meanF",
          "value": 0.012977605287165517
        },
        {
          "error": 100.21887241589411,
          "isConstant": false,
          "max": 18419.688944,
          "min": 0.5,
          "name": "nSigF",
          "value": 11857.341071765451
        },
        {
          "error": 0.008542309454152797,
          "isConstant": false,
          "max": 1.5000000030512797,
          "min": 0.4000000008136746,
          "name": "sigmaF",
          "value": 0.4000030823235484
        }
      ],
      "floatParsInit": [
        {
          "error": 0.0,
          "isConstant": false,
          "max": 5.0,
          "min": -5.0,
          "name": "meanF",
          "value": -0.0
        },
        {
          "error": 0.0,
          "isConstant": false,
          "max": 18419.688944,
          "min": 0.5,
          "name": "nSigF",
          "value": 11051.813366
        },
        {
          "error": 0.0,
          "isConstant": false,
          "max": 1.5000000030512797,
          "min": 0.4000000008136746,
          "name": "sigmaF",
          "value": 0.5000000010170932
        }
      ],
      "minNll": -61711.995118145765,
      "numInvalidNLL": 0,
      "status": 160
    },
    "fail_quality": "check",
    "pass": {
      "covQual": -1,
      "edm": 0.07567456180303417,
      "floatParsFinal": [
        {
          "error": 0.01663325837161045,
          "isConstant": false,
          "max": 5.0,
          "min": -5.0,
          "name": "meanP",
          "value": 0.01534649760983875
        },
        {
          "error": 188.78362367063892,
          "isConstant": false,
          "max": 68904.127945,
          "min": 0.5,
          "name": "nSigP",
          "value": 44185.50201428935
        },
        {
          "error": 0.006809617333026097,
          "isConstant": false,
          "max": 5.0,
          "min": 0.5,
          "name": "sigmaP",
          "value": 0.5000000010170932
        }
      ],
      "floatParsInit": [
        {
          "error": 0.0,
          "isConstant": false,
          "max": 5.0,
          "min": -5.0,
          "name": "meanP",
          "value": -0.0
        },
        {
          "error": 0.0,
          "isConstant": false,
          "max": 68904.127945,
          "min": 0.5,
          "name": "nSigP",
          "value": 41342.476767
        },
        {
          "error": 0.0,
          "isConstant": false,
          "max": 5.0,
          "min": 0.5,
          "name": "sigmaP",
          "value": 0.9
        }
      ],
      "minNll": -289320.6196466786,
      "numInvalidNLL": 0,
      "status": 160
    },
    "pass_quality": "check",
    "root_read_error": null
  },
  "fit_type": "nominalFit",
  "histograms": {
    "fail": {
      "entries": 13107.0,
      "fit_window": {
        "bin1": 11,
        "bin2": 70,
        "max": 120.0,
        "min": 60.0
      },
      "integral_fit_window": 11856.39113984417,
      "integral_fit_window_error": 118.31982794836279,
      "integral_full": 12279.79262912024,
      "integral_full_error": 120.32863429812907,
      "maximum_bin_center": 91.5,
      "maximum_bin_content": 1173.7203150958683,
      "mean": 94.78564359558001,
      "rms": 9.29194884885134
    },
    "pass": {
      "entries": 45705.0,
      "fit_window": {
        "bin1": 11,
        "bin2": 70,
        "max": 120.0,
        "min": 60.0
      },
      "integral_fit_window": 44185.999852826855,
      "integral_fit_window_error": 234.05483457523397,
      "integral_full": 45936.085296766825,
      "integral_full_error": 238.6909266621641,
      "maximum_bin_center": 90.5,
      "maximum_bin_content": 4836.73917277349,
      "mean": 94.81611278528604,
      "rms": 9.420901203305984
    }
  },
  "sample": {
    "fitOutputBinRoot": "/eos/home-p/pelai/HZa/root_TnP//hza_resolve_phid_2022postEE_sf//DY_MC_LO_2022postEE_hza_resolve_phid_2022postEE_sf.nominalFit-bin21_ph_sc_eta_m2p00Tom1p57_ph_et_50p00To80p00.root",
    "fitOutputRoot": "/eos/home-p/pelai/HZa/root_TnP//hza_resolve_phid_2022postEE_sf//DY_MC_LO_2022postEE_hza_resolve_phid_2022postEE_sf.nominalFit.root",
    "histFile": "/eos/home-p/pelai/HZa/root_TnP//hza_resolve_phid_2022postEE_sf//DY_MC_LO_2022postEE_hza_resolve_phid_2022postEE_sf.root",
    "isMC": true,
    "mcRefHistFile": "/eos/home-p/pelai/HZa/root_TnP//hza_resolve_phid_2022postEE_sf//DY_MC_LO_2022postEE_hza_resolve_phid_2022postEE_sf.root",
    "mcTruth": true,
    "name": "DY_MC_LO_2022postEE"
  },
  "workspace": {
    "effective_parsed": [
      {
        "max": 5.0,
        "min": -5.0,
        "name": "meanP",
        "raw": "meanP[-0.0,-5.0,5.0]",
        "tokens": [
          "-0.0",
          "-5.0",
          "5.0"
        ],
        "value": -0.0
      },
      {
        "max": 5.0,
        "min": 0.5,
        "name": "sigmaP",
        "raw": "sigmaP[0.9,0.5,5.0]",
        "tokens": [
          "0.9",
          "0.5",
          "5.0"
        ],
        "value": 0.9
      },
      {
        "max": 5.0,
        "min": -5.0,
        "name": "meanF",
        "raw": "meanF[-0.0,-5.0,5.0]",
        "tokens": [
          "-0.0",
          "-5.0",
          "5.0"
        ],
        "value": -0.0
      },
      {
        "max": 5.0,
        "min": 0.5,
        "name": "sigmaF",
        "raw": "sigmaF[0.9,0.5,5.0]",
        "tokens": [
          "0.9",
          "0.5",
          "5.0"
        ],
        "value": 0.9
      },
      {
        "max": 80.0,
        "min": 50.0,
        "name": "acmsP",
        "raw": "acmsP[60.,50.,80.]",
        "tokens": [
          "60.",
          "50.",
          "80."
        ],
        "value": 60.0
      },
      {
        "max": 0.08,
        "min": 0.01,
        "name": "betaP",
        "raw": "betaP[0.05,0.01,0.08]",
        "tokens": [
          "0.05",
          "0.01",
          "0.08"
        ],
        "value": 0.05
      },
      {
        "max": 2.0,
        "min": -2.0,
        "name": "gammaP",
        "raw": "gammaP[0.1, -2, 2]",
        "tokens": [
          "0.1",
          "-2",
          "2"
        ],
        "value": 0.1
      },
      {
        "max": 90.0,
        "min": 82.0,
        "name": "peakP",
        "raw": "peakP[87.0,82.0,90.0]",
        "tokens": [
          "87.0",
          "82.0",
          "90.0"
        ],
        "value": 87.0
      },
      {
        "max": 80.0,
        "min": 50.0,
        "name": "acmsF",