{
  "bin": {
    "cut": "tag_Ele_pt > 35 && abs(tag_sc_eta) < 2.17 && ph_sc_eta >= -1.444200 && ph_sc_eta < -0.800000 && ph_et >= 50.000000 && ph_et < 80.000000",
    "index": 23,
    "name": "bin23_ph_sc_eta_m1p44Tom0p80_ph_et_50p00To80p00",
    "title": "; -1.444 < ph_sc_eta < -0.800; 50.000 < ph_et < 80.000",
    "vars": {
      "ph_et": {
        "max": 80,
        "min": 50
      },
      "ph_sc_eta": {
        "max": -0.8,
        "min": -1.4442
      }
    }
  },
  "created_at_utc": "2026-04-20T06:35:55.787049+00:00",
  "derived": {
    "efficiency": 0.7913520421816957,
    "efficiency_error": 0.0010239236211541495,
    "nSigF": {
      "error": 150.63399418957488,
      "isConstant": false,
      "max": 42344.954755,
      "min": 0.5,
      "name": "nSigF",
      "value": 27192.619136852703
    },
    "nSigP": {
      "error": 287.4869323211751,
      "isConstant": false,
      "max": 160362.570918,
      "min": 0.5,
      "name": "nSigP",
      "value": 103135.13207235256
    }
  },
  "fit_metadata": {
    "bin_index": 23,
    "fail_hist_uses_pass_hist": false,
    "fit_range": {
      "max": 120.0,
      "min": 60.0
    },
    "truth_fail_template_uses_pass_hist": false,
    "truth_template_source": "/eos/home-p/pelai/HZa/root_TnP//hza_resolve_phid_2022postEE_sf//DY_MC_LO_2022postEE_hza_resolve_phid_2022postEE_sf.root"
  },
  "fit_result": {
    "fail": {
      "covQual": -1,
      "edm": 1.0925048439492941,
      "floatParsFinal": [
        {
          "error": 0.020794678068555505,
          "isConstant": false,
          "max": 5.0,
          "min": -5.0,
          "name": "meanF",
          "value": 0.010642718835932818
        },
        {
          "error": 150.63399418957488,
          "isConstant": false,
          "max": 42344.954755,
          "min": 0.5,
          "name": "nSigF",
          "value": 27192.619136852703
        },
        {
          "error": 0.009347774754707272,
          "isConstant": false,
          "max": 1.5000000000896074,
          "min": 0.4000000000238953,
          "name": "sigmaF",
          "value": 0.4000000193514448
        }
      ],
      "floatParsInit": [
        {
          "error": 0.0,
          "isConstant": false,
          "max": 5.0,
          "min": -5.0,
          "name": "meanF",
          "value": -0.0
        },
        {
          "error": 0.0,
          "isConstant": false,
          "max": 42344.954755,
          "min": 0.5,
          "name": "nSigF",
          "value": 25406.972853
        },
        {
          "error": 0.0,
          "isConstant": false,
          "max": 1.5000000000896074,
          "min": 0.4000000000238953,
          "name": "sigmaF",
          "value": 0.5000000000298691
        }
      ],
      "minNll": -164266.16417439195,
      "numInvalidNLL": 0,
      "status": 160
    },
    "fail_quality": "check",
    "pass": {
      "covQual": -1,
      "edm": 1.650085671295498,
      "floatParsFinal": [
        {
          "error": 0.009962162955249543,
          "isConstant": false,
          "max": 5.0,
          "min": -5.0,
          "name": "meanP",
          "value": 0.013860221303100495
        },
        {
          "error": 287.4869323211751,
          "isConstant": false,
          "max": 160362.570918,
          "min": 0.5,
          "name": "nSigP",
          "value": 103135.13207235256
        },
        {
          "error": 0.0028095104224882816,
          "isConstant": false,
          "max": 5.0,
          "min": 0.5,
          "name": "sigmaP",
          "value": 0.5000000000298691
        }
      ],
      "floatParsInit": [
        {
          "error": 0.0,
          "isConstant": false,
          "max": 5.0,
          "min": -5.0,
          "name": "meanP",
          "value": -0.0
        },
        {
          "error": 0.0,
          "isConstant": false,
          "max": 160362.570918,
          "min": 0.5,
          "name": "nSigP",
          "value": 96217.542551
        },
        {
          "error": 0.0,
          "isConstant": false,
          "max": 5.0,
          "min": 0.5,
          "name": "sigmaP",
          "value": 0.9
        }
      ],
      "minNll": -766961.3879140998,
      "numInvalidNLL": 0,
      "status": 160
    },
    "pass_quality": "check",
    "root_read_error": null
  },
  "fit_type": "nominalFit",
  "histograms": {
    "fail": {
      "entries": 29641.0,
      "fit_window": {
        "bin1": 11,
        "bin2": 70,
        "max": 120.0,
        "min": 60.0
      },
      "integral_fit_window": 27192.829689057562,
      "integral_fit_window_error": 180.52315474994725,
      "integral_full": 28229.969836335214,
      "integral_full_error": 183.81938560842377,
      "maximum_bin_center": 90.5,
      "maximum_bin_content": 3002.8174242914106,
      "mean": 95.03899280313783,
      "rms": 9.391874418111826
    },
    "pass": {
      "entries": 106330.0,
      "fit_window": {
        "bin1": 11,
        "bin2": 70,
        "max": 120.0,
        "min": 60.0
      },
      "integral_fit_window": 103135.82195411809,
      "integral_fit_window_error": 358.74828253112685,
      "integral_full": 106908.3806117608,
      "integral_full_error": 365.2392510685253,
      "maximum_bin_center": 90.5,
      "maximum_bin_content": 12341.407862521926,
      "mean": 94.84228347131088,
      "rms": 9.279639636449525
    }
  },
  "sample": {
    "fitOutputBinRoot": "/eos/home-p/pelai/HZa/root_TnP//hza_resolve_phid_2022postEE_sf//DY_MC_LO_2022postEE_hza_resolve_phid_2022postEE_sf.nominalFit-bin23_ph_sc_eta_m1p44Tom0p80_ph_et_50p00To80p00.root",
    "fitOutputRoot": "/eos/home-p/pelai/HZa/root_TnP//hza_resolve_phid_2022postEE_sf//DY_MC_LO_2022postEE_hza_resolve_phid_2022postEE_sf.nominalFit.root",
    "histFile": "/eos/home-p/pelai/HZa/root_TnP//hza_resolve_phid_2022postEE_sf//DY_MC_LO_2022postEE_hza_resolve_phid_2022postEE_sf.root",
    "isMC": true,
    "mcRefHistFile": "/eos/home-p/pelai/HZa/root_TnP//hza_resolve_phid_2022postEE_sf//DY_MC_LO_2022postEE_hza_resolve_phid_2022postEE_sf.root",
    "mcTruth": true,
    "name": "DY_MC_LO_2022postEE"
  },
  "workspace": {
    "effective_parsed": [
      {
        "max": 5.0,
        "min": -5.0,
        "name": "meanP",
        "raw": "meanP[-0.0,-5.0,5.0]",
        "tokens": [
          "-0.0",
          "-5.0",
          "5.0"
        ],
        "value": -0.0
      },
      {
        "max": 5.0,
        "min": 0.5,
        "name": "sigmaP",
        "raw": "sigmaP[0.9,0.5,5.0]",
        "tokens": [
          "0.9",
          "0.5",
          "5.0"
        ],
        "value": 0.9
      },
      {
        "max": 5.0,
        "min": -5.0,
        "name": "meanF",
        "raw": "meanF[-0.0,-5.0,5.0]",
        "tokens": [
          "-0.0",
          "-5.0",
          "5.0"
        ],
        "value": -0.0
      },
      {
        "max": 5.0,
        "min": 0.5,
        "name": "sigmaF",
        "raw": "sigmaF[0.9,0.5,5.0]",
        "tokens": [
          "0.9",
          "0.5",
          "5.0"
        ],
        "value": 0.9
      },
      {
        "max": 80.0,
        "min": 50.0,
        "name": "acmsP",
        "raw": "acmsP[60.,50.,80.]",
        "tokens": [
          "60.",
          "50.",
          "80."
        ],
        "value": 60.0
      },
      {
        "max": 0.08,
        "min": 0.01,
        "name": "betaP",
        "raw": "betaP[0.05,0.01,0.08]",
        "tokens": [
          "0.05",
          "0.01",
          "0.08"
        ],
        "value": 0.05
      },
      {
        "max": 2.0,
        "min": -2.0,
        "name": "gammaP",
        "raw": "gammaP[0.1, -2, 2]",
        "tokens": [
          "0.1",
          "-2",
          "2"
        ],
        "value": 0.1
      },
      {
        "max": 90.0,
        "min": 82.0,
        "name": "peakP",
        "raw": "peakP[87.0,82.0,90.0]",
        "tokens": [
          "87.0",
          "82.0",
          "90.0"
        ],
        "value": 87.0
      },
      {
        "max": 80.0,
        "min": 50.0,
        "name": "acmsF",