{
  "bin": {
    "cut": "tag_Ele_pt > 35 && abs(tag_sc_eta) < 2.17 && ph_sc_eta >= 1.566000 && ph_sc_eta < 2.000000 && ph_et >= 50.000000 && ph_et < 80.000000",
    "index": 28,
    "name": "bin28_ph_sc_eta_1p57To2p00_ph_et_50p00To80p00",
    "title": "; 1.566 < ph_sc_eta < 2.000; 50.000 < ph_et < 80.000",
    "vars": {
      "ph_et": {
        "max": 80,
        "min": 50
      },
      "ph_sc_eta": {
        "max": 2.0,
        "min": 1.566
      }
    }
  },
  "created_at_utc": "2026-04-19T17:08:12.024383+00:00",
  "derived": {
    "efficiency": 0.7858864947938778,
    "efficiency_error": 0.001716380994404968,
    "nSigF": {
      "error": 92.09460237807161,
      "isConstant": false,
      "max": 15848.436377,
      "min": 0.5,
      "name": "nSigF",
      "value": 10138.735601363274
    },
    "nSigP": {
      "error": 172.69482076669374,
      "isConstant": false,
      "max": 58007.728476,
      "min": 0.5,
      "name": "nSigP",
      "value": 37213.41806873308
    }
  },
  "fit_metadata": {
    "bin_index": 28,
    "fail_hist_uses_pass_hist": false,
    "fit_range": {
      "max": 120.0,
      "min": 60.0
    },
    "truth_fail_template_uses_pass_hist": false,
    "truth_template_source": "/eos/home-p/pelai/HZa/root_TnP//hza_resolve_phid_2022postEE_sf//DY_MC_LO_2022postEE_hza_resolve_phid_2022postEE_sf.root"
  },
  "fit_result": {
    "fail": {
      "covQual": -1,
      "edm": 0.03201709723795535,
      "floatParsFinal": [
        {
          "error": 0.03378740674009961,
          "isConstant": false,
          "max": 5.0,
          "min": -5.0,
          "name": "meanF",
          "value": 0.015825322321331825
        },
        {
          "error": 92.09460237807161,
          "isConstant": false,
          "max": 15848.436377,
          "min": 0.5,
          "name": "nSigF",
          "value": 10138.735601363274
        },
        {
          "error": 0.008200208804452408,
          "isConstant": false,
          "max": 1.5000000021352617,
          "min": 0.4000000005694031,
          "name": "sigmaF",
          "value": 0.4000031539404393
        }
      ],
      "floatParsInit": [
        {
          "error": 0.0,
          "isConstant": false,
          "max": 5.0,
          "min": -5.0,
          "name": "meanF",
          "value": -0.0
        },
        {
          "error": 0.0,
          "isConstant": false,
          "max": 15848.436377,
          "min": 0.5,
          "name": "nSigF",
          "value": 9509.061826
        },
        {
          "error": 0.0,
          "isConstant": false,
          "max": 1.5000000021352617,
          "min": 0.4000000005694031,
          "name": "sigmaF",
          "value": 0.5000000007117539
        }
      ],
      "minNll": -51025.56091345618,
      "numInvalidNLL": 0,
      "status": 160
    },
    "fail_quality": "check",
    "pass": {
      "covQual": -1,
      "edm": 0.0018502342712621068,
      "floatParsFinal": [
        {
          "error": 0.01801304933878134,
          "isConstant": false,
          "max": 5.0,
          "min": -5.0,
          "name": "meanP",
          "value": 0.013492217963152697
        },
        {
          "error": 172.69482076669374,
          "isConstant": false,
          "max": 58007.728476,
          "min": 0.5,
          "name": "nSigP",
          "value": 37213.41806873308
        },
        {
          "error": 0.007280132899671665,
          "isConstant": false,
          "max": 5.0,
          "min": 0.5,
          "name": "sigmaP",
          "value": 0.5000000007117539
        }
      ],
      "floatParsInit": [
        {
          "error": 0.0,
          "isConstant": false,
          "max": 5.0,
          "min": -5.0,
          "name": "meanP",
          "value": -0.0
        },
        {
          "error": 0.0,
          "isConstant": false,
          "max": 58007.728476,
          "min": 0.5,
          "name": "nSigP",
          "value": 34804.637085
        },
        {
          "error": 0.0,
          "isConstant": false,
          "max": 5.0,
          "min": 0.5,
          "name": "sigmaP",
          "value": 0.9
        }
      ],
      "minNll": -237062.66924884412,
      "numInvalidNLL": 0,
      "status": 160
    },
    "pass_quality": "check",
    "root_read_error": null
  },
  "fit_type": "nominalFit",
  "histograms": {
    "fail": {
      "entries": 11070.0,
      "fit_window": {
        "bin1": 11,
        "bin2": 70,
        "max": 120.0,
        "min": 60.0
      },
      "integral_fit_window": 10140.276567941382,
      "integral_fit_window_error": 110.08884063939529,
      "integral_full": 10565.624251212874,
      "integral_full_error": 112.38592314043919,
      "maximum_bin_center": 90.5,
      "maximum_bin_content": 1052.7496858308295,
      "mean": 95.25701207653674,
      "rms": 9.580941670856093
    },
    "pass": {
      "entries": 38287.0,
      "fit_window": {
        "bin1": 11,
        "bin2": 70,
        "max": 120.0,
        "min": 60.0
      },
      "integral_fit_window": 37213.918846482025,
      "integral_fit_window_error": 215.48806788148215,
      "integral_full": 38671.81898369721,
      "integral_full_error": 219.71914772349933,
      "maximum_bin_center": 90.5,
      "maximum_bin_content": 4127.09019597066,
      "mean": 94.89604284794449,
      "rms": 9.43012336766685
    }
  },
  "sample": {
    "fitOutputBinRoot": "/eos/home-p/pelai/HZa/root_TnP//hza_resolve_phid_2022postEE_sf//DY_MC_LO_2022postEE_hza_resolve_phid_2022postEE_sf.nominalFit-bin28_ph_sc_eta_1p57To2p00_ph_et_50p00To80p00.root",
    "fitOutputRoot": "/eos/home-p/pelai/HZa/root_TnP//hza_resolve_phid_2022postEE_sf//DY_MC_LO_2022postEE_hza_resolve_phid_2022postEE_sf.nominalFit.root",
    "histFile": "/eos/home-p/pelai/HZa/root_TnP//hza_resolve_phid_2022postEE_sf//DY_MC_LO_2022postEE_hza_resolve_phid_2022postEE_sf.root",
    "isMC": true,
    "mcRefHistFile": "/eos/home-p/pelai/HZa/root_TnP//hza_resolve_phid_2022postEE_sf//DY_MC_LO_2022postEE_hza_resolve_phid_2022postEE_sf.root",
    "mcTruth": true,
    "name": "DY_MC_LO_2022postEE"
  },
  "workspace": {
    "effective_parsed": [
      {
        "max": 5.0,
        "min": -5.0,
        "name": "meanP",
        "raw": "meanP[-0.0,-5.0,5.0]",
        "tokens": [
          "-0.0",
          "-5.0",
          "5.0"
        ],
        "value": -0.0
      },
      {
        "max": 5.0,
        "min": 0.5,
        "name": "sigmaP",
        "raw": "sigmaP[0.9,0.5,5.0]",
        "tokens": [
          "0.9",
          "0.5",
          "5.0"
        ],
        "value": 0.9
      },
      {
        "max": 5.0,
        "min": -5.0,
        "name": "meanF",
        "raw": "meanF[-0.0,-5.0,5.0]",
        "tokens": [
          "-0.0",
          "-5.0",
          "5.0"
        ],
        "value": -0.0
      },
      {
        "max": 5.0,
        "min": 0.5,
        "name": "sigmaF",
        "raw": "sigmaF[0.9,0.5,5.0]",
        "tokens": [
          "0.9",
          "0.5",
          "5.0"
        ],
        "value": 0.9
      },
      {
        "max": 80.0,
        "min": 50.0,
        "name": "acmsP",
        "raw": "acmsP[60.,50.,80.]",
        "tokens": [
          "60.",
          "50.",
          "80."
        ],
        "value": 60.0
      },
      {
        "max": 0.08,
        "min": 0.01,
        "name": "betaP",
        "raw": "betaP[0.05,0.01,0.08]",
        "tokens": [
          "0.05",
          "0.01",
          "0.08"
        ],
        "value": 0.05
      },
      {
        "max": 2.0,
        "min": -2.0,
        "name": "gammaP",
        "raw": "gammaP[0.1, -2, 2]",
        "tokens": [
          "0.1",
          "-2",
          "2"
        ],
        "value": 0.1
      },
      {
        "max": 90.0,
        "min": 82.0,
        "name": "peakP",
        "raw": "peakP[87.0,82.0,90.0]",
        "tokens": [
          "87.0",
          "82.0",
          "90.0"
        ],
        "value": 87.0
      },
      {
        "max": 80.0,
        "min": 50.0,
        "name": "acmsF",