{
  "bin": {
    "cut": "tag_Ele_pt > 35 && abs(tag_sc_eta) < 2.17 && ph_sc_eta >= -2.500000 && ph_sc_eta < -2.000000 && ph_et >= 50.000000 && ph_et < 80.000000",
    "index": 20,
    "name": "bin20_ph_sc_eta_m2p50Tom2p00_ph_et_50p00To80p00",
    "title": "; -2.500 < ph_sc_eta < -2.000; 50.000 < ph_et < 80.000",
    "vars": {
      "ph_et": {
        "max": 80,
        "min": 50
      },
      "ph_sc_eta": {
        "max": -2.0,
        "min": -2.5
      }
    }
  },
  "created_at_utc": "2026-04-20T18:49:27.370322+00:00",
  "derived": {
    "efficiency": 0.810324521046349,
    "efficiency_error": 0.001857822965886774,
    "nSigF": {
      "error": 76.55523616668052,
      "isConstant": false,
      "max": 10983.005386,
      "min": 0.5,
      "name": "nSigF",
      "value": 7011.773071786884
    },
    "nSigP": {
      "error": 155.3679371925591,
      "isConstant": false,
      "max": 46926.808326,
      "min": 0.5,
      "name": "nSigP",
      "value": 29955.435923637757
    }
  },
  "fit_metadata": {
    "bin_index": 20,
    "fail_hist_uses_pass_hist": false,
    "fit_range": {
      "max": 120.0,
      "min": 60.0
    },
    "truth_fail_template_uses_pass_hist": false,
    "truth_template_source": "/eos/home-p/pelai/HZa/root_TnP//hza_resolve_phid_2022postEE_sf//DY_MC_LO_2022postEE_hza_resolve_phid_2022postEE_sf.root"
  },
  "fit_result": {
    "fail": {
      "covQual": -1,
      "edm": 0.11382365344442005,
      "floatParsFinal": [
        {
          "error": 0.039130922516346534,
          "isConstant": false,
          "max": 5.0,
          "min": -5.0,
          "name": "meanF",
          "value": 0.009785174153757126
        },
        {
          "error": 76.55523616668052,
          "isConstant": false,
          "max": 10983.005386,
          "min": 0.5,
          "name": "nSigF",
          "value": 7011.773071786884
        },
        {
          "error": 0.010905531798201862,
          "isConstant": false,
          "max": 1.5000122284387305,
          "min": 0.40000326091699484,
          "name": "sigmaF",
          "value": 0.40000334520292535
        }
      ],
      "floatParsInit": [
        {
          "error": 0.0,
          "isConstant": false,
          "max": 5.0,
          "min": -5.0,
          "name": "meanF",
          "value": -0.0
        },
        {
          "error": 0.0,
          "isConstant": false,
          "max": 10983.005386,
          "min": 0.5,
          "name": "nSigF",
          "value": 6589.803231
        },
        {
          "error": 0.0,
          "isConstant": false,
          "max": 1.5000122284387305,
          "min": 0.40000326091699484,
          "name": "sigmaF",
          "value": 0.5000040761462435
        }
      ],
      "minNll": -32709.495842188746,
      "numInvalidNLL": 0,
      "status": 160
    },
    "fail_quality": "check",
    "pass": {
      "covQual": -1,
      "edm": 0.19273120984396855,
      "floatParsFinal": [
        {
          "error": 0.020939759299500427,
          "isConstant": false,
          "max": 5.0,
          "min": -5.0,
          "name": "meanP",
          "value": 0.018700307061775945
        },
        {
          "error": 155.3679371925591,
          "isConstant": false,
          "max": 46926.808326,
          "min": 0.5,
          "name": "nSigP",
          "value": 29955.435923637757
        },
        {
          "error": 0.008324099614520686,
          "isConstant": false,
          "max": 5.0,
          "min": 0.5,
          "name": "sigmaP",
          "value": 0.5000040761462435
        }
      ],
      "floatParsInit": [
        {
          "error": 0.0,
          "isConstant": false,
          "max": 5.0,
          "min": -5.0,
          "name": "meanP",
          "value": -0.0
        },
        {
          "error": 0.0,
          "isConstant": false,
          "max": 46926.808326,
          "min": 0.5,
          "name": "nSigP",
          "value": 28156.084996
        },
        {
          "error": 0.0,
          "isConstant": false,
          "max": 5.0,
          "min": 0.5,
          "name": "sigmaP",
          "value": 0.9
        }
      ],
      "minNll": -183034.75005594385,
      "numInvalidNLL": 0,
      "status": 160
    },
    "pass_quality": "check",
    "root_read_error": null
  },
  "fit_type": "nominalFit",
  "histograms": {
    "fail": {
      "entries": 7702.0,
      "fit_window": {
        "bin1": 11,
        "bin2": 70,
        "max": 120.0,
        "min": 60.0
      },
      "integral_fit_window": 7012.568239031418,
      "integral_fit_window_error": 91.59185006296318,
      "integral_full": 7322.003590508413,
      "integral_full_error": 93.53193508868934,
      "maximum_bin_center": 91.5,
      "maximum_bin_content": 730.9083729387231,
      "mean": 95.59237253808628,
      "rms": 9.749686780628153
    },
    "pass": {
      "entries": 31131.0,
      "fit_window": {
        "bin1": 11,
        "bin2": 70,
        "max": 120.0,
        "min": 60.0
      },
      "integral_fit_window": 29951.156002481668,
      "integral_fit_window_error": 192.810836396086,
      "integral_full": 31284.53888392073,
      "integral_full_error": 197.01012552100855,
      "maximum_bin_center": 90.5,
      "maximum_bin_content": 3112.6909388419726,
      "mean": 95.64453816544156,
      "rms": 9.715332893720664
    }
  },
  "sample": {
    "fitOutputBinRoot": "/eos/home-p/pelai/HZa/root_TnP//hza_resolve_phid_2022postEE_sf//DY_MC_LO_2022postEE_hza_resolve_phid_2022postEE_sf.nominalFit-bin20_ph_sc_eta_m2p50Tom2p00_ph_et_50p00To80p00.root",
    "fitOutputRoot": "/eos/home-p/pelai/HZa/root_TnP//hza_resolve_phid_2022postEE_sf//DY_MC_LO_2022postEE_hza_resolve_phid_2022postEE_sf.nominalFit.root",
    "histFile": "/eos/home-p/pelai/HZa/root_TnP//hza_resolve_phid_2022postEE_sf//DY_MC_LO_2022postEE_hza_resolve_phid_2022postEE_sf.root",
    "isMC": true,
    "mcRefHistFile": "/eos/home-p/pelai/HZa/root_TnP//hza_resolve_phid_2022postEE_sf//DY_MC_LO_2022postEE_hza_resolve_phid_2022postEE_sf.root",
    "mcTruth": true,
    "name": "DY_MC_LO_2022postEE"
  },
  "workspace": {
    "effective_parsed": [
      {
        "max": 5.0,
        "min": -5.0,
        "name": "meanP",
        "raw": "meanP[-0.0,-5.0,5.0]",
        "tokens": [
          "-0.0",
          "-5.0",
          "5.0"
        ],
        "value": -0.0
      },
      {
        "max": 5.0,
        "min": 0.5,
        "name": "sigmaP",
        "raw": "sigmaP[0.9,0.5,5.0]",
        "tokens": [
          "0.9",
          "0.5",
          "5.0"
        ],
        "value": 0.9
      },
      {
        "max": 5.0,
        "min": -5.0,
        "name": "meanF",
        "raw": "meanF[-0.0,-5.0,5.0]",
        "tokens": [
          "-0.0",
          "-5.0",
          "5.0"
        ],
        "value": -0.0
      },
      {
        "max": 5.0,
        "min": 0.5,
        "name": "sigmaF",
        "raw": "sigmaF[0.9,0.5,5.0]",
        "tokens": [
          "0.9",
          "0.5",
          "5.0"
        ],
        "value": 0.9
      },
      {
        "max": 80.0,
        "min": 50.0,
        "name": "acmsP",
        "raw": "acmsP[60.,50.,80.]",
        "tokens": [
          "60.",
          "50.",
          "80."
        ],
        "value": 60.0
      },
      {
        "max": 0.08,
        "min": 0.01,
        "name": "betaP",
        "raw": "betaP[0.05,0.01,0.08]",
        "tokens": [
          "0.05",
          "0.01",
          "0.08"
        ],
        "value": 0.05
      },
      {
        "max": 2.0,
        "min": -2.0,
        "name": "gammaP",
        "raw": "gammaP[0.1, -2, 2]",
        "tokens": [
          "0.1",
          "-2",
          "2"
        ],
        "value": 0.1
      },
      {
        "max": 90.0,
        "min": 82.0,
        "name": "peakP",
        "raw": "peakP[87.0,82.0,90.0]",
        "tokens": [
          "87.0",
          "82.0",
          "90.0"
        ],
        "value": 87.0
      },
      {
        "max": 80.0,
        "min": 50.0,
        "name": "acmsF",