{
  "bin": {
    "cut": "tag_Ele_pt > 35 && abs(tag_sc_eta) < 2.17 && ph_sc_eta >= 0.000000 && ph_sc_eta < 0.800000 && ph_et >= 50.000000 && ph_et < 80.000000",
    "index": 25,
    "name": "bin25_ph_sc_eta_0p00To0p80_ph_et_50p00To80p00",
    "title": "; 0.000 < ph_sc_eta < 0.800; 50.000 < ph_et < 80.000",
    "vars": {
      "ph_et": {
        "max": 80,
        "min": 50
      },
      "ph_sc_eta": {
        "max": 0.8,
        "min": 0.0
      }
    }
  },
  "created_at_utc": "2026-04-19T17:08:12.107182+00:00",
  "derived": {
    "efficiency": 0.8044134508020298,
    "efficiency_error": 0.000775376072926956,
    "nSigF": {
      "error": 186.70365318710537,
      "isConstant": false,
      "max": 65535.301232,
      "min": 0.5,
      "name": "nSigF",
      "value": 42137.37117694932
    },
    "nSigP": {
      "error": 373.9313088824274,
      "isConstant": false,
      "max": 269221.320886,
      "min": 0.5,
      "name": "nSigP",
      "value": 173303.67704308144
    }
  },
  "fit_metadata": {
    "bin_index": 25,
    "fail_hist_uses_pass_hist": false,
    "fit_range": {
      "max": 120.0,
      "min": 60.0
    },
    "truth_fail_template_uses_pass_hist": false,
    "truth_template_source": "/eos/home-p/pelai/HZa/root_TnP//hza_resolve_phid_2022postEE_sf//DY_MC_LO_2022postEE_hza_resolve_phid_2022postEE_sf.root"
  },
  "fit_result": {
    "fail": {
      "covQual": -1,
      "edm": 1.2750583758311917,
      "floatParsFinal": [
        {
          "error": 0.01369520961802051,
          "isConstant": false,
          "max": 5.0,
          "min": -5.0,
          "name": "meanF",
          "value": 0.009198419070278518
        },
        {
          "error": 186.70365318710537,
          "isConstant": false,
          "max": 65535.301232,
          "min": 0.5,
          "name": "nSigF",
          "value": 42137.37117694932
        },
        {
          "error": 0.00319821799764608,
          "isConstant": false,
          "max": 1.5000000022650757,
          "min": 0.40000000060402024,
          "name": "sigmaF",
          "value": 0.40000021155276855
        }
      ],
      "floatParsInit": [
        {
          "error": 0.0,
          "isConstant": false,
          "max": 5.0,
          "min": -5.0,
          "name": "meanF",
          "value": -0.0
        },
        {
          "error": 0.0,
          "isConstant": false,
          "max": 65535.301232,
          "min": 0.5,
          "name": "nSigF",
          "value": 39321.180739
        },
        {
          "error": 0.0,
          "isConstant": false,
          "max": 1.5000000022650757,
          "min": 0.40000000060402024,
          "name": "sigmaF",
          "value": 0.5000000007550253
        }
      ],
      "minNll": -277368.2118426276,
      "numInvalidNLL": 0,
      "status": 160
    },
    "fail_quality": "check",
    "pass": {
      "covQual": -1,
      "edm": 0.21994618205953143,
      "floatParsFinal": [
        {
          "error": 0.006472440183028727,
          "isConstant": false,
          "max": 5.0,
          "min": -5.0,
          "name": "meanP",
          "value": 0.014235606674658285
        },
        {
          "error": 373.9313088824274,
          "isConstant": false,
          "max": 269221.320886,
          "min": 0.5,
          "name": "nSigP",
          "value": 173303.67704308144
        },
        {
          "error": 0.0009872035051394779,
          "isConstant": false,
          "max": 5.0,
          "min": 0.5,
          "name": "sigmaP",
          "value": 0.5000000007550253
        }
      ],
      "floatParsInit": [
        {
          "error": 0.0,
          "isConstant": false,
          "max": 5.0,
          "min": -5.0,
          "name": "meanP",
          "value": -0.0
        },
        {
          "error": 0.0,
          "isConstant": false,
          "max": 269221.320886,
          "min": 0.5,
          "name": "nSigP",
          "value": 161532.792531
        },
        {
          "error": 0.0,
          "isConstant": false,
          "max": 5.0,
          "min": 0.5,
          "name": "sigmaP",
          "value": 0.9
        }
      ],
      "minNll": -1395668.7369763157,
      "numInvalidNLL": 0,
      "status": 160
    },
    "pass_quality": "check",
    "root_read_error": null
  },
  "fit_type": "nominalFit",
  "histograms": {
    "fail": {
      "entries": 46168.0,
      "fit_window": {
        "bin1": 11,
        "bin2": 70,
        "max": 120.0,
        "min": 60.0
      },
      "integral_fit_window": 42136.464010643336,
      "integral_fit_window_error": 225.69393198674933,
      "integral_full": 43690.20082131582,
      "integral_full_error": 229.70421771753288,
      "maximum_bin_center": 91.5,
      "maximum_bin_content": 5744.377310754056,
      "mean": 95.06980235880674,
      "rms": 9.179983878625446
    },
    "pass": {
      "entries": 179147.0,
      "fit_window": {
        "bin1": 11,
        "bin2": 70,
        "max": 120.0,
        "min": 60.0
      },
      "integral_fit_window": 173304.83450372214,
      "integral_fit_window_error": 463.4642693888256,
      "integral_full": 179480.88059054632,
      "integral_full_error": 471.62977082995076,
      "maximum_bin_center": 91.5,
      "maximum_bin_content": 24797.35945311173,
      "mean": 94.99824071182928,
      "rms": 8.996835113591219
    }
  },
  "sample": {
    "fitOutputBinRoot": "/eos/home-p/pelai/HZa/root_TnP//hza_resolve_phid_2022postEE_sf//DY_MC_LO_2022postEE_hza_resolve_phid_2022postEE_sf.nominalFit-bin25_ph_sc_eta_0p00To0p80_ph_et_50p00To80p00.root",
    "fitOutputRoot": "/eos/home-p/pelai/HZa/root_TnP//hza_resolve_phid_2022postEE_sf//DY_MC_LO_2022postEE_hza_resolve_phid_2022postEE_sf.nominalFit.root",
    "histFile": "/eos/home-p/pelai/HZa/root_TnP//hza_resolve_phid_2022postEE_sf//DY_MC_LO_2022postEE_hza_resolve_phid_2022postEE_sf.root",
    "isMC": true,
    "mcRefHistFile": "/eos/home-p/pelai/HZa/root_TnP//hza_resolve_phid_2022postEE_sf//DY_MC_LO_2022postEE_hza_resolve_phid_2022postEE_sf.root",
    "mcTruth": true,
    "name": "DY_MC_LO_2022postEE"
  },
  "workspace": {
    "effective_parsed": [
      {
        "max": 5.0,
        "min": -5.0,
        "name": "meanP",
        "raw": "meanP[-0.0,-5.0,5.0]",
        "tokens": [
          "-0.0",
          "-5.0",
          "5.0"
        ],
        "value": -0.0
      },
      {
        "max": 5.0,
        "min": 0.5,
        "name": "sigmaP",
        "raw": "sigmaP[0.9,0.5,5.0]",
        "tokens": [
          "0.9",
          "0.5",
          "5.0"
        ],
        "value": 0.9
      },
      {
        "max": 5.0,
        "min": -5.0,
        "name": "meanF",
        "raw": "meanF[-0.0,-5.0,5.0]",
        "tokens": [
          "-0.0",
          "-5.0",
          "5.0"
        ],
        "value": -0.0
      },
      {
        "max": 5.0,
        "min": 0.5,
        "name": "sigmaF",
        "raw": "sigmaF[0.9,0.5,5.0]",
        "tokens": [
          "0.9",
          "0.5",
          "5.0"
        ],
        "value": 0.9
      },
      {
        "max": 80.0,
        "min": 50.0,
        "name": "acmsP",
        "raw": "acmsP[60.,50.,80.]",
        "tokens": [
          "60.",
          "50.",
          "80."
        ],
        "value": 60.0
      },
      {
        "max": 0.08,
        "min": 0.01,
        "name": "betaP",
        "raw": "betaP[0.05,0.01,0.08]",
        "tokens": [
          "0.05",
          "0.01",
          "0.08"
        ],
        "value": 0.05
      },
      {
        "max": 2.0,
        "min": -2.0,
        "name": "gammaP",
        "raw": "gammaP[0.1, -2, 2]",
        "tokens": [
          "0.1",
          "-2",
          "2"
        ],
        "value": 0.1
      },
      {
        "max": 90.0,
        "min": 82.0,
        "name": "peakP",
        "raw": "peakP[87.0,82.0,90.0]",
        "tokens": [
          "87.0",
          "82.0",
          "90.0"
        ],
        "value": 87.0
      },
      {
        "max": 80.0,
        "min": 50.0,
        "name": "acmsF",