{
  "bin": {
    "cut": "tag_Ele_pt > 35 && abs(tag_sc_eta) < 2.17 && ph_sc_eta >= 2.000000 && ph_sc_eta < 2.500000 && ph_et >= 10.000000 && ph_et < 20.000000",
    "index": 7,
    "name": "bin07_ph_sc_eta_2p00To2p50_ph_et_10p00To20p00",
    "title": "; 2.000 < ph_sc_eta < 2.500; 10.000 < ph_et < 20.000",
    "vars": {
      "ph_et": {
        "max": 20,
        "min": 10
      },
      "ph_sc_eta": {
        "max": 2.5,
        "min": 2.0
      }
    }
  },
  "created_at_utc": "2026-04-20T10:24:20.984965+00:00",
  "derived": {
    "efficiency": 0.7753485901200605,
    "efficiency_error": 0.0002724113559383831,
    "nSigF": {
      "error": 285.39658672420774,
      "isConstant": false,
      "max": 330039.367006,
      "min": 0.5,
      "name": "nSigF",
      "value": 207241.39104912628
    },
    "nSigP": {
      "error": 530.1779991647927,
      "isConstant": false,
      "max": 1142508.184168,
      "min": 0.5,
      "name": "nSigP",
      "value": 715260.6807601819
    }
  },
  "fit_metadata": {
    "bin_index": 7,
    "fail_hist_uses_pass_hist": false,
    "fit_range": {
      "max": 120.0,
      "min": 60.0
    },
    "truth_fail_template_uses_pass_hist": false,
    "truth_template_source": "/eos/home-p/pelai/HZa/root_TnP//hza_resolve_phid_lowpt_2024_sf//DY_MC_LO_2024_hza_resolve_phid_lowpt_2024_sf.root"
  },
  "fit_result": {
    "fail": {
      "covQual": -1,
      "edm": 104430.59124799304,
      "floatParsFinal": [
        {
          "error": 0.009171507616320795,
          "isConstant": false,
          "max": 5.0,
          "min": -5.0,
          "name": "meanF",
          "value": -0.0005278418350540548
        },
        {
          "error": 285.39658672420774,
          "isConstant": false,
          "max": 330039.367006,
          "min": 0.5,
          "name": "nSigF",
          "value": 207241.39104912628
        },
        {
          "error": 0.0026035264501175215,
          "isConstant": false,
          "max": 1.5000003142633833,
          "min": 0.4000000838035689,
          "name": "sigmaF",
          "value": 0.40000018585207353
        }
      ],
      "floatParsInit": [
        {
          "error": 0.0,
          "isConstant": false,
          "max": 5.0,
          "min": -5.0,
          "name": "meanF",
          "value": -0.0
        },
        {
          "error": 0.0,
          "isConstant": false,
          "max": 330039.367006,
          "min": 0.5,
          "name": "nSigF",
          "value": 198023.620203
        },
        {
          "error": 0.0,
          "isConstant": false,
          "max": 1.5000003142633833,
          "min": 0.4000000838035689,
          "name": "sigmaF",
          "value": 0.5000001047544611
        }
      ],
      "minNll": -1601306.6199306685,
      "numInvalidNLL": 0,
      "status": -1
    },
    "fail_quality": "check",
    "pass": {
      "covQual": -1,
      "edm": 0.009024490003002983,
      "floatParsFinal": [
        {
          "error": 0.004818069629153321,
          "isConstant": false,
          "max": 5.0,
          "min": -5.0,
          "name": "meanP",
          "value": 0.0029923499922226426
        },
        {
          "error": 530.1779991647927,
          "isConstant": false,
          "max": 1142508.184168,
          "min": 0.5,
          "name": "nSigP",
          "value": 715260.6807601819
        },
        {
          "error": 0.0011668326470201107,
          "isConstant": false,
          "max": 5.0,
          "min": 0.5,
          "name": "sigmaP",
          "value": 0.5000001047544611
        }
      ],
      "floatParsInit": [
        {
          "error": 0.0,
          "isConstant": false,
          "max": 5.0,
          "min": -5.0,
          "name": "meanP",
          "value": -0.0
        },
        {
          "error": 0.0,
          "isConstant": false,
          "max": 1142508.184168,
          "min": 0.5,
          "name": "nSigP",
          "value": 685504.910501
        },
        {
          "error": 0.0,
          "isConstant": false,
          "max": 5.0,
          "min": 0.5,
          "name": "sigmaP",
          "value": 0.9
        }
      ],
      "minNll": -6435461.742941813,
      "numInvalidNLL": 0,
      "status": 160
    },
    "pass_quality": "check",
    "root_read_error": null
  },
  "fit_type": "nominalFit",
  "histograms": {
    "fail": {
      "entries": 89980.0,
      "fit_window": {
        "bin1": 11,
        "bin2": 70,
        "max": 120.0,
        "min": 60.0
      },
      "integral_fit_window": 207246.26887104232,
      "integral_fit_window_error": 726.1510758327715,
      "integral_full": 220026.24467043558,
      "integral_full_error": 748.2509588359883,
      "maximum_bin_center": 90.5,
      "maximum_bin_content": 13896.529533412666,
      "mean": 85.66156385382423,
      "rms": 11.685898561941803
    },
    "pass": {
      "entries": 311549.0,
      "fit_window": {
        "bin1": 11,
        "bin2": 70,
        "max": 120.0,
        "min": 60.0
      },
      "integral_fit_window": 715261.9208043704,
      "integral_fit_window_error": 1349.0947208361235,
      "integral_full": 761672.1227789152,
      "integral_full_error": 1392.1876892095138,
      "maximum_bin_center": 89.5,
      "maximum_bin_content": 49836.61710493656,
      "mean": 85.7563380987953,
      "rms": 11.67299790264381
    }
  },
  "sample": {
    "fitOutputBinRoot": "/eos/home-p/pelai/HZa/root_TnP//hza_resolve_phid_lowpt_2024_sf//DY_MC_LO_2024_hza_resolve_phid_lowpt_2024_sf.nominalFit-bin07_ph_sc_eta_2p00To2p50_ph_et_10p00To20p00.root",
    "fitOutputRoot": "/eos/home-p/pelai/HZa/root_TnP//hza_resolve_phid_lowpt_2024_sf//DY_MC_LO_2024_hza_resolve_phid_lowpt_2024_sf.nominalFit.root",
    "histFile": "/eos/home-p/pelai/HZa/root_TnP//hza_resolve_phid_lowpt_2024_sf//DY_MC_LO_2024_hza_resolve_phid_lowpt_2024_sf.root",
    "isMC": true,
    "mcRefHistFile": "/eos/home-p/pelai/HZa/root_TnP//hza_resolve_phid_lowpt_2024_sf//DY_MC_LO_2024_hza_resolve_phid_lowpt_2024_sf.root",
    "mcTruth": true,
    "name": "DY_MC_LO_2024"
  },
  "workspace": {
    "effective_parsed": [
      {
        "max": 5.0,
        "min": -5.0,
        "name": "meanP",
        "raw": "meanP[-0.0,-5.0,5.0]",
        "tokens": [
          "-0.0",
          "-5.0",
          "5.0"
        ],
        "value": -0.0
      },
      {
        "max": 5.0,
        "min": 0.5,
        "name": "sigmaP",
        "raw": "sigmaP[0.9,0.5,5.0]",
        "tokens": [
          "0.9",
          "0.5",
          "5.0"
        ],
        "value": 0.9
      },
      {
        "max": 5.0,
        "min": -5.0,
        "name": "meanF",
        "raw": "meanF[-0.0,-5.0,5.0]",
        "tokens": [
          "-0.0",
          "-5.0",
          "5.0"
        ],
        "value": -0.0
      },
      {
        "max": 5.0,
        "min": 0.5,
        "name": "sigmaF",
        "raw": "sigmaF[2.0,0.5,5.0]",
        "tokens": [
          "2.0",
          "0.5",
          "5.0"
        ],
        "value": 2.0
      },
      {
        "max": 70.0,
        "min": 45.0,
        "name": "acmsP",
        "raw": "acmsP[60.,45.,70.]",
        "tokens": [
          "60.",
          "45.",
          "70."
        ],
        "value": 60.0
      },
      {
        "max": 0.08,
        "min": 0.01,
        "name": "betaP",
        "raw": "betaP[0.05,0.01,0.08]",
        "tokens": [
          "0.05",
          "0.01",
          "0.08"
        ],
        "value": 0.05
      },
      {
        "max": 2.0,
        "min": 0.02,
        "name": "gammaP",
        "raw": "gammaP[0.04, 0.02, 2]",
        "tokens": [
          "0.04",
          "0.02",
          "2"
        ],
        "value": 0.04
      },
      {
        "max": 90.0,
        "min": 82.0,
        "name": "peakP",
        "raw": "peakP[87.0,82.0,90.0]",
        "tokens": [
          "87.0",
          "82.0",
          "90.0"
        ],
        "value": 87.0
      },
      {
        "max": 80.0,
        "min": 35.0,
        "name": "acmsF",