{
  "bin": {
    "cut": "tag_Ele_pt > 35 && abs(tag_sc_eta) < 2.17 && ph_sc_eta >= 1.566000 && ph_sc_eta < 2.000000 && ph_et >= 10.000000 && ph_et < 20.000000",
    "index": 6,
    "name": "bin06_ph_sc_eta_1p57To2p00_ph_et_10p00To20p00",
    "title": "; 1.566 < ph_sc_eta < 2.000; 10.000 < ph_et < 20.000",
    "vars": {
      "ph_et": {
        "max": 20,
        "min": 10
      },
      "ph_sc_eta": {
        "max": 2.0,
        "min": 1.566
      }
    }
  },
  "created_at_utc": "2026-04-22T06:58:49.658390+00:00",
  "derived": {
    "efficiency": 0.5255018746581682,
    "efficiency_error": 0.0003081831796216267,
    "nSigF": {
      "error": 438.55394873864134,
      "isConstant": false,
      "max": 837226.15223,
      "min": 0.5,
      "name": "nSigF",
      "value": 489477.7235488361
    },
    "nSigP": {
      "error": 461.5162663660012,
      "isConstant": false,
      "max": 914877.403086,
      "min": 0.5,
      "name": "nSigP",
      "value": 542091.6281661214
    }
  },
  "fit_metadata": {
    "bin_index": 6,
    "fail_hist_uses_pass_hist": false,
    "fit_range": {
      "max": 120.0,
      "min": 60.0
    },
    "truth_fail_template_uses_pass_hist": false,
    "truth_template_source": "/eos/home-p/pelai/HZa/root_TnP//hza_resolve_phid_lowpt_2024_sf//DY_MC_LO_2024_hza_resolve_phid_lowpt_2024_sf.root"
  },
  "fit_result": {
    "fail": {
      "covQual": -1,
      "edm": 0.014368669886341433,
      "floatParsFinal": [
        {
          "error": 0.006952660324456961,
          "isConstant": false,
          "max": 5.0,
          "min": -5.0,
          "name": "meanF",
          "value": -0.0012752189541123116
        },
        {
          "error": 438.55394873864134,
          "isConstant": false,
          "max": 837226.15223,
          "min": 0.5,
          "name": "nSigF",
          "value": 489477.7235488361
        },
        {
          "error": 0.0032509096306125307,
          "isConstant": false,
          "max": 1.500009344755513,
          "min": 0.40000249193480353,
          "name": "sigmaF",
          "value": 0.4000027117786018
        }
      ],
      "floatParsInit": [
        {
          "error": 0.0,
          "isConstant": false,
          "max": 5.0,
          "min": -5.0,
          "name": "meanF",
          "value": -0.0
        },
        {
          "error": 0.0,
          "isConstant": false,
          "max": 837226.15223,
          "min": 0.5,
          "name": "nSigF",
          "value": 502335.691338
        },
        {
          "error": 0.0,
          "isConstant": false,
          "max": 1.500009344755513,
          "min": 0.40000249193480353,
          "name": "sigmaF",
          "value": 0.5000031149185044
        }
      ],
      "minNll": -4164569.2165878424,
      "numInvalidNLL": 0,
      "status": 160
    },
    "fail_quality": "check",
    "pass": {
      "covQual": -1,
      "edm": 0.17689062395565888,
      "floatParsFinal": [
        {
          "error": 0.005773943357408662,
          "isConstant": false,
          "max": 5.0,
          "min": -5.0,
          "name": "meanP",
          "value": -0.005667211489252644
        },
        {
          "error": 461.5162663660012,
          "isConstant": false,
          "max": 914877.403086,
          "min": 0.5,
          "name": "nSigP",
          "value": 542091.6281661214
        },
        {
          "error": 0.0018538002912207308,
          "isConstant": false,
          "max": 5.0,
          "min": 0.5,
          "name": "sigmaP",
          "value": 0.5000031149185044
        }
      ],
      "floatParsInit": [
        {
          "error": 0.0,
          "isConstant": false,
          "max": 5.0,
          "min": -5.0,
          "name": "meanP",
          "value": -0.0
        },
        {
          "error": 0.0,
          "isConstant": false,
          "max": 914877.403086,
          "min": 0.5,
          "name": "nSigP",
          "value": 548926.441852
        },
        {
          "error": 0.0,
          "isConstant": false,
          "max": 5.0,
          "min": 0.5,
          "name": "sigmaP",
          "value": 0.9
        }
      ],
      "minNll": -4715483.005647654,
      "numInvalidNLL": 0,
      "status": 160
    },
    "pass_quality": "check",
    "root_read_error": null
  },
  "fit_type": "nominalFit",
  "histograms": {
    "fail": {
      "entries": 228087.0,
      "fit_window": {
        "bin1": 11,
        "bin2": 70,
        "max": 120.0,
        "min": 60.0
      },
      "integral_fit_window": 489469.9428950252,
      "integral_fit_window_error": 1116.12020796467,
      "integral_full": 558150.7681534688,
      "integral_full_error": 1191.8308111453252,
      "maximum_bin_center": 88.5,
      "maximum_bin_content": 28510.364788362458,
      "mean": 80.94587448289806,
      "rms": 13.456446707907862
    },
    "pass": {
      "entries": 249323.0,
      "fit_window": {
        "bin1": 11,
        "bin2": 70,
        "max": 120.0,
        "min": 60.0
      },
      "integral_fit_window": 542089.5922325626,
      "integral_fit_window_error": 1174.5897125050017,
      "integral_full": 609918.2687242382,
      "integral_full_error": 1245.9179603649316,
      "maximum_bin_center": 88.5,
      "maximum_bin_content": 34637.22478145573,
      "mean": 80.89596866834879,
      "rms": 12.66740580709269
    }
  },
  "sample": {
    "fitOutputBinRoot": "/eos/home-p/pelai/HZa/root_TnP//hza_resolve_phid_lowpt_2024_sf//DY_MC_LO_2024_hza_resolve_phid_lowpt_2024_sf.nominalFit-bin06_ph_sc_eta_1p57To2p00_ph_et_10p00To20p00.root",
    "fitOutputRoot": "/eos/home-p/pelai/HZa/root_TnP//hza_resolve_phid_lowpt_2024_sf//DY_MC_LO_2024_hza_resolve_phid_lowpt_2024_sf.nominalFit.root",
    "histFile": "/eos/home-p/pelai/HZa/root_TnP//hza_resolve_phid_lowpt_2024_sf//DY_MC_LO_2024_hza_resolve_phid_lowpt_2024_sf.root",
    "isMC": true,
    "mcRefHistFile": "/eos/home-p/pelai/HZa/root_TnP//hza_resolve_phid_lowpt_2024_sf//DY_MC_LO_2024_hza_resolve_phid_lowpt_2024_sf.root",
    "mcTruth": true,
    "name": "DY_MC_LO_2024"
  },
  "workspace": {
    "effective_parsed": [
      {
        "max": 5.0,
        "min": -5.0,
        "name": "meanP",
        "raw": "meanP[-0.0,-5.0,5.0]",
        "tokens": [
          "-0.0",
          "-5.0",
          "5.0"
        ],
        "value": -0.0
      },
      {
        "max": 5.0,
        "min": 0.5,
        "name": "sigmaP",
        "raw": "sigmaP[0.9,0.5,5.0]",
        "tokens": [
          "0.9",
          "0.5",
          "5.0"
        ],
        "value": 0.9
      },
      {
        "max": 5.0,
        "min": -5.0,
        "name": "meanF",
        "raw": "meanF[-0.0,-5.0,5.0]",
        "tokens": [
          "-0.0",
          "-5.0",
          "5.0"
        ],
        "value": -0.0
      },
      {
        "max": 5.0,
        "min": 0.5,
        "name": "sigmaF",
        "raw": "sigmaF[2.0,0.5,5.0]",
        "tokens": [
          "2.0",
          "0.5",
          "5.0"
        ],
        "value": 2.0
      },
      {
        "max": 80.0,
        "min": 35.0,
        "name": "acmsP",
        "raw": "acmsP[55.,35.,80.]",
        "tokens": [
          "55.",
          "35.",
          "80."
        ],
        "value": 55.0
      },
      {
        "max": 0.1,
        "min": 0.005,
        "name": "betaP",
        "raw": "betaP[0.04,0.005,0.10]",
        "tokens": [
          "0.04",
          "0.005",
          "0.10"
        ],
        "value": 0.04
      },
      {
        "max": 2.0,
        "min": 0.005,
        "name": "gammaP",
        "raw": "gammaP[0.04, 0.005, 2]",
        "tokens": [
          "0.04",
          "0.005",
          "2"
        ],
        "value": 0.04
      },
      {
        "max": 90.0,
        "min": 82.0,
        "name": "peakP",
        "raw": "peakP[87.0,82.0,90.0]",
        "tokens": [
          "87.0",
          "82.0",
          "90.0"
        ],
        "value": 87.0
      },
      {
        "max": 90.0,
        "min": 30.0,
        "name": "acmsF",