{
  "bin": {
    "cut": "tag_Ele_pt > 35 && abs(tag_sc_eta) < 2.17 && ph_sc_eta >= -2.000000 && ph_sc_eta < -1.566000 && ph_et >= 10.000000 && ph_et < 20.000000",
    "index": 1,
    "name": "bin01_ph_sc_eta_m2p00Tom1p57_ph_et_10p00To20p00",
    "title": "; -2.000 < ph_sc_eta < -1.566; 10.000 < ph_et < 20.000",
    "vars": {
      "ph_et": {
        "max": 20,
        "min": 10
      },
      "ph_sc_eta": {
        "max": -1.566,
        "min": -2.0
      }
    }
  },
  "created_at_utc": "2026-04-20T10:24:20.122258+00:00",
  "derived": {
    "efficiency": 0.5284756360492888,
    "efficiency_error": 0.00030946615957409097,
    "nSigF": {
      "error": 435.1695644836873,
      "isConstant": false,
      "max": 780285.829543,
      "min": 0.5,
      "name": "nSigF",
      "value": 482029.3545922899
    },
    "nSigP": {
      "error": 460.72666807309724,
      "isConstant": false,
      "max": 868422.809887,
      "min": 0.5,
      "name": "nSigP",
      "value": 540249.4319237698
    }
  },
  "fit_metadata": {
    "bin_index": 1,
    "fail_hist_uses_pass_hist": false,
    "fit_range": {
      "max": 120.0,
      "min": 60.0
    },
    "truth_fail_template_uses_pass_hist": false,
    "truth_template_source": "/eos/home-p/pelai/HZa/root_TnP//hza_resolve_phid_lowpt_2024_sf//DY_MC_LO_2024_hza_resolve_phid_lowpt_2024_sf.root"
  },
  "fit_result": {
    "fail": {
      "covQual": -1,
      "edm": 0.08022168777480448,
      "floatParsFinal": [
        {
          "error": 0.006660537209729256,
          "isConstant": false,
          "max": 5.0,
          "min": -5.0,
          "name": "meanF",
          "value": 0.0007699841021882037
        },
        {
          "error": 435.1695644836873,
          "isConstant": false,
          "max": 780285.829543,
          "min": 0.5,
          "name": "nSigF",
          "value": 482029.3545922899
        },
        {
          "error": 0.0026837118532368753,
          "isConstant": false,
          "max": 1.50000000014244,
          "min": 0.400000000037984,
          "name": "sigmaF",
          "value": 0.400000001215986
        }
      ],
      "floatParsInit": [
        {
          "error": 0.0,
          "isConstant": false,
          "max": 5.0,
          "min": -5.0,
          "name": "meanF",
          "value": -0.0
        },
        {
          "error": 0.0,
          "isConstant": false,
          "max": 780285.829543,
          "min": 0.5,
          "name": "nSigF",
          "value": 468171.497726
        },
        {
          "error": 0.0,
          "isConstant": false,
          "max": 1.50000000014244,
          "min": 0.400000000037984,
          "name": "sigmaF",
          "value": 0.50000000004748
        }
      ],
      "minNll": -4119343.8981614206,
      "numInvalidNLL": 0,
      "status": 160
    },
    "fail_quality": "check",
    "pass": {
      "covQual": -1,
      "edm": 0.009499475122151638,
      "floatParsFinal": [
        {
          "error": 0.005521185347413304,
          "isConstant": false,
          "max": 5.0,
          "min": -5.0,
          "name": "meanP",
          "value": -0.0022566776996768567
        },
        {
          "error": 460.72666807309724,
          "isConstant": false,
          "max": 868422.809887,
          "min": 0.5,
          "name": "nSigP",
          "value": 540249.4319237698
        },
        {
          "error": 0.002152164019504521,
          "isConstant": false,
          "max": 5.0,
          "min": 0.5,
          "name": "sigmaP",
          "value": 0.50000000004748
        }
      ],
      "floatParsInit": [
        {
          "error": 0.0,
          "isConstant": false,
          "max": 5.0,
          "min": -5.0,
          "name": "meanP",
          "value": -0.0
        },
        {
          "error": 0.0,
          "isConstant": false,
          "max": 868422.809887,
          "min": 0.5,
          "name": "nSigP",
          "value": 521053.685932
        },
        {
          "error": 0.0,
          "isConstant": false,
          "max": 5.0,
          "min": 0.5,
          "name": "sigmaP",
          "value": 0.9
        }
      ],
      "minNll": -4729493.135968182,
      "numInvalidNLL": 0,
      "status": 160
    },
    "pass_quality": "check",
    "root_read_error": null
  },
  "fit_type": "nominalFit",
  "histograms": {
    "fail": {
      "entries": 212561.0,
      "fit_window": {
        "bin1": 11,
        "bin2": 70,
        "max": 120.0,
        "min": 60.0
      },
      "integral_fit_window": 482024.1923544463,
      "integral_fit_window_error": 1107.684646686234,
      "integral_full": 520190.5530284579,
      "integral_full_error": 1150.6581115551203,
      "maximum_bin_center": 88.5,
      "maximum_bin_content": 29202.845410465605,
      "mean": 83.21653886477178,
      "rms": 11.877039197198652
    },
    "pass": {
      "entries": 236600.0,
      "fit_window": {
        "bin1": 11,
        "bin2": 70,
        "max": 120.0,
        "min": 60.0
      },
      "integral_fit_window": 540249.0500354784,
      "integral_fit_window_error": 1172.6040575965933,
      "integral_full": 578948.5399244643,
      "integral_full_error": 1213.8300918093519,
      "maximum_bin_center": 88.5,
      "maximum_bin_content": 36298.4677159214,
      "mean": 82.97938874276352,
      "rms": 11.152872162228634
    }
  },
  "sample": {
    "fitOutputBinRoot": "/eos/home-p/pelai/HZa/root_TnP//hza_resolve_phid_lowpt_2024_sf//DY_MC_LO_2024_hza_resolve_phid_lowpt_2024_sf.nominalFit-bin01_ph_sc_eta_m2p00Tom1p57_ph_et_10p00To20p00.root",
    "fitOutputRoot": "/eos/home-p/pelai/HZa/root_TnP//hza_resolve_phid_lowpt_2024_sf//DY_MC_LO_2024_hza_resolve_phid_lowpt_2024_sf.nominalFit.root",
    "histFile": "/eos/home-p/pelai/HZa/root_TnP//hza_resolve_phid_lowpt_2024_sf//DY_MC_LO_2024_hza_resolve_phid_lowpt_2024_sf.root",
    "isMC": true,
    "mcRefHistFile": "/eos/home-p/pelai/HZa/root_TnP//hza_resolve_phid_lowpt_2024_sf//DY_MC_LO_2024_hza_resolve_phid_lowpt_2024_sf.root",
    "mcTruth": true,
    "name": "DY_MC_LO_2024"
  },
  "workspace": {
    "effective_parsed": [
      {
        "max": 5.0,
        "min": -5.0,
        "name": "meanP",
        "raw": "meanP[-0.0,-5.0,5.0]",
        "tokens": [
          "-0.0",
          "-5.0",
          "5.0"
        ],
        "value": -0.0
      },
      {
        "max": 5.0,
        "min": 0.5,
        "name": "sigmaP",
        "raw": "sigmaP[0.9,0.5,5.0]",
        "tokens": [
          "0.9",
          "0.5",
          "5.0"
        ],
        "value": 0.9
      },
      {
        "max": 5.0,
        "min": -5.0,
        "name": "meanF",
        "raw": "meanF[-0.0,-5.0,5.0]",
        "tokens": [
          "-0.0",
          "-5.0",
          "5.0"
        ],
        "value": -0.0
      },
      {
        "max": 5.0,
        "min": 0.5,
        "name": "sigmaF",
        "raw": "sigmaF[2.0,0.5,5.0]",
        "tokens": [
          "2.0",
          "0.5",
          "5.0"
        ],
        "value": 2.0
      },
      {
        "max": 70.0,
        "min": 45.0,
        "name": "acmsP",
        "raw": "acmsP[60.,45.,70.]",
        "tokens": [
          "60.",
          "45.",
          "70."
        ],
        "value": 60.0
      },
      {
        "max": 0.08,
        "min": 0.01,
        "name": "betaP",
        "raw": "betaP[0.05,0.01,0.08]",
        "tokens": [
          "0.05",
          "0.01",
          "0.08"
        ],
        "value": 0.05
      },
      {
        "max": 2.0,
        "min": 0.02,
        "name": "gammaP",
        "raw": "gammaP[0.04, 0.02, 2]",
        "tokens": [
          "0.04",
          "0.02",
          "2"
        ],
        "value": 0.04
      },
      {
        "max": 90.0,
        "min": 82.0,
        "name": "peakP",
        "raw": "peakP[87.0,82.0,90.0]",
        "tokens": [
          "87.0",
          "82.0",
          "90.0"
        ],
        "value": 87.0
      },
      {
        "max": 80.0,
        "min": 35.0,
        "name": "acmsF",
        "raw": "acmsF[60.,35.,80.]",