{
  "bin": {
    "cut": "tag_Ele_pt > 35 && abs(tag_sc_eta) < 2.17 && ph_sc_eta >= -1.444200 && ph_sc_eta < 0.000000 && ph_et >= 10.000000 && ph_et < 20.000000",
    "index": 3,
    "name": "bin03_ph_sc_eta_m1p44To0p00_ph_et_10p00To20p00",
    "title": "; -1.444 < ph_sc_eta < 0.000; 10.000 < ph_et < 20.000",
    "vars": {
      "ph_et": {
        "max": 20,
        "min": 10
      },
      "ph_sc_eta": {
        "max": 0.0,
        "min": -1.4442
      }
    }
  },
  "created_at_utc": "2026-04-20T10:24:20.569442+00:00",
  "derived": {
    "efficiency": 0.7204599927181542,
    "efficiency_error": 0.0001487602935833234,
    "nSigF": {
      "error": 626.7445893915137,
      "isConstant": false,
      "max": 1691549.167543,
      "min": 0.5,
      "name": "nSigF",
      "value": 999648.7391541004
    },
    "nSigP": {
      "error": 1006.1331834974699,
      "isConstant": false,
      "max": 4353470.786191,
      "min": 0.5,
      "name": "nSigP",
      "value": 2576400.17375233
    }
  },
  "fit_metadata": {
    "bin_index": 3,
    "fail_hist_uses_pass_hist": false,
    "fit_range": {
      "max": 120.0,
      "min": 60.0
    },
    "truth_fail_template_uses_pass_hist": false,
    "truth_template_source": "/eos/home-p/pelai/HZa/root_TnP//hza_resolve_phid_lowpt_2024_sf//DY_MC_LO_2024_hza_resolve_phid_lowpt_2024_sf.root"
  },
  "fit_result": {
    "fail": {
      "covQual": -1,
      "edm": 0.007789980521218542,
      "floatParsFinal": [
        {
          "error": 0.003941888412248851,
          "isConstant": false,
          "max": 5.0,
          "min": -5.0,
          "name": "meanF",
          "value": -0.002765605158240092
        },
        {
          "error": 626.7445893915137,
          "isConstant": false,
          "max": 1691549.167543,
          "min": 0.5,
          "name": "nSigF",
          "value": 999648.7391541004
        },
        {
          "error": 0.0014538398998565627,
          "isConstant": false,
          "max": 1.50000055634063,
          "min": 0.4000001483575013,
          "name": "sigmaF",
          "value": 0.40000057153630353
        }
      ],
      "floatParsInit": [
        {
          "error": 0.0,
          "isConstant": false,
          "max": 5.0,
          "min": -5.0,
          "name": "meanF",
          "value": -0.0
        },
        {
          "error": 0.0,
          "isConstant": false,
          "max": 1691549.167543,
          "min": 0.5,
          "name": "nSigF",
          "value": 1014929.500526
        },
        {
          "error": 0.0,
          "isConstant": false,
          "max": 1.50000055634063,
          "min": 0.4000001483575013,
          "name": "sigmaF",
          "value": 0.5000001854468766
        }
      ],
      "minNll": -9290077.625927532,
      "numInvalidNLL": 0,
      "status": 160
    },
    "fail_quality": "check",
    "pass": {
      "covQual": -1,
      "edm": 0.0006020428295282004,
      "floatParsFinal": [
        {
          "error": 0.0022665408454121128,
          "isConstant": false,
          "max": 5.0,
          "min": -5.0,
          "name": "meanP",
          "value": -0.007299968408680968
        },
        {
          "error": 1006.1331834974699,
          "isConstant": false,
          "max": 4353470.786191,
          "min": 0.5,
          "name": "nSigP",
          "value": 2576400.17375233
        },
        {
          "error": 0.000342129550414072,
          "isConstant": false,
          "max": 5.0,
          "min": 0.5,
          "name": "sigmaP",
          "value": 0.5000001854468766
        }
      ],
      "floatParsInit": [
        {
          "error": 0.0,
          "isConstant": false,
          "max": 5.0,
          "min": -5.0,
          "name": "meanP",
          "value": -0.0
        },
        {
          "error": 0.0,
          "isConstant": false,
          "max": 4353470.786191,
          "min": 0.5,
          "name": "nSigP",
          "value": 2612082.471715
        },
        {
          "error": 0.0,
          "isConstant": false,
          "max": 5.0,
          "min": 0.5,
          "name": "sigmaP",
          "value": 0.9
        }
      ],
      "minNll": -26553616.91335301,
      "numInvalidNLL": 0,
      "status": 160
    },
    "pass_quality": "check",
    "root_read_error": null
  },
  "fit_type": "nominalFit",
  "histograms": {
    "fail": {
      "entries": 461087.0,
      "fit_window": {
        "bin1": 11,
        "bin2": 70,
        "max": 120.0,
        "min": 60.0
      },
      "integral_fit_window": 999647.0557566195,
      "integral_fit_window_error": 1594.986692920937,
      "integral_full": 1127699.4450285402,
      "integral_full_error": 1694.0324780240862,
      "maximum_bin_center": 89.5,
      "maximum_bin_content": 68653.04513622283,
      "mean": 80.9183299489439,
      "rms": 13.035975245998305
    },
    "pass": {
      "entries": 1186069.0,
      "fit_window": {
        "bin1": 11,
        "bin2": 70,
        "max": 120.0,
        "min": 60.0
      },
      "integral_fit_window": 2576380.6343013397,
      "integral_fit_window_error": 2560.6975861328633,
      "integral_full": 2902313.8574609426,
      "integral_full_error": 2717.835334282731,
      "maximum_bin_center": 89.5,
      "maximum_bin_content": 187027.01414519973,
      "mean": 81.12790997907703,
      "rms": 12.788639733104954
    }
  },
  "sample": {
    "fitOutputBinRoot": "/eos/home-p/pelai/HZa/root_TnP//hza_resolve_phid_lowpt_2024_sf//DY_MC_LO_2024_hza_resolve_phid_lowpt_2024_sf.nominalFit-bin03_ph_sc_eta_m1p44To0p00_ph_et_10p00To20p00.root",
    "fitOutputRoot": "/eos/home-p/pelai/HZa/root_TnP//hza_resolve_phid_lowpt_2024_sf//DY_MC_LO_2024_hza_resolve_phid_lowpt_2024_sf.nominalFit.root",
    "histFile": "/eos/home-p/pelai/HZa/root_TnP//hza_resolve_phid_lowpt_2024_sf//DY_MC_LO_2024_hza_resolve_phid_lowpt_2024_sf.root",
    "isMC": true,
    "mcRefHistFile": "/eos/home-p/pelai/HZa/root_TnP//hza_resolve_phid_lowpt_2024_sf//DY_MC_LO_2024_hza_resolve_phid_lowpt_2024_sf.root",
    "mcTruth": true,
    "name": "DY_MC_LO_2024"
  },
  "workspace": {
    "effective_parsed": [
      {
        "max": 5.0,
        "min": -5.0,
        "name": "meanP",
        "raw": "meanP[-0.0,-5.0,5.0]",
        "tokens": [
          "-0.0",
          "-5.0",
          "5.0"
        ],
        "value": -0.0
      },
      {
        "max": 5.0,
        "min": 0.5,
        "name": "sigmaP",
        "raw": "sigmaP[0.9,0.5,5.0]",
        "tokens": [
          "0.9",
          "0.5",
          "5.0"
        ],
        "value": 0.9
      },
      {
        "max": 5.0,
        "min": -5.0,
        "name": "meanF",
        "raw": "meanF[-0.0,-5.0,5.0]",
        "tokens": [
          "-0.0",
          "-5.0",
          "5.0"
        ],
        "value": -0.0
      },
      {
        "max": 5.0,
        "min": 0.5,
        "name": "sigmaF",
        "raw": "sigmaF[2.0,0.5,5.0]",
        "tokens": [
          "2.0",
          "0.5",
          "5.0"
        ],
        "value": 2.0
      },
      {
        "max": 70.0,
        "min": 45.0,
        "name": "acmsP",
        "raw": "acmsP[60.,45.,70.]",
        "tokens": [
          "60.",
          "45.",
          "70."
        ],
        "value": 60.0
      },
      {
        "max": 0.08,
        "min": 0.01,
        "name": "betaP",
        "raw": "betaP[0.05,0.01,0.08]",
        "tokens": [
          "0.05",
          "0.01",
          "0.08"
        ],
        "value": 0.05
      },
      {
        "max": 2.0,
        "min": 0.02,
        "name": "gammaP",
        "raw": "gammaP[0.04, 0.02, 2]",
        "tokens": [
          "0.04",
          "0.02",
          "2"
        ],
        "value": 0.04
      },
      {
        "max": 90.0,
        "min": 82.0,
        "name": "peakP",
        "raw": "peakP[87.0,82.0,90.0]",
        "tokens": [
          "87.0",
          "82.0",
          "90.0"
        ],
        "value": 87.0
      },
      {
        "max": 80.0,
        "min": 35.0,
        "name": "acmsF",