{
  "bin": {
    "cut": "tag_Ele_pt > 35 && abs(tag_sc_eta) < 2.17 && ph_sc_eta >= -2.500000 && ph_sc_eta < -2.000000 && ph_et >= 10.000000 && ph_et < 20.000000",
    "index": 0,
    "name": "bin00_ph_sc_eta_m2p50Tom2p00_ph_et_10p00To20p00",
    "title": "; -2.500 < ph_sc_eta < -2.000; 10.000 < ph_et < 20.000",
    "vars": {
      "ph_et": {
        "max": 20,
        "min": 10
      },
      "ph_sc_eta": {
        "max": -2.0,
        "min": -2.5
      }
    }
  },
  "created_at_utc": "2026-04-22T14:58:42.285988+00:00",
  "derived": {
    "efficiency": 0.774165108164832,
    "efficiency_error": 0.00027603405312678165,
    "nSigF": {
      "error": 282.7955793725705,
      "isConstant": false,
      "max": 329121.246679,
      "min": 0.5,
      "name": "nSigF",
      "value": 203580.60262578586
    },
    "nSigP": {
      "error": 523.6923791465815,
      "isConstant": false,
      "max": 1127304.300925,
      "min": 0.5,
      "name": "nSigP",
      "value": 697877.0993770338
    }
  },
  "fit_metadata": {
    "bin_index": 0,
    "fail_hist_uses_pass_hist": false,
    "fit_range": {
      "max": 120.0,
      "min": 60.0
    },
    "truth_fail_template_uses_pass_hist": false,
    "truth_template_source": "/eos/home-p/pelai/HZa/root_TnP//hza_resolve_phid_lowpt_2024_sf//DY_MC_LO_2024_hza_resolve_phid_lowpt_2024_sf.root"
  },
  "fit_result": {
    "fail": {
      "covQual": -1,
      "edm": 0.0199579984514096,
      "floatParsFinal": [
        {
          "error": 0.009450037656547838,
          "isConstant": false,
          "max": 5.0,
          "min": -5.0,
          "name": "meanF",
          "value": 0.0007295093611014991
        },
        {
          "error": 282.7955793725705,
          "isConstant": false,
          "max": 329121.246679,
          "min": 0.5,
          "name": "nSigF",
          "value": 203580.60262578586
        },
        {
          "error": 0.002932985843762309,
          "isConstant": false,
          "max": 1.5000003353383078,
          "min": 0.40000008942354875,
          "name": "sigmaF",
          "value": 0.40000009558653854
        }
      ],
      "floatParsInit": [
        {
          "error": 0.0,
          "isConstant": false,
          "max": 5.0,
          "min": -5.0,
          "name": "meanF",
          "value": -0.0
        },
        {
          "error": 0.0,
          "isConstant": false,
          "max": 329121.246679,
          "min": 0.5,
          "name": "nSigF",
          "value": 197472.748007
        },
        {
          "error": 0.0,
          "isConstant": false,
          "max": 1.5000003353383078,
          "min": 0.40000008942354875,
          "name": "sigmaF",
          "value": 0.5000001117794359
        }
      ],
      "minNll": -1567053.2270826274,
      "numInvalidNLL": 0,
      "status": 160
    },
    "fail_quality": "check",
    "pass": {
      "covQual": -1,
      "edm": 2.7170181032441234e-05,
      "floatParsFinal": [
        {
          "error": 0.004995615484178817,
          "isConstant": false,
          "max": 5.0,
          "min": -5.0,
          "name": "meanP",
          "value": 0.0009319045600104658
        },
        {
          "error": 523.6923791465815,
          "isConstant": false,
          "max": 1127304.300925,
          "min": 0.5,
          "name": "nSigP",
          "value": 697877.0993770338
        },
        {
          "error": 0.0012172809536809548,
          "isConstant": false,
          "max": 5.0,
          "min": 0.5,
          "name": "sigmaP",
          "value": 0.5000001117794359
        }
      ],
      "floatParsInit": [
        {
          "error": 0.0,
          "isConstant": false,
          "max": 5.0,
          "min": -5.0,
          "name": "meanP",
          "value": -0.0
        },
        {
          "error": 0.0,
          "isConstant": false,
          "max": 1127304.300925,
          "min": 0.5,
          "name": "nSigP",
          "value": 676382.580555
        },
        {
          "error": 0.0,
          "isConstant": false,
          "max": 5.0,
          "min": 0.5,
          "name": "sigmaP",
          "value": 0.9
        }
      ],
      "minNll": -6253657.1735679135,
      "numInvalidNLL": 0,
      "status": 160
    },
    "pass_quality": "check",
    "root_read_error": null
  },
  "fit_type": "nominalFit",
  "histograms": {
    "fail": {
      "entries": 89572.0,
      "fit_window": {
        "bin1": 11,
        "bin2": 70,
        "max": 120.0,
        "min": 60.0
      },
      "integral_fit_window": 203580.11507538127,
      "integral_fit_window_error": 719.8880124727725,
      "integral_full": 219414.16445269473,
      "integral_full_error": 747.3501554039628,
      "maximum_bin_center": 89.5,
      "maximum_bin_content": 13320.693969664533,
      "mean": 85.07789027703052,
      "rms": 12.236398045850326
    },
    "pass": {
      "entries": 307413.0,
      "fit_window": {
        "bin1": 11,
        "bin2": 70,
        "max": 120.0,
        "min": 60.0
      },
      "integral_fit_window": 697879.5646536759,
      "integral_fit_window_error": 1332.6089919124922,
      "integral_full": 751536.2006166843,
      "integral_full_error": 1382.8692917391113,
      "maximum_bin_center": 90.5,
      "maximum_bin_content": 47169.56460162643,
      "mean": 85.31978669690055,
      "rms": 12.131868043782442
    }
  },
  "sample": {
    "fitOutputBinRoot": "/eos/home-p/pelai/HZa/root_TnP//hza_resolve_phid_lowpt_2024_sf//DY_MC_LO_2024_hza_resolve_phid_lowpt_2024_sf.nominalFit-bin00_ph_sc_eta_m2p50Tom2p00_ph_et_10p00To20p00.root",
    "fitOutputRoot": "/eos/home-p/pelai/HZa/root_TnP//hza_resolve_phid_lowpt_2024_sf//DY_MC_LO_2024_hza_resolve_phid_lowpt_2024_sf.nominalFit.root",
    "histFile": "/eos/home-p/pelai/HZa/root_TnP//hza_resolve_phid_lowpt_2024_sf//DY_MC_LO_2024_hza_resolve_phid_lowpt_2024_sf.root",
    "isMC": true,
    "mcRefHistFile": "/eos/home-p/pelai/HZa/root_TnP//hza_resolve_phid_lowpt_2024_sf//DY_MC_LO_2024_hza_resolve_phid_lowpt_2024_sf.root",
    "mcTruth": true,
    "name": "DY_MC_LO_2024"
  },
  "workspace": {
    "effective_parsed": [
      {
        "max": 5.0,
        "min": -5.0,
        "name": "meanP",
        "raw": "meanP[-0.0,-5.0,5.0]",
        "tokens": [
          "-0.0",
          "-5.0",
          "5.0"
        ],
        "value": -0.0
      },
      {
        "max": 5.0,
        "min": 0.5,
        "name": "sigmaP",
        "raw": "sigmaP[0.9,0.5,5.0]",
        "tokens": [
          "0.9",
          "0.5",
          "5.0"
        ],
        "value": 0.9
      },
      {
        "max": 5.0,
        "min": -5.0,
        "name": "meanF",
        "raw": "meanF[-0.0,-5.0,5.0]",
        "tokens": [
          "-0.0",
          "-5.0",
          "5.0"
        ],
        "value": -0.0
      },
      {
        "max": 5.0,
        "min": 0.5,
        "name": "sigmaF",
        "raw": "sigmaF[2.0,0.5,5.0]",
        "tokens": [
          "2.0",
          "0.5",
          "5.0"
        ],
        "value": 2.0
      },
      {
        "max": 80.0,
        "min": 35.0,
        "name": "acmsP",
        "raw": "acmsP[55.,35.,80.]",
        "tokens": [
          "55.",
          "35.",
          "80."
        ],
        "value": 55.0
      },
      {
        "max": 0.1,
        "min": 0.005,
        "name": "betaP",
        "raw": "betaP[0.04,0.005,0.10]",
        "tokens": [
          "0.04",
          "0.005",
          "0.10"
        ],
        "value": 0.04
      },
      {
        "max": 2.0,
        "min": 0.005,
        "name": "gammaP",
        "raw": "gammaP[0.04, 0.005, 2]",
        "tokens": [
          "0.04",
          "0.005",
          "2"
        ],
        "value": 0.04
      },
      {
        "max": 90.0,
        "min": 82.0,
        "name": "peakP",
        "raw": "peakP[87.0,82.0,90.0]",
        "tokens": [
          "87.0",
          "82.0",
          "90.0"
        ],
        "value": 87.0
      },
      {
        "max": 90.0,
        "min": 30.0,
        "name": "acmsF",