{
  "bin": {
    "cut": "tag_Ele_pt > 35 && abs(tag_sc_eta) < 2.17 && ph_sc_eta >= 0.000000 && ph_sc_eta < 1.444200 && ph_et >= 10.000000 && ph_et < 20.000000",
    "index": 4,
    "name": "bin04_ph_sc_eta_0p00To1p44_ph_et_10p00To20p00",
    "title": "; 0.000 < ph_sc_eta < 1.444; 10.000 < ph_et < 20.000",
    "vars": {
      "ph_et": {
        "max": 20,
        "min": 10
      },
      "ph_sc_eta": {
        "max": 1.4442,
        "min": 0.0
      }
    }
  },
  "created_at_utc": "2026-04-20T10:24:20.221755+00:00",
  "derived": {
    "efficiency": 0.7161125041112442,
    "efficiency_error": 0.00015100402819220792,
    "nSigF": {
      "error": 625.177605248522,
      "isConstant": false,
      "max": 1652984.070214,
      "min": 0.5,
      "name": "nSigF",
      "value": 994604.560252006
    },
    "nSigP": {
      "error": 992.92452378897,
      "isConstant": false,
      "max": 4179688.283604,
      "min": 0.5,
      "name": "nSigP",
      "value": 2508912.060436888
    }
  },
  "fit_metadata": {
    "bin_index": 4,
    "fail_hist_uses_pass_hist": false,
    "fit_range": {
      "max": 120.0,
      "min": 60.0
    },
    "truth_fail_template_uses_pass_hist": false,
    "truth_template_source": "/eos/home-p/pelai/HZa/root_TnP//hza_resolve_phid_lowpt_2024_sf//DY_MC_LO_2024_hza_resolve_phid_lowpt_2024_sf.root"
  },
  "fit_result": {
    "fail": {
      "covQual": -1,
      "edm": 0.009579415982601825,
      "floatParsFinal": [
        {
          "error": 0.003868897135613114,
          "isConstant": false,
          "max": 5.0,
          "min": -5.0,
          "name": "meanF",
          "value": -0.0033705486354147496
        },
        {
          "error": 625.177605248522,
          "isConstant": false,
          "max": 1652984.070214,
          "min": 0.5,
          "name": "nSigF",
          "value": 994604.560252006
        },
        {
          "error": 0.0010905504054362358,
          "isConstant": false,
          "max": 1.5000023608198507,
          "min": 0.4000006295519602,
          "name": "sigmaF",
          "value": 0.4000007558765921
        }
      ],
      "floatParsInit": [
        {
          "error": 0.0,
          "isConstant": false,
          "max": 5.0,
          "min": -5.0,
          "name": "meanF",
          "value": -0.0
        },
        {
          "error": 0.0,
          "isConstant": false,
          "max": 1652984.070214,
          "min": 0.5,
          "name": "nSigF",
          "value": 991790.442129
        },
        {
          "error": 0.0,
          "isConstant": false,
          "max": 1.5000023608198507,
          "min": 0.4000006295519602,
          "name": "sigmaF",
          "value": 0.5000007869399502
        }
      ],
      "minNll": -9250695.974747034,
      "numInvalidNLL": 0,
      "status": 160
    },
    "fail_quality": "check",
    "pass": {
      "covQual": -1,
      "edm": 0.043274212340078,
      "floatParsFinal": [
        {
          "error": 0.002255586663241882,
          "isConstant": false,
          "max": 5.0,
          "min": -5.0,
          "name": "meanP",
          "value": -0.007894697223914449
        },
        {
          "error": 992.92452378897,
          "isConstant": false,
          "max": 4179688.283604,
          "min": 0.5,
          "name": "nSigP",
          "value": 2508912.060436888
        },
        {
          "error": 0.00032974971119026364,
          "isConstant": false,
          "max": 5.0,
          "min": 0.5,
          "name": "sigmaP",
          "value": 0.5000007869399502
        }
      ],
      "floatParsInit": [
        {
          "error": 0.0,
          "isConstant": false,
          "max": 5.0,
          "min": -5.0,
          "name": "meanP",
          "value": -0.0
        },
        {
          "error": 0.0,
          "isConstant": false,
          "max": 4179688.283604,
          "min": 0.5,
          "name": "nSigP",
          "value": 2507812.970162
        },
        {
          "error": 0.0,
          "isConstant": false,
          "max": 5.0,
          "min": 0.5,
          "name": "sigmaP",
          "value": 0.9
        }
      ],
      "minNll": -25829866.14867034,
      "numInvalidNLL": 0,
      "status": 160
    },
    "pass_quality": "check",
    "root_read_error": null
  },
  "fit_type": "nominalFit",
  "histograms": {
    "fail": {
      "entries": 450590.0,
      "fit_window": {
        "bin1": 11,
        "bin2": 70,
        "max": 120.0,
        "min": 60.0
      },
      "integral_fit_window": 994613.9815538333,
      "integral_fit_window_error": 1590.9139486238314,
      "integral_full": 1101989.380142938,
      "integral_full_error": 1674.6035752731773,
      "maximum_bin_center": 89.5,
      "maximum_bin_content": 69823.08695939361,
      "mean": 81.68817375113838,
      "rms": 12.630144828610293
    },
    "pass": {
      "entries": 1139467.0,
      "fit_window": {
        "bin1": 11,
        "bin2": 70,
        "max": 120.0,
        "min": 60.0
      },
      "integral_fit_window": 2508912.6440421515,
      "integral_fit_window_error": 2526.763273057204,
      "integral_full": 2786458.8557359534,
      "integral_full_error": 2662.8836203702385,
      "maximum_bin_center": 89.5,
      "maximum_bin_content": 188212.58612376204,
      "mean": 81.77457611695375,
      "rms": 12.449244437988282
    }
  },
  "sample": {
    "fitOutputBinRoot": "/eos/home-p/pelai/HZa/root_TnP//hza_resolve_phid_lowpt_2024_sf//DY_MC_LO_2024_hza_resolve_phid_lowpt_2024_sf.nominalFit-bin04_ph_sc_eta_0p00To1p44_ph_et_10p00To20p00.root",
    "fitOutputRoot": "/eos/home-p/pelai/HZa/root_TnP//hza_resolve_phid_lowpt_2024_sf//DY_MC_LO_2024_hza_resolve_phid_lowpt_2024_sf.nominalFit.root",
    "histFile": "/eos/home-p/pelai/HZa/root_TnP//hza_resolve_phid_lowpt_2024_sf//DY_MC_LO_2024_hza_resolve_phid_lowpt_2024_sf.root",
    "isMC": true,
    "mcRefHistFile": "/eos/home-p/pelai/HZa/root_TnP//hza_resolve_phid_lowpt_2024_sf//DY_MC_LO_2024_hza_resolve_phid_lowpt_2024_sf.root",
    "mcTruth": true,
    "name": "DY_MC_LO_2024"
  },
  "workspace": {
    "effective_parsed": [
      {
        "max": 5.0,
        "min": -5.0,
        "name": "meanP",
        "raw": "meanP[-0.0,-5.0,5.0]",
        "tokens": [
          "-0.0",
          "-5.0",
          "5.0"
        ],
        "value": -0.0
      },
      {
        "max": 5.0,
        "min": 0.5,
        "name": "sigmaP",
        "raw": "sigmaP[0.9,0.5,5.0]",
        "tokens": [
          "0.9",
          "0.5",
          "5.0"
        ],
        "value": 0.9
      },
      {
        "max": 5.0,
        "min": -5.0,
        "name": "meanF",
        "raw": "meanF[-0.0,-5.0,5.0]",
        "tokens": [
          "-0.0",
          "-5.0",
          "5.0"
        ],
        "value": -0.0
      },
      {
        "max": 5.0,
        "min": 0.5,
        "name": "sigmaF",
        "raw": "sigmaF[2.0,0.5,5.0]",
        "tokens": [
          "2.0",
          "0.5",
          "5.0"
        ],
        "value": 2.0
      },
      {
        "max": 70.0,
        "min": 45.0,
        "name": "acmsP",
        "raw": "acmsP[60.,45.,70.]",
        "tokens": [
          "60.",
          "45.",
          "70."
        ],
        "value": 60.0
      },
      {
        "max": 0.08,
        "min": 0.01,
        "name": "betaP",
        "raw": "betaP[0.05,0.01,0.08]",
        "tokens": [
          "0.05",
          "0.01",
          "0.08"
        ],
        "value": 0.05
      },
      {
        "max": 2.0,
        "min": 0.02,
        "name": "gammaP",
        "raw": "gammaP[0.04, 0.02, 2]",
        "tokens": [
          "0.04",
          "0.02",
          "2"
        ],
        "value": 0.04
      },
      {
        "max": 90.0,
        "min": 82.0,
        "name": "peakP",
        "raw": "peakP[87.0,82.0,90.0]",
        "tokens": [
          "87.0",
          "82.0",
          "90.0"
        ],
        "value": 87.0
      },
      {
        "max": 80.0,
        "min": 35.0,
        "name": "acmsF",