{
  "bin": {
    "cut": "tag_Ele_pt > 35 && abs(tag_sc_eta) < 2.17 && ph_sc_eta >= 1.566000 && ph_sc_eta < 2.000000 && ph_et >= 10.000000 && ph_et < 20.000000",
    "index": 6,
    "name": "bin06_ph_sc_eta_1p57To2p00_ph_et_10p00To20p00",
    "title": "; 1.566 < ph_sc_eta < 2.000; 10.000 < ph_et < 20.000",
    "vars": {
      "ph_et": {
        "max": 20,
        "min": 10
      },
      "ph_sc_eta": {
        "max": 2.0,
        "min": 1.566
      }
    }
  },
  "created_at_utc": "2026-04-19T19:19:35.224856+00:00",
  "derived": {
    "efficiency": 0.5227050490201962,
    "efficiency_error": 0.0027084920980280707,
    "nSigF": {
      "error": 102.30799189693607,
      "isConstant": false,
      "max": 22845.71362,
      "min": 0.5,
      "name": "nSigF",
      "value": 13050.508354790894
    },
    "nSigP": {
      "error": 107.3381144962168,
      "isConstant": false,
      "max": 24521.666343,
      "min": 0.5,
      "name": "nSigP",
      "value": 14292.14073043505
    }
  },
  "fit_metadata": {
    "bin_index": 6,
    "fail_hist_uses_pass_hist": false,
    "fit_range": {
      "max": 120.0,
      "min": 60.0
    },
    "truth_fail_template_uses_pass_hist": false,
    "truth_template_source": "/eos/home-p/pelai/HZa/root_TnP//hza_resolve_phid_lowpt_2022postEE_sf//DY_MC_LO_2022postEE_hza_resolve_phid_lowpt_2022postEE_sf.root"
  },
  "fit_result": {
    "fail": {
      "covQual": -1,
      "edm": 0.8584617912644535,
      "floatParsFinal": [
        {
          "error": 0.04835736204204566,
          "isConstant": false,
          "max": 5.0,
          "min": -3.0,
          "name": "meanF",
          "value": 0.005837432411236243
        },
        {
          "error": 102.30799189693607,
          "isConstant": false,
          "max": 22845.71362,
          "min": 0.5,
          "name": "nSigF",
          "value": 13050.508354790894
        },
        {
          "error": 0.011966232530319754,
          "isConstant": false,
          "max": 1.5000007535473316,
          "min": 0.4000002009459551,
          "name": "sigmaF",
          "value": 0.40002503114354604
        }
      ],
      "floatParsInit": [
        {
          "error": 0.0,
          "isConstant": false,
          "max": 5.0,
          "min": -3.0,
          "name": "meanF",
          "value": -0.0
        },
        {
          "error": 0.0,
          "isConstant": false,
          "max": 22845.71362,
          "min": 0.5,
          "name": "nSigF",
          "value": 13707.428172
        },
        {
          "error": 0.0,
          "isConstant": false,
          "max": 1.5000007535473316,
          "min": 0.4000002009459551,
          "name": "sigmaF",
          "value": 0.5000002511824438
        }
      ],
      "minNll": -63664.64434889827,
      "numInvalidNLL": 0,
      "status": 160
    },
    "fail_quality": "check",
    "pass": {
      "covQual": -1,
      "edm": 0.006280827387359111,
      "floatParsFinal": [
        {
          "error": 0.0427867098072956,
          "isConstant": false,
          "max": 5.0,
          "min": -5.0,
          "name": "meanP",
          "value": -0.009463820432211278
        },
        {
          "error": 107.3381144962168,
          "isConstant": false,
          "max": 24521.666343,
          "min": 0.5,
          "name": "nSigP",
          "value": 14292.14073043505
        },
        {
          "error": 0.006688079736171693,
          "isConstant": false,
          "max": 5.0,
          "min": 0.5,
          "name": "sigmaP",
          "value": 0.5000002511824438
        }
      ],
      "floatParsInit": [
        {
          "error": 0.0,
          "isConstant": false,
          "max": 5.0,
          "min": -5.0,
          "name": "meanP",
          "value": -0.0
        },
        {
          "error": 0.0,
          "isConstant": false,
          "max": 24521.666343,
          "min": 0.5,
          "name": "nSigP",
          "value": 14712.999806
        },
        {
          "error": 0.0,
          "isConstant": false,
          "max": 5.0,
          "min": 0.5,
          "name": "sigmaP",
          "value": 0.9
        }
      ],
      "minNll": -71894.80196306588,
      "numInvalidNLL": 0,
      "status": 160
    },
    "pass_quality": "check",
    "root_read_error": null
  },
  "fit_type": "nominalFit",
  "histograms": {
    "fail": {
      "entries": 15376.0,
      "fit_window": {
        "bin1": 11,
        "bin2": 70,
        "max": 120.0,
        "min": 60.0
      },
      "integral_fit_window": 13051.22616409907,
      "integral_fit_window_error": 127.56397764387256,
      "integral_full": 15230.475746999286,
      "integral_full_error": 137.53514647458653,
      "maximum_bin_center": 88.5,
      "maximum_bin_content": 741.871245779872,
      "mean": 79.65562593673707,
      "rms": 13.751488858160291
    },
    "pass": {
      "entries": 16435.0,
      "fit_window": {
        "bin1": 11,
        "bin2": 70,
        "max": 120.0,
        "min": 60.0
      },
      "integral_fit_window": 14292.371285541576,
      "integral_fit_window_error": 133.1539245771674,
      "integral_full": 16347.77756213828,
      "integral_full_error": 142.3584157970766,
      "maximum_bin_center": 88.5,
      "maximum_bin_content": 914.7856694878064,
      "mean": 79.9006088824998,
      "rms": 13.094696057262745
    }
  },
  "sample": {
    "fitOutputBinRoot": "/eos/home-p/pelai/HZa/root_TnP//hza_resolve_phid_lowpt_2022postEE_sf//DY_MC_LO_2022postEE_hza_resolve_phid_lowpt_2022postEE_sf.nominalFit-bin06_ph_sc_eta_1p57To2p00_ph_et_10p00To20p00.root",
    "fitOutputRoot": "/eos/home-p/pelai/HZa/root_TnP//hza_resolve_phid_lowpt_2022postEE_sf//DY_MC_LO_2022postEE_hza_resolve_phid_lowpt_2022postEE_sf.nominalFit.root",
    "histFile": "/eos/home-p/pelai/HZa/root_TnP//hza_resolve_phid_lowpt_2022postEE_sf//DY_MC_LO_2022postEE_hza_resolve_phid_lowpt_2022postEE_sf.root",
    "isMC": true,
    "mcRefHistFile": "/eos/home-p/pelai/HZa/root_TnP//hza_resolve_phid_lowpt_2022postEE_sf//DY_MC_LO_2022postEE_hza_resolve_phid_lowpt_2022postEE_sf.root",
    "mcTruth": true,
    "name": "DY_MC_LO_2022postEE"
  },
  "workspace": {
    "effective_parsed": [
      {
        "max": 5.0,
        "min": -5.0,
        "name": "meanP",
        "raw": "meanP[-0.0,-5.0,5.0]",
        "tokens": [
          "-0.0",
          "-5.0",
          "5.0"
        ],
        "value": -0.0
      },
      {
        "max": 5.0,
        "min": 0.5,
        "name": "sigmaP",
        "raw": "sigmaP[0.9,0.5,5.0]",
        "tokens": [
          "0.9",
          "0.5",
          "5.0"
        ],
        "value": 0.9
      },
      {
        "max": 5.0,
        "min": -3.0,
        "name": "meanF",
        "raw": "meanF[-0.0,-3.0,5.0]",
        "tokens": [
          "-0.0",
          "-3.0",
          "5.0"
        ],
        "value": -0.0
      },
      {
        "max": 5.0,
        "min": 0.5,
        "name": "sigmaF",
        "raw": "sigmaF[2.0,0.5,5.0]",
        "tokens": [
          "2.0",
          "0.5",
          "5.0"
        ],
        "value": 2.0
      },
      {
        "max": 80.0,
        "min": 50.0,
        "name": "acmsP",
        "raw": "acmsP[60.,50.,80.]",
        "tokens": [
          "60.",
          "50.",
          "80."
        ],
        "value": 60.0
      },
      {
        "max": 0.08,
        "min": 0.01,
        "name": "betaP",
        "raw": "betaP[0.05,0.01,0.08]",
        "tokens": [
          "0.05",
          "0.01",
          "0.08"
        ],
        "value": 0.05
      },
      {
        "max": 2.0,
        "min": -2.0,
        "name": "gammaP",
        "raw": "gammaP[0.1, -2, 2]",
        "tokens": [
          "0.1",
          "-2",
          "2"
        ],
        "value": 0.1
      },
      {
        "max": 90.0,
        "min": 82.0,
        "name": "peakP",
        "raw": "peakP[87.0,82.0,90.0]",
        "tokens": [
          "87.0",
          "82.0",
          "90.0"
        ],
        "value": 87.0
      },
      {
        "max": 80.0,