{
  "bin": {
    "cut": "tag_Ele_pt > 35 && abs(tag_sc_eta) < 2.17 && ph_sc_eta >= 0.000000 && ph_sc_eta < 1.444200 && ph_et >= 10.000000 && ph_et < 20.000000",
    "index": 4,
    "name": "bin04_ph_sc_eta_0p00To1p44_ph_et_10p00To20p00",
    "title": "; 0.000 < ph_sc_eta < 1.444; 10.000 < ph_et < 20.000",
    "vars": {
      "ph_et": {
        "max": 20,
        "min": 10
      },
      "ph_sc_eta": {
        "max": 1.4442,
        "min": 0.0
      }
    }
  },
  "created_at_utc": "2026-04-20T19:16:54.120258+00:00",
  "derived": {
    "efficiency": 0.6980651429334629,
    "efficiency_error": 0.0013572281877961845,
    "nSigF": {
      "error": 153.82977908284192,
      "isConstant": false,
      "max": 47255.89473,
      "min": 0.5,
      "name": "nSigF",
      "value": 28451.910381159294
    },
    "nSigP": {
      "error": 230.07576911673823,
      "isConstant": false,
      "max": 109259.387455,
      "min": 0.5,
      "name": "nSigP",
      "value": 65780.0397076288
    }
  },
  "fit_metadata": {
    "bin_index": 4,
    "fail_hist_uses_pass_hist": false,
    "fit_range": {
      "max": 120.0,
      "min": 60.0
    },
    "truth_fail_template_uses_pass_hist": false,
    "truth_template_source": "/eos/home-p/pelai/HZa/root_TnP//hza_resolve_phid_lowpt_2022postEE_sf//DY_MC_LO_2022postEE_hza_resolve_phid_lowpt_2022postEE_sf.root"
  },
  "fit_result": {
    "fail": {
      "covQual": -1,
      "edm": 1.4973012103825036,
      "floatParsFinal": [
        {
          "error": 0.03042513429056104,
          "isConstant": false,
          "max": 5.0,
          "min": -3.0,
          "name": "meanF",
          "value": -0.004531033078367663
        },
        {
          "error": 153.82977908284192,
          "isConstant": false,
          "max": 47255.89473,
          "min": 0.5,
          "name": "nSigF",
          "value": 28451.910381159294
        },
        {
          "error": 0.011040039925073908,
          "isConstant": false,
          "max": 1.500000051403367,
          "min": 0.40000001370756455,
          "name": "sigmaF",
          "value": 0.40000040186112934
        }
      ],
      "floatParsInit": [
        {
          "error": 0.0,
          "isConstant": false,
          "max": 5.0,
          "min": -3.0,
          "name": "meanF",
          "value": -0.0
        },
        {
          "error": 0.0,
          "isConstant": false,
          "max": 47255.89473,
          "min": 0.5,
          "name": "nSigF",
          "value": 28353.536838
        },
        {
          "error": 0.0,
          "isConstant": false,
          "max": 1.500000051403367,
          "min": 0.40000001370756455,
          "name": "sigmaF",
          "value": 0.5000000171344556
        }
      ],
      "minNll": -163965.08975500593,
      "numInvalidNLL": 0,
      "status": 160
    },
    "fail_quality": "check",
    "pass": {
      "covQual": -1,
      "edm": 0.18411989123192993,
      "floatParsFinal": [
        {
          "error": 0.019204113235697484,
          "isConstant": false,
          "max": 5.0,
          "min": -5.0,
          "name": "meanP",
          "value": -0.007529819187832132
        },
        {
          "error": 230.07576911673823,
          "isConstant": false,
          "max": 109259.387455,
          "min": 0.5,
          "name": "nSigP",
          "value": 65780.0397076288
        },
        {
          "error": 0.012015090876909107,
          "isConstant": false,
          "max": 5.0,
          "min": 0.5,
          "name": "sigmaP",
          "value": 0.5000000171344556
        }
      ],
      "floatParsInit": [
        {
          "error": 0.0,
          "isConstant": false,
          "max": 5.0,
          "min": -5.0,
          "name": "meanP",
          "value": -0.0
        },
        {
          "error": 0.0,
          "isConstant": false,
          "max": 109259.387455,
          "min": 0.5,
          "name": "nSigP",
          "value": 65555.632473
        },
        {
          "error": 0.0,
          "isConstant": false,
          "max": 5.0,
          "min": 0.5,
          "name": "sigmaP",
          "value": 0.9
        }
      ],
      "minNll": -438839.88955912984,
      "numInvalidNLL": 0,
      "status": 160
    },
    "pass_quality": "check",
    "root_read_error": null
  },
  "fit_type": "nominalFit",
  "histograms": {
    "fail": {
      "entries": 32735.0,
      "fit_window": {
        "bin1": 11,
        "bin2": 70,
        "max": 120.0,
        "min": 60.0
      },
      "integral_fit_window": 28452.132242843658,
      "integral_fit_window_error": 184.9592346057895,
      "integral_full": 31503.92981993057,
      "integral_full_error": 194.6413355331905,
      "maximum_bin_center": 89.5,
      "maximum_bin_content": 2030.4946508232356,
      "mean": 81.68945884555711,
      "rms": 12.536773934158584
    },
    "pass": {
      "entries": 72628.0,
      "fit_window": {
        "bin1": 11,
        "bin2": 70,
        "max": 120.0,
        "min": 60.0
      },
      "integral_fit_window": 65780.94515411822,
      "integral_fit_window_error": 285.9070316009112,
      "integral_full": 72839.59163656272,
      "integral_full_error": 300.77671325412933,
      "maximum_bin_center": 89.5,
      "maximum_bin_content": 4979.8491673823,
      "mean": 81.93330507697372,
      "rms": 12.322543790934827
    }
  },
  "sample": {
    "fitOutputBinRoot": "/eos/home-p/pelai/HZa/root_TnP//hza_resolve_phid_lowpt_2022postEE_sf//DY_MC_LO_2022postEE_hza_resolve_phid_lowpt_2022postEE_sf.nominalFit-bin04_ph_sc_eta_0p00To1p44_ph_et_10p00To20p00.root",
    "fitOutputRoot": "/eos/home-p/pelai/HZa/root_TnP//hza_resolve_phid_lowpt_2022postEE_sf//DY_MC_LO_2022postEE_hza_resolve_phid_lowpt_2022postEE_sf.nominalFit.root",
    "histFile": "/eos/home-p/pelai/HZa/root_TnP//hza_resolve_phid_lowpt_2022postEE_sf//DY_MC_LO_2022postEE_hza_resolve_phid_lowpt_2022postEE_sf.root",
    "isMC": true,
    "mcRefHistFile": "/eos/home-p/pelai/HZa/root_TnP//hza_resolve_phid_lowpt_2022postEE_sf//DY_MC_LO_2022postEE_hza_resolve_phid_lowpt_2022postEE_sf.root",
    "mcTruth": true,
    "name": "DY_MC_LO_2022postEE"
  },
  "workspace": {
    "effective_parsed": [
      {
        "max": 5.0,
        "min": -5.0,
        "name": "meanP",
        "raw": "meanP[-0.0,-5.0,5.0]",
        "tokens": [
          "-0.0",
          "-5.0",
          "5.0"
        ],
        "value": -0.0
      },
      {
        "max": 5.0,
        "min": 0.5,
        "name": "sigmaP",
        "raw": "sigmaP[0.9,0.5,5.0]",
        "tokens": [
          "0.9",
          "0.5",
          "5.0"
        ],
        "value": 0.9
      },
      {
        "max": 5.0,
        "min": -3.0,
        "name": "meanF",
        "raw": "meanF[-0.0,-3.0,5.0]",
        "tokens": [
          "-0.0",
          "-3.0",
          "5.0"
        ],
        "value": -0.0
      },
      {
        "max": 5.0,
        "min": 0.5,
        "name": "sigmaF",
        "raw": "sigmaF[2.0,0.5,5.0]",
        "tokens": [
          "2.0",
          "0.5",
          "5.0"
        ],
        "value": 2.0
      },
      {
        "max": 80.0,
        "min": 50.0,
        "name": "acmsP",
        "raw": "acmsP[60.,50.,80.]",
        "tokens": [
          "60.",
          "50.",
          "80."
        ],
        "value": 60.0
      },
      {
        "max": 0.08,
        "min": 0.01,
        "name": "betaP",
        "raw": "betaP[0.05,0.01,0.08]",
        "tokens": [
          "0.05",
          "0.01",
          "0.08"
        ],
        "value": 0.05
      },
      {
        "max": 2.0,
        "min": -2.0,
        "name": "gammaP",
        "raw": "gammaP[0.1, -2, 2]",
        "tokens": [
          "0.1",
          "-2",
          "2"
        ],
        "value": 0.1
      },
      {
        "max": 90.0,
        "min": 82.0,
        "name": "peakP",
        "raw": "peakP[87.0,82.0,90.0]",
        "tokens": [
          "87.0",
          "82.0",
          "90.0"
        ],
        "value": 87.0
      },
      {
        "max": 80.0,