{
  "bin": {
    "cut": "tag_Ele_pt > 35 && abs(tag_sc_eta) < 2.17 && ph_sc_eta >= -2.000000 && ph_sc_eta < -1.566000 && ph_et >= 10.000000 && ph_et < 20.000000",
    "index": 1,
    "name": "bin01_ph_sc_eta_m2p00Tom1p57_ph_et_10p00To20p00",
    "title": "; -2.000 < ph_sc_eta < -1.566; 10.000 < ph_et < 20.000",
    "vars": {
      "ph_et": {
        "max": 20,
        "min": 10
      },
      "ph_sc_eta": {
        "max": -1.566,
        "min": -2.0
      }
    }
  },
  "created_at_utc": "2026-04-21T17:07:54.481081+00:00",
  "derived": {
    "efficiency": 0.5281459194436557,
    "efficiency_error": 0.002614572871261438,
    "nSigF": {
      "error": 105.24404501528625,
      "isConstant": false,
      "max": 22372.068308,
      "min": 0.5,
      "name": "nSigF",
      "value": 13849.410006916978
    },
    "nSigP": {
      "error": 112.13258271266932,
      "isConstant": false,
      "max": 24798.270307,
      "min": 0.5,
      "name": "nSigP",
      "value": 15501.634262081801
    }
  },
  "fit_metadata": {
    "bin_index": 1,
    "fail_hist_uses_pass_hist": false,
    "fit_range": {
      "max": 120.0,
      "min": 60.0
    },
    "truth_fail_template_uses_pass_hist": false,
    "truth_template_source": "/eos/home-p/pelai/HZa/root_TnP//hza_resolve_phid_lowpt_2022postEE_sf//DY_MC_LO_2022postEE_hza_resolve_phid_lowpt_2022postEE_sf.root"
  },
  "fit_result": {
    "fail": {
      "covQual": -1,
      "edm": 2.7652836414780344,
      "floatParsFinal": [
        {
          "error": 0.04260764440068887,
          "isConstant": false,
          "max": 5.0,
          "min": -3.0,
          "name": "meanF",
          "value": -0.006030689662002153
        },
        {
          "error": 105.24404501528625,
          "isConstant": false,
          "max": 22372.068308,
          "min": 0.5,
          "name": "nSigF",
          "value": 13849.410006916978
        },
        {
          "error": 0.007592766119577848,
          "isConstant": false,
          "max": 1.5000029498076075,
          "min": 0.40000078661536204,
          "name": "sigmaF",
          "value": 0.4000009576513763
        }
      ],
      "floatParsInit": [
        {
          "error": 0.0,
          "isConstant": false,
          "max": 5.0,
          "min": -3.0,
          "name": "meanF",
          "value": -0.0
        },
        {
          "error": 0.0,
          "isConstant": false,
          "max": 22372.068308,
          "min": 0.5,
          "name": "nSigF",
          "value": 13423.240985
        },
        {
          "error": 0.0,
          "isConstant": false,
          "max": 1.5000029498076075,
          "min": 0.40000078661536204,
          "name": "sigmaF",
          "value": 0.5000009832692025
        }
      ],
      "minNll": -69187.0229128034,
      "numInvalidNLL": 0,
      "status": 160
    },
    "fail_quality": "check",
    "pass": {
      "covQual": -1,
      "edm": 0.17137405077453124,
      "floatParsFinal": [
        {
          "error": 0.04080373099414247,
          "isConstant": false,
          "max": 5.0,
          "min": -5.0,
          "name": "meanP",
          "value": -0.010452260958446757
        },
        {
          "error": 112.13258271266932,
          "isConstant": false,
          "max": 24798.270307,
          "min": 0.5,
          "name": "nSigP",
          "value": 15501.634262081801
        },
        {
          "error": 0.008998259243219453,
          "isConstant": false,
          "max": 5.0,
          "min": 0.5,
          "name": "sigmaP",
          "value": 0.5000009832692025
        }
      ],
      "floatParsInit": [
        {
          "error": 0.0,
          "isConstant": false,
          "max": 5.0,
          "min": -5.0,
          "name": "meanP",
          "value": -0.0
        },
        {
          "error": 0.0,
          "isConstant": false,
          "max": 24798.270307,
          "min": 0.5,
          "name": "nSigP",
          "value": 14878.962184
        },
        {
          "error": 0.0,
          "isConstant": false,
          "max": 5.0,
          "min": 0.5,
          "name": "sigmaP",
          "value": 0.9
        }
      ],
      "minNll": -80781.07609621799,
      "numInvalidNLL": 0,
      "status": 160
    },
    "pass_quality": "check",
    "root_read_error": null
  },
  "fit_type": "nominalFit",
  "histograms": {
    "fail": {
      "entries": 15107.0,
      "fit_window": {
        "bin1": 11,
        "bin2": 70,
        "max": 120.0,
        "min": 60.0
      },
      "integral_fit_window": 13850.754926603091,
      "integral_fit_window_error": 131.5946573492781,
      "integral_full": 14914.712205331292,
      "integral_full_error": 136.5405173588888,
      "maximum_bin_center": 87.5,
      "maximum_bin_content": 841.9251351054596,
      "mean": 82.97614245534035,
      "rms": 11.708901210963315
    },
    "pass": {
      "entries": 16572.0,
      "fit_window": {
        "bin1": 11,
        "bin2": 70,
        "max": 120.0,
        "min": 60.0
      },
      "integral_fit_window": 15502.717885758364,
      "integral_fit_window_error": 138.24534148551683,
      "integral_full": 16532.180204988912,
      "integral_full_error": 142.7642809979342,
      "maximum_bin_center": 86.5,
      "maximum_bin_content": 1060.8861584835959,
      "mean": 82.94804175799993,
      "rms": 10.904455157481506
    }
  },
  "sample": {
    "fitOutputBinRoot": "/eos/home-p/pelai/HZa/root_TnP//hza_resolve_phid_lowpt_2022postEE_sf//DY_MC_LO_2022postEE_hza_resolve_phid_lowpt_2022postEE_sf.nominalFit-bin01_ph_sc_eta_m2p00Tom1p57_ph_et_10p00To20p00.root",
    "fitOutputRoot": "/eos/home-p/pelai/HZa/root_TnP//hza_resolve_phid_lowpt_2022postEE_sf//DY_MC_LO_2022postEE_hza_resolve_phid_lowpt_2022postEE_sf.nominalFit.root",
    "histFile": "/eos/home-p/pelai/HZa/root_TnP//hza_resolve_phid_lowpt_2022postEE_sf//DY_MC_LO_2022postEE_hza_resolve_phid_lowpt_2022postEE_sf.root",
    "isMC": true,
    "mcRefHistFile": "/eos/home-p/pelai/HZa/root_TnP//hza_resolve_phid_lowpt_2022postEE_sf//DY_MC_LO_2022postEE_hza_resolve_phid_lowpt_2022postEE_sf.root",
    "mcTruth": true,
    "name": "DY_MC_LO_2022postEE"
  },
  "workspace": {
    "effective_parsed": [
      {
        "max": 5.0,
        "min": -5.0,
        "name": "meanP",
        "raw": "meanP[-0.0,-5.0,5.0]",
        "tokens": [
          "-0.0",
          "-5.0",
          "5.0"
        ],
        "value": -0.0
      },
      {
        "max": 5.0,
        "min": 0.5,
        "name": "sigmaP",
        "raw": "sigmaP[0.9,0.5,5.0]",
        "tokens": [
          "0.9",
          "0.5",
          "5.0"
        ],
        "value": 0.9
      },
      {
        "max": 5.0,
        "min": -3.0,
        "name": "meanF",
        "raw": "meanF[-0.0,-3.0,5.0]",
        "tokens": [
          "-0.0",
          "-3.0",
          "5.0"
        ],
        "value": -0.0
      },
      {
        "max": 5.0,
        "min": 0.5,
        "name": "sigmaF",
        "raw": "sigmaF[2.0,0.5,5.0]",
        "tokens": [
          "2.0",
          "0.5",
          "5.0"
        ],
        "value": 2.0
      },
      {
        "max": 80.0,
        "min": 50.0,
        "name": "acmsP",
        "raw": "acmsP[60.,50.,80.]",
        "tokens": [
          "60.",
          "50.",
          "80."
        ],
        "value": 60.0
      },
      {
        "max": 0.08,
        "min": 0.01,
        "name": "betaP",
        "raw": "betaP[0.05,0.01,0.08]",
        "tokens": [
          "0.05",
          "0.01",
          "0.08"
        ],
        "value": 0.05
      },
      {
        "max": 2.0,
        "min": -2.0,
        "name": "gammaP",
        "raw": "gammaP[0.1, -2, 2]",
        "tokens": [
          "0.1",
          "-2",
          "2"
        ],
        "value": 0.1
      },
      {
        "max": 90.0,
        "min": 82.0,
        "name": "peakP",
        "raw": "peakP[87.0,82.0,90.0]",
        "tokens": [
          "87.0",
          "82.0",
          "90.0"
        ],