{
  "bin": {
    "cut": "ph_r9 > 0.96 && event_nPV >= 40.000000 && event_nPV < 50.000000 && ph_et >= 35.000000 && ph_et < 50.000000 &&  !((ph_sc_eta > -1.566 && ph_sc_eta < 0) && (ph_sc_phi > -1.2 && ph_sc_phi < -0.8))  ",
    "index": 22,
    "name": "bin22_event_nPV_40p00To50p00_ph_et_35p00To50p00",
    "title": "; 40.000 < event_nPV < 50.000; 35.000 < ph_et < 50.000",
    "vars": {
      "event_nPV": {
        "max": 50,
        "min": 40
      },
      "ph_et": {
        "max": 50,
        "min": 35
      }
    }
  },
  "created_at_utc": "2026-05-11T09:07:14.939220+00:00",
  "derived": {
    "efficiency": 0.9668326269060483,
    "efficiency_error": 0.011950119848510117,
    "nSigF": {
      "error": 0.14615760374531211,
      "isConstant": false,
      "max": 0.673282,
      "min": 0.5,
      "name": "nSigF",
      "value": 0.5000028221465891
    },
    "nSigP": {
      "error": 3.3689198002136607,
      "isConstant": false,
      "max": 22.04242,
      "min": 0.5,
      "name": "nSigP",
      "value": 14.575138061946166
    }
  },
  "fit_metadata": {
    "bin_index": 22,
    "fail_hist_uses_pass_hist": false,
    "fit_range": {
      "max": 120.0,
      "min": 60.0
    },
    "truth_fail_template_uses_pass_hist": false,
    "truth_template_source": "/eos/home-p/pelai/HZa/root_TnP/hza_resolve_phcsev_hr9_puup_2023postBPix_sf//DY_MC_NLO_2023postBPix_hza_resolve_phcsev_hr9_puup_2023postBPix_sf.root"
  },
  "fit_result": {
    "fail": {
      "covQual": -1,
      "edm": 45150551.20439019,
      "floatParsFinal": [
        {
          "error": 2.6465549751719664e-09,
          "isConstant": false,
          "max": 5.0,
          "min": -5.0,
          "name": "meanF",
          "value": 0.004444259021672892
        },
        {
          "error": 0.14615760374531211,
          "isConstant": false,
          "max": 0.673282,
          "min": 0.5,
          "name": "nSigF",
          "value": 0.5000028221465891
        },
        {
          "error": 1.5012388149271416e-07,
          "isConstant": false,
          "max": 3.0,
          "min": 0.0,
          "name": "sigmaF",
          "value": 0.011028518463532477
        }
      ],
      "floatParsInit": [
        {
          "error": 0.0,
          "isConstant": false,
          "max": 5.0,
          "min": -5.0,
          "name": "meanF",
          "value": -0.0
        },
        {
          "error": 0.0,
          "isConstant": false,
          "max": 0.673282,
          "min": 0.5,
          "name": "nSigF",
          "value": 0.5
        },
        {
          "error": 0.0,
          "isConstant": false,
          "max": 3.0,
          "min": 0.0,
          "name": "sigmaF",
          "value": 1.0
        }
      ],
      "minNll": -14.859137413305973,
      "numInvalidNLL": 0,
      "status": -1
    },
    "fail_quality": "check",
    "pass": {
      "covQual": -1,
      "edm": 0.007408791638852687,
      "floatParsFinal": [
        {
          "error": 0.19292138423877203,
          "isConstant": false,
          "max": 5.0,
          "min": -5.0,
          "name": "meanP",
          "value": 0.0009189658425414748
        },
        {
          "error": 3.3689198002136607,
          "isConstant": false,
          "max": 22.04242,
          "min": 0.5,
          "name": "nSigP",
          "value": 14.575138061946166
        },
        {
          "error": 0.046455144497518475,
          "isConstant": false,
          "max": 5.0,
          "min": 0.5,
          "name": "sigmaP",
          "value": 0.5000000359678065
        }
      ],
      "floatParsInit": [
        {
          "error": 0.0,
          "isConstant": false,
          "max": 5.0,
          "min": -5.0,
          "name": "meanP",
          "value": -0.0
        },
        {
          "error": 0.0,
          "isConstant": false,
          "max": 22.04242,
          "min": 0.5,
          "name": "nSigP",
          "value": 13.225452
        },
        {
          "error": 0.0,
          "isConstant": false,
          "max": 5.0,
          "min": 0.5,
          "name": "sigmaP",
          "value": 0.9
        }
      ],
      "minNll": 6.199852367429163,
      "numInvalidNLL": 0,
      "status": 160
    },
    "pass_quality": "check",
    "root_read_error": null
  },
  "fit_type": "nominalFit",
  "histograms": {
    "fail": {
      "entries": 1.0,
      "fit_window": {
        "bin1": 11,
        "bin2": 70,
        "max": 120.0,
        "min": 60.0
      },
      "integral_fit_window": 0.4488547766205765,
      "integral_fit_window_error": 0.4488547766205765,
      "integral_full": 0.4488547766205765,
      "integral_full_error": 0.4488547766205765,
      "maximum_bin_center": 95.5,
      "maximum_bin_content": 0.4488547766205765,
      "mean": 95.83353424072266,
      "rms": 0.0
    },
    "pass": {
      "entries": 22.0,
      "fit_window": {
        "bin1": 11,
        "bin2": 70,
        "max": 120.0,
        "min": 60.0
      },
      "integral_fit_window": 14.694946407792361,
      "integral_fit_window_error": 4.263146591577677,
      "integral_full": 14.694946407792361,
      "integral_full_error": 4.263146591577677,
      "maximum_bin_center": 90.5,
      "maximum_bin_content": 4.484858901250135,
      "mean": 90.94085455446528,
      "rms": 3.601099244595254
    }
  },
  "sample": {
    "fitOutputBinRoot": "/eos/home-p/pelai/HZa/root_TnP/hza_resolve_phcsev_hr9_puup_2023postBPix_sf//DY_MC_NLO_2023postBPix_hza_resolve_phcsev_hr9_puup_2023postBPix_sf.nominalFit-bin22_event_nPV_40p00To50p00_ph_et_35p00To50p00.root",
    "fitOutputRoot": "/eos/home-p/pelai/HZa/root_TnP/hza_resolve_phcsev_hr9_puup_2023postBPix_sf//DY_MC_NLO_2023postBPix_hza_resolve_phcsev_hr9_puup_2023postBPix_sf.nominalFit.root",
    "histFile": "/eos/home-p/pelai/HZa/root_TnP/hza_resolve_phcsev_hr9_puup_2023postBPix_sf//DY_MC_NLO_2023postBPix_hza_resolve_phcsev_hr9_puup_2023postBPix_sf.root",
    "isMC": true,
    "mcRefHistFile": "/eos/home-p/pelai/HZa/root_TnP/hza_resolve_phcsev_hr9_puup_2023postBPix_sf//DY_MC_NLO_2023postBPix_hza_resolve_phcsev_hr9_puup_2023postBPix_sf.root",
    "mcTruth": true,
    "name": "DY_MC_NLO_2023postBPix"
  },
  "workspace": {
    "effective_parsed": [
      {
        "max": 5.0,
        "min": -5.0,
        "name": "meanP",
        "raw": "meanP[-0.0,-5.0,5.0]",
        "tokens": [
          "-0.0",
          "-5.0",
          "5.0"
        ],
        "value": -0.0
      },
      {
        "max": 5.0,
        "min": 0.5,
        "name": "sigmaP",
        "raw": "sigmaP[0.9,0.5,5.0]",
        "tokens": [
          "0.9",
          "0.5",
          "5.0"
        ],
        "value": 0.9
      },
      {
        "max": 5.0,
        "min": -5.0,
        "name": "meanF",
        "raw": "meanF[-0.0,-5.0,5.0]",
        "tokens": [
          "-0.0",
          "-5.0",
          "5.0"
        ],
        "value": -0.0
      },
      {
        "max": 3.0,
        "min": 0.0,
        "name": "sigmaF",
        "raw": "sigmaF[1.0,0.0,3.0]",
        "tokens": [
          "1.0",
          "0.0",
          "3.0"
        ],
        "value": 1.0
      },
      {
        "max": 80.0,
        "min": 50.0,
        "name": "acmsP",
        "raw": "acmsP[60.,50.,80.]",
        "tokens": [
          "60.",
          "50.",
          "80."
        ],
        "value": 60.0
      },
      {
        "max": 0.08,
        "min": 0.01,
        "name": "betaP",
        "raw": "betaP[0.05,0.01,0.08]",
        "tokens": [
          "0.05",
          "0.01",
          "0.08"
        ],
        "value": 0.05
      },
      {
        "max": 2.0,
        "min": -2.0,
        "name": "gammaP",
        "raw": "gammaP[0.1, -2, 2]",
        "tokens": [
          "0.1",
          "-2",
          "2"
        ],
        "value": 0.1
      },
      {
        "max": 90.0,
        "min": 82.0,
        "name": "peakP",
        "raw": "peakP[87.0,82.0,90.0]",
        "tokens": [
          "87.0",
          "82.0",
          "90.0"
        ],