{
  "bin": {
    "cut": "tag_Ele_pt > 35 && abs(tag_sc_eta) < 2.17 && ph_sc_eta >= -2.000000 && ph_sc_eta < -1.566000 && ph_et >= 20.000000 && ph_et < 35.000000",
    "index": 1,
    "name": "bin01_ph_sc_eta_m2p00Tom1p57_ph_et_20p00To35p00",
    "title": "; -2.000 < ph_sc_eta < -1.566; 20.000 < ph_et < 35.000",
    "vars": {
      "ph_et": {
        "max": 35,
        "min": 20
      },
      "ph_sc_eta": {
        "max": -1.566,
        "min": -2.0
      }
    }
  },
  "created_at_utc": "2026-04-21T17:07:58.899914+00:00",
  "derived": {
    "efficiency": 0.6981980788854493,
    "efficiency_error": 0.00011306577199673389,
    "nSigF": {
      "error": 876.3834724164335,
      "isConstant": false,
      "max": 2955089.929498,
      "min": 0.5,
      "name": "nSigF",
      "value": 1954690.647460288
    },
    "nSigP": {
      "error": 1333.013998077251,
      "isConstant": false,
      "max": 6828836.173925,
      "min": 0.5,
      "name": "nSigP",
      "value": 4522042.9672285775
    }
  },
  "fit_metadata": {
    "bin_index": 1,
    "fail_hist_uses_pass_hist": false,
    "fit_range": {
      "max": 120.0,
      "min": 60.0
    },
    "truth_fail_template_uses_pass_hist": false,
    "truth_template_source": "/eos/home-p/pelai/HZa/root_TnP//hza_resolve_phid_2024_sf//DY_MC_LO_2024_hza_resolve_phid_2024_sf.root"
  },
  "fit_result": {
    "fail": {
      "covQual": -1,
      "edm": 0.0009366216782913402,
      "floatParsFinal": [
        {
          "error": 0.002276760626684915,
          "isConstant": false,
          "max": 5.0,
          "min": -5.0,
          "name": "meanF",
          "value": -0.0013689018311238144
        },
        {
          "error": 876.3834724164335,
          "isConstant": false,
          "max": 2955089.929498,
          "min": 0.5,
          "name": "nSigF",
          "value": 1954690.647460288
        },
        {
          "error": 0.0005059166384863978,
          "isConstant": false,
          "max": 1.5000264808112511,
          "min": 0.400007061549667,
          "name": "sigmaF",
          "value": 0.40000706189795965
        }
      ],
      "floatParsInit": [
        {
          "error": 0.0,
          "isConstant": false,
          "max": 5.0,
          "min": -5.0,
          "name": "meanF",
          "value": -0.0
        },
        {
          "error": 0.0,
          "isConstant": false,
          "max": 2955089.929498,
          "min": 0.5,
          "name": "nSigF",
          "value": 1773053.957699
        },
        {
          "error": 0.0,
          "isConstant": false,
          "max": 1.5000264808112511,
          "min": 0.400007061549667,
          "name": "sigmaF",
          "value": 0.5000088269370837
        }
      ],
      "minNll": -19961461.332090206,
      "numInvalidNLL": 0,
      "status": 160
    },
    "fail_quality": "check",
    "pass": {
      "covQual": -1,
      "edm": 91947736.89775157,
      "floatParsFinal": [
        {
          "error": 0.0013801148636902738,
          "isConstant": false,
          "max": 5.0,
          "min": -5.0,
          "name": "meanP",
          "value": -0.0023006037134267743
        },
        {
          "error": 1333.013998077251,
          "isConstant": false,
          "max": 6828836.173925,
          "min": 0.5,
          "name": "nSigP",
          "value": 4522042.9672285775
        },
        {
          "error": 5.731383642865184e-05,
          "isConstant": false,
          "max": 5.0,
          "min": 0.5,
          "name": "sigmaP",
          "value": 0.5000088269370837
        }
      ],
      "floatParsInit": [
        {
          "error": 0.0,
          "isConstant": false,
          "max": 5.0,
          "min": -5.0,
          "name": "meanP",
          "value": -0.0
        },
        {
          "error": 0.0,
          "isConstant": false,
          "max": 6828836.173925,
          "min": 0.5,
          "name": "nSigP",
          "value": 4097301.704355
        },
        {
          "error": 0.0,
          "isConstant": false,
          "max": 5.0,
          "min": 0.5,
          "name": "sigmaP",
          "value": 0.9
        }
      ],
      "minNll": -50299186.614976704,
      "numInvalidNLL": 0,
      "status": -1
    },
    "pass_quality": "check",
    "root_read_error": null
  },
  "fit_type": "nominalFit",
  "histograms": {
    "fail": {
      "entries": 805398.0,
      "fit_window": {
        "bin1": 11,
        "bin2": 70,
        "max": 120.0,
        "min": 60.0
      },
      "integral_fit_window": 1954697.020244677,
      "integral_fit_window_error": 2230.4043918161724,
      "integral_full": 1970059.9529989779,
      "integral_full_error": 2239.15231666521,
      "maximum_bin_center": 89.5,
      "maximum_bin_content": 169273.98323592474,
      "mean": 86.67714038914431,
      "rms": 7.766702280233481
    },
    "pass": {
      "entries": 1861644.0,
      "fit_window": {
        "bin1": 11,
        "bin2": 70,
        "max": 120.0,
        "min": 60.0
      },
      "integral_fit_window": 4522281.8713286985,
      "integral_fit_window_error": 3392.302086711292,
      "integral_full": 4552557.449283343,
      "integral_full_error": 3403.632244598592,
      "maximum_bin_center": 88.5,
      "maximum_bin_content": 421261.1671381403,
      "mean": 86.59097799055422,
      "rms": 7.330643857475762
    }
  },
  "sample": {
    "fitOutputBinRoot": "/eos/home-p/pelai/HZa/root_TnP//hza_resolve_phid_2024_sf//DY_MC_LO_2024_hza_resolve_phid_2024_sf.nominalFit-bin01_ph_sc_eta_m2p00Tom1p57_ph_et_20p00To35p00.root",
    "fitOutputRoot": "/eos/home-p/pelai/HZa/root_TnP//hza_resolve_phid_2024_sf//DY_MC_LO_2024_hza_resolve_phid_2024_sf.nominalFit.root",
    "histFile": "/eos/home-p/pelai/HZa/root_TnP//hza_resolve_phid_2024_sf//DY_MC_LO_2024_hza_resolve_phid_2024_sf.root",
    "isMC": true,
    "mcRefHistFile": "/eos/home-p/pelai/HZa/root_TnP//hza_resolve_phid_2024_sf//DY_MC_LO_2024_hza_resolve_phid_2024_sf.root",
    "mcTruth": true,
    "name": "DY_MC_LO_2024"
  },
  "workspace": {
    "effective_parsed": [
      {
        "max": 5.0,
        "min": -5.0,
        "name": "meanP",
        "raw": "meanP[-0.0,-5.0,5.0]",
        "tokens": [
          "-0.0",
          "-5.0",
          "5.0"
        ],
        "value": -0.0
      },
      {
        "max": 5.0,
        "min": 0.5,
        "name": "sigmaP",
        "raw": "sigmaP[0.9,0.5,5.0]",
        "tokens": [
          "0.9",
          "0.5",
          "5.0"
        ],
        "value": 0.9
      },
      {
        "max": 5.0,
        "min": -5.0,
        "name": "meanF",
        "raw": "meanF[-0.0,-5.0,5.0]",
        "tokens": [
          "-0.0",
          "-5.0",
          "5.0"
        ],
        "value": -0.0
      },
      {
        "max": 3.0,
        "min": 0.0,
        "name": "sigmaF",
        "raw": "sigmaF[1.0,0.0,3.0]",
        "tokens": [
          "1.0",
          "0.0",
          "3.0"
        ],
        "value": 1.0
      },
      {
        "max": 90.0,
        "min": 45.0,
        "name": "acmsP",
        "raw": "acmsP[65.,45.,90.]",
        "tokens": [
          "65.",
          "45.",
          "90."
        ],
        "value": 65.0
      },
      {
        "max": 0.1,
        "min": 0.005,
        "name": "betaP",
        "raw": "betaP[0.05,0.005,0.10]",
        "tokens": [
          "0.05",
          "0.005",
          "0.10"
        ],
        "value": 0.05
      },
      {
        "max": 2.0,
        "min": 0.005,
        "name": "gammaP",
        "raw": "gammaP[0.08, 0.005, 2]",
        "tokens": [
          "0.08",
          "0.005",
          "2"
        ],
        "value": 0.08
      },
      {
        "max": 90.0,
        "min": 82.0,
        "name": "peakP",
        "raw": "peakP[87.0,82.0,90.0]",
        "tokens": [
          "87.0",
          "82.0",
          "90.0"
        ],
        "value": 87.0
      },
      {
        "max": 90.0,
        "min": 45.0,
        "name": "acmsF",
        "raw": "acmsF[70.,45.,90.]",