{
  "bin": {
    "cut": "tag_Ele_pt > 35 && abs(tag_sc_eta) < 2.17 && ph_sc_eta >= 1.566000 && ph_sc_eta < 2.000000 && ph_et >= 20.000000 && ph_et < 35.000000",
    "index": 8,
    "name": "bin08_ph_sc_eta_1p57To2p00_ph_et_20p00To35p00",
    "title": "; 1.566 < ph_sc_eta < 2.000; 20.000 < ph_et < 35.000",
    "vars": {
      "ph_et": {
        "max": 35,
        "min": 20
      },
      "ph_sc_eta": {
        "max": 2.0,
        "min": 1.566
      }
    }
  },
  "created_at_utc": "2026-04-20T20:31:13.917914+00:00",
  "derived": {
    "efficiency": 0.6930858348693916,
    "efficiency_error": 0.00011279776130131574,
    "nSigF": {
      "error": 889.9660798339173,
      "isConstant": false,
      "max": 3049947.472752,
      "min": 0.5,
      "name": "nSigF",
      "value": 2016036.1216757703
    },
    "nSigP": {
      "error": 1337.5407209433615,
      "isConstant": false,
      "max": 6878147.935887,
      "min": 0.5,
      "name": "nSigP",
      "value": 4552693.349698869
    }
  },
  "fit_metadata": {
    "bin_index": 8,
    "fail_hist_uses_pass_hist": false,
    "fit_range": {
      "max": 120.0,
      "min": 60.0
    },
    "truth_fail_template_uses_pass_hist": false,
    "truth_template_source": "/eos/home-p/pelai/HZa/root_TnP//hza_resolve_phid_2024_sf//DY_MC_LO_2024_hza_resolve_phid_2024_sf.root"
  },
  "fit_result": {
    "fail": {
      "covQual": -1,
      "edm": 0.05268659219395999,
      "floatParsFinal": [
        {
          "error": 0.0023059719205789087,
          "isConstant": false,
          "max": 5.0,
          "min": -5.0,
          "name": "meanF",
          "value": -0.0014896031041340407
        },
        {
          "error": 889.9660798339173,
          "isConstant": false,
          "max": 3049947.472752,
          "min": 0.5,
          "name": "nSigF",
          "value": 2016036.1216757703
        },
        {
          "error": 0.0005348838759173802,
          "isConstant": false,
          "max": 1.5000000142142422,
          "min": 0.4000000037904646,
          "name": "sigmaF",
          "value": 0.4000000037919647
        }
      ],
      "floatParsInit": [
        {
          "error": 0.0,
          "isConstant": false,
          "max": 5.0,
          "min": -5.0,
          "name": "meanF",
          "value": -0.0
        },
        {
          "error": 0.0,
          "isConstant": false,
          "max": 3049947.472752,
          "min": 0.5,
          "name": "nSigF",
          "value": 1829968.483651
        },
        {
          "error": 0.0,
          "isConstant": false,
          "max": 1.5000000142142422,
          "min": 0.4000000037904646,
          "name": "sigmaF",
          "value": 0.5000000047380807
        }
      ],
      "minNll": -20566728.317507137,
      "numInvalidNLL": 0,
      "status": 160
    },
    "fail_quality": "check",
    "pass": {
      "covQual": -1,
      "edm": 0.034954547787692254,
      "floatParsFinal": [
        {
          "error": 0.001407839340167527,
          "isConstant": false,
          "max": 5.0,
          "min": -5.0,
          "name": "meanP",
          "value": -0.006656414843389413
        },
        {
          "error": 1337.5407209433615,
          "isConstant": false,
          "max": 6878147.935887,
          "min": 0.5,
          "name": "nSigP",
          "value": 4552693.349698869
        },
        {
          "error": 0.000122214872076587,
          "isConstant": false,
          "max": 5.0,
          "min": 0.5,
          "name": "sigmaP",
          "value": 0.5000000047380807
        }
      ],
      "floatParsInit": [
        {
          "error": 0.0,
          "isConstant": false,
          "max": 5.0,
          "min": -5.0,
          "name": "meanP",
          "value": -0.0
        },
        {
          "error": 0.0,
          "isConstant": false,
          "max": 6878147.935887,
          "min": 0.5,
          "name": "nSigP",
          "value": 4126888.761532
        },
        {
          "error": 0.0,
          "isConstant": false,
          "max": 5.0,
          "min": 0.5,
          "name": "sigmaP",
          "value": 0.9
        }
      ],
      "minNll": -50475618.67591051,
      "numInvalidNLL": 0,
      "status": 160
    },
    "pass_quality": "check",
    "root_read_error": null
  },
  "fit_type": "nominalFit",
  "histograms": {
    "fail": {
      "entries": 830860.0,
      "fit_window": {
        "bin1": 11,
        "bin2": 70,
        "max": 120.0,
        "min": 60.0
      },
      "integral_fit_window": 2016041.3934253925,
      "integral_fit_window_error": 2265.294500858599,
      "integral_full": 2033298.3151678655,
      "integral_full_error": 2274.966714395036,
      "maximum_bin_center": 89.5,
      "maximum_bin_content": 168968.2770855109,
      "mean": 86.350662626767,
      "rms": 8.079233637300545
    },
    "pass": {
      "entries": 1874787.0,
      "fit_window": {
        "bin1": 11,
        "bin2": 70,
        "max": 120.0,
        "min": 60.0
      },
      "integral_fit_window": 4552713.063325785,
      "integral_fit_window_error": 3403.7761290272606,
      "integral_full": 4585431.957257815,
      "integral_full_error": 3415.995026622826,
      "maximum_bin_center": 88.5,
      "maximum_bin_content": 409555.1721204054,
      "mean": 86.31440293292337,
      "rms": 7.618585839421123
    }
  },
  "sample": {
    "fitOutputBinRoot": "/eos/home-p/pelai/HZa/root_TnP//hza_resolve_phid_2024_sf//DY_MC_LO_2024_hza_resolve_phid_2024_sf.nominalFit-bin08_ph_sc_eta_1p57To2p00_ph_et_20p00To35p00.root",
    "fitOutputRoot": "/eos/home-p/pelai/HZa/root_TnP//hza_resolve_phid_2024_sf//DY_MC_LO_2024_hza_resolve_phid_2024_sf.nominalFit.root",
    "histFile": "/eos/home-p/pelai/HZa/root_TnP//hza_resolve_phid_2024_sf//DY_MC_LO_2024_hza_resolve_phid_2024_sf.root",
    "isMC": true,
    "mcRefHistFile": "/eos/home-p/pelai/HZa/root_TnP//hza_resolve_phid_2024_sf//DY_MC_LO_2024_hza_resolve_phid_2024_sf.root",
    "mcTruth": true,
    "name": "DY_MC_LO_2024"
  },
  "workspace": {
    "effective_parsed": [
      {
        "max": 5.0,
        "min": -5.0,
        "name": "meanP",
        "raw": "meanP[-0.0,-5.0,5.0]",
        "tokens": [
          "-0.0",
          "-5.0",
          "5.0"
        ],
        "value": -0.0
      },
      {
        "max": 5.0,
        "min": 0.5,
        "name": "sigmaP",
        "raw": "sigmaP[0.9,0.5,5.0]",
        "tokens": [
          "0.9",
          "0.5",
          "5.0"
        ],
        "value": 0.9
      },
      {
        "max": 5.0,
        "min": -5.0,
        "name": "meanF",
        "raw": "meanF[-0.0,-5.0,5.0]",
        "tokens": [
          "-0.0",
          "-5.0",
          "5.0"
        ],
        "value": -0.0
      },
      {
        "max": 3.0,
        "min": 0.0,
        "name": "sigmaF",
        "raw": "sigmaF[1.0,0.0,3.0]",
        "tokens": [
          "1.0",
          "0.0",
          "3.0"
        ],
        "value": 1.0
      },
      {
        "max": 80.0,
        "min": 50.0,
        "name": "acmsP",
        "raw": "acmsP[60.,50.,80.]",
        "tokens": [
          "60.",
          "50.",
          "80."
        ],
        "value": 60.0
      },
      {
        "max": 0.08,
        "min": 0.01,
        "name": "betaP",
        "raw": "betaP[0.05,0.01,0.08]",
        "tokens": [
          "0.05",
          "0.01",
          "0.08"
        ],
        "value": 0.05
      },
      {
        "max": 2.0,
        "min": -2.0,
        "name": "gammaP",
        "raw": "gammaP[0.1, -2, 2]",
        "tokens": [
          "0.1",
          "-2",
          "2"
        ],
        "value": 0.1
      },
      {
        "max": 90.0,
        "min": 82.0,
        "name": "peakP",
        "raw": "peakP[87.0,82.0,90.0]",
        "tokens": [
          "87.0",
          "82.0",
          "90.0"
        ],
        "value": 87.0
      },
      {
        "max": 80.0,
        "min": 55.0,
        "name": "acmsF",
        "raw": "acmsF[65.,55.,80.]",