{
  "bin": {
    "cut": "tag_Ele_pt > 35 && abs(tag_sc_eta) < 2.17 && ph_sc_eta >= -2.500000 && ph_sc_eta < -2.000000 && ph_et >= 20.000000 && ph_et < 35.000000",
    "index": 0,
    "name": "bin00_ph_sc_eta_m2p50Tom2p00_ph_et_20p00To35p00",
    "title": "; -2.500 < ph_sc_eta < -2.000; 20.000 < ph_et < 35.000",
    "vars": {
      "ph_et": {
        "max": 35,
        "min": 20
      },
      "ph_sc_eta": {
        "max": -2.0,
        "min": -2.5
      }
    }
  },
  "created_at_utc": "2026-04-21T17:07:56.778822+00:00",
  "derived": {
    "efficiency": 0.7839672618073747,
    "efficiency_error": 0.00011109949010997619,
    "nSigF": {
      "error": 676.5969411947299,
      "isConstant": false,
      "max": 1758657.09003,
      "min": 0.5,
      "name": "nSigF",
      "value": 1164886.9013304978
    },
    "nSigP": {
      "error": 1288.862363409251,
      "isConstant": false,
      "max": 6382050.0515,
      "min": 0.5,
      "name": "nSigP",
      "value": 4227290.743021851
    }
  },
  "fit_metadata": {
    "bin_index": 0,
    "fail_hist_uses_pass_hist": false,
    "fit_range": {
      "max": 120.0,
      "min": 60.0
    },
    "truth_fail_template_uses_pass_hist": false,
    "truth_template_source": "/eos/home-p/pelai/HZa/root_TnP//hza_resolve_phid_2024_sf//DY_MC_LO_2024_hza_resolve_phid_2024_sf.root"
  },
  "fit_result": {
    "fail": {
      "covQual": -1,
      "edm": 0.011951405278862536,
      "floatParsFinal": [
        {
          "error": 0.0028236445082678863,
          "isConstant": false,
          "max": 5.0,
          "min": -5.0,
          "name": "meanF",
          "value": 0.0010361956113547066
        },
        {
          "error": 676.5969411947299,
          "isConstant": false,
          "max": 1758657.09003,
          "min": 0.5,
          "name": "nSigF",
          "value": 1164886.9013304978
        },
        {
          "error": 0.0008344174474437804,
          "isConstant": false,
          "max": 1.5000000572276833,
          "min": 0.40000001526071555,
          "name": "sigmaF",
          "value": 0.4000000152851718
        }
      ],
      "floatParsInit": [
        {
          "error": 0.0,
          "isConstant": false,
          "max": 5.0,
          "min": -5.0,
          "name": "meanF",
          "value": -0.0
        },
        {
          "error": 0.0,
          "isConstant": false,
          "max": 1758657.09003,
          "min": 0.5,
          "name": "nSigF",
          "value": 1055194.254018
        },
        {
          "error": 0.0,
          "isConstant": false,
          "max": 1.5000000572276833,
          "min": 0.40000001526071555,
          "name": "sigmaF",
          "value": 0.5000000190758944
        }
      ],
      "minNll": -11341907.659780368,
      "numInvalidNLL": 0,
      "status": 160
    },
    "fail_quality": "check",
    "pass": {
      "covQual": -1,
      "edm": 0.04472389557292827,
      "floatParsFinal": [
        {
          "error": 0.0014287075744139344,
          "isConstant": false,
          "max": 5.0,
          "min": -5.0,
          "name": "meanP",
          "value": -0.0009619057673235787
        },
        {
          "error": 1288.862363409251,
          "isConstant": false,
          "max": 6382050.0515,
          "min": 0.5,
          "name": "nSigP",
          "value": 4227290.743021851
        },
        {
          "error": 6.584380940782841e-05,
          "isConstant": false,
          "max": 5.0,
          "min": 0.5,
          "name": "sigmaP",
          "value": 0.5000000190758944
        }
      ],
      "floatParsInit": [
        {
          "error": 0.0,
          "isConstant": false,
          "max": 5.0,
          "min": -5.0,
          "name": "meanP",
          "value": -0.0
        },
        {
          "error": 0.0,
          "isConstant": false,
          "max": 6382050.0515,
          "min": 0.5,
          "name": "nSigP",
          "value": 3829230.0309
        },
        {
          "error": 0.0,
          "isConstant": false,
          "max": 5.0,
          "min": 0.5,
          "name": "sigmaP",
          "value": 0.9
        }
      ],
      "minNll": -46737570.59176244,
      "numInvalidNLL": 0,
      "status": 160
    },
    "pass_quality": "check",
    "root_read_error": null
  },
  "fit_type": "nominalFit",
  "histograms": {
    "fail": {
      "entries": 479475.0,
      "fit_window": {
        "bin1": 11,
        "bin2": 70,
        "max": 120.0,
        "min": 60.0
      },
      "integral_fit_window": 1164890.7452428134,
      "integral_fit_window_error": 1721.6844643586514,
      "integral_full": 1172438.0600198961,
      "integral_full_error": 1727.2523611138845,
      "maximum_bin_center": 89.5,
      "maximum_bin_content": 107942.68811913893,
      "mean": 88.33967913446158,
      "rms": 7.453351347268862
    },
    "pass": {
      "entries": 1739317.0,
      "fit_window": {
        "bin1": 11,
        "bin2": 70,
        "max": 120.0,
        "min": 60.0
      },
      "integral_fit_window": 4227305.6337285945,
      "integral_fit_window_error": 3279.859711774664,
      "integral_full": 4254700.034333505,
      "integral_full_error": 3290.4668940788497,
      "maximum_bin_center": 89.5,
      "maximum_bin_content": 405088.0881026881,
      "mean": 88.24298101391322,
      "rms": 7.34924702496516
    }
  },
  "sample": {
    "fitOutputBinRoot": "/eos/home-p/pelai/HZa/root_TnP//hza_resolve_phid_2024_sf//DY_MC_LO_2024_hza_resolve_phid_2024_sf.nominalFit-bin00_ph_sc_eta_m2p50Tom2p00_ph_et_20p00To35p00.root",
    "fitOutputRoot": "/eos/home-p/pelai/HZa/root_TnP//hza_resolve_phid_2024_sf//DY_MC_LO_2024_hza_resolve_phid_2024_sf.nominalFit.root",
    "histFile": "/eos/home-p/pelai/HZa/root_TnP//hza_resolve_phid_2024_sf//DY_MC_LO_2024_hza_resolve_phid_2024_sf.root",
    "isMC": true,
    "mcRefHistFile": "/eos/home-p/pelai/HZa/root_TnP//hza_resolve_phid_2024_sf//DY_MC_LO_2024_hza_resolve_phid_2024_sf.root",
    "mcTruth": true,
    "name": "DY_MC_LO_2024"
  },
  "workspace": {
    "effective_parsed": [
      {
        "max": 5.0,
        "min": -5.0,
        "name": "meanP",
        "raw": "meanP[-0.0,-5.0,5.0]",
        "tokens": [
          "-0.0",
          "-5.0",
          "5.0"
        ],
        "value": -0.0
      },
      {
        "max": 5.0,
        "min": 0.5,
        "name": "sigmaP",
        "raw": "sigmaP[0.9,0.5,5.0]",
        "tokens": [
          "0.9",
          "0.5",
          "5.0"
        ],
        "value": 0.9
      },
      {
        "max": 5.0,
        "min": -5.0,
        "name": "meanF",
        "raw": "meanF[-0.0,-5.0,5.0]",
        "tokens": [
          "-0.0",
          "-5.0",
          "5.0"
        ],
        "value": -0.0
      },
      {
        "max": 3.0,
        "min": 0.0,
        "name": "sigmaF",
        "raw": "sigmaF[1.0,0.0,3.0]",
        "tokens": [
          "1.0",
          "0.0",
          "3.0"
        ],
        "value": 1.0
      },
      {
        "max": 90.0,
        "min": 45.0,
        "name": "acmsP",
        "raw": "acmsP[65.,45.,90.]",
        "tokens": [
          "65.",
          "45.",
          "90."
        ],
        "value": 65.0
      },
      {
        "max": 0.1,
        "min": 0.005,
        "name": "betaP",
        "raw": "betaP[0.05,0.005,0.10]",
        "tokens": [
          "0.05",
          "0.005",
          "0.10"
        ],
        "value": 0.05
      },
      {
        "max": 2.0,
        "min": 0.005,
        "name": "gammaP",
        "raw": "gammaP[0.08, 0.005, 2]",
        "tokens": [
          "0.08",
          "0.005",
          "2"
        ],
        "value": 0.08
      },
      {
        "max": 90.0,
        "min": 82.0,
        "name": "peakP",
        "raw": "peakP[87.0,82.0,90.0]",
        "tokens": [
          "87.0",
          "82.0",
          "90.0"
        ],
        "value": 87.0
      },
      {
        "max": 90.0,
        "min": 45.0,
        "name": "acmsF",
        "raw": "acmsF[70.,45.,90.]",