{
  "bin": {
    "cut": "tag_Ele_pt > 35 && abs(tag_sc_eta) < 2.17 && ph_sc_eta >= 0.000000 && ph_sc_eta < 0.800000 && ph_et >= 20.000000 && ph_et < 35.000000",
    "index": 5,
    "name": "bin05_ph_sc_eta_0p00To0p80_ph_et_20p00To35p00",
    "title": "; 0.000 < ph_sc_eta < 0.800; 20.000 < ph_et < 35.000",
    "vars": {
      "ph_et": {
        "max": 35,
        "min": 20
      },
      "ph_sc_eta": {
        "max": 0.8,
        "min": 0.0
      }
    }
  },
  "created_at_utc": "2026-04-19T18:57:04.140606+00:00",
  "derived": {
    "efficiency": 0.7562653709607506,
    "efficiency_error": 6.179756923149689e-05,
    "nSigF": {
      "error": 1347.7696135607548,
      "isConstant": false,
      "max": 6976660.848388,
      "min": 0.5,
      "name": "nSigF",
      "value": 4622752.358716206
    },
    "nSigP": {
      "error": 2374.118674909696,
      "isConstant": false,
      "max": 21649390.144399,
      "min": 0.5,
      "name": "nSigP",
      "value": 14343581.546884833
    }
  },
  "fit_metadata": {
    "bin_index": 5,
    "fail_hist_uses_pass_hist": false,
    "fit_range": {
      "max": 120.0,
      "min": 60.0
    },
    "truth_fail_template_uses_pass_hist": false,
    "truth_template_source": "/eos/home-p/pelai/HZa/root_TnP//hza_resolve_phid_2024_sf//DY_MC_LO_2024_hza_resolve_phid_2024_sf.root"
  },
  "fit_result": {
    "fail": {
      "covQual": -1,
      "edm": 0.0028322918890820972,
      "floatParsFinal": [
        {
          "error": 0.0012069864482402437,
          "isConstant": false,
          "max": 5.0,
          "min": -5.0,
          "name": "meanF",
          "value": -0.002786849045326001
        },
        {
          "error": 1347.7696135607548,
          "isConstant": false,
          "max": 6976660.848388,
          "min": 0.5,
          "name": "nSigF",
          "value": 4622752.358716206
        },
        {
          "error": 0.0001051259383964831,
          "isConstant": false,
          "max": 1.5000000034862389,
          "min": 0.40000000092966376,
          "name": "sigmaF",
          "value": 0.4000000034527533
        }
      ],
      "floatParsInit": [
        {
          "error": 0.0,
          "isConstant": false,
          "max": 5.0,
          "min": -5.0,
          "name": "meanF",
          "value": -0.0
        },
        {
          "error": 0.0,
          "isConstant": false,
          "max": 6976660.848388,
          "min": 0.5,
          "name": "nSigF",
          "value": 4185996.509033
        },
        {
          "error": 0.0,
          "isConstant": false,
          "max": 1.5000000034862389,
          "min": 0.40000000092966376,
          "name": "sigmaF",
          "value": 0.5000000011620797
        }
      ],
      "minNll": -51437121.59547933,
      "numInvalidNLL": 0,
      "status": 160
    },
    "fail_quality": "check",
    "pass": {
      "covQual": -1,
      "edm": 0.0031384888551741034,
      "floatParsFinal": [
        {
          "error": 0.0006351785029172774,
          "isConstant": false,
          "max": 5.0,
          "min": -5.0,
          "name": "meanP",
          "value": -0.006413610538327674
        },
        {
          "error": 2374.118674909696,
          "isConstant": false,
          "max": 21649390.144399,
          "min": 0.5,
          "name": "nSigP",
          "value": 14343581.546884833
        },
        {
          "error": 1.5609068254429648e-05,
          "isConstant": false,
          "max": 5.0,
          "min": 0.5,
          "name": "sigmaP",
          "value": 0.5000000011620797
        }
      ],
      "floatParsInit": [
        {
          "error": 0.0,
          "isConstant": false,
          "max": 5.0,
          "min": -5.0,
          "name": "meanP",
          "value": -0.0
        },
        {
          "error": 0.0,
          "isConstant": false,
          "max": 21649390.144399,
          "min": 0.5,
          "name": "nSigP",
          "value": 12989634.08664
        },
        {
          "error": 0.0,
          "isConstant": false,
          "max": 5.0,
          "min": 0.5,
          "name": "sigmaP",
          "value": 0.9
        }
      ],
      "minNll": -177303818.19434434,
      "numInvalidNLL": 0,
      "status": 160
    },
    "pass_quality": "check",
    "root_read_error": null
  },
  "fit_type": "nominalFit",
  "histograms": {
    "fail": {
      "entries": 1901607.0,
      "fit_window": {
        "bin1": 11,
        "bin2": 70,
        "max": 120.0,
        "min": 60.0
      },
      "integral_fit_window": 4622720.864395264,
      "integral_fit_window_error": 3429.93379323634,
      "integral_full": 4651107.232258578,
      "integral_full_error": 3440.4479386597336,
      "maximum_bin_center": 90.5,
      "maximum_bin_content": 490509.83030808665,
      "mean": 87.29924802760283,
      "rms": 7.663902437036071
    },
    "pass": {
      "entries": 5901414.0,
      "fit_window": {
        "bin1": 11,
        "bin2": 70,
        "max": 120.0,
        "min": 60.0
      },
      "integral_fit_window": 14343543.094071174,
      "integral_fit_window_error": 6041.649099435422,
      "integral_full": 14432926.762932984,
      "integral_full_error": 6060.448711534381,
      "maximum_bin_center": 90.5,
      "maximum_bin_content": 1646593.5007804178,
      "mean": 87.7092306505461,
      "rms": 7.261821256398406
    }
  },
  "sample": {
    "fitOutputBinRoot": "/eos/home-p/pelai/HZa/root_TnP//hza_resolve_phid_2024_sf//DY_MC_LO_2024_hza_resolve_phid_2024_sf.nominalFit-bin05_ph_sc_eta_0p00To0p80_ph_et_20p00To35p00.root",
    "fitOutputRoot": "/eos/home-p/pelai/HZa/root_TnP//hza_resolve_phid_2024_sf//DY_MC_LO_2024_hza_resolve_phid_2024_sf.nominalFit.root",
    "histFile": "/eos/home-p/pelai/HZa/root_TnP//hza_resolve_phid_2024_sf//DY_MC_LO_2024_hza_resolve_phid_2024_sf.root",
    "isMC": true,
    "mcRefHistFile": "/eos/home-p/pelai/HZa/root_TnP//hza_resolve_phid_2024_sf//DY_MC_LO_2024_hza_resolve_phid_2024_sf.root",
    "mcTruth": true,
    "name": "DY_MC_LO_2024"
  },
  "workspace": {
    "effective_parsed": [
      {
        "max": 5.0,
        "min": -5.0,
        "name": "meanP",
        "raw": "meanP[-0.0,-5.0,5.0]",
        "tokens": [
          "-0.0",
          "-5.0",
          "5.0"
        ],
        "value": -0.0
      },
      {
        "max": 5.0,
        "min": 0.5,
        "name": "sigmaP",
        "raw": "sigmaP[0.9,0.5,5.0]",
        "tokens": [
          "0.9",
          "0.5",
          "5.0"
        ],
        "value": 0.9
      },
      {
        "max": 5.0,
        "min": -5.0,
        "name": "meanF",
        "raw": "meanF[-0.0,-5.0,5.0]",
        "tokens": [
          "-0.0",
          "-5.0",
          "5.0"
        ],
        "value": -0.0
      },
      {
        "max": 5.0,
        "min": 0.5,
        "name": "sigmaF",
        "raw": "sigmaF[0.9,0.5,5.0]",
        "tokens": [
          "0.9",
          "0.5",
          "5.0"
        ],
        "value": 0.9
      },
      {
        "max": 80.0,
        "min": 50.0,
        "name": "acmsP",
        "raw": "acmsP[60.,50.,80.]",
        "tokens": [
          "60.",
          "50.",
          "80."
        ],
        "value": 60.0
      },
      {
        "max": 0.08,
        "min": 0.01,
        "name": "betaP",
        "raw": "betaP[0.05,0.01,0.08]",
        "tokens": [
          "0.05",
          "0.01",
          "0.08"
        ],
        "value": 0.05
      },
      {
        "max": 2.0,
        "min": -2.0,
        "name": "gammaP",
        "raw": "gammaP[0.1, -2, 2]",
        "tokens": [
          "0.1",
          "-2",
          "2"
        ],
        "value": 0.1
      },
      {
        "max": 90.0,
        "min": 82.0,
        "name": "peakP",
        "raw": "peakP[87.0,82.0,90.0]",
        "tokens": [
          "87.0",
          "82.0",
          "90.0"
        ],
        "value": 87.0
      },
      {
        "max": 80.0,
        "min": 50.0,
        "name": "acmsF",
        "raw": "acmsF[60.,50.,80.]",