{
  "bin": {
    "cut": "tag_Ele_pt > 35 && abs(tag_sc_eta) < 2.17 && ph_sc_eta >= 0.800000 && ph_sc_eta < 1.444200 && ph_et >= 20.000000 && ph_et < 35.000000",
    "index": 6,
    "name": "bin06_ph_sc_eta_0p80To1p44_ph_et_20p00To35p00",
    "title": "; 0.800 < ph_sc_eta < 1.444; 20.000 < ph_et < 35.000",
    "vars": {
      "ph_et": {
        "max": 35,
        "min": 20
      },
      "ph_sc_eta": {
        "max": 1.4442,
        "min": 0.8
      }
    }
  },
  "created_at_utc": "2026-04-21T17:07:57.006508+00:00",
  "derived": {
    "efficiency": 0.7651541451174815,
    "efficiency_error": 7.41719716461999e-05,
    "nSigF": {
      "error": 1088.2863408292178,
      "isConstant": false,
      "max": 4552644.329228,
      "min": 0.5,
      "name": "nSigF",
      "value": 3014119.8297456536
    },
    "nSigP": {
      "error": 1964.3791400175542,
      "isConstant": false,
      "max": 14838204.397185,
      "min": 0.5,
      "name": "nSigP",
      "value": 9820340.592191385
    }
  },
  "fit_metadata": {
    "bin_index": 6,
    "fail_hist_uses_pass_hist": false,
    "fit_range": {
      "max": 120.0,
      "min": 60.0
    },
    "truth_fail_template_uses_pass_hist": false,
    "truth_template_source": "/eos/home-p/pelai/HZa/root_TnP//hza_resolve_phid_2024_sf//DY_MC_LO_2024_hza_resolve_phid_2024_sf.root"
  },
  "fit_result": {
    "fail": {
      "covQual": -1,
      "edm": 5.4919007705814326e-05,
      "floatParsFinal": [
        {
          "error": 0.001754804833375534,
          "isConstant": false,
          "max": 5.0,
          "min": -5.0,
          "name": "meanF",
          "value": -0.003583008085159989
        },
        {
          "error": 1088.2863408292178,
          "isConstant": false,
          "max": 4552644.329228,
          "min": 0.5,
          "name": "nSigF",
          "value": 3014119.8297456536
        },
        {
          "error": 0.00025238353609380315,
          "isConstant": false,
          "max": 1.5000000035106298,
          "min": 0.40000000093616794,
          "name": "sigmaF",
          "value": 0.40000000100109545
        }
      ],
      "floatParsInit": [
        {
          "error": 0.0,
          "isConstant": false,
          "max": 5.0,
          "min": -5.0,
          "name": "meanF",
          "value": -0.0
        },
        {
          "error": 0.0,
          "isConstant": false,
          "max": 4552644.329228,
          "min": 0.5,
          "name": "nSigF",
          "value": 2731586.597537
        },
        {
          "error": 0.0,
          "isConstant": false,
          "max": 1.5000000035106298,
          "min": 0.40000000093616794,
          "name": "sigmaF",
          "value": 0.5000000011702099
        }
      ],
      "minNll": -32089352.247373506,
      "numInvalidNLL": 0,
      "status": 160
    },
    "fail_quality": "check",
    "pass": {
      "covQual": -1,
      "edm": 0.004760971591114024,
      "floatParsFinal": [
        {
          "error": 0.00092154088454377,
          "isConstant": false,
          "max": 5.0,
          "min": -5.0,
          "name": "meanP",
          "value": -0.008576781866064032
        },
        {
          "error": 1964.3791400175542,
          "isConstant": false,
          "max": 14838204.397185,
          "min": 0.5,
          "name": "nSigP",
          "value": 9820340.592191385
        },
        {
          "error": 4.459581840637883e-05,
          "isConstant": false,
          "max": 5.0,
          "min": 0.5,
          "name": "sigmaP",
          "value": 0.5000000011702099
        }
      ],
      "floatParsInit": [
        {
          "error": 0.0,
          "isConstant": false,
          "max": 5.0,
          "min": -5.0,
          "name": "meanP",
          "value": -0.0
        },
        {
          "error": 0.0,
          "isConstant": false,
          "max": 14838204.397185,
          "min": 0.5,
          "name": "nSigP",
          "value": 8902922.638311
        },
        {
          "error": 0.0,
          "isConstant": false,
          "max": 5.0,
          "min": 0.5,
          "name": "sigmaP",
          "value": 0.9
        }
      ],
      "minNll": -116544325.22401592,
      "numInvalidNLL": 0,
      "status": 180
    },
    "pass_quality": "check",
    "root_read_error": null
  },
  "fit_type": "nominalFit",
  "histograms": {
    "fail": {
      "entries": 1240991.0,
      "fit_window": {
        "bin1": 11,
        "bin2": 70,
        "max": 120.0,
        "min": 60.0
      },
      "integral_fit_window": 3014129.504330597,
      "integral_fit_window_error": 2769.60024356407,
      "integral_full": 3035096.219485145,
      "integral_full_error": 2779.212588040107,
      "maximum_bin_center": 89.5,
      "maximum_bin_content": 269964.3328994353,
      "mean": 86.23481040761493,
      "rms": 7.721752864181466
    },
    "pass": {
      "entries": 4043704.0,
      "fit_window": {
        "bin1": 11,
        "bin2": 70,
        "max": 120.0,
        "min": 60.0
      },
      "integral_fit_window": 9820390.485732807,
      "integral_fit_window_error": 4999.20220864533,
      "integral_full": 9892136.264790034,
      "integral_full_error": 5017.436754836464,
      "maximum_bin_center": 89.5,
      "maximum_bin_content": 916550.1226906343,
      "mean": 86.09899714707781,
      "rms": 7.592384475831073
    }
  },
  "sample": {
    "fitOutputBinRoot": "/eos/home-p/pelai/HZa/root_TnP//hza_resolve_phid_2024_sf//DY_MC_LO_2024_hza_resolve_phid_2024_sf.nominalFit-bin06_ph_sc_eta_0p80To1p44_ph_et_20p00To35p00.root",
    "fitOutputRoot": "/eos/home-p/pelai/HZa/root_TnP//hza_resolve_phid_2024_sf//DY_MC_LO_2024_hza_resolve_phid_2024_sf.nominalFit.root",
    "histFile": "/eos/home-p/pelai/HZa/root_TnP//hza_resolve_phid_2024_sf//DY_MC_LO_2024_hza_resolve_phid_2024_sf.root",
    "isMC": true,
    "mcRefHistFile": "/eos/home-p/pelai/HZa/root_TnP//hza_resolve_phid_2024_sf//DY_MC_LO_2024_hza_resolve_phid_2024_sf.root",
    "mcTruth": true,
    "name": "DY_MC_LO_2024"
  },
  "workspace": {
    "effective_parsed": [
      {
        "max": 5.0,
        "min": -5.0,
        "name": "meanP",
        "raw": "meanP[-0.0,-5.0,5.0]",
        "tokens": [
          "-0.0",
          "-5.0",
          "5.0"
        ],
        "value": -0.0
      },
      {
        "max": 5.0,
        "min": 0.5,
        "name": "sigmaP",
        "raw": "sigmaP[0.9,0.5,5.0]",
        "tokens": [
          "0.9",
          "0.5",
          "5.0"
        ],
        "value": 0.9
      },
      {
        "max": 5.0,
        "min": -5.0,
        "name": "meanF",
        "raw": "meanF[-0.0,-5.0,5.0]",
        "tokens": [
          "-0.0",
          "-5.0",
          "5.0"
        ],
        "value": -0.0
      },
      {
        "max": 3.0,
        "min": 0.0,
        "name": "sigmaF",
        "raw": "sigmaF[1.0,0.0,3.0]",
        "tokens": [
          "1.0",
          "0.0",
          "3.0"
        ],
        "value": 1.0
      },
      {
        "max": 90.0,
        "min": 45.0,
        "name": "acmsP",
        "raw": "acmsP[65.,45.,90.]",
        "tokens": [
          "65.",
          "45.",
          "90."
        ],
        "value": 65.0
      },
      {
        "max": 0.1,
        "min": 0.005,
        "name": "betaP",
        "raw": "betaP[0.05,0.005,0.10]",
        "tokens": [
          "0.05",
          "0.005",
          "0.10"
        ],
        "value": 0.05
      },
      {
        "max": 2.0,
        "min": 0.005,
        "name": "gammaP",
        "raw": "gammaP[0.08, 0.005, 2]",
        "tokens": [
          "0.08",
          "0.005",
          "2"
        ],
        "value": 0.08
      },
      {
        "max": 90.0,
        "min": 82.0,
        "name": "peakP",
        "raw": "peakP[87.0,82.0,90.0]",
        "tokens": [
          "87.0",
          "82.0",
          "90.0"
        ],
        "value": 87.0
      },
      {
        "max": 90.0,
        "min": 45.0,
        "name": "acmsF",
        "raw": "acmsF[70.,45.,90.]",