{
  "bin": {
    "cut": "tag_Ele_pt > 35 && abs(tag_sc_eta) < 2.17 && ph_sc_eta >= -1.444200 && ph_sc_eta < -0.800000 && ph_et >= 20.000000 && ph_et < 35.000000",
    "index": 3,
    "name": "bin03_ph_sc_eta_m1p44Tom0p80_ph_et_20p00To35p00",
    "title": "; -1.444 < ph_sc_eta < -0.800; 20.000 < ph_et < 35.000",
    "vars": {
      "ph_et": {
        "max": 35,
        "min": 20
      },
      "ph_sc_eta": {
        "max": -0.8,
        "min": -1.4442
      }
    }
  },
  "created_at_utc": "2026-04-21T17:07:56.969130+00:00",
  "derived": {
    "efficiency": 0.770341836828033,
    "efficiency_error": 7.370637866006705e-05,
    "nSigF": {
      "error": 1074.6024405162316,
      "isConstant": false,
      "max": 4438498.205535,
      "min": 0.5,
      "name": "nSigF",
      "value": 2938780.0709963986
    },
    "nSigP": {
      "error": 1968.120589802973,
      "isConstant": false,
      "max": 14891330.527224,
      "min": 0.5,
      "name": "nSigP",
      "value": 9857543.083412243
    }
  },
  "fit_metadata": {
    "bin_index": 3,
    "fail_hist_uses_pass_hist": false,
    "fit_range": {
      "max": 120.0,
      "min": 60.0
    },
    "truth_fail_template_uses_pass_hist": false,
    "truth_template_source": "/eos/home-p/pelai/HZa/root_TnP//hza_resolve_phid_2024_sf//DY_MC_LO_2024_hza_resolve_phid_2024_sf.root"
  },
  "fit_result": {
    "fail": {
      "covQual": -1,
      "edm": 0.0012504650884269683,
      "floatParsFinal": [
        {
          "error": 0.0017734959225532698,
          "isConstant": false,
          "max": 5.0,
          "min": -5.0,
          "name": "meanF",
          "value": -0.003421847057659022
        },
        {
          "error": 1074.6024405162316,
          "isConstant": false,
          "max": 4438498.205535,
          "min": 0.5,
          "name": "nSigF",
          "value": 2938780.0709963986
        },
        {
          "error": 0.00024632666179394413,
          "isConstant": false,
          "max": 1.5000000028650264,
          "min": 0.4000000007640071,
          "name": "sigmaF",
          "value": 0.4000000087380001
        }
      ],
      "floatParsInit": [
        {
          "error": 0.0,
          "isConstant": false,
          "max": 5.0,
          "min": -5.0,
          "name": "meanF",
          "value": -0.0
        },
        {
          "error": 0.0,
          "isConstant": false,
          "max": 4438498.205535,
          "min": 0.5,
          "name": "nSigF",
          "value": 2663098.923321
        },
        {
          "error": 0.0,
          "isConstant": false,
          "max": 1.5000000028650264,
          "min": 0.4000000007640071,
          "name": "sigmaF",
          "value": 0.5000000009550088
        }
      ],
      "minNll": -31221805.885729413,
      "numInvalidNLL": 0,
      "status": 160
    },
    "fail_quality": "check",
    "pass": {
      "covQual": -1,
      "edm": 0.0005910331154328008,
      "floatParsFinal": [
        {
          "error": 0.0009180137136270972,
          "isConstant": false,
          "max": 5.0,
          "min": -5.0,
          "name": "meanP",
          "value": -0.008182599545116354
        },
        {
          "error": 1968.120589802973,
          "isConstant": false,
          "max": 14891330.527224,
          "min": 0.5,
          "name": "nSigP",
          "value": 9857543.083412243
        },
        {
          "error": 4.5649898501531894e-05,
          "isConstant": false,
          "max": 5.0,
          "min": 0.5,
          "name": "sigmaP",
          "value": 0.5000000009550088
        }
      ],
      "floatParsInit": [
        {
          "error": 0.0,
          "isConstant": false,
          "max": 5.0,
          "min": -5.0,
          "name": "meanP",
          "value": -0.0
        },
        {
          "error": 0.0,
          "isConstant": false,
          "max": 14891330.527224,
          "min": 0.5,
          "name": "nSigP",
          "value": 8934798.316334
        },
        {
          "error": 0.0,
          "isConstant": false,
          "max": 5.0,
          "min": 0.5,
          "name": "sigmaP",
          "value": 0.9
        }
      ],
      "minNll": -117071131.64469299,
      "numInvalidNLL": 0,
      "status": 180
    },
    "pass_quality": "check",
    "root_read_error": null
  },
  "fit_type": "nominalFit",
  "histograms": {
    "fail": {
      "entries": 1209894.0,
      "fit_window": {
        "bin1": 11,
        "bin2": 70,
        "max": 120.0,
        "min": 60.0
      },
      "integral_fit_window": 2938782.5647904337,
      "integral_fit_window_error": 2734.762488037549,
      "integral_full": 2958998.8036901127,
      "integral_full_error": 2744.1465406269003,
      "maximum_bin_center": 89.5,
      "maximum_bin_content": 263245.28779394284,
      "mean": 86.2724015506877,
      "rms": 7.697331380653511
    },
    "pass": {
      "entries": 4058538.0,
      "fit_window": {
        "bin1": 11,
        "bin2": 70,
        "max": 120.0,
        "min": 60.0
      },
      "integral_fit_window": 9857592.974387273,
      "integral_fit_window_error": 5008.601766828165,
      "integral_full": 9927553.684815856,
      "integral_full_error": 5026.34551693997,
      "maximum_bin_center": 89.5,
      "maximum_bin_content": 921927.566933454,
      "mean": 86.16127882164265,
      "rms": 7.5514815101977755
    }
  },
  "sample": {
    "fitOutputBinRoot": "/eos/home-p/pelai/HZa/root_TnP//hza_resolve_phid_2024_sf//DY_MC_LO_2024_hza_resolve_phid_2024_sf.nominalFit-bin03_ph_sc_eta_m1p44Tom0p80_ph_et_20p00To35p00.root",
    "fitOutputRoot": "/eos/home-p/pelai/HZa/root_TnP//hza_resolve_phid_2024_sf//DY_MC_LO_2024_hza_resolve_phid_2024_sf.nominalFit.root",
    "histFile": "/eos/home-p/pelai/HZa/root_TnP//hza_resolve_phid_2024_sf//DY_MC_LO_2024_hza_resolve_phid_2024_sf.root",
    "isMC": true,
    "mcRefHistFile": "/eos/home-p/pelai/HZa/root_TnP//hza_resolve_phid_2024_sf//DY_MC_LO_2024_hza_resolve_phid_2024_sf.root",
    "mcTruth": true,
    "name": "DY_MC_LO_2024"
  },
  "workspace": {
    "effective_parsed": [
      {
        "max": 5.0,
        "min": -5.0,
        "name": "meanP",
        "raw": "meanP[-0.0,-5.0,5.0]",
        "tokens": [
          "-0.0",
          "-5.0",
          "5.0"
        ],
        "value": -0.0
      },
      {
        "max": 5.0,
        "min": 0.5,
        "name": "sigmaP",
        "raw": "sigmaP[0.9,0.5,5.0]",
        "tokens": [
          "0.9",
          "0.5",
          "5.0"
        ],
        "value": 0.9
      },
      {
        "max": 5.0,
        "min": -5.0,
        "name": "meanF",
        "raw": "meanF[-0.0,-5.0,5.0]",
        "tokens": [
          "-0.0",
          "-5.0",
          "5.0"
        ],
        "value": -0.0
      },
      {
        "max": 3.0,
        "min": 0.0,
        "name": "sigmaF",
        "raw": "sigmaF[1.0,0.0,3.0]",
        "tokens": [
          "1.0",
          "0.0",
          "3.0"
        ],
        "value": 1.0
      },
      {
        "max": 90.0,
        "min": 45.0,
        "name": "acmsP",
        "raw": "acmsP[65.,45.,90.]",
        "tokens": [
          "65.",
          "45.",
          "90."
        ],
        "value": 65.0
      },
      {
        "max": 0.1,
        "min": 0.005,
        "name": "betaP",
        "raw": "betaP[0.05,0.005,0.10]",
        "tokens": [
          "0.05",
          "0.005",
          "0.10"
        ],
        "value": 0.05
      },
      {
        "max": 2.0,
        "min": 0.005,
        "name": "gammaP",
        "raw": "gammaP[0.08, 0.005, 2]",
        "tokens": [
          "0.08",
          "0.005",
          "2"
        ],
        "value": 0.08
      },
      {
        "max": 90.0,
        "min": 82.0,
        "name": "peakP",
        "raw": "peakP[87.0,82.0,90.0]",
        "tokens": [
          "87.0",
          "82.0",
          "90.0"
        ],
        "value": 87.0
      },
      {
        "max": 90.0,
        "min": 45.0,
        "name": "acmsF",
        "raw": "acmsF[70.,45.,90.]",