{
  "bin": {
    "cut": "tag_Ele_pt > 35 && abs(tag_sc_eta) < 2.17 && ph_sc_eta >= -2.000000 && ph_sc_eta < -1.566000 && ph_et >= 35.000000 && ph_et < 50.000000",
    "index": 11,
    "name": "bin11_ph_sc_eta_m2p00Tom1p57_ph_et_35p00To50p00",
    "title": "; -2.000 < ph_sc_eta < -1.566; 35.000 < ph_et < 50.000",
    "vars": {
      "ph_et": {
        "max": 50,
        "min": 35
      },
      "ph_sc_eta": {
        "max": -1.566,
        "min": -2.0
      }
    }
  },
  "created_at_utc": "2026-04-19T18:57:03.694931+00:00",
  "derived": {
    "efficiency": 0.7777842241245306,
    "efficiency_error": 6.438130907940441e-05,
    "nSigF": {
      "error": 1196.0956508899108,
      "isConstant": false,
      "max": 5475442.379084,
      "min": 0.5,
      "name": "nSigF",
      "value": 3640936.884743635
    },
    "nSigP": {
      "error": 2237.791837331839,
      "isConstant": false,
      "max": 19161225.212764,
      "min": 0.5,
      "name": "nSigP",
      "value": 12743754.392909084
    }
  },
  "fit_metadata": {
    "bin_index": 11,
    "fail_hist_uses_pass_hist": false,
    "fit_range": {
      "max": 120.0,
      "min": 60.0
    },
    "truth_fail_template_uses_pass_hist": false,
    "truth_template_source": "/eos/home-p/pelai/HZa/root_TnP//hza_resolve_phid_2024_sf//DY_MC_LO_2024_hza_resolve_phid_2024_sf.root"
  },
  "fit_result": {
    "fail": {
      "covQual": -1,
      "edm": 0.0064229472080756635,
      "floatParsFinal": [
        {
          "error": 0.0012766381074689193,
          "isConstant": false,
          "max": 5.0,
          "min": -5.0,
          "name": "meanF",
          "value": 0.0022049705637510186
        },
        {
          "error": 1196.0956508899108,
          "isConstant": false,
          "max": 5475442.379084,
          "min": 0.5,
          "name": "nSigF",
          "value": 3640936.884743635
        },
        {
          "error": 0.000133797512025996,
          "isConstant": false,
          "max": 1.5000000008853873,
          "min": 0.4000000002361033,
          "name": "sigmaF",
          "value": 0.4000000005150994
        }
      ],
      "floatParsInit": [
        {
          "error": 0.0,
          "isConstant": false,
          "max": 5.0,
          "min": -5.0,
          "name": "meanF",
          "value": -0.0
        },
        {
          "error": 0.0,
          "isConstant": false,
          "max": 5475442.379084,
          "min": 0.5,
          "name": "nSigF",
          "value": 3285265.42745
        },
        {
          "error": 0.0,
          "isConstant": false,
          "max": 1.5000000008853873,
          "min": 0.4000000002361033,
          "name": "sigmaF",
          "value": 0.5000000002951291
        }
      ],
      "minNll": -40792387.38066756,
      "numInvalidNLL": 0,
      "status": 160
    },
    "fail_quality": "check",
    "pass": {
      "covQual": -1,
      "edm": 0.00019821874277229414,
      "floatParsFinal": [
        {
          "error": 0.0006538836102056855,
          "isConstant": false,
          "max": 5.0,
          "min": -5.0,
          "name": "meanP",
          "value": 0.0008156664900580424
        },
        {
          "error": 2237.791837331839,
          "isConstant": false,
          "max": 19161225.212764,
          "min": 0.5,
          "name": "nSigP",
          "value": 12743754.392909084
        },
        {
          "error": 2.1768491094475984e-05,
          "isConstant": false,
          "max": 5.0,
          "min": 0.5,
          "name": "sigmaP",
          "value": 0.5000000002951291
        }
      ],
      "floatParsInit": [
        {
          "error": 0.0,
          "isConstant": false,
          "max": 5.0,
          "min": -5.0,
          "name": "meanP",
          "value": -0.0
        },
        {
          "error": 0.0,
          "isConstant": false,
          "max": 19161225.212764,
          "min": 0.5,
          "name": "nSigP",
          "value": 11496735.127658
        },
        {
          "error": 0.0,
          "isConstant": false,
          "max": 5.0,
          "min": 0.5,
          "name": "sigmaP",
          "value": 0.9
        }
      ],
      "minNll": -159286923.5513406,
      "numInvalidNLL": 0,
      "status": 160
    },
    "pass_quality": "check",
    "root_read_error": null
  },
  "fit_type": "nominalFit",
  "histograms": {
    "fail": {
      "entries": 1492640.0,
      "fit_window": {
        "bin1": 11,
        "bin2": 70,
        "max": 120.0,
        "min": 60.0
      },
      "integral_fit_window": 3640932.7294455166,
      "integral_fit_window_error": 3044.0182571484206,
      "integral_full": 3650294.919389229,
      "integral_full_error": 3047.9213497647706,
      "maximum_bin_center": 89.5,
      "maximum_bin_content": 413432.61242672167,
      "mean": 89.87960515300873,
      "rms": 5.179464835152477
    },
    "pass": {
      "entries": 5222613.0,
      "fit_window": {
        "bin1": 11,
        "bin2": 70,
        "max": 120.0,
        "min": 60.0
      },
      "integral_fit_window": 12743754.241590478,
      "integral_fit_window_error": 5694.8688129477,
      "integral_full": 12774150.141842386,
      "integral_full_error": 5701.659906685386,
      "maximum_bin_center": 89.5,
      "maximum_bin_content": 1510567.60266797,
      "mean": 89.78416005211726,
      "rms": 4.995115628917682
    }
  },
  "sample": {
    "fitOutputBinRoot": "/eos/home-p/pelai/HZa/root_TnP//hza_resolve_phid_2024_sf//DY_MC_LO_2024_hza_resolve_phid_2024_sf.nominalFit-bin11_ph_sc_eta_m2p00Tom1p57_ph_et_35p00To50p00.root",
    "fitOutputRoot": "/eos/home-p/pelai/HZa/root_TnP//hza_resolve_phid_2024_sf//DY_MC_LO_2024_hza_resolve_phid_2024_sf.nominalFit.root",
    "histFile": "/eos/home-p/pelai/HZa/root_TnP//hza_resolve_phid_2024_sf//DY_MC_LO_2024_hza_resolve_phid_2024_sf.root",
    "isMC": true,
    "mcRefHistFile": "/eos/home-p/pelai/HZa/root_TnP//hza_resolve_phid_2024_sf//DY_MC_LO_2024_hza_resolve_phid_2024_sf.root",
    "mcTruth": true,
    "name": "DY_MC_LO_2024"
  },
  "workspace": {
    "effective_parsed": [
      {
        "max": 5.0,
        "min": -5.0,
        "name": "meanP",
        "raw": "meanP[-0.0,-5.0,5.0]",
        "tokens": [
          "-0.0",
          "-5.0",
          "5.0"
        ],
        "value": -0.0
      },
      {
        "max": 5.0,
        "min": 0.5,
        "name": "sigmaP",
        "raw": "sigmaP[0.9,0.5,5.0]",
        "tokens": [
          "0.9",
          "0.5",
          "5.0"
        ],
        "value": 0.9
      },
      {
        "max": 5.0,
        "min": -5.0,
        "name": "meanF",
        "raw": "meanF[-0.0,-5.0,5.0]",
        "tokens": [
          "-0.0",
          "-5.0",
          "5.0"
        ],
        "value": -0.0
      },
      {
        "max": 5.0,
        "min": 0.5,
        "name": "sigmaF",
        "raw": "sigmaF[0.9,0.5,5.0]",
        "tokens": [
          "0.9",
          "0.5",
          "5.0"
        ],
        "value": 0.9
      },
      {
        "max": 80.0,
        "min": 50.0,
        "name": "acmsP",
        "raw": "acmsP[60.,50.,80.]",
        "tokens": [
          "60.",
          "50.",
          "80."
        ],
        "value": 60.0
      },
      {
        "max": 0.08,
        "min": 0.01,
        "name": "betaP",
        "raw": "betaP[0.05,0.01,0.08]",
        "tokens": [
          "0.05",
          "0.01",
          "0.08"
        ],
        "value": 0.05
      },
      {
        "max": 2.0,
        "min": -2.0,
        "name": "gammaP",
        "raw": "gammaP[0.1, -2, 2]",
        "tokens": [
          "0.1",
          "-2",
          "2"
        ],
        "value": 0.1
      },
      {
        "max": 90.0,
        "min": 82.0,
        "name": "peakP",
        "raw": "peakP[87.0,82.0,90.0]",
        "tokens": [
          "87.0",
          "82.0",
          "90.0"
        ],
        "value": 87.0
      },
      {
        "max": 80.0,
        "min": 50.0,
        "name": "acmsF",
        "raw": "acmsF[60.,50.,80.]",