{
  "bin": {
    "cut": "tag_Ele_pt > 35 && abs(tag_sc_eta) < 2.17 && ph_sc_eta >= 0.000000 && ph_sc_eta < 0.800000 && ph_et >= 35.000000 && ph_et < 50.000000",
    "index": 15,
    "name": "bin15_ph_sc_eta_0p00To0p80_ph_et_35p00To50p00",
    "title": "; 0.000 < ph_sc_eta < 0.800; 35.000 < ph_et < 50.000",
    "vars": {
      "ph_et": {
        "max": 50,
        "min": 35
      },
      "ph_sc_eta": {
        "max": 0.8,
        "min": 0.0
      }
    }
  },
  "created_at_utc": "2026-04-21T17:07:55.322702+00:00",
  "derived": {
    "efficiency": 0.8152797829413917,
    "efficiency_error": 3.292470236422555e-05,
    "nSigF": {
      "error": 1990.6232716906816,
      "isConstant": false,
      "max": 15164400.797551,
      "min": 0.5,
      "name": "nSigF",
      "value": 10084057.935052466
    },
    "nSigP": {
      "error": 4182.029308930039,
      "isConstant": false,
      "max": 66896875.527383,
      "min": 0.5,
      "name": "nSigP",
      "value": 44506923.472537465
    }
  },
  "fit_metadata": {
    "bin_index": 15,
    "fail_hist_uses_pass_hist": false,
    "fit_range": {
      "max": 120.0,
      "min": 60.0
    },
    "truth_fail_template_uses_pass_hist": false,
    "truth_template_source": "/eos/home-p/pelai/HZa/root_TnP//hza_resolve_phid_2024_sf//DY_MC_LO_2024_hza_resolve_phid_2024_sf.root"
  },
  "fit_result": {
    "fail": {
      "covQual": -1,
      "edm": 0.004530523072073974,
      "floatParsFinal": [
        {
          "error": 0.0006158944906258235,
          "isConstant": false,
          "max": 5.0,
          "min": -5.0,
          "name": "meanF",
          "value": 0.001407418219931067
        },
        {
          "error": 1990.6232716906816,
          "isConstant": false,
          "max": 15164400.797551,
          "min": 0.5,
          "name": "nSigF",
          "value": 10084057.935052466
        },
        {
          "error": 2.0624665758084415e-05,
          "isConstant": false,
          "max": 1.5000000001673668,
          "min": 0.40000000004463115,
          "name": "sigmaF",
          "value": 0.4000000000887387
        }
      ],
      "floatParsInit": [
        {
          "error": 0.0,
          "isConstant": false,
          "max": 5.0,
          "min": -5.0,
          "name": "meanF",
          "value": -0.0
        },
        {
          "error": 0.0,
          "isConstant": false,
          "max": 15164400.797551,
          "min": 0.5,
          "name": "nSigF",
          "value": 9098640.478531
        },
        {
          "error": 0.0,
          "isConstant": false,
          "max": 1.5000000001673668,
          "min": 0.40000000004463115,
          "name": "sigmaF",
          "value": 0.5000000000557889
        }
      ],
      "minNll": -124438898.9085781,
      "numInvalidNLL": 0,
      "status": 160
    },
    "fail_quality": "check",
    "pass": {
      "covQual": -1,
      "edm": 0.0010851551512800553,
      "floatParsFinal": [
        {
          "error": 0.00028103807241253165,
          "isConstant": false,
          "max": 5.0,
          "min": -5.0,
          "name": "meanP",
          "value": 2.5362829197739245e-05
        },
        {
          "error": 4182.029308930039,
          "isConstant": false,
          "max": 66896875.527383,
          "min": 0.5,
          "name": "nSigP",
          "value": 44506923.472537465
        },
        {
          "error": 2.1886140991189684e-06,
          "isConstant": false,
          "max": 5.0,
          "min": 0.5,
          "name": "sigmaP",
          "value": 0.5000000000557889
        }
      ],
      "floatParsInit": [
        {
          "error": 0.0,
          "isConstant": false,
          "max": 5.0,
          "min": -5.0,
          "name": "meanP",
          "value": -0.0
        },
        {
          "error": 0.0,
          "isConstant": false,
          "max": 66896875.527383,
          "min": 0.5,
          "name": "nSigP",
          "value": 40138125.31643
        },
        {
          "error": 0.0,
          "isConstant": false,
          "max": 5.0,
          "min": 0.5,
          "name": "sigmaP",
          "value": 0.9
        }
      ],
      "minNll": -617873205.5808604,
      "numInvalidNLL": 0,
      "status": 160
    },
    "pass_quality": "check",
    "root_read_error": null
  },
  "fit_type": "nominalFit",
  "histograms": {
    "fail": {
      "entries": 4133325.0,
      "fit_window": {
        "bin1": 11,
        "bin2": 70,
        "max": 120.0,
        "min": 60.0
      },
      "integral_fit_window": 10084025.342242677,
      "integral_fit_window_error": 5065.783656294285,
      "integral_full": 10109600.531700924,
      "integral_full_error": 5072.1961274333225,
      "maximum_bin_center": 90.5,
      "maximum_bin_content": 1494990.882130111,
      "mean": 90.54752628239373,
      "rms": 4.897954682925218
    },
    "pass": {
      "entries": 18235028.0,
      "fit_window": {
        "bin1": 11,
        "bin2": 70,
        "max": 120.0,
        "min": 60.0
      },
      "integral_fit_window": 44506754.40110024,
      "integral_fit_window_error": 10642.433065222333,
      "integral_full": 44597917.0182556,
      "integral_full_error": 10653.326461156428,
      "maximum_bin_center": 90.5,
      "maximum_bin_content": 6893001.38110858,
      "mean": 90.53753874532154,
      "rms": 4.623432036006132
    }
  },
  "sample": {
    "fitOutputBinRoot": "/eos/home-p/pelai/HZa/root_TnP//hza_resolve_phid_2024_sf//DY_MC_LO_2024_hza_resolve_phid_2024_sf.nominalFit-bin15_ph_sc_eta_0p00To0p80_ph_et_35p00To50p00.root",
    "fitOutputRoot": "/eos/home-p/pelai/HZa/root_TnP//hza_resolve_phid_2024_sf//DY_MC_LO_2024_hza_resolve_phid_2024_sf.nominalFit.root",
    "histFile": "/eos/home-p/pelai/HZa/root_TnP//hza_resolve_phid_2024_sf//DY_MC_LO_2024_hza_resolve_phid_2024_sf.root",
    "isMC": true,
    "mcRefHistFile": "/eos/home-p/pelai/HZa/root_TnP//hza_resolve_phid_2024_sf//DY_MC_LO_2024_hza_resolve_phid_2024_sf.root",
    "mcTruth": true,
    "name": "DY_MC_LO_2024"
  },
  "workspace": {
    "effective_parsed": [
      {
        "max": 5.0,
        "min": -5.0,
        "name": "meanP",
        "raw": "meanP[-0.0,-5.0,5.0]",
        "tokens": [
          "-0.0",
          "-5.0",
          "5.0"
        ],
        "value": -0.0
      },
      {
        "max": 5.0,
        "min": 0.5,
        "name": "sigmaP",
        "raw": "sigmaP[0.9,0.5,5.0]",
        "tokens": [
          "0.9",
          "0.5",
          "5.0"
        ],
        "value": 0.9
      },
      {
        "max": 5.0,
        "min": -5.0,
        "name": "meanF",
        "raw": "meanF[-0.0,-5.0,5.0]",
        "tokens": [
          "-0.0",
          "-5.0",
          "5.0"
        ],
        "value": -0.0
      },
      {
        "max": 3.0,
        "min": 0.0,
        "name": "sigmaF",
        "raw": "sigmaF[1.0,0.0,3.0]",
        "tokens": [
          "1.0",
          "0.0",
          "3.0"
        ],
        "value": 1.0
      },
      {
        "max": 90.0,
        "min": 45.0,
        "name": "acmsP",
        "raw": "acmsP[65.,45.,90.]",
        "tokens": [
          "65.",
          "45.",
          "90."
        ],
        "value": 65.0
      },
      {
        "max": 0.1,
        "min": 0.005,
        "name": "betaP",
        "raw": "betaP[0.05,0.005,0.10]",
        "tokens": [
          "0.05",
          "0.005",
          "0.10"
        ],
        "value": 0.05
      },
      {
        "max": 2.0,
        "min": 0.005,
        "name": "gammaP",
        "raw": "gammaP[0.08, 0.005, 2]",
        "tokens": [
          "0.08",
          "0.005",
          "2"
        ],
        "value": 0.08
      },
      {
        "max": 90.0,
        "min": 82.0,
        "name": "peakP",
        "raw": "peakP[87.0,82.0,90.0]",
        "tokens": [
          "87.0",
          "82.0",
          "90.0"
        ],
        "value": 87.0
      },
      {
        "max": 90.0,
        "min": 45.0,
        "name": "acmsF",
        "raw": "acmsF[70.,45.,90.]",