{
  "bin": {
    "cut": "tag_Ele_pt > 35 && abs(tag_sc_eta) < 2.17 && ph_sc_eta >= -2.500000 && ph_sc_eta < -2.000000 && ph_et >= 35.000000 && ph_et < 50.000000",
    "index": 10,
    "name": "bin10_ph_sc_eta_m2p50Tom2p00_ph_et_35p00To50p00",
    "title": "; -2.500 < ph_sc_eta < -2.000; 35.000 < ph_et < 50.000",
    "vars": {
      "ph_et": {
        "max": 50,
        "min": 35
      },
      "ph_sc_eta": {
        "max": -2.0,
        "min": -2.5
      }
    }
  },
  "created_at_utc": "2026-04-20T20:31:14.272470+00:00",
  "derived": {
    "efficiency": 0.8122772366359601,
    "efficiency_error": 6.958360423991516e-05,
    "nSigF": {
      "error": 955.3439696948044,
      "isConstant": false,
      "max": 3496889.845559,
      "min": 0.5,
      "name": "nSigF",
      "value": 2322872.371863346
    },
    "nSigP": {
      "error": 1987.3376868991181,
      "isConstant": false,
      "max": 15125319.086403,
      "min": 0.5,
      "name": "nSigP",
      "value": 10051079.141724456
    }
  },
  "fit_metadata": {
    "bin_index": 10,
    "fail_hist_uses_pass_hist": false,
    "fit_range": {
      "max": 120.0,
      "min": 60.0
    },
    "truth_fail_template_uses_pass_hist": false,
    "truth_template_source": "/eos/home-p/pelai/HZa/root_TnP//hza_resolve_phid_2024_sf//DY_MC_LO_2024_hza_resolve_phid_2024_sf.root"
  },
  "fit_result": {
    "fail": {
      "covQual": -1,
      "edm": 0.05014551734999231,
      "floatParsFinal": [
        {
          "error": 0.0016132387991620867,
          "isConstant": false,
          "max": 5.0,
          "min": -5.0,
          "name": "meanF",
          "value": 0.004051483499170949
        },
        {
          "error": 955.3439696948044,
          "isConstant": false,
          "max": 3496889.845559,
          "min": 0.5,
          "name": "nSigF",
          "value": 2322872.371863346
        },
        {
          "error": 0.00021886700492979028,
          "isConstant": false,
          "max": 1.500000010719091,
          "min": 0.4000000028584243,
          "name": "sigmaF",
          "value": 0.40000000389958
        }
      ],
      "floatParsInit": [
        {
          "error": 0.0,
          "isConstant": false,
          "max": 5.0,
          "min": -5.0,
          "name": "meanF",
          "value": -0.0
        },
        {
          "error": 0.0,
          "isConstant": false,
          "max": 3496889.845559,
          "min": 0.5,
          "name": "nSigF",
          "value": 2098133.907335
        },
        {
          "error": 0.0,
          "isConstant": false,
          "max": 1.500000010719091,
          "min": 0.4000000028584243,
          "name": "sigmaF",
          "value": 0.5000000035730303
        }
      ],
      "minNll": -24944929.71895363,
      "numInvalidNLL": 0,
      "status": 160
    },
    "fail_quality": "check",
    "pass": {
      "covQual": -1,
      "edm": 0.001904421859795071,
      "floatParsFinal": [
        {
          "error": 0.0007598179546817185,
          "isConstant": false,
          "max": 5.0,
          "min": -5.0,
          "name": "meanP",
          "value": 0.0038084062841106103
        },
        {
          "error": 1987.3376868991181,
          "isConstant": false,
          "max": 15125319.086403,
          "min": 0.5,
          "name": "nSigP",
          "value": 10051079.141724456
        },
        {
          "error": 3.191765610538466e-05,
          "isConstant": false,
          "max": 5.0,
          "min": 0.5,
          "name": "sigmaP",
          "value": 0.5000000035730303
        }
      ],
      "floatParsInit": [
        {
          "error": 0.0,
          "isConstant": false,
          "max": 5.0,
          "min": -5.0,
          "name": "meanP",
          "value": -0.0
        },
        {
          "error": 0.0,
          "isConstant": false,
          "max": 15125319.086403,
          "min": 0.5,
          "name": "nSigP",
          "value": 9075191.451842
        },
        {
          "error": 0.0,
          "isConstant": false,
          "max": 5.0,
          "min": 0.5,
          "name": "sigmaP",
          "value": 0.9
        }
      ],
      "minNll": -122903125.16817081,
      "numInvalidNLL": 0,
      "status": 160
    },
    "pass_quality": "check",
    "root_read_error": null
  },
  "fit_type": "nominalFit",
  "histograms": {
    "fail": {
      "entries": 952801.0,
      "fit_window": {
        "bin1": 11,
        "bin2": 70,
        "max": 120.0,
        "min": 60.0
      },
      "integral_fit_window": 2322871.644549522,
      "integral_fit_window_error": 2431.451416631719,
      "integral_full": 2331259.8970390474,
      "integral_full_error": 2435.833939463981,
      "maximum_bin_center": 90.5,
      "maximum_bin_content": 263909.1268320938,
      "mean": 90.71109578586301,
      "rms": 5.393190813939703
    },
    "pass": {
      "entries": 4122318.0,
      "fit_window": {
        "bin1": 11,
        "bin2": 70,
        "max": 120.0,
        "min": 60.0
      },
      "integral_fit_window": 10051064.809684072,
      "integral_fit_window_error": 5057.562428023659,
      "integral_full": 10083546.057602158,
      "integral_full_error": 5065.723567314249,
      "maximum_bin_center": 90.5,
      "maximum_bin_content": 1173820.3561788572,
      "mean": 90.6561207448502,
      "rms": 5.246020640300754
    }
  },
  "sample": {
    "fitOutputBinRoot": "/eos/home-p/pelai/HZa/root_TnP//hza_resolve_phid_2024_sf//DY_MC_LO_2024_hza_resolve_phid_2024_sf.nominalFit-bin10_ph_sc_eta_m2p50Tom2p00_ph_et_35p00To50p00.root",
    "fitOutputRoot": "/eos/home-p/pelai/HZa/root_TnP//hza_resolve_phid_2024_sf//DY_MC_LO_2024_hza_resolve_phid_2024_sf.nominalFit.root",
    "histFile": "/eos/home-p/pelai/HZa/root_TnP//hza_resolve_phid_2024_sf//DY_MC_LO_2024_hza_resolve_phid_2024_sf.root",
    "isMC": true,
    "mcRefHistFile": "/eos/home-p/pelai/HZa/root_TnP//hza_resolve_phid_2024_sf//DY_MC_LO_2024_hza_resolve_phid_2024_sf.root",
    "mcTruth": true,
    "name": "DY_MC_LO_2024"
  },
  "workspace": {
    "effective_parsed": [
      {
        "max": 5.0,
        "min": -5.0,
        "name": "meanP",
        "raw": "meanP[-0.0,-5.0,5.0]",
        "tokens": [
          "-0.0",
          "-5.0",
          "5.0"
        ],
        "value": -0.0
      },
      {
        "max": 5.0,
        "min": 0.5,
        "name": "sigmaP",
        "raw": "sigmaP[0.9,0.5,5.0]",
        "tokens": [
          "0.9",
          "0.5",
          "5.0"
        ],
        "value": 0.9
      },
      {
        "max": 5.0,
        "min": -5.0,
        "name": "meanF",
        "raw": "meanF[-0.0,-5.0,5.0]",
        "tokens": [
          "-0.0",
          "-5.0",
          "5.0"
        ],
        "value": -0.0
      },
      {
        "max": 3.0,
        "min": 0.0,
        "name": "sigmaF",
        "raw": "sigmaF[1.0,0.0,3.0]",
        "tokens": [
          "1.0",
          "0.0",
          "3.0"
        ],
        "value": 1.0
      },
      {
        "max": 80.0,
        "min": 50.0,
        "name": "acmsP",
        "raw": "acmsP[60.,50.,80.]",
        "tokens": [
          "60.",
          "50.",
          "80."
        ],
        "value": 60.0
      },
      {
        "max": 0.08,
        "min": 0.01,
        "name": "betaP",
        "raw": "betaP[0.05,0.01,0.08]",
        "tokens": [
          "0.05",
          "0.01",
          "0.08"
        ],
        "value": 0.05
      },
      {
        "max": 2.0,
        "min": -2.0,
        "name": "gammaP",
        "raw": "gammaP[0.1, -2, 2]",
        "tokens": [
          "0.1",
          "-2",
          "2"
        ],
        "value": 0.1
      },
      {
        "max": 90.0,
        "min": 82.0,
        "name": "peakP",
        "raw": "peakP[87.0,82.0,90.0]",
        "tokens": [
          "87.0",
          "82.0",
          "90.0"
        ],
        "value": 87.0
      },
      {
        "max": 80.0,
        "min": 55.0,
        "name": "acmsF",
        "raw": "acmsF[65.,55.,80.]",