{
  "bin": {
    "cut": "tag_Ele_pt > 35 && abs(tag_sc_eta) < 2.17 && ph_sc_eta >= 0.800000 && ph_sc_eta < 1.444200 && ph_et >= 35.000000 && ph_et < 50.000000",
    "index": 16,
    "name": "bin16_ph_sc_eta_0p80To1p44_ph_et_35p00To50p00",
    "title": "; 0.800 < ph_sc_eta < 1.444; 35.000 < ph_et < 50.000",
    "vars": {
      "ph_et": {
        "max": 50,
        "min": 35
      },
      "ph_sc_eta": {
        "max": 1.4442,
        "min": 0.8
      }
    }
  },
  "created_at_utc": "2026-04-19T18:57:06.021040+00:00",
  "derived": {
    "efficiency": 0.8095302654951491,
    "efficiency_error": 4.0714918891926745e-05,
    "nSigF": {
      "error": 1653.9828423187137,
      "isConstant": false,
      "max": 10467415.073242,
      "min": 0.5,
      "name": "nSigF",
      "value": 6961785.473937249
    },
    "nSigP": {
      "error": 3409.872760184109,
      "isConstant": false,
      "max": 44466443.747074,
      "min": 0.5,
      "name": "nSigP",
      "value": 29588827.1051964
    }
  },
  "fit_metadata": {
    "bin_index": 16,
    "fail_hist_uses_pass_hist": false,
    "fit_range": {
      "max": 120.0,
      "min": 60.0
    },
    "truth_fail_template_uses_pass_hist": false,
    "truth_template_source": "/eos/home-p/pelai/HZa/root_TnP//hza_resolve_phid_2024_sf//DY_MC_LO_2024_hza_resolve_phid_2024_sf.root"
  },
  "fit_result": {
    "fail": {
      "covQual": -1,
      "edm": 0.0004368924159625847,
      "floatParsFinal": [
        {
          "error": 0.0008541217131456946,
          "isConstant": false,
          "max": 5.0,
          "min": -5.0,
          "name": "meanF",
          "value": 0.001023160968680159
        },
        {
          "error": 1653.9828423187137,
          "isConstant": false,
          "max": 10467415.073242,
          "min": 0.5,
          "name": "nSigF",
          "value": 6961785.473937249
        },
        {
          "error": 5.0296980544650705e-05,
          "isConstant": false,
          "max": 1.5000000007738423,
          "min": 0.40000000020635795,
          "name": "sigmaF",
          "value": 0.4000000002899185
        }
      ],
      "floatParsInit": [
        {
          "error": 0.0,
          "isConstant": false,
          "max": 5.0,
          "min": -5.0,
          "name": "meanF",
          "value": -0.0
        },
        {
          "error": 0.0,
          "isConstant": false,
          "max": 10467415.073242,
          "min": 0.5,
          "name": "nSigF",
          "value": 6280449.043945
        },
        {
          "error": 0.0,
          "isConstant": false,
          "max": 1.5000000007738423,
          "min": 0.40000000020635795,
          "name": "sigmaF",
          "value": 0.5000000002579474
        }
      ],
      "minNll": -82841087.08968292,
      "numInvalidNLL": 0,
      "status": 160
    },
    "fail_quality": "check",
    "pass": {
      "covQual": -1,
      "edm": 0.0020148237303534815,
      "floatParsFinal": [
        {
          "error": 0.00040136285863656695,
          "isConstant": false,
          "max": 5.0,
          "min": -5.0,
          "name": "meanP",
          "value": -0.000581295074963073
        },
        {
          "error": 3409.872760184109,
          "isConstant": false,
          "max": 44466443.747074,
          "min": 0.5,
          "name": "nSigP",
          "value": 29588827.1051964
        },
        {
          "error": 6.796055081081942e-06,
          "isConstant": false,
          "max": 5.0,
          "min": 0.5,
          "name": "sigmaP",
          "value": 0.5000000002579474
        }
      ],
      "floatParsInit": [
        {
          "error": 0.0,
          "isConstant": false,
          "max": 5.0,
          "min": -5.0,
          "name": "meanP",
          "value": -0.0
        },
        {
          "error": 0.0,
          "isConstant": false,
          "max": 44466443.747074,
          "min": 0.5,
          "name": "nSigP",
          "value": 26679866.248244
        },
        {
          "error": 0.0,
          "isConstant": false,
          "max": 5.0,
          "min": 0.5,
          "name": "sigmaP",
          "value": 0.9
        }
      ],
      "minNll": -396094624.8781819,
      "numInvalidNLL": 0,
      "status": 160
    },
    "pass_quality": "check",
    "root_read_error": null
  },
  "fit_type": "nominalFit",
  "histograms": {
    "fail": {
      "entries": 2853062.0,
      "fit_window": {
        "bin1": 11,
        "bin2": 70,
        "max": 120.0,
        "min": 60.0
      },
      "integral_fit_window": 6961777.514729929,
      "integral_fit_window_error": 4209.105250807801,
      "integral_full": 6978276.715494954,
      "integral_full_error": 4214.09087529203,
      "maximum_bin_center": 90.5,
      "maximum_bin_content": 865596.9772128359,
      "mean": 89.93600231983427,
      "rms": 5.014176272100741
    },
    "pass": {
      "entries": 12121462.0,
      "fit_window": {
        "bin1": 11,
        "bin2": 70,
        "max": 120.0,
        "min": 60.0
      },
      "integral_fit_window": 29588722.08891602,
      "integral_fit_window_error": 8677.407060781958,
      "integral_full": 29644295.831382554,
      "integral_full_error": 8685.550020330229,
      "maximum_bin_center": 90.5,
      "maximum_bin_content": 3781568.8091000463,
      "mean": 89.84179126191684,
      "rms": 4.772974479026332
    }
  },
  "sample": {
    "fitOutputBinRoot": "/eos/home-p/pelai/HZa/root_TnP//hza_resolve_phid_2024_sf//DY_MC_LO_2024_hza_resolve_phid_2024_sf.nominalFit-bin16_ph_sc_eta_0p80To1p44_ph_et_35p00To50p00.root",
    "fitOutputRoot": "/eos/home-p/pelai/HZa/root_TnP//hza_resolve_phid_2024_sf//DY_MC_LO_2024_hza_resolve_phid_2024_sf.nominalFit.root",
    "histFile": "/eos/home-p/pelai/HZa/root_TnP//hza_resolve_phid_2024_sf//DY_MC_LO_2024_hza_resolve_phid_2024_sf.root",
    "isMC": true,
    "mcRefHistFile": "/eos/home-p/pelai/HZa/root_TnP//hza_resolve_phid_2024_sf//DY_MC_LO_2024_hza_resolve_phid_2024_sf.root",
    "mcTruth": true,
    "name": "DY_MC_LO_2024"
  },
  "workspace": {
    "effective_parsed": [
      {
        "max": 5.0,
        "min": -5.0,
        "name": "meanP",
        "raw": "meanP[-0.0,-5.0,5.0]",
        "tokens": [
          "-0.0",
          "-5.0",
          "5.0"
        ],
        "value": -0.0
      },
      {
        "max": 5.0,
        "min": 0.5,
        "name": "sigmaP",
        "raw": "sigmaP[0.9,0.5,5.0]",
        "tokens": [
          "0.9",
          "0.5",
          "5.0"
        ],
        "value": 0.9
      },
      {
        "max": 5.0,
        "min": -5.0,
        "name": "meanF",
        "raw": "meanF[-0.0,-5.0,5.0]",
        "tokens": [
          "-0.0",
          "-5.0",
          "5.0"
        ],
        "value": -0.0
      },
      {
        "max": 5.0,
        "min": 0.5,
        "name": "sigmaF",
        "raw": "sigmaF[0.9,0.5,5.0]",
        "tokens": [
          "0.9",
          "0.5",
          "5.0"
        ],
        "value": 0.9
      },
      {
        "max": 80.0,
        "min": 50.0,
        "name": "acmsP",
        "raw": "acmsP[60.,50.,80.]",
        "tokens": [
          "60.",
          "50.",
          "80."
        ],
        "value": 60.0
      },
      {
        "max": 0.08,
        "min": 0.01,
        "name": "betaP",
        "raw": "betaP[0.05,0.01,0.08]",
        "tokens": [
          "0.05",
          "0.01",
          "0.08"
        ],
        "value": 0.05
      },
      {
        "max": 2.0,
        "min": -2.0,
        "name": "gammaP",
        "raw": "gammaP[0.1, -2, 2]",
        "tokens": [
          "0.1",
          "-2",
          "2"
        ],
        "value": 0.1
      },
      {
        "max": 90.0,
        "min": 82.0,
        "name": "peakP",
        "raw": "peakP[87.0,82.0,90.0]",
        "tokens": [
          "87.0",
          "82.0",
          "90.0"
        ],
        "value": 87.0
      },
      {
        "max": 80.0,
        "min": 50.0,
        "name": "acmsF",
        "raw": "acmsF[60.,50.,80.]",