{
  "bin": {
    "cut": "tag_Ele_pt > 35 && abs(tag_sc_eta) < 2.17 && ph_sc_eta >= 1.566000 && ph_sc_eta < 2.000000 && ph_et >= 35.000000 && ph_et < 50.000000",
    "index": 18,
    "name": "bin18_ph_sc_eta_1p57To2p00_ph_et_35p00To50p00",
    "title": "; 1.566 < ph_sc_eta < 2.000; 35.000 < ph_et < 50.000",
    "vars": {
      "ph_et": {
        "max": 50,
        "min": 35
      },
      "ph_sc_eta": {
        "max": 2.0,
        "min": 1.566
      }
    }
  },
  "created_at_utc": "2026-04-20T08:31:29.494797+00:00",
  "derived": {
    "efficiency": 0.7724811587247061,
    "efficiency_error": 6.521067666373761e-05,
    "nSigF": {
      "error": 1205.074867196614,
      "isConstant": false,
      "max": 5558375.619111,
      "min": 0.5,
      "name": "nSigF",
      "value": 3695327.5918904427
    },
    "nSigP": {
      "error": 2220.409430627711,
      "isConstant": false,
      "max": 18865379.889595,
      "min": 0.5,
      "name": "nSigP",
      "value": 12546525.483561715
    }
  },
  "fit_metadata": {
    "bin_index": 18,
    "fail_hist_uses_pass_hist": false,
    "fit_range": {
      "max": 120.0,
      "min": 60.0
    },
    "truth_fail_template_uses_pass_hist": false,
    "truth_template_source": "/eos/home-p/pelai/HZa/root_TnP//hza_resolve_phid_2024_sf//DY_MC_LO_2024_hza_resolve_phid_2024_sf.root"
  },
  "fit_result": {
    "fail": {
      "covQual": -1,
      "edm": 3.3482380381975533e-05,
      "floatParsFinal": [
        {
          "error": 0.0012769354834030189,
          "isConstant": false,
          "max": 5.0,
          "min": -5.0,
          "name": "meanF",
          "value": 0.0020614363728768126
        },
        {
          "error": 1205.074867196614,
          "isConstant": false,
          "max": 5558375.619111,
          "min": 0.5,
          "name": "nSigF",
          "value": 3695327.5918904427
        },
        {
          "error": 0.00016837962144605756,
          "isConstant": false,
          "max": 1.500000000517187,
          "min": 0.40000000013791653,
          "name": "sigmaF",
          "value": 0.40000000292668986
        }
      ],
      "floatParsInit": [
        {
          "error": 0.0,
          "isConstant": false,
          "max": 5.0,
          "min": -5.0,
          "name": "meanF",
          "value": -0.0
        },
        {
          "error": 0.0,
          "isConstant": false,
          "max": 5558375.619111,
          "min": 0.5,
          "name": "nSigF",
          "value": 3335025.371466
        },
        {
          "error": 0.0,
          "isConstant": false,
          "max": 1.500000000517187,
          "min": 0.40000000013791653,
          "name": "sigmaF",
          "value": 0.5000000001723957
        }
      ],
      "minNll": -41424622.205699,
      "numInvalidNLL": 0,
      "status": 160
    },
    "fail_quality": "check",
    "pass": {
      "covQual": -1,
      "edm": 0.07269199687918534,
      "floatParsFinal": [
        {
          "error": 0.0006640893650997626,
          "isConstant": false,
          "max": 5.0,
          "min": -5.0,
          "name": "meanP",
          "value": 0.00043523894943398034
        },
        {
          "error": 2220.409430627711,
          "isConstant": false,
          "max": 18865379.889595,
          "min": 0.5,
          "name": "nSigP",
          "value": 12546525.483561715
        },
        {
          "error": 2.281656420632938e-05,
          "isConstant": false,
          "max": 5.0,
          "min": 0.5,
          "name": "sigmaP",
          "value": 0.5000000001723957
        }
      ],
      "floatParsInit": [
        {
          "error": 0.0,
          "isConstant": false,
          "max": 5.0,
          "min": -5.0,
          "name": "meanP",
          "value": -0.0
        },
        {
          "error": 0.0,
          "isConstant": false,
          "max": 18865379.889595,
          "min": 0.5,
          "name": "nSigP",
          "value": 11319227.933757
        },
        {
          "error": 0.0,
          "isConstant": false,
          "max": 5.0,
          "min": 0.5,
          "name": "sigmaP",
          "value": 0.9
        }
      ],
      "minNll": -156502386.8912239,
      "numInvalidNLL": 0,
      "status": 160
    },
    "pass_quality": "check",
    "root_read_error": null
  },
  "fit_type": "nominalFit",
  "histograms": {
    "fail": {
      "entries": 1515326.0,
      "fit_window": {
        "bin1": 11,
        "bin2": 70,
        "max": 120.0,
        "min": 60.0
      },
      "integral_fit_window": 3695319.8627374405,
      "integral_fit_window_error": 3066.4750364759207,
      "integral_full": 3705583.7460737703,
      "integral_full_error": 3070.727393161454,
      "maximum_bin_center": 90.5,
      "maximum_bin_content": 415046.20665677264,
      "mean": 89.98190138325269,
      "rms": 5.235952985490703
    },
    "pass": {
      "entries": 5142172.0,
      "fit_window": {
        "bin1": 11,
        "bin2": 70,
        "max": 120.0,
        "min": 60.0
      },
      "integral_fit_window": 12546524.811440237,
      "integral_fit_window_error": 5650.554064318373,
      "integral_full": 12576919.926396994,
      "integral_full_error": 5657.388238236762,
      "maximum_bin_center": 89.5,
      "maximum_bin_content": 1474631.5741755737,
      "mean": 89.8815809739108,
      "rms": 5.03751945659377
    }
  },
  "sample": {
    "fitOutputBinRoot": "/eos/home-p/pelai/HZa/root_TnP//hza_resolve_phid_2024_sf//DY_MC_LO_2024_hza_resolve_phid_2024_sf.nominalFit-bin18_ph_sc_eta_1p57To2p00_ph_et_35p00To50p00.root",
    "fitOutputRoot": "/eos/home-p/pelai/HZa/root_TnP//hza_resolve_phid_2024_sf//DY_MC_LO_2024_hza_resolve_phid_2024_sf.nominalFit.root",
    "histFile": "/eos/home-p/pelai/HZa/root_TnP//hza_resolve_phid_2024_sf//DY_MC_LO_2024_hza_resolve_phid_2024_sf.root",
    "isMC": true,
    "mcRefHistFile": "/eos/home-p/pelai/HZa/root_TnP//hza_resolve_phid_2024_sf//DY_MC_LO_2024_hza_resolve_phid_2024_sf.root",
    "mcTruth": true,
    "name": "DY_MC_LO_2024"
  },
  "workspace": {
    "effective_parsed": [
      {
        "max": 5.0,
        "min": -5.0,
        "name": "meanP",
        "raw": "meanP[-0.0,-5.0,5.0]",
        "tokens": [
          "-0.0",
          "-5.0",
          "5.0"
        ],
        "value": -0.0
      },
      {
        "max": 5.0,
        "min": 0.5,
        "name": "sigmaP",
        "raw": "sigmaP[0.9,0.5,5.0]",
        "tokens": [
          "0.9",
          "0.5",
          "5.0"
        ],
        "value": 0.9
      },
      {
        "max": 5.0,
        "min": -5.0,
        "name": "meanF",
        "raw": "meanF[-0.0,-5.0,5.0]",
        "tokens": [
          "-0.0",
          "-5.0",
          "5.0"
        ],
        "value": -0.0
      },
      {
        "max": 3.0,
        "min": 0.0,
        "name": "sigmaF",
        "raw": "sigmaF[1.0,0.0,3.0]",
        "tokens": [
          "1.0",
          "0.0",
          "3.0"
        ],
        "value": 1.0
      },
      {
        "max": 80.0,
        "min": 50.0,
        "name": "acmsP",
        "raw": "acmsP[60.,50.,80.]",
        "tokens": [
          "60.",
          "50.",
          "80."
        ],
        "value": 60.0
      },
      {
        "max": 0.08,
        "min": 0.01,
        "name": "betaP",
        "raw": "betaP[0.05,0.01,0.08]",
        "tokens": [
          "0.05",
          "0.01",
          "0.08"
        ],
        "value": 0.05
      },
      {
        "max": 2.0,
        "min": -2.0,
        "name": "gammaP",
        "raw": "gammaP[0.1, -2, 2]",
        "tokens": [
          "0.1",
          "-2",
          "2"
        ],
        "value": 0.1
      },
      {
        "max": 90.0,
        "min": 82.0,
        "name": "peakP",
        "raw": "peakP[87.0,82.0,90.0]",
        "tokens": [
          "87.0",
          "82.0",
          "90.0"
        ],
        "value": 87.0
      },
      {
        "max": 80.0,
        "min": 55.0,
        "name": "acmsF",
        "raw": "acmsF[65.,55.,80.]",