{
  "bin": {
    "cut": "tag_Ele_pt > 35 && abs(tag_sc_eta) < 2.17 && ph_sc_eta >= 1.566000 && ph_sc_eta < 2.000000 && ph_et >= 35.000000 && ph_et < 50.000000",
    "index": 18,
    "name": "bin18_ph_sc_eta_1p57To2p00_ph_et_35p00To50p00",
    "title": "; 1.566 < ph_sc_eta < 2.000; 35.000 < ph_et < 50.000",
    "vars": {
      "ph_et": {
        "max": 50,
        "min": 35
      },
      "ph_sc_eta": {
        "max": 2.0,
        "min": 1.566
      }
    }
  },
  "created_at_utc": "2026-04-21T17:07:59.457023+00:00",
  "derived": {
    "efficiency": 0.7724811587388305,
    "efficiency_error": 6.521107294868921e-05,
    "nSigF": {
      "error": 1205.0734719280154,
      "isConstant": false,
      "max": 5558375.619111,
      "min": 0.5,
      "name": "nSigF",
      "value": 3695327.591704642
    },
    "nSigP": {
      "error": 2220.477469419129,
      "isConstant": false,
      "max": 18865379.889595,
      "min": 0.5,
      "name": "nSigP",
      "value": 12546525.483939167
    }
  },
  "fit_metadata": {
    "bin_index": 18,
    "fail_hist_uses_pass_hist": false,
    "fit_range": {
      "max": 120.0,
      "min": 60.0
    },
    "truth_fail_template_uses_pass_hist": false,
    "truth_template_source": "/eos/home-p/pelai/HZa/root_TnP//hza_resolve_phid_2024_sf//DY_MC_LO_2024_hza_resolve_phid_2024_sf.root"
  },
  "fit_result": {
    "fail": {
      "covQual": -1,
      "edm": 3.3473363466536866e-05,
      "floatParsFinal": [
        {
          "error": 0.001276935430671866,
          "isConstant": false,
          "max": 5.0,
          "min": -5.0,
          "name": "meanF",
          "value": 0.0020613871853614185
        },
        {
          "error": 1205.0734719280154,
          "isConstant": false,
          "max": 5558375.619111,
          "min": 0.5,
          "name": "nSigF",
          "value": 3695327.591704642
        },
        {
          "error": 0.00016837966493141177,
          "isConstant": false,
          "max": 1.5000000005172094,
          "min": 0.4000000001379225,
          "name": "sigmaF",
          "value": 0.40000000292668947
        }
      ],
      "floatParsInit": [
        {
          "error": 0.0,
          "isConstant": false,
          "max": 5.0,
          "min": -5.0,
          "name": "meanF",
          "value": -0.0
        },
        {
          "error": 0.0,
          "isConstant": false,
          "max": 5558375.619111,
          "min": 0.5,
          "name": "nSigF",
          "value": 3335025.371466
        },
        {
          "error": 0.0,
          "isConstant": false,
          "max": 1.5000000005172094,
          "min": 0.4000000001379225,
          "name": "sigmaF",
          "value": 0.5000000001724031
        }
      ],
      "minNll": -41424622.20588249,
      "numInvalidNLL": 0,
      "status": 160
    },
    "fail_quality": "check",
    "pass": {
      "covQual": -1,
      "edm": 0.07269198807259487,
      "floatParsFinal": [
        {
          "error": 0.0006640893655633917,
          "isConstant": false,
          "max": 5.0,
          "min": -5.0,
          "name": "meanP",
          "value": 0.000435231964182492
        },
        {
          "error": 2220.477469419129,
          "isConstant": false,
          "max": 18865379.889595,
          "min": 0.5,
          "name": "nSigP",
          "value": 12546525.483939167
        },
        {
          "error": 2.2816561028538018e-05,
          "isConstant": false,
          "max": 5.0,
          "min": 0.5,
          "name": "sigmaP",
          "value": 0.5000000001724031
        }
      ],
      "floatParsInit": [
        {
          "error": 0.0,
          "isConstant": false,
          "max": 5.0,
          "min": -5.0,
          "name": "meanP",
          "value": -0.0
        },
        {
          "error": 0.0,
          "isConstant": false,
          "max": 18865379.889595,
          "min": 0.5,
          "name": "nSigP",
          "value": 11319227.933757
        },
        {
          "error": 0.0,
          "isConstant": false,
          "max": 5.0,
          "min": 0.5,
          "name": "sigmaP",
          "value": 0.9
        }
      ],
      "minNll": -156502386.89089268,
      "numInvalidNLL": 0,
      "status": 160
    },
    "pass_quality": "check",
    "root_read_error": null
  },
  "fit_type": "nominalFit",
  "histograms": {
    "fail": {
      "entries": 1515326.0,
      "fit_window": {
        "bin1": 11,
        "bin2": 70,
        "max": 120.0,
        "min": 60.0
      },
      "integral_fit_window": 3695319.8627374405,
      "integral_fit_window_error": 3066.4750364759207,
      "integral_full": 3705583.7460737703,
      "integral_full_error": 3070.727393161454,
      "maximum_bin_center": 90.5,
      "maximum_bin_content": 415046.20665677264,
      "mean": 89.98190138325269,
      "rms": 5.235952985490703
    },
    "pass": {
      "entries": 5142172.0,
      "fit_window": {
        "bin1": 11,
        "bin2": 70,
        "max": 120.0,
        "min": 60.0
      },
      "integral_fit_window": 12546524.811440237,
      "integral_fit_window_error": 5650.554064318373,
      "integral_full": 12576919.926396994,
      "integral_full_error": 5657.388238236762,
      "maximum_bin_center": 89.5,
      "maximum_bin_content": 1474631.5741755737,
      "mean": 89.8815809739108,
      "rms": 5.03751945659377
    }
  },
  "sample": {
    "fitOutputBinRoot": "/eos/home-p/pelai/HZa/root_TnP//hza_resolve_phid_2024_sf//DY_MC_LO_2024_hza_resolve_phid_2024_sf.nominalFit-bin18_ph_sc_eta_1p57To2p00_ph_et_35p00To50p00.root",
    "fitOutputRoot": "/eos/home-p/pelai/HZa/root_TnP//hza_resolve_phid_2024_sf//DY_MC_LO_2024_hza_resolve_phid_2024_sf.nominalFit.root",
    "histFile": "/eos/home-p/pelai/HZa/root_TnP//hza_resolve_phid_2024_sf//DY_MC_LO_2024_hza_resolve_phid_2024_sf.root",
    "isMC": true,
    "mcRefHistFile": "/eos/home-p/pelai/HZa/root_TnP//hza_resolve_phid_2024_sf//DY_MC_LO_2024_hza_resolve_phid_2024_sf.root",
    "mcTruth": true,
    "name": "DY_MC_LO_2024"
  },
  "workspace": {
    "effective_parsed": [
      {
        "max": 5.0,
        "min": -5.0,
        "name": "meanP",
        "raw": "meanP[-0.0,-5.0,5.0]",
        "tokens": [
          "-0.0",
          "-5.0",
          "5.0"
        ],
        "value": -0.0
      },
      {
        "max": 5.0,
        "min": 0.5,
        "name": "sigmaP",
        "raw": "sigmaP[0.9,0.5,5.0]",
        "tokens": [
          "0.9",
          "0.5",
          "5.0"
        ],
        "value": 0.9
      },
      {
        "max": 5.0,
        "min": -5.0,
        "name": "meanF",
        "raw": "meanF[-0.0,-5.0,5.0]",
        "tokens": [
          "-0.0",
          "-5.0",
          "5.0"
        ],
        "value": -0.0
      },
      {
        "max": 3.0,
        "min": 0.0,
        "name": "sigmaF",
        "raw": "sigmaF[1.0,0.0,3.0]",
        "tokens": [
          "1.0",
          "0.0",
          "3.0"
        ],
        "value": 1.0
      },
      {
        "max": 90.0,
        "min": 45.0,
        "name": "acmsP",
        "raw": "acmsP[65.,45.,90.]",
        "tokens": [
          "65.",
          "45.",
          "90."
        ],
        "value": 65.0
      },
      {
        "max": 0.1,
        "min": 0.005,
        "name": "betaP",
        "raw": "betaP[0.05,0.005,0.10]",
        "tokens": [
          "0.05",
          "0.005",
          "0.10"
        ],
        "value": 0.05
      },
      {
        "max": 2.0,
        "min": 0.005,
        "name": "gammaP",
        "raw": "gammaP[0.08, 0.005, 2]",
        "tokens": [
          "0.08",
          "0.005",
          "2"
        ],
        "value": 0.08
      },
      {
        "max": 90.0,
        "min": 82.0,
        "name": "peakP",
        "raw": "peakP[87.0,82.0,90.0]",
        "tokens": [
          "87.0",
          "82.0",
          "90.0"
        ],
        "value": 87.0
      },
      {
        "max": 90.0,
        "min": 45.0,
        "name": "acmsF",
        "raw": "acmsF[70.,45.,90.]",