{
  "bin": {
    "cut": "tag_Ele_pt > 35 && abs(tag_sc_eta) < 2.17 && ph_sc_eta >= -0.800000 && ph_sc_eta < 0.000000 && ph_et >= 35.000000 && ph_et < 50.000000",
    "index": 14,
    "name": "bin14_ph_sc_eta_m0p80To0p00_ph_et_35p00To50p00",
    "title": "; -0.800 < ph_sc_eta < 0.000; 35.000 < ph_et < 50.000",
    "vars": {
      "ph_et": {
        "max": 50,
        "min": 35
      },
      "ph_sc_eta": {
        "max": 0.0,
        "min": -0.8
      }
    }
  },
  "created_at_utc": "2026-04-21T17:07:56.643910+00:00",
  "derived": {
    "efficiency": 0.8192649444520128,
    "efficiency_error": 3.302353413505609e-05,
    "nSigF": {
      "error": 1946.604143052362,
      "isConstant": false,
      "max": 14501480.034696,
      "min": 0.5,
      "name": "nSigF",
      "value": 9642880.068986727
    },
    "nSigP": {
      "error": 4144.3655198179185,
      "isConstant": false,
      "max": 65702908.642247,
      "min": 0.5,
      "name": "nSigP",
      "value": 43710798.550524
    }
  },
  "fit_metadata": {
    "bin_index": 14,
    "fail_hist_uses_pass_hist": false,
    "fit_range": {
      "max": 120.0,
      "min": 60.0
    },
    "truth_fail_template_uses_pass_hist": false,
    "truth_template_source": "/eos/home-p/pelai/HZa/root_TnP//hza_resolve_phid_2024_sf//DY_MC_LO_2024_hza_resolve_phid_2024_sf.root"
  },
  "fit_result": {
    "fail": {
      "covQual": -1,
      "edm": 0.0016415528904850471,
      "floatParsFinal": [
        {
          "error": 0.0006307458362191376,
          "isConstant": false,
          "max": 5.0,
          "min": -5.0,
          "name": "meanF",
          "value": 0.00123474857768624
        },
        {
          "error": 1946.604143052362,
          "isConstant": false,
          "max": 14501480.034696,
          "min": 0.5,
          "name": "nSigF",
          "value": 9642880.068986727
        },
        {
          "error": 2.07920898060987e-05,
          "isConstant": false,
          "max": 1.5000000001606788,
          "min": 0.4000000000428477,
          "name": "sigmaF",
          "value": 0.40000000004401043
        }
      ],
      "floatParsInit": [
        {
          "error": 0.0,
          "isConstant": false,
          "max": 5.0,
          "min": -5.0,
          "name": "meanF",
          "value": -0.0
        },
        {
          "error": 0.0,
          "isConstant": false,
          "max": 14501480.034696,
          "min": 0.5,
          "name": "nSigF",
          "value": 8700888.020818
        },
        {
          "error": 0.0,
          "isConstant": false,
          "max": 1.5000000001606788,
          "min": 0.4000000000428477,
          "name": "sigmaF",
          "value": 0.5000000000535596
        }
      ],
      "minNll": -118521501.70710883,
      "numInvalidNLL": 0,
      "status": 160
    },
    "fail_quality": "check",
    "pass": {
      "covQual": -1,
      "edm": 0.0008574598008926515,
      "floatParsFinal": [
        {
          "error": 0.00028455827901030517,
          "isConstant": false,
          "max": 5.0,
          "min": -5.0,
          "name": "meanP",
          "value": -0.00012673236802562826
        },
        {
          "error": 4144.3655198179185,
          "isConstant": false,
          "max": 65702908.642247,
          "min": 0.5,
          "name": "nSigP",
          "value": 43710798.550524
        },
        {
          "error": 2.252406649028149e-06,
          "isConstant": false,
          "max": 5.0,
          "min": 0.5,
          "name": "sigmaP",
          "value": 0.5000000000535596
        }
      ],
      "floatParsInit": [
        {
          "error": 0.0,
          "isConstant": false,
          "max": 5.0,
          "min": -5.0,
          "name": "meanP",
          "value": -0.0
        },
        {
          "error": 0.0,
          "isConstant": false,
          "max": 65702908.642247,
          "min": 0.5,
          "name": "nSigP",
          "value": 39421745.185348
        },
        {
          "error": 0.0,
          "isConstant": false,
          "max": 5.0,
          "min": 0.5,
          "name": "sigmaP",
          "value": 0.9
        }
      ],
      "minNll": -605838908.0918629,
      "numInvalidNLL": 0,
      "status": 160
    },
    "pass_quality": "check",
    "root_read_error": null
  },
  "fit_type": "nominalFit",
  "histograms": {
    "fail": {
      "entries": 3952572.0,
      "fit_window": {
        "bin1": 11,
        "bin2": 70,
        "max": 120.0,
        "min": 60.0
      },
      "integral_fit_window": 9642849.89315966,
      "integral_fit_window_error": 4953.697173174915,
      "integral_full": 9667653.356463952,
      "integral_full_error": 4960.061572389451,
      "maximum_bin_center": 90.5,
      "maximum_bin_content": 1428533.5230006014,
      "mean": 90.5353797026472,
      "rms": 4.928708343260704
    },
    "pass": {
      "entries": 17906615.0,
      "fit_window": {
        "bin1": 11,
        "bin2": 70,
        "max": 120.0,
        "min": 60.0
      },
      "integral_fit_window": 43710632.68289644,
      "integral_fit_window_error": 10547.051384997363,
      "integral_full": 43801939.09483112,
      "integral_full_error": 10558.057248201043,
      "maximum_bin_center": 90.5,
      "maximum_bin_content": 6748636.288467145,
      "mean": 90.51451646813798,
      "rms": 4.6490587979799916
    }
  },
  "sample": {
    "fitOutputBinRoot": "/eos/home-p/pelai/HZa/root_TnP//hza_resolve_phid_2024_sf//DY_MC_LO_2024_hza_resolve_phid_2024_sf.nominalFit-bin14_ph_sc_eta_m0p80To0p00_ph_et_35p00To50p00.root",
    "fitOutputRoot": "/eos/home-p/pelai/HZa/root_TnP//hza_resolve_phid_2024_sf//DY_MC_LO_2024_hza_resolve_phid_2024_sf.nominalFit.root",
    "histFile": "/eos/home-p/pelai/HZa/root_TnP//hza_resolve_phid_2024_sf//DY_MC_LO_2024_hza_resolve_phid_2024_sf.root",
    "isMC": true,
    "mcRefHistFile": "/eos/home-p/pelai/HZa/root_TnP//hza_resolve_phid_2024_sf//DY_MC_LO_2024_hza_resolve_phid_2024_sf.root",
    "mcTruth": true,
    "name": "DY_MC_LO_2024"
  },
  "workspace": {
    "effective_parsed": [
      {
        "max": 5.0,
        "min": -5.0,
        "name": "meanP",
        "raw": "meanP[-0.0,-5.0,5.0]",
        "tokens": [
          "-0.0",
          "-5.0",
          "5.0"
        ],
        "value": -0.0
      },
      {
        "max": 5.0,
        "min": 0.5,
        "name": "sigmaP",
        "raw": "sigmaP[0.9,0.5,5.0]",
        "tokens": [
          "0.9",
          "0.5",
          "5.0"
        ],
        "value": 0.9
      },
      {
        "max": 5.0,
        "min": -5.0,
        "name": "meanF",
        "raw": "meanF[-0.0,-5.0,5.0]",
        "tokens": [
          "-0.0",
          "-5.0",
          "5.0"
        ],
        "value": -0.0
      },
      {
        "max": 3.0,
        "min": 0.0,
        "name": "sigmaF",
        "raw": "sigmaF[1.0,0.0,3.0]",
        "tokens": [
          "1.0",
          "0.0",
          "3.0"
        ],
        "value": 1.0
      },
      {
        "max": 90.0,
        "min": 45.0,
        "name": "acmsP",
        "raw": "acmsP[65.,45.,90.]",
        "tokens": [
          "65.",
          "45.",
          "90."
        ],
        "value": 65.0
      },
      {
        "max": 0.1,
        "min": 0.005,
        "name": "betaP",
        "raw": "betaP[0.05,0.005,0.10]",
        "tokens": [
          "0.05",
          "0.005",
          "0.10"
        ],
        "value": 0.05
      },
      {
        "max": 2.0,
        "min": 0.005,
        "name": "gammaP",
        "raw": "gammaP[0.08, 0.005, 2]",
        "tokens": [
          "0.08",
          "0.005",
          "2"
        ],
        "value": 0.08
      },
      {
        "max": 90.0,
        "min": 82.0,
        "name": "peakP",
        "raw": "peakP[87.0,82.0,90.0]",
        "tokens": [
          "87.0",
          "82.0",
          "90.0"
        ],
        "value": 87.0
      },
      {
        "max": 90.0,
        "min": 45.0,
        "name": "acmsF",
        "raw": "acmsF[70.,45.,90.]",