{
  "bin": {
    "cut": "tag_Ele_pt > 35 && abs(tag_sc_eta) < 2.17 && ph_sc_eta >= -1.444200 && ph_sc_eta < -0.800000 && ph_et >= 35.000000 && ph_et < 50.000000",
    "index": 13,
    "name": "bin13_ph_sc_eta_m1p44Tom0p80_ph_et_35p00To50p00",
    "title": "; -1.444 < ph_sc_eta < -0.800; 35.000 < ph_et < 50.000",
    "vars": {
      "ph_et": {
        "max": 50,
        "min": 35
      },
      "ph_sc_eta": {
        "max": -0.8,
        "min": -1.4442
      }
    }
  },
  "created_at_utc": "2026-04-21T17:07:57.993578+00:00",
  "derived": {
    "efficiency": 0.8135290131059458,
    "efficiency_error": 4.0791693706119176e-05,
    "nSigF": {
      "error": 1620.1538409763016,
      "isConstant": false,
      "max": 10044569.251608,
      "min": 0.5,
      "name": "nSigF",
      "value": 6680095.055383325
    },
    "nSigP": {
      "error": 3384.0668261814862,
      "isConstant": false,
      "max": 43801045.172143,
      "min": 0.5,
      "name": "nSigP",
      "value": 29143681.965643007
    }
  },
  "fit_metadata": {
    "bin_index": 13,
    "fail_hist_uses_pass_hist": false,
    "fit_range": {
      "max": 120.0,
      "min": 60.0
    },
    "truth_fail_template_uses_pass_hist": false,
    "truth_template_source": "/eos/home-p/pelai/HZa/root_TnP//hza_resolve_phid_2024_sf//DY_MC_LO_2024_hza_resolve_phid_2024_sf.root"
  },
  "fit_result": {
    "fail": {
      "covQual": -1,
      "edm": 0.04046888487015125,
      "floatParsFinal": [
        {
          "error": 0.0008761467623865649,
          "isConstant": false,
          "max": 5.0,
          "min": -5.0,
          "name": "meanF",
          "value": 0.0014386447734082708
        },
        {
          "error": 1620.1538409763016,
          "isConstant": false,
          "max": 10044569.251608,
          "min": 0.5,
          "name": "nSigF",
          "value": 6680095.055383325
        },
        {
          "error": 6.380894097179901e-05,
          "isConstant": false,
          "max": 1.5000000007880863,
          "min": 0.40000000021015636,
          "name": "sigmaF",
          "value": 0.40000001384712286
        }
      ],
      "floatParsInit": [
        {
          "error": 0.0,
          "isConstant": false,
          "max": 5.0,
          "min": -5.0,
          "name": "meanF",
          "value": -0.0
        },
        {
          "error": 0.0,
          "isConstant": false,
          "max": 10044569.251608,
          "min": 0.5,
          "name": "nSigF",
          "value": 6026741.550965
        },
        {
          "error": 0.0,
          "isConstant": false,
          "max": 1.5000000007880863,
          "min": 0.40000000021015636,
          "name": "sigmaF",
          "value": 0.5000000002626954
        }
      ],
      "minNll": -79192985.82013793,
      "numInvalidNLL": 0,
      "status": 160
    },
    "fail_quality": "check",
    "pass": {
      "covQual": -1,
      "edm": 0.0016745128519008094,
      "floatParsFinal": [
        {
          "error": 0.0004053537510815275,
          "isConstant": false,
          "max": 5.0,
          "min": -5.0,
          "name": "meanP",
          "value": -0.00032679381370837035
        },
        {
          "error": 3384.0668261814862,
          "isConstant": false,
          "max": 43801045.172143,
          "min": 0.5,
          "name": "nSigP",
          "value": 29143681.965643007
        },
        {
          "error": 7.0101338801031865e-06,
          "isConstant": false,
          "max": 5.0,
          "min": 0.5,
          "name": "sigmaP",
          "value": 0.5000000002626954
        }
      ],
      "floatParsInit": [
        {
          "error": 0.0,
          "isConstant": false,
          "max": 5.0,
          "min": -5.0,
          "name": "meanP",
          "value": -0.0
        },
        {
          "error": 0.0,
          "isConstant": false,
          "max": 43801045.172143,
          "min": 0.5,
          "name": "nSigP",
          "value": 26280627.103286
        },
        {
          "error": 0.0,
          "isConstant": false,
          "max": 5.0,
          "min": 0.5,
          "name": "sigmaP",
          "value": 0.9
        }
      ],
      "minNll": -389646645.35716563,
      "numInvalidNLL": 0,
      "status": 160
    },
    "pass_quality": "check",
    "root_read_error": null
  },
  "fit_type": "nominalFit",
  "histograms": {
    "fail": {
      "entries": 2737551.0,
      "fit_window": {
        "bin1": 11,
        "bin2": 70,
        "max": 120.0,
        "min": 60.0
      },
      "integral_fit_window": 6680085.759967113,
      "integral_fit_window_error": 4123.125854515861,
      "integral_full": 6696379.501071813,
      "integral_full_error": 4128.148502099113,
      "maximum_bin_center": 90.5,
      "maximum_bin_content": 823455.5273925076,
      "mean": 89.95657927495664,
      "rms": 5.0357422445073805
    },
    "pass": {
      "entries": 11937352.0,
      "fit_window": {
        "bin1": 11,
        "bin2": 70,
        "max": 120.0,
        "min": 60.0
      },
      "integral_fit_window": 29143578.851772934,
      "integral_fit_window_error": 8612.036549453904,
      "integral_full": 29200696.781428896,
      "integral_full_error": 8620.472407143501,
      "maximum_bin_center": 90.5,
      "maximum_bin_content": 3717040.654345122,
      "mean": 89.85354195685763,
      "rms": 4.794864991342278
    }
  },
  "sample": {
    "fitOutputBinRoot": "/eos/home-p/pelai/HZa/root_TnP//hza_resolve_phid_2024_sf//DY_MC_LO_2024_hza_resolve_phid_2024_sf.nominalFit-bin13_ph_sc_eta_m1p44Tom0p80_ph_et_35p00To50p00.root",
    "fitOutputRoot": "/eos/home-p/pelai/HZa/root_TnP//hza_resolve_phid_2024_sf//DY_MC_LO_2024_hza_resolve_phid_2024_sf.nominalFit.root",
    "histFile": "/eos/home-p/pelai/HZa/root_TnP//hza_resolve_phid_2024_sf//DY_MC_LO_2024_hza_resolve_phid_2024_sf.root",
    "isMC": true,
    "mcRefHistFile": "/eos/home-p/pelai/HZa/root_TnP//hza_resolve_phid_2024_sf//DY_MC_LO_2024_hza_resolve_phid_2024_sf.root",
    "mcTruth": true,
    "name": "DY_MC_LO_2024"
  },
  "workspace": {
    "effective_parsed": [
      {
        "max": 5.0,
        "min": -5.0,
        "name": "meanP",
        "raw": "meanP[-0.0,-5.0,5.0]",
        "tokens": [
          "-0.0",
          "-5.0",
          "5.0"
        ],
        "value": -0.0
      },
      {
        "max": 5.0,
        "min": 0.5,
        "name": "sigmaP",
        "raw": "sigmaP[0.9,0.5,5.0]",
        "tokens": [
          "0.9",
          "0.5",
          "5.0"
        ],
        "value": 0.9
      },
      {
        "max": 5.0,
        "min": -5.0,
        "name": "meanF",
        "raw": "meanF[-0.0,-5.0,5.0]",
        "tokens": [
          "-0.0",
          "-5.0",
          "5.0"
        ],
        "value": -0.0
      },
      {
        "max": 3.0,
        "min": 0.0,
        "name": "sigmaF",
        "raw": "sigmaF[1.0,0.0,3.0]",
        "tokens": [
          "1.0",
          "0.0",
          "3.0"
        ],
        "value": 1.0
      },
      {
        "max": 90.0,
        "min": 45.0,
        "name": "acmsP",
        "raw": "acmsP[65.,45.,90.]",
        "tokens": [
          "65.",
          "45.",
          "90."
        ],
        "value": 65.0
      },
      {
        "max": 0.1,
        "min": 0.005,
        "name": "betaP",
        "raw": "betaP[0.05,0.005,0.10]",
        "tokens": [
          "0.05",
          "0.005",
          "0.10"
        ],
        "value": 0.05
      },
      {
        "max": 2.0,
        "min": 0.005,
        "name": "gammaP",
        "raw": "gammaP[0.08, 0.005, 2]",
        "tokens": [
          "0.08",
          "0.005",
          "2"
        ],
        "value": 0.08
      },
      {
        "max": 90.0,
        "min": 82.0,
        "name": "peakP",
        "raw": "peakP[87.0,82.0,90.0]",
        "tokens": [
          "87.0",
          "82.0",
          "90.0"
        ],
        "value": 87.0
      },
      {
        "max": 90.0,
        "min": 45.0,
        "name": "acmsF",
        "raw": "acmsF[70.,45.,90.]",