{
  "bin": {
    "cut": "tag_Ele_pt > 35 && abs(tag_sc_eta) < 2.17 && ph_sc_eta >= -2.000000 && ph_sc_eta < -1.566000 && ph_et >= 50.000000 && ph_et < 80.000000",
    "index": 21,
    "name": "bin21_ph_sc_eta_m2p00Tom1p57_ph_et_50p00To80p00",
    "title": "; -2.000 < ph_sc_eta < -1.566; 50.000 < ph_et < 80.000",
    "vars": {
      "ph_et": {
        "max": 80,
        "min": 50
      },
      "ph_sc_eta": {
        "max": -1.566,
        "min": -2.0
      }
    }
  },
  "created_at_utc": "2026-04-20T20:31:16.488624+00:00",
  "derived": {
    "efficiency": 0.7918606514132961,
    "efficiency_error": 0.00017456140998772533,
    "nSigF": {
      "error": 416.90833629172994,
      "isConstant": false,
      "max": 689827.243832,
      "min": 0.5,
      "name": "nSigF",
      "value": 442351.3602837581
    },
    "nSigP": {
      "error": 813.1503269277746,
      "isConstant": false,
      "max": 2624205.539141,
      "min": 0.5,
      "name": "nSigP",
      "value": 1682914.0606344275
    }
  },
  "fit_metadata": {
    "bin_index": 21,
    "fail_hist_uses_pass_hist": false,
    "fit_range": {
      "max": 120.0,
      "min": 60.0
    },
    "truth_fail_template_uses_pass_hist": false,
    "truth_template_source": "/eos/home-p/pelai/HZa/root_TnP//hza_resolve_phid_2024_sf//DY_MC_LO_2024_hza_resolve_phid_2024_sf.root"
  },
  "fit_result": {
    "fail": {
      "covQual": -1,
      "edm": 0.02291638767266381,
      "floatParsFinal": [
        {
          "error": 0.003891449759653831,
          "isConstant": false,
          "max": 5.0,
          "min": -5.0,
          "name": "meanF",
          "value": 0.01129760586928974
        },
        {
          "error": 416.90833629172994,
          "isConstant": false,
          "max": 689827.243832,
          "min": 0.5,
          "name": "nSigF",
          "value": 442351.3602837581
        },
        {
          "error": 0.0009198387530273411,
          "isConstant": false,
          "max": 1.5000000440456391,
          "min": 0.4000000117455038,
          "name": "sigmaF",
          "value": 0.40000001422988263
        }
      ],
      "floatParsInit": [
        {
          "error": 0.0,
          "isConstant": false,
          "max": 5.0,
          "min": -5.0,
          "name": "meanF",
          "value": -0.0
        },
        {
          "error": 0.0,
          "isConstant": false,
          "max": 689827.243832,
          "min": 0.5,
          "name": "nSigF",
          "value": 413896.346299
        },
        {
          "error": 0.0,
          "isConstant": false,
          "max": 1.5000000440456391,
          "min": 0.4000000117455038,
          "name": "sigmaF",
          "value": 0.5000000146818797
        }
      ],
      "minNll": -3900402.16802883,
      "numInvalidNLL": 0,
      "status": 160
    },
    "fail_quality": "check",
    "pass": {
      "covQual": -1,
      "edm": 0.007074954759547788,
      "floatParsFinal": [
        {
          "error": 0.0019061514729190598,
          "isConstant": false,
          "max": 5.0,
          "min": -5.0,
          "name": "meanP",
          "value": 0.014582459155665362
        },
        {
          "error": 813.1503269277746,
          "isConstant": false,
          "max": 2624205.539141,
          "min": 0.5,
          "name": "nSigP",
          "value": 1682914.0606344275
        },
        {
          "error": 0.00015045739199187613,
          "isConstant": false,
          "max": 5.0,
          "min": 0.5,
          "name": "sigmaP",
          "value": 0.5000000146818797
        }
      ],
      "floatParsInit": [
        {
          "error": 0.0,
          "isConstant": false,
          "max": 5.0,
          "min": -5.0,
          "name": "meanP",
          "value": -0.0
        },
        {
          "error": 0.0,
          "isConstant": false,
          "max": 2624205.539141,
          "min": 0.5,
          "name": "nSigP",
          "value": 1574523.323484
        },
        {
          "error": 0.0,
          "isConstant": false,
          "max": 5.0,
          "min": 0.5,
          "name": "sigmaP",
          "value": 0.9
        }
      ],
      "minNll": -17138234.941768147,
      "numInvalidNLL": 0,
      "status": 160
    },
    "pass_quality": "check",
    "root_read_error": null
  },
  "fit_type": "nominalFit",
  "histograms": {
    "fail": {
      "entries": 187991.0,
      "fit_window": {
        "bin1": 11,
        "bin2": 70,
        "max": 120.0,
        "min": 60.0
      },
      "integral_fit_window": 442351.84090053296,
      "integral_fit_window_error": 1061.044270860859,
      "integral_full": 459884.82922154816,
      "integral_full_error": 1081.8575682808369,
      "maximum_bin_center": 90.5,
      "maximum_bin_content": 45125.23071819843,
      "mean": 95.09079373163293,
      "rms": 9.46673478102378
    },
    "pass": {
      "entries": 715026.0,
      "fit_window": {
        "bin1": 11,
        "bin2": 70,
        "max": 120.0,
        "min": 60.0
      },
      "integral_fit_window": 1682915.776883446,
      "integral_fit_window_error": 2069.6232673192962,
      "integral_full": 1749470.3594271822,
      "integral_full_error": 2110.1463743014483,
      "maximum_bin_center": 90.5,
      "maximum_bin_content": 180895.6665167769,
      "mean": 94.97230508571498,
      "rms": 9.438487230824128
    }
  },
  "sample": {
    "fitOutputBinRoot": "/eos/home-p/pelai/HZa/root_TnP//hza_resolve_phid_2024_sf//DY_MC_LO_2024_hza_resolve_phid_2024_sf.nominalFit-bin21_ph_sc_eta_m2p00Tom1p57_ph_et_50p00To80p00.root",
    "fitOutputRoot": "/eos/home-p/pelai/HZa/root_TnP//hza_resolve_phid_2024_sf//DY_MC_LO_2024_hza_resolve_phid_2024_sf.nominalFit.root",
    "histFile": "/eos/home-p/pelai/HZa/root_TnP//hza_resolve_phid_2024_sf//DY_MC_LO_2024_hza_resolve_phid_2024_sf.root",
    "isMC": true,
    "mcRefHistFile": "/eos/home-p/pelai/HZa/root_TnP//hza_resolve_phid_2024_sf//DY_MC_LO_2024_hza_resolve_phid_2024_sf.root",
    "mcTruth": true,
    "name": "DY_MC_LO_2024"
  },
  "workspace": {
    "effective_parsed": [
      {
        "max": 5.0,
        "min": -5.0,
        "name": "meanP",
        "raw": "meanP[-0.0,-5.0,5.0]",
        "tokens": [
          "-0.0",
          "-5.0",
          "5.0"
        ],
        "value": -0.0
      },
      {
        "max": 5.0,
        "min": 0.5,
        "name": "sigmaP",
        "raw": "sigmaP[0.9,0.5,5.0]",
        "tokens": [
          "0.9",
          "0.5",
          "5.0"
        ],
        "value": 0.9
      },
      {
        "max": 5.0,
        "min": -5.0,
        "name": "meanF",
        "raw": "meanF[-0.0,-5.0,5.0]",
        "tokens": [
          "-0.0",
          "-5.0",
          "5.0"
        ],
        "value": -0.0
      },
      {
        "max": 3.0,
        "min": 0.0,
        "name": "sigmaF",
        "raw": "sigmaF[1.0,0.0,3.0]",
        "tokens": [
          "1.0",
          "0.0",
          "3.0"
        ],
        "value": 1.0
      },
      {
        "max": 80.0,
        "min": 50.0,
        "name": "acmsP",
        "raw": "acmsP[60.,50.,80.]",
        "tokens": [
          "60.",
          "50.",
          "80."
        ],
        "value": 60.0
      },
      {
        "max": 0.08,
        "min": 0.01,
        "name": "betaP",
        "raw": "betaP[0.05,0.01,0.08]",
        "tokens": [
          "0.05",
          "0.01",
          "0.08"
        ],
        "value": 0.05
      },
      {
        "max": 2.0,
        "min": -2.0,
        "name": "gammaP",
        "raw": "gammaP[0.1, -2, 2]",
        "tokens": [
          "0.1",
          "-2",
          "2"
        ],
        "value": 0.1
      },
      {
        "max": 90.0,
        "min": 82.0,
        "name": "peakP",
        "raw": "peakP[87.0,82.0,90.0]",
        "tokens": [
          "87.0",
          "82.0",
          "90.0"
        ],
        "value": 87.0
      },
      {
        "max": 80.0,
        "min": 55.0,
        "name": "acmsF",
        "raw": "acmsF[65.,55.,80.]",