{
  "bin": {
    "cut": "tag_Ele_pt > 35 && abs(tag_sc_eta) < 2.17 && ph_sc_eta >= -2.500000 && ph_sc_eta < -2.000000 && ph_et >= 50.000000 && ph_et < 80.000000",
    "index": 20,
    "name": "bin20_ph_sc_eta_m2p50Tom2p00_ph_et_50p00To80p00",
    "title": "; -2.500 < ph_sc_eta < -2.000; 50.000 < ph_et < 80.000",
    "vars": {
      "ph_et": {
        "max": 80,
        "min": 50
      },
      "ph_sc_eta": {
        "max": -2.0,
        "min": -2.5
      }
    }
  },
  "created_at_utc": "2026-04-21T17:08:00.944280+00:00",
  "derived": {
    "efficiency": 0.8155729860248585,
    "efficiency_error": 0.00019955133948494915,
    "nSigF": {
      "error": 327.9195890308765,
      "isConstant": false,
      "max": 429032.098731,
      "min": 0.5,
      "name": "nSigF",
      "value": 273699.09615873103
    },
    "nSigP": {
      "error": 689.6233939590165,
      "isConstant": false,
      "max": 1896488.905251,
      "min": 0.5,
      "name": "nSigP",
      "value": 1210351.9127440224
    }
  },
  "fit_metadata": {
    "bin_index": 20,
    "fail_hist_uses_pass_hist": false,
    "fit_range": {
      "max": 120.0,
      "min": 60.0
    },
    "truth_fail_template_uses_pass_hist": false,
    "truth_template_source": "/eos/home-p/pelai/HZa/root_TnP//hza_resolve_phid_2024_sf//DY_MC_LO_2024_hza_resolve_phid_2024_sf.root"
  },
  "fit_result": {
    "fail": {
      "covQual": -1,
      "edm": 0.0013064211408814232,
      "floatParsFinal": [
        {
          "error": 0.004964445231534942,
          "isConstant": false,
          "max": 5.0,
          "min": -5.0,
          "name": "meanF",
          "value": 0.012337844412786403
        },
        {
          "error": 327.9195890308765,
          "isConstant": false,
          "max": 429032.098731,
          "min": 0.5,
          "name": "nSigF",
          "value": 273699.09615873103
        },
        {
          "error": 0.0013258095349499843,
          "isConstant": false,
          "max": 1.5000000338884627,
          "min": 0.4000000090369234,
          "name": "sigmaF",
          "value": 0.4000000182099178
        }
      ],
      "floatParsInit": [
        {
          "error": 0.0,
          "isConstant": false,
          "max": 5.0,
          "min": -5.0,
          "name": "meanF",
          "value": -0.0
        },
        {
          "error": 0.0,
          "isConstant": false,
          "max": 429032.098731,
          "min": 0.5,
          "name": "nSigF",
          "value": 257419.259238
        },
        {
          "error": 0.0,
          "isConstant": false,
          "max": 1.5000000338884627,
          "min": 0.4000000090369234,
          "name": "sigmaF",
          "value": 0.5000000112961542
        }
      ],
      "minNll": -2277832.626335707,
      "numInvalidNLL": 0,
      "status": 160
    },
    "fail_quality": "check",
    "pass": {
      "covQual": -1,
      "edm": 0.007530082576324797,
      "floatParsFinal": [
        {
          "error": 0.0023282969627986816,
          "isConstant": false,
          "max": 5.0,
          "min": -5.0,
          "name": "meanP",
          "value": 0.01710498876867117
        },
        {
          "error": 689.6233939590165,
          "isConstant": false,
          "max": 1896488.905251,
          "min": 0.5,
          "name": "nSigP",
          "value": 1210351.9127440224
        },
        {
          "error": 0.00022382080858296405,
          "isConstant": false,
          "max": 5.0,
          "min": 0.5,
          "name": "sigmaP",
          "value": 0.5000000112961542
        }
      ],
      "floatParsInit": [
        {
          "error": 0.0,
          "isConstant": false,
          "max": 5.0,
          "min": -5.0,
          "name": "meanP",
          "value": -0.0
        },
        {
          "error": 0.0,
          "isConstant": false,
          "max": 1896488.905251,
          "min": 0.5,
          "name": "nSigP",
          "value": 1137893.34315
        },
        {
          "error": 0.0,
          "isConstant": false,
          "max": 5.0,
          "min": 0.5,
          "name": "sigmaP",
          "value": 0.9
        }
      ],
      "minNll": -11892794.734021671,
      "numInvalidNLL": 0,
      "status": 160
    },
    "pass_quality": "check",
    "root_read_error": null
  },
  "fit_type": "nominalFit",
  "histograms": {
    "fail": {
      "entries": 116869.0,
      "fit_window": {
        "bin1": 11,
        "bin2": 70,
        "max": 120.0,
        "min": 60.0
      },
      "integral_fit_window": 273684.5729901495,
      "integral_fit_window_error": 834.6628946262625,
      "integral_full": 286021.39915377664,
      "integral_full_error": 853.2845441801287,
      "maximum_bin_center": 91.5,
      "maximum_bin_content": 27671.511591384293,
      "mean": 95.70139817583411,
      "rms": 9.710658153340248
    },
    "pass": {
      "entries": 516841.0,
      "fit_window": {
        "bin1": 11,
        "bin2": 70,
        "max": 120.0,
        "min": 60.0
      },
      "integral_fit_window": 1210364.753151943,
      "integral_fit_window_error": 1755.088075057777,
      "integral_full": 1264325.9368338548,
      "integral_full_error": 1793.7808390022624,
      "maximum_bin_center": 91.5,
      "maximum_bin_content": 125120.67426974377,
      "mean": 95.66821766059894,
      "rms": 9.627421385927082
    }
  },
  "sample": {
    "fitOutputBinRoot": "/eos/home-p/pelai/HZa/root_TnP//hza_resolve_phid_2024_sf//DY_MC_LO_2024_hza_resolve_phid_2024_sf.nominalFit-bin20_ph_sc_eta_m2p50Tom2p00_ph_et_50p00To80p00.root",
    "fitOutputRoot": "/eos/home-p/pelai/HZa/root_TnP//hza_resolve_phid_2024_sf//DY_MC_LO_2024_hza_resolve_phid_2024_sf.nominalFit.root",
    "histFile": "/eos/home-p/pelai/HZa/root_TnP//hza_resolve_phid_2024_sf//DY_MC_LO_2024_hza_resolve_phid_2024_sf.root",
    "isMC": true,
    "mcRefHistFile": "/eos/home-p/pelai/HZa/root_TnP//hza_resolve_phid_2024_sf//DY_MC_LO_2024_hza_resolve_phid_2024_sf.root",
    "mcTruth": true,
    "name": "DY_MC_LO_2024"
  },
  "workspace": {
    "effective_parsed": [
      {
        "max": 5.0,
        "min": -5.0,
        "name": "meanP",
        "raw": "meanP[-0.0,-5.0,5.0]",
        "tokens": [
          "-0.0",
          "-5.0",
          "5.0"
        ],
        "value": -0.0
      },
      {
        "max": 5.0,
        "min": 0.5,
        "name": "sigmaP",
        "raw": "sigmaP[0.9,0.5,5.0]",
        "tokens": [
          "0.9",
          "0.5",
          "5.0"
        ],
        "value": 0.9
      },
      {
        "max": 5.0,
        "min": -5.0,
        "name": "meanF",
        "raw": "meanF[-0.0,-5.0,5.0]",
        "tokens": [
          "-0.0",
          "-5.0",
          "5.0"
        ],
        "value": -0.0
      },
      {
        "max": 90.0,
        "min": 82.0,
        "name": "peakP",
        "raw": "peakP[87.0,82.0,90.0]",
        "tokens": [
          "87.0",
          "82.0",
          "90.0"
        ],
        "value": 87.0
      },
      {
        "max": 90.0,
        "min": 82.0,
        "name": "peakF",
        "raw": "peakF[87.0,82.0,90.0]",
        "tokens": [
          "87.0",
          "82.0",
          "90.0"
        ],
        "value": 87.0
      },
      {
        "max": 95.0,
        "min": 45.0,
        "name": "acmsP",
        "raw": "acmsP[70.,45.,95.]",
        "tokens": [
          "70.",
          "45.",
          "95."
        ],
        "value": 70.0
      },
      {
        "max": 0.1,
        "min": 0.005,
        "name": "betaP",
        "raw": "betaP[0.05,0.005,0.10]",
        "tokens": [
          "0.05",
          "0.005",
          "0.10"
        ],
        "value": 0.05
      },
      {
        "max": 2.0,
        "min": -2.0,
        "name": "gammaP",
        "raw": "gammaP[0.08,-2,2]",
        "tokens": [
          "0.08",
          "-2",
          "2"
        ],
        "value": 0.08
      },
      {
        "max": 95.0,
        "min": 45.0,
        "name": "acmsF",
        "raw": "acmsF[70.,45.,95.]",