{
  "bin": {
    "cut": "tag_Ele_pt > 35 && abs(tag_sc_eta) < 2.17 && ph_sc_eta >= -2.000000 && ph_sc_eta < -1.566000 && ph_et >= 50.000000 && ph_et < 80.000000",
    "index": 21,
    "name": "bin21_ph_sc_eta_m2p00Tom1p57_ph_et_50p00To80p00",
    "title": "; -2.000 < ph_sc_eta < -1.566; 50.000 < ph_et < 80.000",
    "vars": {
      "ph_et": {
        "max": 80,
        "min": 50
      },
      "ph_sc_eta": {
        "max": -1.566,
        "min": -2.0
      }
    }
  },
  "created_at_utc": "2026-04-21T17:08:00.354020+00:00",
  "derived": {
    "efficiency": 0.791860651737939,
    "efficiency_error": 0.00017455604726432058,
    "nSigF": {
      "error": 416.89231551103876,
      "isConstant": false,
      "max": 689827.243832,
      "min": 0.5,
      "name": "nSigF",
      "value": 442351.3597040547
    },
    "nSigP": {
      "error": 813.1491891996702,
      "isConstant": false,
      "max": 2624205.539141,
      "min": 0.5,
      "name": "nSigP",
      "value": 1682914.061743818
    }
  },
  "fit_metadata": {
    "bin_index": 21,
    "fail_hist_uses_pass_hist": false,
    "fit_range": {
      "max": 120.0,
      "min": 60.0
    },
    "truth_fail_template_uses_pass_hist": false,
    "truth_template_source": "/eos/home-p/pelai/HZa/root_TnP//hza_resolve_phid_2024_sf//DY_MC_LO_2024_hza_resolve_phid_2024_sf.root"
  },
  "fit_result": {
    "fail": {
      "covQual": -1,
      "edm": 0.02291659091173973,
      "floatParsFinal": [
        {
          "error": 0.003891449664437552,
          "isConstant": false,
          "max": 5.0,
          "min": -5.0,
          "name": "meanF",
          "value": 0.011297591731964651
        },
        {
          "error": 416.89231551103876,
          "isConstant": false,
          "max": 689827.243832,
          "min": 0.5,
          "name": "nSigF",
          "value": 442351.3597040547
        },
        {
          "error": 0.0009198250243883377,
          "isConstant": false,
          "max": 1.5000000440455517,
          "min": 0.40000001174548044,
          "name": "sigmaF",
          "value": 0.4000000142297715
        }
      ],
      "floatParsInit": [
        {
          "error": 0.0,
          "isConstant": false,
          "max": 5.0,
          "min": -5.0,
          "name": "meanF",
          "value": -0.0
        },
        {
          "error": 0.0,
          "isConstant": false,
          "max": 689827.243832,
          "min": 0.5,
          "name": "nSigF",
          "value": 413896.346299
        },
        {
          "error": 0.0,
          "isConstant": false,
          "max": 1.5000000440455517,
          "min": 0.40000001174548044,
          "name": "sigmaF",
          "value": 0.5000000146818505
        }
      ],
      "minNll": -3900402.168584563,
      "numInvalidNLL": 0,
      "status": 160
    },
    "fail_quality": "check",
    "pass": {
      "covQual": -1,
      "edm": 0.007074997841672368,
      "floatParsFinal": [
        {
          "error": 0.0019061515175411436,
          "isConstant": false,
          "max": 5.0,
          "min": -5.0,
          "name": "meanP",
          "value": 0.014582499568472684
        },
        {
          "error": 813.1491891996702,
          "isConstant": false,
          "max": 2624205.539141,
          "min": 0.5,
          "name": "nSigP",
          "value": 1682914.061743818
        },
        {
          "error": 0.00015045692513793174,
          "isConstant": false,
          "max": 5.0,
          "min": 0.5,
          "name": "sigmaP",
          "value": 0.5000000146818505
        }
      ],
      "floatParsInit": [
        {
          "error": 0.0,
          "isConstant": false,
          "max": 5.0,
          "min": -5.0,
          "name": "meanP",
          "value": -0.0
        },
        {
          "error": 0.0,
          "isConstant": false,
          "max": 2624205.539141,
          "min": 0.5,
          "name": "nSigP",
          "value": 1574523.323484
        },
        {
          "error": 0.0,
          "isConstant": false,
          "max": 5.0,
          "min": 0.5,
          "name": "sigmaP",
          "value": 0.9
        }
      ],
      "minNll": -17138234.940667067,
      "numInvalidNLL": 0,
      "status": 160
    },
    "pass_quality": "check",
    "root_read_error": null
  },
  "fit_type": "nominalFit",
  "histograms": {
    "fail": {
      "entries": 187991.0,
      "fit_window": {
        "bin1": 11,
        "bin2": 70,
        "max": 120.0,
        "min": 60.0
      },
      "integral_fit_window": 442351.84090053296,
      "integral_fit_window_error": 1061.044270860859,
      "integral_full": 459884.82922154816,
      "integral_full_error": 1081.8575682808369,
      "maximum_bin_center": 90.5,
      "maximum_bin_content": 45125.23071819843,
      "mean": 95.09079373163293,
      "rms": 9.46673478102378
    },
    "pass": {
      "entries": 715026.0,
      "fit_window": {
        "bin1": 11,
        "bin2": 70,
        "max": 120.0,
        "min": 60.0
      },
      "integral_fit_window": 1682915.776883446,
      "integral_fit_window_error": 2069.6232673192962,
      "integral_full": 1749470.3594271822,
      "integral_full_error": 2110.1463743014483,
      "maximum_bin_center": 90.5,
      "maximum_bin_content": 180895.6665167769,
      "mean": 94.97230508571498,
      "rms": 9.438487230824128
    }
  },
  "sample": {
    "fitOutputBinRoot": "/eos/home-p/pelai/HZa/root_TnP//hza_resolve_phid_2024_sf//DY_MC_LO_2024_hza_resolve_phid_2024_sf.nominalFit-bin21_ph_sc_eta_m2p00Tom1p57_ph_et_50p00To80p00.root",
    "fitOutputRoot": "/eos/home-p/pelai/HZa/root_TnP//hza_resolve_phid_2024_sf//DY_MC_LO_2024_hza_resolve_phid_2024_sf.nominalFit.root",
    "histFile": "/eos/home-p/pelai/HZa/root_TnP//hza_resolve_phid_2024_sf//DY_MC_LO_2024_hza_resolve_phid_2024_sf.root",
    "isMC": true,
    "mcRefHistFile": "/eos/home-p/pelai/HZa/root_TnP//hza_resolve_phid_2024_sf//DY_MC_LO_2024_hza_resolve_phid_2024_sf.root",
    "mcTruth": true,
    "name": "DY_MC_LO_2024"
  },
  "workspace": {
    "effective_parsed": [
      {
        "max": 5.0,
        "min": -5.0,
        "name": "meanP",
        "raw": "meanP[-0.0,-5.0,5.0]",
        "tokens": [
          "-0.0",
          "-5.0",
          "5.0"
        ],
        "value": -0.0
      },
      {
        "max": 5.0,
        "min": 0.5,
        "name": "sigmaP",
        "raw": "sigmaP[0.9,0.5,5.0]",
        "tokens": [
          "0.9",
          "0.5",
          "5.0"
        ],
        "value": 0.9
      },
      {
        "max": 5.0,
        "min": -5.0,
        "name": "meanF",
        "raw": "meanF[-0.0,-5.0,5.0]",
        "tokens": [
          "-0.0",
          "-5.0",
          "5.0"
        ],
        "value": -0.0
      },
      {
        "max": 90.0,
        "min": 82.0,
        "name": "peakP",
        "raw": "peakP[87.0,82.0,90.0]",
        "tokens": [
          "87.0",
          "82.0",
          "90.0"
        ],
        "value": 87.0
      },
      {
        "max": 90.0,
        "min": 82.0,
        "name": "peakF",
        "raw": "peakF[87.0,82.0,90.0]",
        "tokens": [
          "87.0",
          "82.0",
          "90.0"
        ],
        "value": 87.0
      },
      {
        "max": 95.0,
        "min": 45.0,
        "name": "acmsP",
        "raw": "acmsP[70.,45.,95.]",
        "tokens": [
          "70.",
          "45.",
          "95."
        ],
        "value": 70.0
      },
      {
        "max": 0.1,
        "min": 0.005,
        "name": "betaP",
        "raw": "betaP[0.05,0.005,0.10]",
        "tokens": [
          "0.05",
          "0.005",
          "0.10"
        ],
        "value": 0.05
      },
      {
        "max": 2.0,
        "min": -2.0,
        "name": "gammaP",
        "raw": "gammaP[0.08,-2,2]",
        "tokens": [
          "0.08",
          "-2",
          "2"
        ],
        "value": 0.08
      },
      {
        "max": 95.0,
        "min": 45.0,
        "name": "acmsF",
        "raw": "acmsF[70.,45.,95.]",