{
  "bin": {
    "cut": "tag_Ele_pt > 35 && abs(tag_sc_eta) < 2.17 && ph_sc_eta >= -0.800000 && ph_sc_eta < 0.000000 && ph_et >= 50.000000 && ph_et < 80.000000",
    "index": 24,
    "name": "bin24_ph_sc_eta_m0p80To0p00_ph_et_50p00To80p00",
    "title": "; -0.800 < ph_sc_eta < 0.000; 50.000 < ph_et < 80.000",
    "vars": {
      "ph_et": {
        "max": 80,
        "min": 50
      },
      "ph_sc_eta": {
        "max": 0.0,
        "min": -0.8
      }
    }
  },
  "created_at_utc": "2026-04-19T18:57:06.671075+00:00",
  "derived": {
    "efficiency": 0.8225897711914077,
    "efficiency_error": 8.920322415407037e-05,
    "nSigF": {
      "error": 708.7366373158293,
      "isConstant": false,
      "max": 1993422.262655,
      "min": 0.5,
      "name": "nSigF",
      "value": 1278427.5006479856
    },
    "nSigP": {
      "error": 1526.1438112254255,
      "isConstant": false,
      "max": 9234408.551138,
      "min": 0.5,
      "name": "nSigP",
      "value": 5927625.437975299
    }
  },
  "fit_metadata": {
    "bin_index": 24,
    "fail_hist_uses_pass_hist": false,
    "fit_range": {
      "max": 120.0,
      "min": 60.0
    },
    "truth_fail_template_uses_pass_hist": false,
    "truth_template_source": "/eos/home-p/pelai/HZa/root_TnP//hza_resolve_phid_2024_sf//DY_MC_LO_2024_hza_resolve_phid_2024_sf.root"
  },
  "fit_result": {
    "fail": {
      "covQual": -1,
      "edm": 0.01051747126557467,
      "floatParsFinal": [
        {
          "error": 0.0017915940701125344,
          "isConstant": false,
          "max": 5.0,
          "min": -5.0,
          "name": "meanF",
          "value": 0.010203069718475177
        },
        {
          "error": 708.7366373158293,
          "isConstant": false,
          "max": 1993422.262655,
          "min": 0.5,
          "name": "nSigF",
          "value": 1278427.5006479856
        },
        {
          "error": 0.00013319467293462783,
          "isConstant": false,
          "max": 1.5000000057538996,
          "min": 0.40000000153437326,
          "name": "sigmaF",
          "value": 0.4000000164696924
        }
      ],
      "floatParsInit": [
        {
          "error": 0.0,
          "isConstant": false,
          "max": 5.0,
          "min": -5.0,
          "name": "meanF",
          "value": -0.0
        },
        {
          "error": 0.0,
          "isConstant": false,
          "max": 1993422.262655,
          "min": 0.5,
          "name": "nSigF",
          "value": 1196053.357593
        },
        {
          "error": 0.0,
          "isConstant": false,
          "max": 1.5000000057538996,
          "min": 0.40000000153437326,
          "name": "sigmaF",
          "value": 0.5000000019179666
        }
      ],
      "minNll": -12747148.155989403,
      "numInvalidNLL": 0,
      "status": 160
    },
    "fail_quality": "check",
    "pass": {
      "covQual": -1,
      "edm": 0.053773076494452246,
      "floatParsFinal": [
        {
          "error": 0.0007967718325003759,
          "isConstant": false,
          "max": 5.0,
          "min": -5.0,
          "name": "meanP",
          "value": 0.013897696846440155
        },
        {
          "error": 1526.1438112254255,
          "isConstant": false,
          "max": 9234408.551138,
          "min": 0.5,
          "name": "nSigP",
          "value": 5927625.437975299
        },
        {
          "error": 1.4509442001597872e-05,
          "isConstant": false,
          "max": 5.0,
          "min": 0.5,
          "name": "sigmaP",
          "value": 0.5000000019179666
        }
      ],
      "floatParsInit": [
        {
          "error": 0.0,
          "isConstant": false,
          "max": 5.0,
          "min": -5.0,
          "name": "meanP",
          "value": -0.0
        },
        {
          "error": 0.0,
          "isConstant": false,
          "max": 9234408.551138,
          "min": 0.5,
          "name": "nSigP",
          "value": 5540645.130683
        },
        {
          "error": 0.0,
          "isConstant": false,
          "max": 5.0,
          "min": 0.5,
          "name": "sigmaP",
          "value": 0.9
        }
      ],
      "minNll": -68484176.26577449,
      "numInvalidNLL": 0,
      "status": 180
    },
    "pass_quality": "check",
    "root_read_error": null
  },
  "fit_type": "nominalFit",
  "histograms": {
    "fail": {
      "entries": 543237.0,
      "fit_window": {
        "bin1": 11,
        "bin2": 70,
        "max": 120.0,
        "min": 60.0
      },
      "integral_fit_window": 1278430.41230816,
      "integral_fit_window_error": 1803.8127300724175,
      "integral_full": 1328948.1751034176,
      "integral_full_error": 1839.0841778893093,
      "maximum_bin_center": 91.5,
      "maximum_bin_content": 167140.27722418518,
      "mean": 95.11392672369722,
      "rms": 9.400573803921638
    },
    "pass": {
      "entries": 2516406.0,
      "fit_window": {
        "bin1": 11,
        "bin2": 70,
        "max": 120.0,
        "min": 60.0
      },
      "integral_fit_window": 5927661.626352699,
      "integral_fit_window_error": 3884.0497942901766,
      "integral_full": 6156272.367425651,
      "integral_full_error": 3958.22294403548,
      "maximum_bin_center": 90.5,
      "maximum_bin_content": 811865.7423344263,
      "mean": 95.06383837207792,
      "rms": 9.266819935344609
    }
  },
  "sample": {
    "fitOutputBinRoot": "/eos/home-p/pelai/HZa/root_TnP//hza_resolve_phid_2024_sf//DY_MC_LO_2024_hza_resolve_phid_2024_sf.nominalFit-bin24_ph_sc_eta_m0p80To0p00_ph_et_50p00To80p00.root",
    "fitOutputRoot": "/eos/home-p/pelai/HZa/root_TnP//hza_resolve_phid_2024_sf//DY_MC_LO_2024_hza_resolve_phid_2024_sf.nominalFit.root",
    "histFile": "/eos/home-p/pelai/HZa/root_TnP//hza_resolve_phid_2024_sf//DY_MC_LO_2024_hza_resolve_phid_2024_sf.root",
    "isMC": true,
    "mcRefHistFile": "/eos/home-p/pelai/HZa/root_TnP//hza_resolve_phid_2024_sf//DY_MC_LO_2024_hza_resolve_phid_2024_sf.root",
    "mcTruth": true,
    "name": "DY_MC_LO_2024"
  },
  "workspace": {
    "effective_parsed": [
      {
        "max": 5.0,
        "min": -5.0,
        "name": "meanP",
        "raw": "meanP[-0.0,-5.0,5.0]",
        "tokens": [
          "-0.0",
          "-5.0",
          "5.0"
        ],
        "value": -0.0
      },
      {
        "max": 5.0,
        "min": 0.5,
        "name": "sigmaP",
        "raw": "sigmaP[0.9,0.5,5.0]",
        "tokens": [
          "0.9",
          "0.5",
          "5.0"
        ],
        "value": 0.9
      },
      {
        "max": 5.0,
        "min": -5.0,
        "name": "meanF",
        "raw": "meanF[-0.0,-5.0,5.0]",
        "tokens": [
          "-0.0",
          "-5.0",
          "5.0"
        ],
        "value": -0.0
      },
      {
        "max": 5.0,
        "min": 0.5,
        "name": "sigmaF",
        "raw": "sigmaF[0.9,0.5,5.0]",
        "tokens": [
          "0.9",
          "0.5",
          "5.0"
        ],
        "value": 0.9
      },
      {
        "max": 80.0,
        "min": 50.0,
        "name": "acmsP",
        "raw": "acmsP[60.,50.,80.]",
        "tokens": [
          "60.",
          "50.",
          "80."
        ],
        "value": 60.0
      },
      {
        "max": 0.08,
        "min": 0.01,
        "name": "betaP",
        "raw": "betaP[0.05,0.01,0.08]",
        "tokens": [
          "0.05",
          "0.01",
          "0.08"
        ],
        "value": 0.05
      },
      {
        "max": 2.0,
        "min": -2.0,
        "name": "gammaP",
        "raw": "gammaP[0.1, -2, 2]",
        "tokens": [
          "0.1",
          "-2",
          "2"
        ],
        "value": 0.1
      },
      {
        "max": 90.0,
        "min": 82.0,
        "name": "peakP",
        "raw": "peakP[87.0,82.0,90.0]",
        "tokens": [
          "87.0",
          "82.0",
          "90.0"
        ],
        "value": 87.0
      },
      {
        "max": 80.0,
        "min": 50.0,
        "name": "acmsF",
        "raw": "acmsF[60.,50.,80.]",