{
  "bin": {
    "cut": "tag_Ele_pt > 35 && abs(tag_sc_eta) < 2.17 && ph_sc_eta >= -1.444200 && ph_sc_eta < -0.800000 && ph_et >= 50.000000 && ph_et < 80.000000",
    "index": 23,
    "name": "bin23_ph_sc_eta_m1p44Tom0p80_ph_et_50p00To80p00",
    "title": "; -1.444 < ph_sc_eta < -0.800; 50.000 < ph_et < 80.000",
    "vars": {
      "ph_et": {
        "max": 80,
        "min": 50
      },
      "ph_sc_eta": {
        "max": -0.8,
        "min": -1.4442
      }
    }
  },
  "created_at_utc": "2026-04-20T20:31:16.465048+00:00",
  "derived": {
    "efficiency": 0.8123682983420196,
    "efficiency_error": 0.00011446255409993498,
    "nSigF": {
      "error": 580.5131232057465,
      "isConstant": false,
      "max": 1338813.594585,
      "min": 0.5,
      "name": "nSigF",
      "value": 857701.2275641063
    },
    "nSigP": {
      "error": 1207.9823206136934,
      "isConstant": false,
      "max": 5791942.08672,
      "min": 0.5,
      "name": "nSigP",
      "value": 3713494.471164591
    }
  },
  "fit_metadata": {
    "bin_index": 23,
    "fail_hist_uses_pass_hist": false,
    "fit_range": {
      "max": 120.0,
      "min": 60.0
    },
    "truth_fail_template_uses_pass_hist": false,
    "truth_template_source": "/eos/home-p/pelai/HZa/root_TnP//hza_resolve_phid_2024_sf//DY_MC_LO_2024_hza_resolve_phid_2024_sf.root"
  },
  "fit_result": {
    "fail": {
      "covQual": -1,
      "edm": 0.0016927430764348114,
      "floatParsFinal": [
        {
          "error": 0.0026269737458695097,
          "isConstant": false,
          "max": 5.0,
          "min": -5.0,
          "name": "meanF",
          "value": 0.010571016202156613
        },
        {
          "error": 580.5131232057465,
          "isConstant": false,
          "max": 1338813.594585,
          "min": 0.5,
          "name": "nSigF",
          "value": 857701.2275641063
        },
        {
          "error": 0.00042613358029733317,
          "isConstant": false,
          "max": 1.5000000077126379,
          "min": 0.40000000205670344,
          "name": "sigmaF",
          "value": 0.4000000363018975
        }
      ],
      "floatParsInit": [
        {
          "error": 0.0,
          "isConstant": false,
          "max": 5.0,
          "min": -5.0,
          "name": "meanF",
          "value": -0.0
        },
        {
          "error": 0.0,
          "isConstant": false,
          "max": 1338813.594585,
          "min": 0.5,
          "name": "nSigF",
          "value": 803288.156751
        },
        {
          "error": 0.0,
          "isConstant": false,
          "max": 1.5000000077126379,
          "min": 0.40000000205670344,
          "name": "sigmaF",
          "value": 0.5000000025708793
        }
      ],
      "minNll": -8129651.261873992,
      "numInvalidNLL": 0,
      "status": 160
    },
    "fail_quality": "check",
    "pass": {
      "covQual": -1,
      "edm": 0.027356747565899377,
      "floatParsFinal": [
        {
          "error": 0.001193925811134644,
          "isConstant": false,
          "max": 5.0,
          "min": -5.0,
          "name": "meanP",
          "value": 0.014339670976450947
        },
        {
          "error": 1207.9823206136934,
          "isConstant": false,
          "max": 5791942.08672,
          "min": 0.5,
          "name": "nSigP",
          "value": 3713494.471164591
        },
        {
          "error": 4.9698234744988135e-05,
          "isConstant": false,
          "max": 5.0,
          "min": 0.5,
          "name": "sigmaP",
          "value": 0.5000000025708793
        }
      ],
      "floatParsInit": [
        {
          "error": 0.0,
          "isConstant": false,
          "max": 5.0,
          "min": -5.0,
          "name": "meanP",
          "value": -0.0
        },
        {
          "error": 0.0,
          "isConstant": false,
          "max": 5791942.08672,
          "min": 0.5,
          "name": "nSigP",
          "value": 3475165.252032
        },
        {
          "error": 0.0,
          "isConstant": false,
          "max": 5.0,
          "min": 0.5,
          "name": "sigmaP",
          "value": 0.9
        }
      ],
      "minNll": -40829421.98163179,
      "numInvalidNLL": 0,
      "status": 160
    },
    "pass_quality": "check",
    "root_read_error": null
  },
  "fit_type": "nominalFit",
  "histograms": {
    "fail": {
      "entries": 364866.0,
      "fit_window": {
        "bin1": 11,
        "bin2": 70,
        "max": 120.0,
        "min": 60.0
      },
      "integral_fit_window": 857703.6965291795,
      "integral_fit_window_error": 1477.4880839201005,
      "integral_full": 892542.3963899816,
      "integral_full_error": 1507.2092740310802,
      "maximum_bin_center": 90.5,
      "maximum_bin_content": 95367.5742881677,
      "mean": 95.18730165246012,
      "rms": 9.605464509656798
    },
    "pass": {
      "entries": 1578524.0,
      "fit_window": {
        "bin1": 11,
        "bin2": 70,
        "max": 120.0,
        "min": 60.0
      },
      "integral_fit_window": 3713490.505262607,
      "integral_fit_window_error": 3074.130833576976,
      "integral_full": 3861294.724479786,
      "integral_full_error": 3134.7322836065046,
      "maximum_bin_center": 90.5,
      "maximum_bin_content": 434627.5779226247,
      "mean": 95.0146272530859,
      "rms": 9.5026467498612
    }
  },
  "sample": {
    "fitOutputBinRoot": "/eos/home-p/pelai/HZa/root_TnP//hza_resolve_phid_2024_sf//DY_MC_LO_2024_hza_resolve_phid_2024_sf.nominalFit-bin23_ph_sc_eta_m1p44Tom0p80_ph_et_50p00To80p00.root",
    "fitOutputRoot": "/eos/home-p/pelai/HZa/root_TnP//hza_resolve_phid_2024_sf//DY_MC_LO_2024_hza_resolve_phid_2024_sf.nominalFit.root",
    "histFile": "/eos/home-p/pelai/HZa/root_TnP//hza_resolve_phid_2024_sf//DY_MC_LO_2024_hza_resolve_phid_2024_sf.root",
    "isMC": true,
    "mcRefHistFile": "/eos/home-p/pelai/HZa/root_TnP//hza_resolve_phid_2024_sf//DY_MC_LO_2024_hza_resolve_phid_2024_sf.root",
    "mcTruth": true,
    "name": "DY_MC_LO_2024"
  },
  "workspace": {
    "effective_parsed": [
      {
        "max": 5.0,
        "min": -5.0,
        "name": "meanP",
        "raw": "meanP[-0.0,-5.0,5.0]",
        "tokens": [
          "-0.0",
          "-5.0",
          "5.0"
        ],
        "value": -0.0
      },
      {
        "max": 5.0,
        "min": 0.5,
        "name": "sigmaP",
        "raw": "sigmaP[0.9,0.5,5.0]",
        "tokens": [
          "0.9",
          "0.5",
          "5.0"
        ],
        "value": 0.9
      },
      {
        "max": 5.0,
        "min": -5.0,
        "name": "meanF",
        "raw": "meanF[-0.0,-5.0,5.0]",
        "tokens": [
          "-0.0",
          "-5.0",
          "5.0"
        ],
        "value": -0.0
      },
      {
        "max": 3.0,
        "min": 0.0,
        "name": "sigmaF",
        "raw": "sigmaF[1.0,0.0,3.0]",
        "tokens": [
          "1.0",
          "0.0",
          "3.0"
        ],
        "value": 1.0
      },
      {
        "max": 80.0,
        "min": 50.0,
        "name": "acmsP",
        "raw": "acmsP[60.,50.,80.]",
        "tokens": [
          "60.",
          "50.",
          "80."
        ],
        "value": 60.0
      },
      {
        "max": 0.08,
        "min": 0.01,
        "name": "betaP",
        "raw": "betaP[0.05,0.01,0.08]",
        "tokens": [
          "0.05",
          "0.01",
          "0.08"
        ],
        "value": 0.05
      },
      {
        "max": 2.0,
        "min": -2.0,
        "name": "gammaP",
        "raw": "gammaP[0.1, -2, 2]",
        "tokens": [
          "0.1",
          "-2",
          "2"
        ],
        "value": 0.1
      },
      {
        "max": 90.0,
        "min": 82.0,
        "name": "peakP",
        "raw": "peakP[87.0,82.0,90.0]",
        "tokens": [
          "87.0",
          "82.0",
          "90.0"
        ],
        "value": 87.0
      },
      {
        "max": 80.0,
        "min": 55.0,
        "name": "acmsF",
        "raw": "acmsF[65.,55.,80.]",