{
  "bin": {
    "cut": "tag_Ele_pt > 40 && abs(tag_sc_eta) < 2.17 && (tag_Ele_q + el_q) == 0 && el_sc_abseta >= 1.566000 && el_sc_abseta < 2.500000 && el_et >= 100.000000 && el_et < 500.000000",
    "index": 2,
    "name": "bin02_el_sc_abseta_1p57To2p50_el_et_100p00To500p00",
    "title": "; 1.566 < el_sc_abseta < 2.500; 100.000 < el_et < 500.000",
    "vars": {
      "el_et": {
        "max": 500,
        "min": 100
      },
      "el_sc_abseta": {
        "max": 2.5,
        "min": 1.566
      }
    }
  },
  "created_at_utc": "2026-07-10T10:09:01.765178+00:00",
  "derived": {
    "efficiency": 0.9848041219426145,
    "efficiency_error": 7.912662211539335e-08,
    "nSigF": {
      "error": 11.006679091369733,
      "isConstant": false,
      "max": 3291468.271729,
      "min": 0.5,
      "name": "nSigF",
      "value": 2097289.3593674037
    },
    "nSigP": {
      "error": 87.58016966283321,
      "isConstant": false,
      "max": 207028400.453247,
      "min": 0.5,
      "name": "nSigP",
      "value": 135919701.26448566
    }
  },
  "fit_metadata": {
    "bin_index": 2,
    "fail_hist_uses_pass_hist": false,
    "fit_range": {
      "max": 120.0,
      "min": 60.0
    },
    "truth_fail_template_uses_pass_hist": true,
    "truth_template_source": "/eos/home-p/pelai/HZa/root_TnP//hza_elid_nongap_highpT_2024_sf//DY_MC_LO_2024_hza_elid_nongap_highpT_2024_sf.root"
  },
  "fit_result": {
    "fail": {
      "covQual": -1,
      "edm": 230252494.56237444,
      "floatParsFinal": [
        {
          "error": 3.4734015470494484e-05,
          "isConstant": false,
          "max": 5.0,
          "min": -5.0,
          "name": "meanF",
          "value": -0.2952284265641527
        },
        {
          "error": 11.006679091369733,
          "isConstant": false,
          "max": 3291468.271729,
          "min": 0.5,
          "name": "nSigF",
          "value": 2097289.3593674037
        },
        {
          "error": 6.414598785164927e-05,
          "isConstant": false,
          "max": 5.0,
          "min": 0.5,
          "name": "sigmaF",
          "value": 4.389108666673868
        }
      ],
      "floatParsInit": [
        {
          "error": 0.0,
          "isConstant": false,
          "max": 5.0,
          "min": -5.0,
          "name": "meanF",
          "value": -0.0
        },
        {
          "error": 0.0,
          "isConstant": false,
          "max": 3291468.271729,
          "min": 0.5,
          "name": "nSigF",
          "value": 1974880.963037
        },
        {
          "error": 0.0,
          "isConstant": false,
          "max": 5.0,
          "min": 0.5,
          "name": "sigmaF",
          "value": 0.9
        }
      ],
      "minNll": -20993674.388583735,
      "numInvalidNLL": 0,
      "status": -1
    },
    "fail_quality": "check",
    "pass": {
      "covQual": -1,
      "edm": 203452323.31819683,
      "floatParsFinal": [
        {
          "error": 1.909003380262675e-06,
          "isConstant": false,
          "max": 5.0,
          "min": -5.0,
          "name": "meanP",
          "value": 0.0012925824470677583
        },
        {
          "error": 87.58016966283321,
          "isConstant": false,
          "max": 207028400.453247,
          "min": 0.5,
          "name": "nSigP",
          "value": 135919701.26448566
        },
        {
          "error": 1.8742596363807706e-10,
          "isConstant": false,
          "max": 5.0,
          "min": 0.5,
          "name": "sigmaP",
          "value": 0.5000000003358709
        }
      ],
      "floatParsInit": [
        {
          "error": 0.0,
          "isConstant": false,
          "max": 5.0,
          "min": -5.0,
          "name": "meanP",
          "value": -0.0
        },
        {
          "error": 0.0,
          "isConstant": false,
          "max": 207028400.453247,
          "min": 0.5,
          "name": "nSigP",
          "value": 124217040.271948
        },
        {
          "error": 0.0,
          "isConstant": false,
          "max": 5.0,
          "min": 0.5,
          "name": "sigmaP",
          "value": 0.9
        }
      ],
      "minNll": -2011431714.9516456,
      "numInvalidNLL": 0,
      "status": -1
    },
    "pass_quality": "check",
    "root_read_error": null
  },
  "fit_type": "nominalFit",
  "histograms": {
    "fail": {
      "entries": 164.0,
      "fit_window": {
        "bin1": 11,
        "bin2": 70,
        "max": 120.0,
        "min": 60.0
      },
      "integral_fit_window": 2097283.7319335938,
      "integral_fit_window_error": 190547.12519840646,
      "integral_full": 2194312.1811523438,
      "integral_full_error": 194136.4553759024,
      "maximum_bin_center": 89.5,
      "maximum_bin_content": 206975.623046875,
      "mean": 93.05776258963812,
      "rms": 11.201853297785277
    },
    "pass": {
      "entries": 10651.0,
      "fit_window": {
        "bin1": 11,
        "bin2": 70,
        "max": 120.0,
        "min": 60.0
      },
      "integral_fit_window": 135919292.4855957,
      "integral_fit_window_error": 1551951.1031681513,
      "integral_full": 138018933.63549805,
      "integral_full_error": 1563502.6657455661,
      "maximum_bin_center": 91.5,
      "maximum_bin_content": 19010042.189697266,
      "mean": 91.52086592312205,
      "rms": 7.430175125735973
    }
  },
  "sample": {
    "fitOutputBinRoot": "/eos/home-p/pelai/HZa/root_TnP//hza_elid_nongap_highpT_2024_sf//DY_MC_LO_2024_hza_elid_nongap_highpT_2024_sf.nominalFit-bin02_el_sc_abseta_1p57To2p50_el_et_100p00To500p00.root",
    "fitOutputRoot": "/eos/home-p/pelai/HZa/root_TnP//hza_elid_nongap_highpT_2024_sf//DY_MC_LO_2024_hza_elid_nongap_highpT_2024_sf.nominalFit.root",
    "histFile": "/eos/home-p/pelai/HZa/root_TnP//hza_elid_nongap_highpT_2024_sf//DY_MC_LO_2024_hza_elid_nongap_highpT_2024_sf.root",
    "isMC": true,
    "mcRefHistFile": "/eos/home-p/pelai/HZa/root_TnP//hza_elid_nongap_highpT_2024_sf//DY_MC_LO_2024_hza_elid_nongap_highpT_2024_sf.root",
    "mcTruth": true,
    "name": "DY_MC_LO_2024"
  },
  "workspace": {
    "effective_parsed": [
      {
        "max": 5.0,
        "min": -5.0,
        "name": "meanP",
        "raw": "meanP[-0.0,-5.0,5.0]",
        "tokens": [
          "-0.0",
          "-5.0",
          "5.0"
        ],
        "value": -0.0
      },
      {
        "max": 5.0,
        "min": 0.5,
        "name": "sigmaP",
        "raw": "sigmaP[0.9,0.5,5.0]",
        "tokens": [
          "0.9",
          "0.5",
          "5.0"
        ],
        "value": 0.9
      },
      {
        "max": 5.0,
        "min": -5.0,
        "name": "meanF",
        "raw": "meanF[-0.0,-5.0,5.0]",
        "tokens": [
          "-0.0",
          "-5.0",
          "5.0"
        ],
        "value": -0.0
      },
      {
        "max": 5.0,
        "min": 0.5,
        "name": "sigmaF",
        "raw": "sigmaF[0.9,0.5,5.0]",
        "tokens": [
          "0.9",
          "0.5",
          "5.0"
        ],
        "value": 0.9
      },
      {
        "max": 90.0,
        "min": 45.0,
        "name": "acmsP",
        "raw": "acmsP[65.,45.,90.]",
        "tokens": [
          "65.",
          "45.",
          "90."
        ],
        "value": 65.0
      },
      {
        "max": 0.1,
        "min": 0.005,
        "name": "betaP",
        "raw": "betaP[0.05,0.005,0.10]",
        "tokens": [
          "0.05",
          "0.005",
          "0.10"
        ],
        "value": 0.05
      },
      {
        "max": 2.0,
        "min": -2.0,
        "name": "gammaP",
        "raw": "gammaP[0.1, -2, 2]",
        "tokens": [
          "0.1",
          "-2",
          "2"
        ],
        "value": 0.1
      },
      {
        "max": 90.0,
        "min": 82.0,
        "name": "peakP",
        "raw": "peakP[87.0,82.0,90.0]",
        "tokens": [
          "87.0",
          "82.0",
          "90.0"
        ],
        "value": 87.0
      },
      {
        "max": 90.0,
        "min": 45.0,
        "name": "acmsF",
        "raw": "acmsF[65.,45.,90.]",