{
  "bin": {
    "cut": "tag_Ele_pt > 40 && abs(tag_sc_eta) < 2.17 && (tag_Ele_q + el_q) == 0 && el_sc_abseta >= 1.566000 && el_sc_abseta < 2.500000 && el_et >= 100.000000 && el_et < 500.000000",
    "index": 2,
    "name": "bin02_el_sc_abseta_1p57To2p50_el_et_100p00To500p00",
    "title": "; 1.566 < el_sc_abseta < 2.500; 100.000 < el_et < 500.000",
    "vars": {
      "el_et": {
        "max": 500,
        "min": 100
      },
      "el_sc_abseta": {
        "max": 2.5,
        "min": 1.566
      }
    }
  },
  "created_at_utc": "2026-04-20T17:32:55.644616+00:00",
  "derived": {
    "efficiency": 0.9844072784612639,
    "efficiency_error": 0.0008894553534070114,
    "nSigF": {
      "error": 10.912651635440739,
      "isConstant": false,
      "max": 295.459764,
      "min": 0.5,
      "name": "nSigF",
      "value": 189.81172372424192
    },
    "nSigP": {
      "error": 86.8043109084756,
      "isConstant": false,
      "max": 18259.677619,
      "min": 0.5,
      "name": "nSigP",
      "value": 11983.286041967482
    }
  },
  "fit_metadata": {
    "bin_index": 2,
    "fail_hist_uses_pass_hist": false,
    "fit_range": {
      "max": 120.0,
      "min": 60.0
    },
    "truth_fail_template_uses_pass_hist": true,
    "truth_template_source": "/eos/home-p/pelai/HZa/root_TnP//hza_elid_nongap_highpT_2024_sf//DY_MC_LO_2024_hza_elid_nongap_highpT_2024_sf.root"
  },
  "fit_result": {
    "fail": {
      "covQual": -1,
      "edm": 0.03306292336435146,
      "floatParsFinal": [
        {
          "error": 0.26200688661102367,
          "isConstant": false,
          "max": 5.0,
          "min": -5.0,
          "name": "meanF",
          "value": -0.025637352105819744
        },
        {
          "error": 10.912651635440739,
          "isConstant": false,
          "max": 295.459764,
          "min": 0.5,
          "name": "nSigF",
          "value": 189.81172372424192
        },
        {
          "error": 0.03721700839497177,
          "isConstant": false,
          "max": 1.5000002080625658,
          "min": 0.40000005548335094,
          "name": "sigmaF",
          "value": 1.499998595764805
        }
      ],
      "floatParsInit": [
        {
          "error": 0.0,
          "isConstant": false,
          "max": 5.0,
          "min": -5.0,
          "name": "meanF",
          "value": -0.0
        },
        {
          "error": 0.0,
          "isConstant": false,
          "max": 295.459764,
          "min": 0.5,
          "name": "nSigF",
          "value": 177.275858
        },
        {
          "error": 0.0,
          "isConstant": false,
          "max": 1.5000002080625658,
          "min": 0.40000005548335094,
          "name": "sigmaF",
          "value": 0.5000000693541886
        }
      ],
      "minNll": -136.0177348012046,
      "numInvalidNLL": 0,
      "status": 160
    },
    "fail_quality": "check",
    "pass": {
      "covQual": -1,
      "edm": 0.022064854385240994,
      "floatParsFinal": [
        {
          "error": 0.0216609169596933,
          "isConstant": false,
          "max": 5.0,
          "min": -5.0,
          "name": "meanP",
          "value": 0.004638960425403127
        },
        {
          "error": 86.8043109084756,
          "isConstant": false,
          "max": 18259.677619,
          "min": 0.5,
          "name": "nSigP",
          "value": 11983.286041967482
        },
        {
          "error": 0.005025975163397534,
          "isConstant": false,
          "max": 5.0,
          "min": 0.5,
          "name": "sigmaP",
          "value": 0.5000000693541886
        }
      ],
      "floatParsInit": [
        {
          "error": 0.0,
          "isConstant": false,
          "max": 5.0,
          "min": -5.0,
          "name": "meanP",
          "value": -0.0
        },
        {
          "error": 0.0,
          "isConstant": false,
          "max": 18259.677619,
          "min": 0.5,
          "name": "nSigP",
          "value": 10955.806571
        },
        {
          "error": 0.0,
          "isConstant": false,
          "max": 5.0,
          "min": 0.5,
          "name": "sigmaP",
          "value": 0.9
        }
      ],
      "minNll": -65792.52431877231,
      "numInvalidNLL": 0,
      "status": 160
    },
    "pass_quality": "check",
    "root_read_error": null
  },
  "fit_type": "nominalFit",
  "histograms": {
    "fail": {
      "entries": 171.0,
      "fit_window": {
        "bin1": 11,
        "bin2": 70,
        "max": 120.0,
        "min": 60.0
      },
      "integral_fit_window": 190.8287888176477,
      "integral_fit_window_error": 17.40506564648607,
      "integral_full": 196.973176102436,
      "integral_full_error": 17.66422641336171,
      "maximum_bin_center": 92.5,
      "maximum_bin_content": 17.963227198094962,
      "mean": 92.81390139282621,
      "rms": 9.757194471316934
    },
    "pass": {
      "entries": 10873.0,
      "fit_window": {
        "bin1": 11,
        "bin2": 70,
        "max": 120.0,
        "min": 60.0
      },
      "integral_fit_window": 11983.465816902577,
      "integral_fit_window_error": 138.05318818407173,
      "integral_full": 12173.118412527467,
      "integral_full_error": 139.2035801963305,
      "maximum_bin_center": 91.5,
      "maximum_bin_content": 1741.355970726192,
      "mean": 91.42083935957878,
      "rms": 7.43654198603457
    }
  },
  "sample": {
    "fitOutputBinRoot": "/eos/home-p/pelai/HZa/root_TnP//hza_elid_nongap_highpT_2024_sf//DY_MC_LO_2024_hza_elid_nongap_highpT_2024_sf.nominalFit-bin02_el_sc_abseta_1p57To2p50_el_et_100p00To500p00.root",
    "fitOutputRoot": "/eos/home-p/pelai/HZa/root_TnP//hza_elid_nongap_highpT_2024_sf//DY_MC_LO_2024_hza_elid_nongap_highpT_2024_sf.nominalFit.root",
    "histFile": "/eos/home-p/pelai/HZa/root_TnP//hza_elid_nongap_highpT_2024_sf//DY_MC_LO_2024_hza_elid_nongap_highpT_2024_sf.root",
    "isMC": true,
    "mcRefHistFile": "/eos/home-p/pelai/HZa/root_TnP//hza_elid_nongap_highpT_2024_sf//DY_MC_LO_2024_hza_elid_nongap_highpT_2024_sf.root",
    "mcTruth": true,
    "name": "DY_MC_LO_2024"
  },
  "workspace": {
    "effective_parsed": [
      {
        "max": 5.0,
        "min": -5.0,
        "name": "meanP",
        "raw": "meanP[-0.0,-5.0,5.0]",
        "tokens": [
          "-0.0",
          "-5.0",
          "5.0"
        ],
        "value": -0.0
      },
      {
        "max": 5.0,
        "min": 0.5,
        "name": "sigmaP",
        "raw": "sigmaP[0.9,0.5,5.0]",
        "tokens": [
          "0.9",
          "0.5",
          "5.0"
        ],
        "value": 0.9
      },
      {
        "max": 5.0,
        "min": -5.0,
        "name": "meanF",
        "raw": "meanF[-0.0,-5.0,5.0]",
        "tokens": [
          "-0.0",
          "-5.0",
          "5.0"
        ],
        "value": -0.0
      },
      {
        "max": 5.0,
        "min": 0.5,
        "name": "sigmaF",
        "raw": "sigmaF[0.9,0.5,5.0]",
        "tokens": [
          "0.9",
          "0.5",
          "5.0"
        ],
        "value": 0.9
      },
      {
        "max": 80.0,
        "min": 50.0,
        "name": "acmsP",
        "raw": "acmsP[60.,50.,80.]",
        "tokens": [
          "60.",
          "50.",
          "80."
        ],
        "value": 60.0
      },
      {
        "max": 0.08,
        "min": 0.01,
        "name": "betaP",
        "raw": "betaP[0.05,0.01,0.08]",
        "tokens": [
          "0.05",
          "0.01",
          "0.08"
        ],
        "value": 0.05
      },
      {
        "max": 2.0,
        "min": -2.0,
        "name": "gammaP",
        "raw": "gammaP[0.1, -2, 2]",
        "tokens": [
          "0.1",
          "-2",
          "2"
        ],
        "value": 0.1
      },
      {
        "max": 90.0,
        "min": 82.0,
        "name": "peakP",
        "raw": "peakP[87.0,82.0,90.0]",
        "tokens": [
          "87.0",
          "82.0",
          "90.0"
        ],
        "value": 87.0
      },
      {
        "max": 80.0,
        "min": 50.0,
        "name": "acmsF",