{
  "bin": {
    "cut": "tag_Ele_pt > 40 && abs(tag_sc_eta) < 2.17 && (tag_Ele_q + el_q) == 0 && el_sc_abseta >= 1.444200 && el_sc_abseta < 1.566000 && el_et >= 100.000000 && el_et < 500.000000",
    "index": 1,
    "name": "bin01_el_sc_abseta_1p44To1p57_el_et_100p00To500p00",
    "title": "; 1.444 < el_sc_abseta < 1.566; 100.000 < el_et < 500.000",
    "vars": {
      "el_et": {
        "max": 500,
        "min": 100
      },
      "el_sc_abseta": {
        "max": 1.566,
        "min": 1.4442
      }
    }
  },
  "created_at_utc": "2026-04-21T16:06:48.860401+00:00",
  "derived": {
    "efficiency": 0.9718715192650172,
    "efficiency_error": 0.002878422715653831,
    "nSigF": {
      "error": 5.211161035484988,
      "isConstant": false,
      "max": 80.168955,
      "min": 0.5,
      "name": "nSigF",
      "value": 50.33254389699097
    },
    "nSigP": {
      "error": 33.324182302445024,
      "isConstant": false,
      "max": 2643.758234,
      "min": 0.5,
      "name": "nSigP",
      "value": 1739.047564158168
    }
  },
  "fit_metadata": {
    "bin_index": 1,
    "fail_hist_uses_pass_hist": false,
    "fit_range": {
      "max": 120.0,
      "min": 60.0
    },
    "truth_fail_template_uses_pass_hist": true,
    "truth_template_source": "/eos/home-p/pelai/HZa/root_TnP//hza_elid_nongap_highpT_2024_sf//DY_MC_LO_2024_hza_elid_nongap_highpT_2024_sf.root"
  },
  "fit_result": {
    "fail": {
      "covQual": -1,
      "edm": 1.163085975959355,
      "floatParsFinal": [
        {
          "error": 0.43132289393378875,
          "isConstant": false,
          "max": 5.0,
          "min": -5.0,
          "name": "meanF",
          "value": -3.8169736376745016
        },
        {
          "error": 5.211161035484988,
          "isConstant": false,
          "max": 80.168955,
          "min": 0.5,
          "name": "nSigF",
          "value": 50.33254389699097
        },
        {
          "error": 0.844572922662276,
          "isConstant": false,
          "max": 1.5000000807107388,
          "min": 0.4000000215228637,
          "name": "sigmaF",
          "value": 1.4999981668079836
        }
      ],
      "floatParsInit": [
        {
          "error": 0.0,
          "isConstant": false,
          "max": 5.0,
          "min": -5.0,
          "name": "meanF",
          "value": -0.0
        },
        {
          "error": 0.0,
          "isConstant": false,
          "max": 80.168955,
          "min": 0.5,
          "name": "nSigF",
          "value": 48.101373
        },
        {
          "error": 0.0,
          "isConstant": false,
          "max": 1.5000000807107388,
          "min": 0.4000000215228637,
          "name": "sigmaF",
          "value": 0.5000000269035796
        }
      ],
      "minNll": 58.45167381649523,
      "numInvalidNLL": 0,
      "status": 160
    },
    "fail_quality": "check",
    "pass": {
      "covQual": -1,
      "edm": 0.04966623260184298,
      "floatParsFinal": [
        {
          "error": 0.047377791102811706,
          "isConstant": false,
          "max": 5.0,
          "min": -5.0,
          "name": "meanP",
          "value": -0.007356281086721594
        },
        {
          "error": 33.324182302445024,
          "isConstant": false,
          "max": 2643.758234,
          "min": 0.5,
          "name": "nSigP",
          "value": 1739.047564158168
        },
        {
          "error": 0.005575897086990134,
          "isConstant": false,
          "max": 5.0,
          "min": 0.5,
          "name": "sigmaP",
          "value": 0.5000000269035796
        }
      ],
      "floatParsInit": [
        {
          "error": 0.0,
          "isConstant": false,
          "max": 5.0,
          "min": -5.0,
          "name": "meanP",
          "value": -0.0
        },
        {
          "error": 0.0,
          "isConstant": false,
          "max": 2643.758234,
          "min": 0.5,
          "name": "nSigP",
          "value": 1586.254941
        },
        {
          "error": 0.0,
          "isConstant": false,
          "max": 5.0,
          "min": 0.5,
          "name": "sigmaP",
          "value": 0.9
        }
      ],
      "minNll": -5888.1193655741,
      "numInvalidNLL": 0,
      "status": 160
    },
    "pass_quality": "check",
    "root_read_error": null
  },
  "fit_type": "nominalFit",
  "histograms": {
    "fail": {
      "entries": 38.0,
      "fit_window": {
        "bin1": 11,
        "bin2": 70,
        "max": 120.0,
        "min": 60.0
      },
      "integral_fit_window": 50.824115169715654,
      "integral_fit_window_error": 9.760888353959082,
      "integral_full": 53.44597026488189,
      "integral_full_error": 9.936264960010268,
      "maximum_bin_center": 84.5,
      "maximum_bin_content": 4.29486969588668,
      "mean": 91.63735461286727,
      "rms": 12.972116117461603
    },
    "pass": {
      "entries": 1591.0,
      "fit_window": {
        "bin1": 11,
        "bin2": 70,
        "max": 120.0,
        "min": 60.0
      },
      "integral_fit_window": 1739.574767294003,
      "integral_fit_window_error": 52.189605507734164,
      "integral_full": 1762.505489662214,
      "integral_full_error": 52.547151538336074,
      "maximum_bin_center": 90.5,
      "maximum_bin_content": 218.90565499912967,
      "mean": 90.83048317967811,
      "rms": 7.843190695104791
    }
  },
  "sample": {
    "fitOutputBinRoot": "/eos/home-p/pelai/HZa/root_TnP//hza_elid_nongap_highpT_2024_sf//DY_MC_LO_2024_hza_elid_nongap_highpT_2024_sf.nominalFit-bin01_el_sc_abseta_1p44To1p57_el_et_100p00To500p00.root",
    "fitOutputRoot": "/eos/home-p/pelai/HZa/root_TnP//hza_elid_nongap_highpT_2024_sf//DY_MC_LO_2024_hza_elid_nongap_highpT_2024_sf.nominalFit.root",
    "histFile": "/eos/home-p/pelai/HZa/root_TnP//hza_elid_nongap_highpT_2024_sf//DY_MC_LO_2024_hza_elid_nongap_highpT_2024_sf.root",
    "isMC": true,
    "mcRefHistFile": "/eos/home-p/pelai/HZa/root_TnP//hza_elid_nongap_highpT_2024_sf//DY_MC_LO_2024_hza_elid_nongap_highpT_2024_sf.root",
    "mcTruth": true,
    "name": "DY_MC_LO_2024"
  },
  "workspace": {
    "effective_parsed": [
      {
        "max": 5.0,
        "min": -5.0,
        "name": "meanP",
        "raw": "meanP[-0.0,-5.0,5.0]",
        "tokens": [
          "-0.0",
          "-5.0",
          "5.0"
        ],
        "value": -0.0
      },
      {
        "max": 5.0,
        "min": 0.5,
        "name": "sigmaP",
        "raw": "sigmaP[0.9,0.5,5.0]",
        "tokens": [
          "0.9",
          "0.5",
          "5.0"
        ],
        "value": 0.9
      },
      {
        "max": 5.0,
        "min": -5.0,
        "name": "meanF",
        "raw": "meanF[-0.0,-5.0,5.0]",
        "tokens": [
          "-0.0",
          "-5.0",
          "5.0"
        ],
        "value": -0.0
      },
      {
        "max": 5.0,
        "min": 0.5,
        "name": "sigmaF",
        "raw": "sigmaF[0.9,0.5,5.0]",
        "tokens": [
          "0.9",
          "0.5",
          "5.0"
        ],
        "value": 0.9
      },
      {
        "max": 90.0,
        "min": 45.0,
        "name": "acmsP",
        "raw": "acmsP[65.,45.,90.]",
        "tokens": [
          "65.",
          "45.",
          "90."
        ],
        "value": 65.0
      },
      {
        "max": 0.1,
        "min": 0.005,
        "name": "betaP",
        "raw": "betaP[0.05,0.005,0.10]",
        "tokens": [
          "0.05",
          "0.005",
          "0.10"
        ],
        "value": 0.05
      },
      {
        "max": 2.0,
        "min": -2.0,
        "name": "gammaP",
        "raw": "gammaP[0.1, -2, 2]",
        "tokens": [
          "0.1",
          "-2",
          "2"
        ],
        "value": 0.1
      },
      {
        "max": 90.0,
        "min": 82.0,
        "name": "peakP",
        "raw": "peakP[87.0,82.0,90.0]",
        "tokens": [
          "87.0",
          "82.0",
          "90.0"
        ],
        "value": 87.0
      },
      {
        "max": 90.0,
        "min": 45.0,
        "name": "acmsF",