{
  "bin": {
    "cut": "tag_Ele_pt > 40 && abs(tag_sc_eta) < 2.17 && (tag_Ele_q + el_q) == 0 && el_sc_abseta >= 1.444200 && el_sc_abseta < 1.566000 && el_et >= 100.000000 && el_et < 500.000000",
    "index": 1,
    "name": "bin01_el_sc_abseta_1p44To1p57_el_et_100p00To500p00",
    "title": "; 1.444 < el_sc_abseta < 1.566; 100.000 < el_et < 500.000",
    "vars": {
      "el_et": {
        "max": 500,
        "min": 100
      },
      "el_sc_abseta": {
        "max": 1.566,
        "min": 1.4442
      }
    }
  },
  "created_at_utc": "2026-07-10T10:08:19.280882+00:00",
  "derived": {
    "efficiency": 0.9749933377971202,
    "efficiency_error": 7.357814982916142e-08,
    "nSigF": {
      "error": 1.2316276411293074,
      "isConstant": false,
      "max": 784765.94165,
      "min": 0.5,
      "name": "nSigF",
      "value": 497783.2611619203
    },
    "nSigP": {
      "error": 33.534007562324405,
      "isConstant": false,
      "max": 29485053.647827,
      "min": 0.5,
      "name": "nSigP",
      "value": 19408242.466037836
    }
  },
  "fit_metadata": {
    "bin_index": 1,
    "fail_hist_uses_pass_hist": false,
    "fit_range": {
      "max": 120.0,
      "min": 60.0
    },
    "truth_fail_template_uses_pass_hist": true,
    "truth_template_source": "/eos/home-p/pelai/HZa/root_TnP//hza_elid_nongap_highpT_2024_sf//DY_MC_LO_2024_hza_elid_nongap_highpT_2024_sf.root"
  },
  "fit_result": {
    "fail": {
      "covQual": -1,
      "edm": 515167784.66997063,
      "floatParsFinal": [
        {
          "error": 0.0004188263477076237,
          "isConstant": false,
          "max": 5.0,
          "min": -5.0,
          "name": "meanF",
          "value": -1.4789247085943336
        },
        {
          "error": 1.2316276411293074,
          "isConstant": false,
          "max": 784765.94165,
          "min": 0.5,
          "name": "nSigF",
          "value": 497783.2611619203
        },
        {
          "error": 2.9737162523026845,
          "isConstant": false,
          "max": 5.0,
          "min": 0.5,
          "name": "sigmaF",
          "value": 4.999999998948266
        }
      ],
      "floatParsInit": [
        {
          "error": 0.0,
          "isConstant": false,
          "max": 5.0,
          "min": -5.0,
          "name": "meanF",
          "value": -0.0
        },
        {
          "error": 0.0,
          "isConstant": false,
          "max": 784765.94165,
          "min": 0.5,
          "name": "nSigF",
          "value": 470859.56499
        },
        {
          "error": 0.0,
          "isConstant": false,
          "max": 5.0,
          "min": 0.5,
          "name": "sigmaF",
          "value": 0.9
        }
      ],
      "minNll": -4242469.896318916,
      "numInvalidNLL": 0,
      "status": 220
    },
    "fail_quality": "check",
    "pass": {
      "covQual": -1,
      "edm": 92948932.91716458,
      "floatParsFinal": [
        {
          "error": 4.36145947224631e-06,
          "isConstant": false,
          "max": 5.0,
          "min": -5.0,
          "name": "meanP",
          "value": -0.006724257034554704
        },
        {
          "error": 33.534007562324405,
          "isConstant": false,
          "max": 29485053.647827,
          "min": 0.5,
          "name": "nSigP",
          "value": 19408242.466037836
        },
        {
          "error": 5.819905668502656e-11,
          "isConstant": false,
          "max": 5.0,
          "min": 0.5,
          "name": "sigmaP",
          "value": 0.500000000018536
        }
      ],
      "floatParsInit": [
        {
          "error": 0.0,
          "isConstant": false,
          "max": 5.0,
          "min": -5.0,
          "name": "meanP",
          "value": -0.0
        },
        {
          "error": 0.0,
          "isConstant": false,
          "max": 29485053.647827,
          "min": 0.5,
          "name": "nSigP",
          "value": 17691032.188696
        },
        {
          "error": 0.0,
          "isConstant": false,
          "max": 5.0,
          "min": 0.5,
          "name": "sigmaP",
          "value": 0.9
        }
      ],
      "minNll": -246534015.44392613,
      "numInvalidNLL": 0,
      "status": -1
    },
    "pass_quality": "check",
    "root_read_error": null
  },
  "fit_type": "nominalFit",
  "histograms": {
    "fail": {
      "entries": 37.0,
      "fit_window": {
        "bin1": 11,
        "bin2": 70,
        "max": 120.0,
        "min": 60.0
      },
      "integral_fit_window": 497783.27197265625,
      "integral_fit_window_error": 98079.29275706982,
      "integral_full": 523177.29443359375,
      "integral_full_error": 99709.45737878131,
      "maximum_bin_center": 90.5,
      "maximum_bin_content": 74346.4384765625,
      "mean": 91.29694853145364,
      "rms": 11.157504963039207
    },
    "pass": {
      "entries": 1552.0,
      "fit_window": {
        "bin1": 11,
        "bin2": 70,
        "max": 120.0,
        "min": 60.0
      },
      "integral_fit_window": 19408239.524902344,
      "integral_fit_window_error": 578763.7603489915,
      "integral_full": 19656702.431884766,
      "integral_full_error": 581541.8613851533,
      "maximum_bin_center": 90.5,
      "maximum_bin_content": 2393444.9716796875,
      "mean": 90.71378953338515,
      "rms": 7.885734552322267
    }
  },
  "sample": {
    "fitOutputBinRoot": "/eos/home-p/pelai/HZa/root_TnP//hza_elid_nongap_highpT_2024_sf//DY_MC_LO_2024_hza_elid_nongap_highpT_2024_sf.nominalFit-bin01_el_sc_abseta_1p44To1p57_el_et_100p00To500p00.root",
    "fitOutputRoot": "/eos/home-p/pelai/HZa/root_TnP//hza_elid_nongap_highpT_2024_sf//DY_MC_LO_2024_hza_elid_nongap_highpT_2024_sf.nominalFit.root",
    "histFile": "/eos/home-p/pelai/HZa/root_TnP//hza_elid_nongap_highpT_2024_sf//DY_MC_LO_2024_hza_elid_nongap_highpT_2024_sf.root",
    "isMC": true,
    "mcRefHistFile": "/eos/home-p/pelai/HZa/root_TnP//hza_elid_nongap_highpT_2024_sf//DY_MC_LO_2024_hza_elid_nongap_highpT_2024_sf.root",
    "mcTruth": true,
    "name": "DY_MC_LO_2024"
  },
  "workspace": {
    "effective_parsed": [
      {
        "max": 5.0,
        "min": -5.0,
        "name": "meanP",
        "raw": "meanP[-0.0,-5.0,5.0]",
        "tokens": [
          "-0.0",
          "-5.0",
          "5.0"
        ],
        "value": -0.0
      },
      {
        "max": 5.0,
        "min": 0.5,
        "name": "sigmaP",
        "raw": "sigmaP[0.9,0.5,5.0]",
        "tokens": [
          "0.9",
          "0.5",
          "5.0"
        ],
        "value": 0.9
      },
      {
        "max": 5.0,
        "min": -5.0,
        "name": "meanF",
        "raw": "meanF[-0.0,-5.0,5.0]",
        "tokens": [
          "-0.0",
          "-5.0",
          "5.0"
        ],
        "value": -0.0
      },
      {
        "max": 5.0,
        "min": 0.5,
        "name": "sigmaF",
        "raw": "sigmaF[0.9,0.5,5.0]",
        "tokens": [
          "0.9",
          "0.5",
          "5.0"
        ],
        "value": 0.9
      },
      {
        "max": 90.0,
        "min": 45.0,
        "name": "acmsP",
        "raw": "acmsP[65.,45.,90.]",
        "tokens": [
          "65.",
          "45.",
          "90."
        ],
        "value": 65.0
      },
      {
        "max": 0.1,
        "min": 0.005,
        "name": "betaP",
        "raw": "betaP[0.05,0.005,0.10]",
        "tokens": [
          "0.05",
          "0.005",
          "0.10"
        ],
        "value": 0.05
      },
      {
        "max": 2.0,
        "min": -2.0,
        "name": "gammaP",
        "raw": "gammaP[0.1, -2, 2]",
        "tokens": [
          "0.1",
          "-2",
          "2"
        ],
        "value": 0.1
      },
      {
        "max": 90.0,
        "min": 82.0,
        "name": "peakP",
        "raw": "peakP[87.0,82.0,90.0]",
        "tokens": [
          "87.0",
          "82.0",
          "90.0"
        ],
        "value": 87.0
      },
      {
        "max": 90.0,
        "min": 45.0,
        "name": "acmsF",
        "raw": "acmsF[65.,45.,90.]",