{
  "bin": {
    "cut": "tag_Ele_pt > 40 && abs(tag_sc_eta) < 2.17 && (tag_Ele_q + el_q) == 0 && el_sc_abseta >= 1.444200 && el_sc_abseta < 1.566000 && el_et >= 100.000000 && el_et < 500.000000",
    "index": 1,
    "name": "bin01_el_sc_abseta_1p44To1p57_el_et_100p00To500p00",
    "title": "; 1.444 < el_sc_abseta < 1.566; 100.000 < el_et < 500.000",
    "vars": {
      "el_et": {
        "max": 500,
        "min": 100
      },
      "el_sc_abseta": {
        "max": 1.566,
        "min": 1.4442
      }
    }
  },
  "created_at_utc": "2026-04-20T16:36:46.071804+00:00",
  "derived": {
    "efficiency": 0.9718886865541175,
    "efficiency_error": 0.002873752134562702,
    "nSigF": {
      "error": 5.202349345041313,
      "isConstant": false,
      "max": 80.168955,
      "min": 0.5,
      "name": "nSigF",
      "value": 50.301037807656314
    },
    "nSigP": {
      "error": 33.32400511469223,
      "isConstant": false,
      "max": 2643.758234,
      "min": 0.5,
      "name": "nSigP",
      "value": 1739.0510643092218
    }
  },
  "fit_metadata": {
    "bin_index": 1,
    "fail_hist_uses_pass_hist": false,
    "fit_range": {
      "max": 120.0,
      "min": 60.0
    },
    "truth_fail_template_uses_pass_hist": true,
    "truth_template_source": "/eos/home-p/pelai/HZa/root_TnP//hza_elid_nongap_highpT_2024_sf//DY_MC_LO_2024_hza_elid_nongap_highpT_2024_sf.root"
  },
  "fit_result": {
    "fail": {
      "covQual": -1,
      "edm": 1.1547265099384707,
      "floatParsFinal": [
        {
          "error": 0.4309359582565351,
          "isConstant": false,
          "max": 5.0,
          "min": -5.0,
          "name": "meanF",
          "value": -3.820456930463607
        },
        {
          "error": 5.202349345041313,
          "isConstant": false,
          "max": 80.168955,
          "min": 0.5,
          "name": "nSigF",
          "value": 50.301037807656314
        },
        {
          "error": 0.8482590460997548,
          "isConstant": false,
          "max": 1.5000000802996656,
          "min": 0.4000000214132442,
          "name": "sigmaF",
          "value": 1.5000000490386929
        }
      ],
      "floatParsInit": [
        {
          "error": 0.0,
          "isConstant": false,
          "max": 5.0,
          "min": -5.0,
          "name": "meanF",
          "value": -0.0
        },
        {
          "error": 0.0,
          "isConstant": false,
          "max": 80.168955,
          "min": 0.5,
          "name": "nSigF",
          "value": 48.101373
        },
        {
          "error": 0.0,
          "isConstant": false,
          "max": 1.5000000802996656,
          "min": 0.4000000214132442,
          "name": "sigmaF",
          "value": 0.5000000267665552
        }
      ],
      "minNll": 58.490671248866676,
      "numInvalidNLL": 0,
      "status": 160
    },
    "fail_quality": "check",
    "pass": {
      "covQual": -1,
      "edm": 0.049660521246173796,
      "floatParsFinal": [
        {
          "error": 0.047378209593154086,
          "isConstant": false,
          "max": 5.0,
          "min": -5.0,
          "name": "meanP",
          "value": -0.007356674525636819
        },
        {
          "error": 33.32400511469223,
          "isConstant": false,
          "max": 2643.758234,
          "min": 0.5,
          "name": "nSigP",
          "value": 1739.0510643092218
        },
        {
          "error": 0.005576371380241807,
          "isConstant": false,
          "max": 5.0,
          "min": 0.5,
          "name": "sigmaP",
          "value": 0.5000000267665552
        }
      ],
      "floatParsInit": [
        {
          "error": 0.0,
          "isConstant": false,
          "max": 5.0,
          "min": -5.0,
          "name": "meanP",
          "value": -0.0
        },
        {
          "error": 0.0,
          "isConstant": false,
          "max": 2643.758234,
          "min": 0.5,
          "name": "nSigP",
          "value": 1586.254941
        },
        {
          "error": 0.0,
          "isConstant": false,
          "max": 5.0,
          "min": 0.5,
          "name": "sigmaP",
          "value": 0.9
        }
      ],
      "minNll": -5888.116238901026,
      "numInvalidNLL": 0,
      "status": 160
    },
    "pass_quality": "check",
    "root_read_error": null
  },
  "fit_type": "nominalFit",
  "histograms": {
    "fail": {
      "entries": 38.0,
      "fit_window": {
        "bin1": 11,
        "bin2": 70,
        "max": 120.0,
        "min": 60.0
      },
      "integral_fit_window": 50.824115169715654,
      "integral_fit_window_error": 9.760888353959082,
      "integral_full": 53.44597026488189,
      "integral_full_error": 9.936264960010268,
      "maximum_bin_center": 84.5,
      "maximum_bin_content": 4.29486969588668,
      "mean": 91.63735461286727,
      "rms": 12.972116117461603
    },
    "pass": {
      "entries": 1591.0,
      "fit_window": {
        "bin1": 11,
        "bin2": 70,
        "max": 120.0,
        "min": 60.0
      },
      "integral_fit_window": 1739.574767294003,
      "integral_fit_window_error": 52.189605507734164,
      "integral_full": 1762.505489662214,
      "integral_full_error": 52.547151538336074,
      "maximum_bin_center": 90.5,
      "maximum_bin_content": 218.90565499912967,
      "mean": 90.83048317967811,
      "rms": 7.843190695104791
    }
  },
  "sample": {
    "fitOutputBinRoot": "/eos/home-p/pelai/HZa/root_TnP//hza_elid_nongap_highpT_2024_sf//DY_MC_LO_2024_hza_elid_nongap_highpT_2024_sf.nominalFit-bin01_el_sc_abseta_1p44To1p57_el_et_100p00To500p00.root",
    "fitOutputRoot": "/eos/home-p/pelai/HZa/root_TnP//hza_elid_nongap_highpT_2024_sf//DY_MC_LO_2024_hza_elid_nongap_highpT_2024_sf.nominalFit.root",
    "histFile": "/eos/home-p/pelai/HZa/root_TnP//hza_elid_nongap_highpT_2024_sf//DY_MC_LO_2024_hza_elid_nongap_highpT_2024_sf.root",
    "isMC": true,
    "mcRefHistFile": "/eos/home-p/pelai/HZa/root_TnP//hza_elid_nongap_highpT_2024_sf//DY_MC_LO_2024_hza_elid_nongap_highpT_2024_sf.root",
    "mcTruth": true,
    "name": "DY_MC_LO_2024"
  },
  "workspace": {
    "effective_parsed": [
      {
        "max": 5.0,
        "min": -5.0,
        "name": "meanP",
        "raw": "meanP[-0.0,-5.0,5.0]",
        "tokens": [
          "-0.0",
          "-5.0",
          "5.0"
        ],
        "value": -0.0
      },
      {
        "max": 5.0,
        "min": 0.5,
        "name": "sigmaP",
        "raw": "sigmaP[0.9,0.5,5.0]",
        "tokens": [
          "0.9",
          "0.5",
          "5.0"
        ],
        "value": 0.9
      },
      {
        "max": 5.0,
        "min": -5.0,
        "name": "meanF",
        "raw": "meanF[-0.0,-5.0,5.0]",
        "tokens": [
          "-0.0",
          "-5.0",
          "5.0"
        ],
        "value": -0.0
      },
      {
        "max": 5.0,
        "min": 0.5,
        "name": "sigmaF",
        "raw": "sigmaF[0.9,0.5,5.0]",
        "tokens": [
          "0.9",
          "0.5",
          "5.0"
        ],
        "value": 0.9
      },
      {
        "max": 80.0,
        "min": 50.0,
        "name": "acmsP",
        "raw": "acmsP[60.,50.,80.]",
        "tokens": [
          "60.",
          "50.",
          "80."
        ],
        "value": 60.0
      },
      {
        "max": 0.08,
        "min": 0.01,
        "name": "betaP",
        "raw": "betaP[0.05,0.01,0.08]",
        "tokens": [
          "0.05",
          "0.01",
          "0.08"
        ],
        "value": 0.05
      },
      {
        "max": 2.0,
        "min": -2.0,
        "name": "gammaP",
        "raw": "gammaP[0.1, -2, 2]",
        "tokens": [
          "0.1",
          "-2",
          "2"
        ],
        "value": 0.1
      },
      {
        "max": 90.0,
        "min": 82.0,
        "name": "peakP",
        "raw": "peakP[87.0,82.0,90.0]",
        "tokens": [
          "87.0",
          "82.0",
          "90.0"
        ],
        "value": 87.0
      },
      {
        "max": 80.0,
        "min": 50.0,
        "name": "acmsF",