{
  "bin": {
    "cut": "tag_Ele_pt > 40 && abs(tag_sc_eta) < 2.17 && (tag_Ele_q + el_q) == 0 && el_sc_abseta >= 0.000000 && el_sc_abseta < 1.444200 && el_et >= 100.000000 && el_et < 500.000000",
    "index": 0,
    "name": "bin00_el_sc_abseta_0p00To1p44_el_et_100p00To500p00",
    "title": "; 0.000 < el_sc_abseta < 1.444; 100.000 < el_et < 500.000",
    "vars": {
      "el_et": {
        "max": 500,
        "min": 100
      },
      "el_sc_abseta": {
        "max": 1.4442,
        "min": 0.0
      }
    }
  },
  "created_at_utc": "2026-04-21T16:06:43.808795+00:00",
  "derived": {
    "efficiency": 0.983377454024177,
    "efficiency_error": 0.0004473479704629934,
    "nSigF": {
      "error": 22.80225106151522,
      "isConstant": false,
      "max": 1308.704039,
      "min": 0.5,
      "name": "nSigF",
      "value": 840.3002702960102
    },
    "nSigP": {
      "error": 176.46359747052702,
      "isConstant": false,
      "max": 75992.103738,
      "min": 0.5,
      "name": "nSigP",
      "value": 49711.53887144551
    }
  },
  "fit_metadata": {
    "bin_index": 0,
    "fail_hist_uses_pass_hist": false,
    "fit_range": {
      "max": 120.0,
      "min": 60.0
    },
    "truth_fail_template_uses_pass_hist": true,
    "truth_template_source": "/eos/home-p/pelai/HZa/root_TnP//hza_elid_nongap_highpT_2024_sf//DY_MC_LO_2024_hza_elid_nongap_highpT_2024_sf.root"
  },
  "fit_result": {
    "fail": {
      "covQual": -1,
      "edm": 0.302719447955713,
      "floatParsFinal": [
        {
          "error": 0.11478921315161639,
          "isConstant": false,
          "max": 5.0,
          "min": -5.0,
          "name": "meanF",
          "value": 0.005385431421709441
        },
        {
          "error": 22.80225106151522,
          "isConstant": false,
          "max": 1308.704039,
          "min": 0.5,
          "name": "nSigF",
          "value": 840.3002702960102
        },
        {
          "error": 0.007718604207401447,
          "isConstant": false,
          "max": 1.5000000361913939,
          "min": 0.4000000096510384,
          "name": "sigmaF",
          "value": 1.5000000245277791
        }
      ],
      "floatParsInit": [
        {
          "error": 0.0,
          "isConstant": false,
          "max": 5.0,
          "min": -5.0,
          "name": "meanF",
          "value": -0.0
        },
        {
          "error": 0.0,
          "isConstant": false,
          "max": 1308.704039,
          "min": 0.5,
          "name": "nSigF",
          "value": 785.222424
        },
        {
          "error": 0.0,
          "isConstant": false,
          "max": 1.5000000361913939,
          "min": 0.4000000096510384,
          "name": "sigmaF",
          "value": 0.500000012063798
        }
      ],
      "minNll": -1942.5163484240925,
      "numInvalidNLL": 0,
      "status": 160
    },
    "fail_quality": "check",
    "pass": {
      "covQual": -1,
      "edm": 0.6147313088718411,
      "floatParsFinal": [
        {
          "error": 0.009315295856843875,
          "isConstant": false,
          "max": 5.0,
          "min": -5.0,
          "name": "meanP",
          "value": 0.0028099072811578196
        },
        {
          "error": 176.46359747052702,
          "isConstant": false,
          "max": 75992.103738,
          "min": 0.5,
          "name": "nSigP",
          "value": 49711.53887144551
        },
        {
          "error": 0.0011470352341907963,
          "isConstant": false,
          "max": 5.0,
          "min": 0.5,
          "name": "sigmaP",
          "value": 0.500000012063798
        }
      ],
      "floatParsInit": [
        {
          "error": 0.0,
          "isConstant": false,
          "max": 5.0,
          "min": -5.0,
          "name": "meanP",
          "value": -0.0
        },
        {
          "error": 0.0,
          "isConstant": false,
          "max": 75992.103738,
          "min": 0.5,
          "name": "nSigP",
          "value": 45595.262243
        },
        {
          "error": 0.0,
          "isConstant": false,
          "max": 5.0,
          "min": 0.5,
          "name": "sigmaP",
          "value": 0.9
        }
      ],
      "minNll": -346704.5813811505,
      "numInvalidNLL": 0,
      "status": 160
    },
    "pass_quality": "check",
    "root_read_error": null
  },
  "fit_type": "nominalFit",
  "histograms": {
    "fail": {
      "entries": 775.0,
      "fit_window": {
        "bin1": 11,
        "bin2": 70,
        "max": 120.0,
        "min": 60.0
      },
      "integral_fit_window": 841.0758731157676,
      "integral_fit_window_error": 36.871824027380015,
      "integral_full": 872.4693595878391,
      "integral_full_error": 37.62152420646389,
      "maximum_bin_center": 92.5,
      "maximum_bin_content": 90.89980813453718,
      "mean": 91.9623429416346,
      "rms": 10.339768414250411
    },
    "pass": {
      "entries": 45044.0,
      "fit_window": {
        "bin1": 11,
        "bin2": 70,
        "max": 120.0,
        "min": 60.0
      },
      "integral_fit_window": 49709.774942580705,
      "integral_fit_window_error": 281.7143840465283,
      "integral_full": 50661.402492242516,
      "integral_full_error": 284.44048089294864,
      "maximum_bin_center": 90.5,
      "maximum_bin_content": 8322.497782137438,
      "mean": 91.29829986998345,
      "rms": 7.579808489929583
    }
  },
  "sample": {
    "fitOutputBinRoot": "/eos/home-p/pelai/HZa/root_TnP//hza_elid_nongap_highpT_2024_sf//DY_MC_LO_2024_hza_elid_nongap_highpT_2024_sf.nominalFit-bin00_el_sc_abseta_0p00To1p44_el_et_100p00To500p00.root",
    "fitOutputRoot": "/eos/home-p/pelai/HZa/root_TnP//hza_elid_nongap_highpT_2024_sf//DY_MC_LO_2024_hza_elid_nongap_highpT_2024_sf.nominalFit.root",
    "histFile": "/eos/home-p/pelai/HZa/root_TnP//hza_elid_nongap_highpT_2024_sf//DY_MC_LO_2024_hza_elid_nongap_highpT_2024_sf.root",
    "isMC": true,
    "mcRefHistFile": "/eos/home-p/pelai/HZa/root_TnP//hza_elid_nongap_highpT_2024_sf//DY_MC_LO_2024_hza_elid_nongap_highpT_2024_sf.root",
    "mcTruth": true,
    "name": "DY_MC_LO_2024"
  },
  "workspace": {
    "effective_parsed": [
      {
        "max": 5.0,
        "min": -5.0,
        "name": "meanP",
        "raw": "meanP[-0.0,-5.0,5.0]",
        "tokens": [
          "-0.0",
          "-5.0",
          "5.0"
        ],
        "value": -0.0
      },
      {
        "max": 5.0,
        "min": 0.5,
        "name": "sigmaP",
        "raw": "sigmaP[0.9,0.5,5.0]",
        "tokens": [
          "0.9",
          "0.5",
          "5.0"
        ],
        "value": 0.9
      },
      {
        "max": 5.0,
        "min": -5.0,
        "name": "meanF",
        "raw": "meanF[-0.0,-5.0,5.0]",
        "tokens": [
          "-0.0",
          "-5.0",
          "5.0"
        ],
        "value": -0.0
      },
      {
        "max": 5.0,
        "min": 0.5,
        "name": "sigmaF",
        "raw": "sigmaF[0.9,0.5,5.0]",
        "tokens": [
          "0.9",
          "0.5",
          "5.0"
        ],
        "value": 0.9
      },
      {
        "max": 90.0,
        "min": 45.0,
        "name": "acmsP",
        "raw": "acmsP[65.,45.,90.]",
        "tokens": [
          "65.",
          "45.",
          "90."
        ],
        "value": 65.0
      },
      {
        "max": 0.1,
        "min": 0.005,
        "name": "betaP",
        "raw": "betaP[0.05,0.005,0.10]",
        "tokens": [
          "0.05",
          "0.005",
          "0.10"
        ],
        "value": 0.05
      },
      {
        "max": 2.0,
        "min": -2.0,
        "name": "gammaP",
        "raw": "gammaP[0.1, -2, 2]",
        "tokens": [
          "0.1",
          "-2",
          "2"
        ],
        "value": 0.1
      },
      {
        "max": 90.0,
        "min": 82.0,
        "name": "peakP",
        "raw": "peakP[87.0,82.0,90.0]",
        "tokens": [
          "87.0",
          "82.0",
          "90.0"
        ],
        "value": 87.0
      },
      {
        "max": 90.0,
        "min": 45.0,
        "name": "acmsF",