{
  "bin": {
    "cut": "ph_r9 <= 0.96 && ph_sc_eta >= 1.566000 && ph_sc_eta < 2.500000 && ph_et >= 10.000000 && ph_et < 20.000000 &&  !((ph_sc_eta > -1.566 && ph_sc_eta < 0) && (ph_sc_phi > -1.2 && ph_sc_phi < -0.8))  ",
    "index": 5,
    "name": "bin05_ph_sc_eta_1p57To2p50_ph_et_10p00To20p00",
    "title": "; 1.566 < ph_sc_eta < 2.500; 10.000 < ph_et < 20.000",
    "vars": {
      "ph_et": {
        "max": 20,
        "min": 10
      },
      "ph_sc_eta": {
        "max": 2.5,
        "min": 1.566
      }
    }
  },
  "created_at_utc": "2026-04-19T14:30:41.339761+00:00",
  "derived": {
    "efficiency": 0.5773373794830253,
    "efficiency_error": 0.0940875818142181,
    "nSigF": {
      "error": 2.39799235721459,
      "isConstant": false,
      "max": 12.186433,
      "min": 0.5,
      "name": "nSigF",
      "value": 8.02988504050741
    },
    "nSigP": {
      "error": 2.675179019779004,
      "isConstant": false,
      "max": 16.576726,
      "min": 0.5,
      "name": "nSigP",
      "value": 10.968447555561182
    }
  },
  "fit_metadata": {
    "bin_index": 5,
    "fail_hist_uses_pass_hist": false,
    "fit_range": {
      "max": 120.0,
      "min": 60.0
    },
    "truth_fail_template_uses_pass_hist": false,
    "truth_template_source": "/eos/home-p/pelai/HZa/root_TnP/hza_resolve_phcsev_lr9_2023postBPix_sf//DY_MC_NLO_2023postBPix_hza_resolve_phcsev_lr9_2023postBPix_sf.root"
  },
  "fit_result": {
    "fail": {
      "covQual": -1,
      "edm": 0.019559593248069534,
      "floatParsFinal": [
        {
          "error": 0.22347763944667776,
          "isConstant": false,
          "max": 5.0,
          "min": -5.0,
          "name": "meanF",
          "value": 0.034428776689997775
        },
        {
          "error": 2.39799235721459,
          "isConstant": false,
          "max": 12.186433,
          "min": 0.5,
          "name": "nSigF",
          "value": 8.02988504050741
        },
        {
          "error": 0.07120126680950073,
          "isConstant": false,
          "max": 1.500007004203613,
          "min": 0.4000018677876302,
          "name": "sigmaF",
          "value": 0.400001871183892
        }
      ],
      "floatParsInit": [
        {
          "error": 0.0,
          "isConstant": false,
          "max": 5.0,
          "min": -5.0,
          "name": "meanF",
          "value": -0.0
        },
        {
          "error": 0.0,
          "isConstant": false,
          "max": 12.186433,
          "min": 0.5,
          "name": "nSigF",
          "value": 7.31186
        },
        {
          "error": 0.0,
          "isConstant": false,
          "max": 1.500007004203613,
          "min": 0.4000018677876302,
          "name": "sigmaF",
          "value": 0.5000023347345377
        }
      ],
      "minNll": 8.22665262883984,
      "numInvalidNLL": 0,
      "status": 160
    },
    "fail_quality": "check",
    "pass": {
      "covQual": -1,
      "edm": 0.04209040539700395,
      "floatParsFinal": [
        {
          "error": 0.2389365617932908,
          "isConstant": false,
          "max": 5.0,
          "min": -5.0,
          "name": "meanP",
          "value": 0.10793454655018042
        },
        {
          "error": 2.675179019779004,
          "isConstant": false,
          "max": 16.576726,
          "min": 0.5,
          "name": "nSigP",
          "value": 10.968447555561182
        },
        {
          "error": 0.06800841805644464,
          "isConstant": false,
          "max": 5.0,
          "min": 0.5,
          "name": "sigmaP",
          "value": 0.5000023347345377
        }
      ],
      "floatParsInit": [
        {
          "error": 0.0,
          "isConstant": false,
          "max": 5.0,
          "min": -5.0,
          "name": "meanP",
          "value": -0.0
        },
        {
          "error": 0.0,
          "isConstant": false,
          "max": 16.576726,
          "min": 0.5,
          "name": "nSigP",
          "value": 9.946036
        },
        {
          "error": 0.0,
          "isConstant": false,
          "max": 5.0,
          "min": 0.5,
          "name": "sigmaP",
          "value": 0.9
        }
      ],
      "minNll": 6.403769521300516,
      "numInvalidNLL": 0,
      "status": 160
    },
    "pass_quality": "check",
    "root_read_error": null
  },
  "fit_type": "nominalFit",
  "histograms": {
    "fail": {
      "entries": 7.0,
      "fit_window": {
        "bin1": 11,
        "bin2": 70,
        "max": 120.0,
        "min": 60.0
      },
      "integral_fit_window": 8.124288575065636,
      "integral_fit_window_error": 3.2596744790017054,
      "integral_full": 8.124288575065636,
      "integral_full_error": 3.2596744790017054,
      "maximum_bin_center": 95.5,
      "maximum_bin_content": 1.6644561125978896,
      "mean": 92.24189779800511,
      "rms": 3.509905680872104
    },
    "pass": {
      "entries": 13.0,
      "fit_window": {
        "bin1": 11,
        "bin2": 70,
        "max": 120.0,
        "min": 60.0
      },
      "integral_fit_window": 11.05115085781679,
      "integral_fit_window_error": 4.028364400865772,
      "integral_full": 11.05115085781679,
      "integral_full_error": 4.028364400865772,
      "maximum_bin_center": 90.5,
      "maximum_bin_content": 4.005436839822718,
      "mean": 92.42162434887615,
      "rms": 2.585708015323001
    }
  },
  "sample": {
    "fitOutputBinRoot": "/eos/home-p/pelai/HZa/root_TnP/hza_resolve_phcsev_lr9_2023postBPix_sf//DY_MC_NLO_2023postBPix_hza_resolve_phcsev_lr9_2023postBPix_sf.nominalFit-bin05_ph_sc_eta_1p57To2p50_ph_et_10p00To20p00.root",
    "fitOutputRoot": "/eos/home-p/pelai/HZa/root_TnP/hza_resolve_phcsev_lr9_2023postBPix_sf//DY_MC_NLO_2023postBPix_hza_resolve_phcsev_lr9_2023postBPix_sf.nominalFit.root",
    "histFile": "/eos/home-p/pelai/HZa/root_TnP/hza_resolve_phcsev_lr9_2023postBPix_sf//DY_MC_NLO_2023postBPix_hza_resolve_phcsev_lr9_2023postBPix_sf.root",
    "isMC": true,
    "mcRefHistFile": "/eos/home-p/pelai/HZa/root_TnP/hza_resolve_phcsev_lr9_2023postBPix_sf//DY_MC_NLO_2023postBPix_hza_resolve_phcsev_lr9_2023postBPix_sf.root",
    "mcTruth": true,
    "name": "DY_MC_NLO_2023postBPix"
  },
  "workspace": {
    "effective_parsed": [
      {
        "max": 5.0,
        "min": -5.0,
        "name": "meanP",
        "raw": "meanP[-0.0,-5.0,5.0]",
        "tokens": [
          "-0.0",
          "-5.0",
          "5.0"
        ],
        "value": -0.0
      },
      {
        "max": 5.0,
        "min": 0.5,
        "name": "sigmaP",
        "raw": "sigmaP[0.9,0.5,5.0]",
        "tokens": [
          "0.9",
          "0.5",
          "5.0"
        ],
        "value": 0.9
      },
      {
        "max": 5.0,
        "min": -5.0,
        "name": "meanF",
        "raw": "meanF[-0.0,-5.0,5.0]",
        "tokens": [
          "-0.0",
          "-5.0",
          "5.0"
        ],
        "value": -0.0
      },
      {
        "max": 5.0,
        "min": 0.5,
        "name": "sigmaF",
        "raw": "sigmaF[2.0,0.5,5.0]",
        "tokens": [
          "2.0",
          "0.5",
          "5.0"
        ],
        "value": 2.0
      },
      {
        "max": 70.0,
        "min": 45.0,
        "name": "acmsP",
        "raw": "acmsP[60.,45.,70.]",
        "tokens": [
          "60.",
          "45.",
          "70."
        ],
        "value": 60.0
      },
      {
        "max": 0.08,
        "min": 0.01,
        "name": "betaP",
        "raw": "betaP[0.05,0.01,0.08]",
        "tokens": [
          "0.05",
          "0.01",
          "0.08"
        ],
        "value": 0.05
      },
      {
        "max": 2.0,
        "min": 0.02,
        "name": "gammaP",
        "raw": "gammaP[0.04, 0.02, 2]",
        "tokens": [
          "0.04",
          "0.02",
          "2"
        ],
        "value": 0.04
      },
      {
        "max": 90.0,
        "min": 82.0,
        "name": "peakP",
        "raw": "peakP[87.0,82.0,90.0]",
        "tokens": [
          "87.0",
          "82.0",
          "90.0"
        ],