{
  "bin": {
    "cut": "ph_r9 <= 0.96 && ph_sc_abseta >= 0.000000 && ph_sc_abseta < 1.444200 && ph_et >= 10.000000 && ph_et < 20.000000 &&  !((ph_sc_eta > -1.566 && ph_sc_eta < 0) && (ph_sc_phi > -1.2 && ph_sc_phi < -0.8))  ",
    "index": 0,
    "name": "bin00_ph_sc_abseta_0p00To1p44_ph_et_10p00To20p00",
    "title": "; 0.000 < ph_sc_abseta < 1.444; 10.000 < ph_et < 20.000",
    "vars": {
      "ph_et": {
        "max": 20,
        "min": 10
      },
      "ph_sc_abseta": {
        "max": 1.4442,
        "min": 0.0
      }
    }
  },
  "created_at_utc": "2026-04-23T17:25:43.835427+00:00",
  "derived": {
    "efficiency": 0.982762137637459,
    "efficiency_error": 0.01633300201039244,
    "nSigF": {
      "error": 1.554328439345991,
      "isConstant": false,
      "max": 2.496654,
      "min": 0.5,
      "name": "nSigF",
      "value": 1.6170256274277797
    },
    "nSigP": {
      "error": 6.88872431063519,
      "isConstant": false,
      "max": 138.497931,
      "min": 0.5,
      "name": "nSigP",
      "value": 92.18959571685663
    }
  },
  "fit_metadata": {
    "bin_index": 0,
    "fail_hist_uses_pass_hist": false,
    "fit_range": {
      "max": 120.0,
      "min": 60.0
    },
    "truth_fail_template_uses_pass_hist": false,
    "truth_template_source": "/eos/home-p/pelai/HZa/root_TnP/hza_resolve_phcsev_lr9_2023postBPix_sf//DY_MC_NLO_2023postBPix_hza_resolve_phcsev_lr9_2023postBPix_sf.root"
  },
  "fit_result": {
    "fail": {
      "covQual": -1,
      "edm": 0.0006776006308794078,
      "floatParsFinal": [
        {
          "error": 0.7610809820349718,
          "isConstant": false,
          "max": 5.0,
          "min": -5.0,
          "name": "meanF",
          "value": -0.008542391872504496
        },
        {
          "error": 1.554328439345991,
          "isConstant": false,
          "max": 2.496654,
          "min": 0.5,
          "name": "nSigF",
          "value": 1.6170256274277797
        },
        {
          "error": 0.9005164255699869,
          "isConstant": false,
          "max": 1.500000008681746,
          "min": 0.4000000023151323,
          "name": "sigmaF",
          "value": 0.40010310607801297
        }
      ],
      "floatParsInit": [
        {
          "error": 0.0,
          "isConstant": false,
          "max": 5.0,
          "min": -5.0,
          "name": "meanF",
          "value": -0.0
        },
        {
          "error": 0.0,
          "isConstant": false,
          "max": 2.496654,
          "min": 0.5,
          "name": "nSigF",
          "value": 1.497993
        },
        {
          "error": 0.0,
          "isConstant": false,
          "max": 1.500000008681746,
          "min": 0.4000000023151323,
          "name": "sigmaF",
          "value": 0.5000000028939153
        }
      ],
      "minNll": 3.370439145638572,
      "numInvalidNLL": 0,
      "status": 320
    },
    "fail_quality": "check",
    "pass": {
      "covQual": -1,
      "edm": 0.672213961429803,
      "floatParsFinal": [
        {
          "error": 0.0930063447309939,
          "isConstant": false,
          "max": 5.0,
          "min": -5.0,
          "name": "meanP",
          "value": -0.024351002538699262
        },
        {
          "error": 6.88872431063519,
          "isConstant": false,
          "max": 138.497931,
          "min": 0.5,
          "name": "nSigP",
          "value": 92.18959571685663
        },
        {
          "error": 0.012383111271233593,
          "isConstant": false,
          "max": 5.0,
          "min": 0.5,
          "name": "sigmaP",
          "value": 0.5000000028939153
        }
      ],
      "floatParsInit": [
        {
          "error": 0.0,
          "isConstant": false,
          "max": 5.0,
          "min": -5.0,
          "name": "meanP",
          "value": -0.0
        },
        {
          "error": 0.0,
          "isConstant": false,
          "max": 138.497931,
          "min": 0.5,
          "name": "nSigP",
          "value": 83.098759
        },
        {
          "error": 0.0,
          "isConstant": false,
          "max": 5.0,
          "min": 0.5,
          "name": "sigmaP",
          "value": 0.9
        }
      ],
      "minNll": -105.38070268183907,
      "numInvalidNLL": 0,
      "status": 160
    },
    "pass_quality": "check",
    "root_read_error": null
  },
  "fit_type": "nominalFit",
  "histograms": {
    "fail": {
      "entries": 5.0,
      "fit_window": {
        "bin1": 11,
        "bin2": 70,
        "max": 120.0,
        "min": 60.0
      },
      "integral_fit_window": 1.6644361381213324,
      "integral_fit_window_error": 1.0395215814824332,
      "integral_full": 1.6644361381213324,
      "integral_full_error": 1.0395215814824332,
      "maximum_bin_center": 90.5,
      "maximum_bin_content": 0.8423986721987999,
      "mean": 90.3313038506648,
      "rms": 1.3698137730275008
    },
    "pass": {
      "entries": 123.0,
      "fit_window": {
        "bin1": 11,
        "bin2": 70,
        "max": 120.0,
        "min": 60.0
      },
      "integral_fit_window": 92.33195413170651,
      "integral_fit_window_error": 13.373707671103032,
      "integral_full": 92.33195413170651,
      "integral_full_error": 13.373707671103032,
      "maximum_bin_center": 92.5,
      "maximum_bin_content": 21.83633746599334,
      "mean": 91.36162175491538,
      "rms": 3.7253678766702545
    }
  },
  "sample": {
    "fitOutputBinRoot": "/eos/home-p/pelai/HZa/root_TnP/hza_resolve_phcsev_lr9_2023postBPix_sf//DY_MC_NLO_2023postBPix_hza_resolve_phcsev_lr9_2023postBPix_sf.nominalFit-bin00_ph_sc_abseta_0p00To1p44_ph_et_10p00To20p00.root",
    "fitOutputRoot": "/eos/home-p/pelai/HZa/root_TnP/hza_resolve_phcsev_lr9_2023postBPix_sf//DY_MC_NLO_2023postBPix_hza_resolve_phcsev_lr9_2023postBPix_sf.nominalFit.root",
    "histFile": "/eos/home-p/pelai/HZa/root_TnP/hza_resolve_phcsev_lr9_2023postBPix_sf//DY_MC_NLO_2023postBPix_hza_resolve_phcsev_lr9_2023postBPix_sf.root",
    "isMC": true,
    "mcRefHistFile": "/eos/home-p/pelai/HZa/root_TnP/hza_resolve_phcsev_lr9_2023postBPix_sf//DY_MC_NLO_2023postBPix_hza_resolve_phcsev_lr9_2023postBPix_sf.root",
    "mcTruth": true,
    "name": "DY_MC_NLO_2023postBPix"
  },
  "workspace": {
    "effective_parsed": [
      {
        "max": 5.0,
        "min": -5.0,
        "name": "meanP",
        "raw": "meanP[-0.0,-5.0,5.0]",
        "tokens": [
          "-0.0",
          "-5.0",
          "5.0"
        ],
        "value": -0.0
      },
      {
        "max": 5.0,
        "min": 0.5,
        "name": "sigmaP",
        "raw": "sigmaP[0.9,0.5,5.0]",
        "tokens": [
          "0.9",
          "0.5",
          "5.0"
        ],
        "value": 0.9
      },
      {
        "max": 5.0,
        "min": -5.0,
        "name": "meanF",
        "raw": "meanF[-0.0,-5.0,5.0]",
        "tokens": [
          "-0.0",
          "-5.0",
          "5.0"
        ],
        "value": -0.0
      },
      {
        "max": 5.0,
        "min": 0.5,
        "name": "sigmaF",
        "raw": "sigmaF[2.0,0.5,5.0]",
        "tokens": [
          "2.0",
          "0.5",
          "5.0"
        ],
        "value": 2.0
      },
      {
        "max": 70.0,
        "min": 45.0,
        "name": "acmsP",
        "raw": "acmsP[60.,45.,70.]",
        "tokens": [
          "60.",
          "45.",
          "70."
        ],
        "value": 60.0
      },
      {
        "max": 0.08,
        "min": 0.01,
        "name": "betaP",
        "raw": "betaP[0.05,0.01,0.08]",
        "tokens": [
          "0.05",
          "0.01",
          "0.08"
        ],
        "value": 0.05
      },
      {
        "max": 2.0,
        "min": 0.02,
        "name": "gammaP",
        "raw": "gammaP[0.04, 0.02, 2]",
        "tokens": [
          "0.04",
          "0.02",
          "2"
        ],
        "value": 0.04
      },
      {
        "max": 90.0,
        "min": 82.0,
        "name": "peakP",
        "raw": "peakP[87.0,82.0,90.0]",