{
  "bin": {
    "cut": "ph_r9 <= 0.96 && ph_sc_abseta >= 1.566000 && ph_sc_abseta < 2.500000 && ph_et >= 10.000000 && ph_et < 80.000000 &&  !((ph_sc_eta > -1.566 && ph_sc_eta < 0) && (ph_sc_phi > -1.2 && ph_sc_phi < -0.8))  ",
    "index": 2,
    "name": "bin02_ph_sc_abseta_1p57To2p50_ph_et_10p00To80p00",
    "title": "; 1.566 < ph_sc_abseta < 2.500; 10.000 < ph_et < 80.000",
    "vars": {
      "ph_et": {
        "max": 80,
        "min": 10
      },
      "ph_sc_abseta": {
        "max": 2.5,
        "min": 1.566
      }
    }
  },
  "created_at_utc": "2026-04-24T07:17:48.540007+00:00",
  "derived": {
    "efficiency": 0.8042526608616828,
    "efficiency_error": 0.048365783308363795,
    "nSigF": {
      "error": 2.2803466925822113,
      "isConstant": false,
      "max": 12.562663,
      "min": 0.5,
      "name": "nSigF",
      "value": 8.29019155637608
    },
    "nSigP": {
      "error": 4.660700002148989,
      "isConstant": false,
      "max": 51.349832,
      "min": 0.5,
      "name": "nSigP",
      "value": 34.061298854015355
    }
  },
  "fit_metadata": {
    "bin_index": 2,
    "fail_hist_uses_pass_hist": false,
    "fit_range": {
      "max": 120.0,
      "min": 60.0
    },
    "truth_fail_template_uses_pass_hist": false,
    "truth_template_source": "/eos/home-p/pelai/HZa/root_TnP/hza_resolve_phcsev_lr9_2023postBPix_sf//DY_MC_NLO_2023postBPix_hza_resolve_phcsev_lr9_2023postBPix_sf.root"
  },
  "fit_result": {
    "fail": {
      "covQual": -1,
      "edm": 0.00022709364322753888,
      "floatParsFinal": [
        {
          "error": 0.21751359175210938,
          "isConstant": false,
          "max": 5.0,
          "min": -5.0,
          "name": "meanF",
          "value": 0.009209295778553894
        },
        {
          "error": 2.2803466925822113,
          "isConstant": false,
          "max": 12.562663,
          "min": 0.5,
          "name": "nSigF",
          "value": 8.29019155637608
        },
        {
          "error": 0.0685947373762815,
          "isConstant": false,
          "max": 1.500130618607534,
          "min": 0.40003483162867576,
          "name": "sigmaF",
          "value": 0.40003521286616817
        }
      ],
      "floatParsInit": [
        {
          "error": 0.0,
          "isConstant": false,
          "max": 5.0,
          "min": -5.0,
          "name": "meanF",
          "value": -0.0
        },
        {
          "error": 0.0,
          "isConstant": false,
          "max": 12.562663,
          "min": 0.5,
          "name": "nSigF",
          "value": 7.537598
        },
        {
          "error": 0.0,
          "isConstant": false,
          "max": 1.500130618607534,
          "min": 0.40003483162867576,
          "name": "sigmaF",
          "value": 0.5000435395358447
        }
      ],
      "minNll": 8.442814972557283,
      "numInvalidNLL": 0,
      "status": 160
    },
    "fail_quality": "check",
    "pass": {
      "covQual": -1,
      "edm": 0.01612930392300499,
      "floatParsFinal": [
        {
          "error": 0.18239374436851286,
          "isConstant": false,
          "max": 5.0,
          "min": -5.0,
          "name": "meanP",
          "value": -0.013104784798904312
        },
        {
          "error": 4.660700002148989,
          "isConstant": false,
          "max": 51.349832,
          "min": 0.5,
          "name": "nSigP",
          "value": 34.061298854015355
        },
        {
          "error": 0.04990473004755097,
          "isConstant": false,
          "max": 5.0,
          "min": 0.5,
          "name": "sigmaP",
          "value": 0.5000435395358447
        }
      ],
      "floatParsInit": [
        {
          "error": 0.0,
          "isConstant": false,
          "max": 5.0,
          "min": -5.0,
          "name": "meanP",
          "value": -0.0
        },
        {
          "error": 0.0,
          "isConstant": false,
          "max": 51.349832,
          "min": 0.5,
          "name": "nSigP",
          "value": 30.809899
        },
        {
          "error": 0.0,
          "isConstant": false,
          "max": 5.0,
          "min": 0.5,
          "name": "sigmaP",
          "value": 0.9
        }
      ],
      "minNll": -13.39529736348068,
      "numInvalidNLL": 0,
      "status": 160
    },
    "pass_quality": "check",
    "root_read_error": null
  },
  "fit_type": "nominalFit",
  "histograms": {
    "fail": {
      "entries": 12.0,
      "fit_window": {
        "bin1": 11,
        "bin2": 70,
        "max": 120.0,
        "min": 60.0
      },
      "integral_fit_window": 8.375108569582908,
      "integral_fit_window_error": 3.5964215610232375,
      "integral_full": 8.375108569582908,
      "integral_full_error": 3.5964215610232375,
      "maximum_bin_center": 95.5,
      "maximum_bin_content": 1.6644561125978896,
      "mean": 92.10760871796893,
      "rms": 3.6896206620726364
    },
    "pass": {
      "entries": 37.0,
      "fit_window": {
        "bin1": 11,
        "bin2": 70,
        "max": 120.0,
        "min": 60.0
      },
      "integral_fit_window": 34.23322119215033,
      "integral_fit_window_error": 7.27152068187672,
      "integral_full": 34.23322119215033,
      "integral_full_error": 7.27152068187672,
      "maximum_bin_center": 92.5,
      "maximum_bin_content": 8.378452994879733,
      "mean": 91.8928128789458,
      "rms": 2.436141679961629
    }
  },
  "sample": {
    "fitOutputBinRoot": "/eos/home-p/pelai/HZa/root_TnP/hza_resolve_phcsev_lr9_2023postBPix_sf//DY_MC_NLO_2023postBPix_hza_resolve_phcsev_lr9_2023postBPix_sf.nominalFit-bin02_ph_sc_abseta_1p57To2p50_ph_et_10p00To80p00.root",
    "fitOutputRoot": "/eos/home-p/pelai/HZa/root_TnP/hza_resolve_phcsev_lr9_2023postBPix_sf//DY_MC_NLO_2023postBPix_hza_resolve_phcsev_lr9_2023postBPix_sf.nominalFit.root",
    "histFile": "/eos/home-p/pelai/HZa/root_TnP/hza_resolve_phcsev_lr9_2023postBPix_sf//DY_MC_NLO_2023postBPix_hza_resolve_phcsev_lr9_2023postBPix_sf.root",
    "isMC": true,
    "mcRefHistFile": "/eos/home-p/pelai/HZa/root_TnP/hza_resolve_phcsev_lr9_2023postBPix_sf//DY_MC_NLO_2023postBPix_hza_resolve_phcsev_lr9_2023postBPix_sf.root",
    "mcTruth": true,
    "name": "DY_MC_NLO_2023postBPix"
  },
  "workspace": {
    "effective_parsed": [
      {
        "max": 5.0,
        "min": -5.0,
        "name": "meanP",
        "raw": "meanP[-0.0,-5.0,5.0]",
        "tokens": [
          "-0.0",
          "-5.0",
          "5.0"
        ],
        "value": -0.0
      },
      {
        "max": 5.0,
        "min": 0.5,
        "name": "sigmaP",
        "raw": "sigmaP[0.9,0.5,5.0]",
        "tokens": [
          "0.9",
          "0.5",
          "5.0"
        ],
        "value": 0.9
      },
      {
        "max": 5.0,
        "min": -5.0,
        "name": "meanF",
        "raw": "meanF[-0.0,-5.0,5.0]",
        "tokens": [
          "-0.0",
          "-5.0",
          "5.0"
        ],
        "value": -0.0
      },
      {
        "max": 5.0,
        "min": 0.5,
        "name": "sigmaF",
        "raw": "sigmaF[2.0,0.5,5.0]",
        "tokens": [
          "2.0",
          "0.5",
          "5.0"
        ],
        "value": 2.0
      },
      {
        "max": 70.0,
        "min": 45.0,
        "name": "acmsP",
        "raw": "acmsP[60.,45.,70.]",
        "tokens": [
          "60.",
          "45.",
          "70."
        ],
        "value": 60.0
      },
      {
        "max": 0.08,
        "min": 0.01,
        "name": "betaP",
        "raw": "betaP[0.05,0.01,0.08]",
        "tokens": [
          "0.05",
          "0.01",
          "0.08"
        ],
        "value": 0.05
      },
      {
        "max": 2.0,
        "min": 0.02,
        "name": "gammaP",
        "raw": "gammaP[0.04, 0.02, 2]",
        "tokens": [
          "0.04",
          "0.02",
          "2"
        ],
        "value": 0.04
      },
      {
        "max": 90.0,
        "min": 82.0,
        "name": "peakP",
        "raw": "peakP[87.0,82.0,90.0]",