{
  "bin": {
    "cut": "ph_r9 <= 0.96 && ph_sc_eta >= -1.444200 && ph_sc_eta < 0.000000 && ph_et >= 10.000000 && ph_et < 20.000000 &&  !((ph_sc_eta > -1.566 && ph_sc_eta < 0) && (ph_sc_phi > -1.2 && ph_sc_phi < -0.8))  ",
    "index": 2,
    "name": "bin02_ph_sc_eta_m1p44To0p00_ph_et_10p00To20p00",
    "title": "; -1.444 < ph_sc_eta < 0.000; 10.000 < ph_et < 20.000",
    "vars": {
      "ph_et": {
        "max": 20,
        "min": 10
      },
      "ph_sc_eta": {
        "max": 0.0,
        "min": -1.4442
      }
    }
  },
  "created_at_utc": "2026-04-19T11:39:35.097533+00:00",
  "derived": {
    "efficiency": 0.969875538114844,
    "efficiency_error": 0.027358861298415516,
    "nSigF": {
      "error": 1.376518395176787,
      "isConstant": false,
      "max": 2.275174,
      "min": 0.5,
      "name": "nSigF",
      "value": 1.478168251337009
    },
    "nSigP": {
      "error": 4.676524229035913,
      "isConstant": false,
      "max": 71.639259,
      "min": 0.5,
      "name": "nSigP",
      "value": 47.59053402033359
    }
  },
  "fit_metadata": {
    "bin_index": 2,
    "fail_hist_uses_pass_hist": false,
    "fit_range": {
      "max": 120.0,
      "min": 60.0
    },
    "truth_fail_template_uses_pass_hist": false,
    "truth_template_source": "/eos/home-p/pelai/HZa/root_TnP/hza_resolve_phcsev_lr9_2023postBPix_sf//DY_MC_NLO_2023postBPix_hza_resolve_phcsev_lr9_2023postBPix_sf.root"
  },
  "fit_result": {
    "fail": {
      "covQual": -1,
      "edm": 0.0009147764849072343,
      "floatParsFinal": [
        {
          "error": 0.7737142902533023,
          "isConstant": false,
          "max": 5.0,
          "min": -5.0,
          "name": "meanF",
          "value": -0.009449218074889743
        },
        {
          "error": 1.376518395176787,
          "isConstant": false,
          "max": 2.275174,
          "min": 0.5,
          "name": "nSigF",
          "value": 1.478168251337009
        },
        {
          "error": 0.9042068945824135,
          "isConstant": false,
          "max": 1.5000161087949353,
          "min": 0.4000042956786494,
          "name": "sigmaF",
          "value": 0.4005574635314965
        }
      ],
      "floatParsInit": [
        {
          "error": 0.0,
          "isConstant": false,
          "max": 5.0,
          "min": -5.0,
          "name": "meanF",
          "value": -0.0
        },
        {
          "error": 0.0,
          "isConstant": false,
          "max": 2.275174,
          "min": 0.5,
          "name": "nSigF",
          "value": 1.365104
        },
        {
          "error": 0.0,
          "isConstant": false,
          "max": 1.5000161087949353,
          "min": 0.4000042956786494,
          "name": "sigmaF",
          "value": 0.5000053695983118
        }
      ],
      "minNll": 2.893418844922069,
      "numInvalidNLL": 0,
      "status": 320
    },
    "fail_quality": "check",
    "pass": {
      "covQual": -1,
      "edm": 0.745218963273945,
      "floatParsFinal": [
        {
          "error": 0.11185292815650483,
          "isConstant": false,
          "max": 5.0,
          "min": -5.0,
          "name": "meanP",
          "value": 0.017961056562273647
        },
        {
          "error": 4.676524229035913,
          "isConstant": false,
          "max": 71.639259,
          "min": 0.5,
          "name": "nSigP",
          "value": 47.59053402033359
        },
        {
          "error": 0.018477069077413755,
          "isConstant": false,
          "max": 5.0,
          "min": 0.5,
          "name": "sigmaP",
          "value": 0.5000053695983118
        }
      ],
      "floatParsInit": [
        {
          "error": 0.0,
          "isConstant": false,
          "max": 5.0,
          "min": -5.0,
          "name": "meanP",
          "value": -0.0
        },
        {
          "error": 0.0,
          "isConstant": false,
          "max": 71.639259,
          "min": 0.5,
          "name": "nSigP",
          "value": 42.983555
        },
        {
          "error": 0.0,
          "isConstant": false,
          "max": 5.0,
          "min": 0.5,
          "name": "sigmaP",
          "value": 0.9
        }
      ],
      "minNll": -33.77789133630634,
      "numInvalidNLL": 0,
      "status": 160
    },
    "pass_quality": "check",
    "root_read_error": null
  },
  "fit_type": "nominalFit",
  "histograms": {
    "fail": {
      "entries": 4.0,
      "fit_window": {
        "bin1": 11,
        "bin2": 70,
        "max": 120.0,
        "min": 60.0
      },
      "integral_fit_window": 1.516782668397841,
      "integral_fit_window_error": 1.0289818128841506,
      "integral_full": 1.516782668397841,
      "integral_full_error": 1.0289818128841506,
      "maximum_bin_center": 90.5,
      "maximum_bin_content": 0.8423986721987999,
      "mean": 89.99302914687912,
      "rms": 0.8770008440917086
    },
    "pass": {
      "entries": 61.0,
      "fit_window": {
        "bin1": 11,
        "bin2": 70,
        "max": 120.0,
        "min": 60.0
      },
      "integral_fit_window": 47.759505684332666,
      "integral_fit_window_error": 10.156491665633009,
      "integral_full": 47.759505684332666,
      "integral_full_error": 10.156491665633009,
      "maximum_bin_center": 92.5,
      "maximum_bin_content": 13.0350579191734,
      "mean": 91.93323426815813,
      "rms": 2.8211793790144193
    }
  },
  "sample": {
    "fitOutputBinRoot": "/eos/home-p/pelai/HZa/root_TnP/hza_resolve_phcsev_lr9_2023postBPix_sf//DY_MC_NLO_2023postBPix_hza_resolve_phcsev_lr9_2023postBPix_sf.nominalFit-bin02_ph_sc_eta_m1p44To0p00_ph_et_10p00To20p00.root",
    "fitOutputRoot": "/eos/home-p/pelai/HZa/root_TnP/hza_resolve_phcsev_lr9_2023postBPix_sf//DY_MC_NLO_2023postBPix_hza_resolve_phcsev_lr9_2023postBPix_sf.nominalFit.root",
    "histFile": "/eos/home-p/pelai/HZa/root_TnP/hza_resolve_phcsev_lr9_2023postBPix_sf//DY_MC_NLO_2023postBPix_hza_resolve_phcsev_lr9_2023postBPix_sf.root",
    "isMC": true,
    "mcRefHistFile": "/eos/home-p/pelai/HZa/root_TnP/hza_resolve_phcsev_lr9_2023postBPix_sf//DY_MC_NLO_2023postBPix_hza_resolve_phcsev_lr9_2023postBPix_sf.root",
    "mcTruth": true,
    "name": "DY_MC_NLO_2023postBPix"
  },
  "workspace": {
    "effective_parsed": [
      {
        "max": 5.0,
        "min": -5.0,
        "name": "meanP",
        "raw": "meanP[-0.0,-5.0,5.0]",
        "tokens": [
          "-0.0",
          "-5.0",
          "5.0"
        ],
        "value": -0.0
      },
      {
        "max": 5.0,
        "min": 0.5,
        "name": "sigmaP",
        "raw": "sigmaP[0.9,0.5,5.0]",
        "tokens": [
          "0.9",
          "0.5",
          "5.0"
        ],
        "value": 0.9
      },
      {
        "max": 5.0,
        "min": -5.0,
        "name": "meanF",
        "raw": "meanF[-0.0,-5.0,5.0]",
        "tokens": [
          "-0.0",
          "-5.0",
          "5.0"
        ],
        "value": -0.0
      },
      {
        "max": 5.0,
        "min": 0.5,
        "name": "sigmaF",
        "raw": "sigmaF[2.0,0.5,5.0]",
        "tokens": [
          "2.0",
          "0.5",
          "5.0"
        ],
        "value": 2.0
      },
      {
        "max": 70.0,
        "min": 45.0,
        "name": "acmsP",
        "raw": "acmsP[60.,45.,70.]",
        "tokens": [
          "60.",
          "45.",
          "70."
        ],
        "value": 60.0
      },
      {
        "max": 0.08,
        "min": 0.01,
        "name": "betaP",
        "raw": "betaP[0.05,0.01,0.08]",
        "tokens": [
          "0.05",
          "0.01",
          "0.08"
        ],
        "value": 0.05
      },
      {
        "max": 2.0,
        "min": 0.02,
        "name": "gammaP",
        "raw": "gammaP[0.04, 0.02, 2]",
        "tokens": [
          "0.04",
          "0.02",
          "2"
        ],
        "value": 0.04
      },
      {
        "max": 90.0,
        "min": 82.0,
        "name": "peakP",
        "raw": "peakP[87.0,82.0,90.0]",
        "tokens": [
          "87.0",
          "82.0",
          "90.0"
        ],