{
  "bin": {
    "cut": "ph_r9 <= 0.96 && ph_sc_eta >= -2.500000 && ph_sc_eta < -1.566000 && ph_et >= 10.000000 && ph_et < 20.000000 &&  !((ph_sc_eta > -1.566 && ph_sc_eta < 0) && (ph_sc_phi > -1.2 && ph_sc_phi < -0.8))  ",
    "index": 0,
    "name": "bin00_ph_sc_eta_m2p50Tom1p57_ph_et_10p00To20p00",
    "title": "; -2.500 < ph_sc_eta < -1.566; 10.000 < ph_et < 20.000",
    "vars": {
      "ph_et": {
        "max": 20,
        "min": 10
      },
      "ph_sc_eta": {
        "max": -1.566,
        "min": -2.5
      }
    }
  },
  "created_at_utc": "2026-04-21T19:31:57.919333+00:00",
  "derived": {
    "efficiency": 0.976725882190883,
    "efficiency_error": 0.010200637249676178,
    "nSigF": {
      "error": 0.2243835289786581,
      "isConstant": false,
      "max": 0.86898,
      "min": 0.5,
      "name": "nSigF",
      "value": 0.5433214471770658
    },
    "nSigP": {
      "error": 4.001495002713677,
      "isConstant": false,
      "max": 34.366773,
      "min": 0.5,
      "name": "nSigP",
      "value": 22.80112716450057
    }
  },
  "fit_metadata": {
    "bin_index": 0,
    "fail_hist_uses_pass_hist": false,
    "fit_range": {
      "max": 120.0,
      "min": 60.0
    },
    "truth_fail_template_uses_pass_hist": false,
    "truth_template_source": "/eos/home-p/pelai/HZa/root_TnP/hza_resolve_phcsev_lr9_2023postBPix_sf//DY_MC_NLO_2023postBPix_hza_resolve_phcsev_lr9_2023postBPix_sf.root"
  },
  "fit_result": {
    "fail": {
      "covQual": -1,
      "edm": 0.07214970462825288,
      "floatParsFinal": [
        {
          "error": 1.6033077224880983,
          "isConstant": false,
          "max": 5.0,
          "min": -5.0,
          "name": "meanF",
          "value": -0.0034052830744073503
        },
        {
          "error": 0.2243835289786581,
          "isConstant": false,
          "max": 0.86898,
          "min": 0.5,
          "name": "nSigF",
          "value": 0.5433214471770658
        },
        {
          "error": 1.0836327051908128,
          "isConstant": false,
          "max": 1.5000003366659345,
          "min": 0.40000008977758256,
          "name": "sigmaF",
          "value": 0.40001705929670367
        }
      ],
      "floatParsInit": [
        {
          "error": 0.0,
          "isConstant": false,
          "max": 5.0,
          "min": -5.0,
          "name": "meanF",
          "value": -0.0
        },
        {
          "error": 0.0,
          "isConstant": false,
          "max": 0.86898,
          "min": 0.5,
          "name": "nSigF",
          "value": 0.521388
        },
        {
          "error": 0.0,
          "isConstant": false,
          "max": 1.5000003366659345,
          "min": 0.40000008977758256,
          "name": "sigmaF",
          "value": 0.5000001122219782
        }
      ],
      "minNll": 2.1300982955250634,
      "numInvalidNLL": 0,
      "status": 320
    },
    "fail_quality": "check",
    "pass": {
      "covQual": -1,
      "edm": 0.0003125937543013579,
      "floatParsFinal": [
        {
          "error": 0.2347937348987359,
          "isConstant": false,
          "max": 5.0,
          "min": -5.0,
          "name": "meanP",
          "value": 0.0006658038277764788
        },
        {
          "error": 4.001495002713677,
          "isConstant": false,
          "max": 34.366773,
          "min": 0.5,
          "name": "nSigP",
          "value": 22.80112716450057
        },
        {
          "error": 0.09431087483490991,
          "isConstant": false,
          "max": 5.0,
          "min": 0.5,
          "name": "sigmaP",
          "value": 0.5000001122219782
        }
      ],
      "floatParsInit": [
        {
          "error": 0.0,
          "isConstant": false,
          "max": 5.0,
          "min": -5.0,
          "name": "meanP",
          "value": -0.0
        },
        {
          "error": 0.0,
          "isConstant": false,
          "max": 34.366773,
          "min": 0.5,
          "name": "nSigP",
          "value": 20.620064
        },
        {
          "error": 0.0,
          "isConstant": false,
          "max": 5.0,
          "min": 0.5,
          "name": "sigmaP",
          "value": 0.9
        }
      ],
      "minNll": -1.2614860425585874,
      "numInvalidNLL": 0,
      "status": 160
    },
    "pass_quality": "check",
    "root_read_error": null
  },
  "fit_type": "nominalFit",
  "histograms": {
    "fail": {
      "entries": 5.0,
      "fit_window": {
        "bin1": 11,
        "bin2": 70,
        "max": 120.0,
        "min": 60.0
      },
      "integral_fit_window": 0.5793198587477346,
      "integral_fit_window_error": 1.5194638315990878,
      "integral_full": 0.5793198587477346,
      "integral_full_error": 1.5194638315990878,
      "maximum_bin_center": 89.5,
      "maximum_bin_content": 0.32849986423046085,
      "mean": 91.03753457994586,
      "rms": 1.8552424164840537
    },
    "pass": {
      "entries": 22.0,
      "fit_window": {
        "bin1": 11,
        "bin2": 70,
        "max": 120.0,
        "min": 60.0
      },
      "integral_fit_window": 22.911182041860535,
      "integral_fit_window_error": 5.651092625390787,
      "integral_full": 22.911182041860535,
      "integral_full_error": 5.651092625390787,
      "maximum_bin_center": 92.5,
      "maximum_bin_content": 5.029638755805715,
      "mean": 91.50402489977837,
      "rms": 2.3311448790001155
    }
  },
  "sample": {
    "fitOutputBinRoot": "/eos/home-p/pelai/HZa/root_TnP/hza_resolve_phcsev_lr9_2023postBPix_sf//DY_MC_NLO_2023postBPix_hza_resolve_phcsev_lr9_2023postBPix_sf.nominalFit-bin00_ph_sc_eta_m2p50Tom1p57_ph_et_10p00To20p00.root",
    "fitOutputRoot": "/eos/home-p/pelai/HZa/root_TnP/hza_resolve_phcsev_lr9_2023postBPix_sf//DY_MC_NLO_2023postBPix_hza_resolve_phcsev_lr9_2023postBPix_sf.nominalFit.root",
    "histFile": "/eos/home-p/pelai/HZa/root_TnP/hza_resolve_phcsev_lr9_2023postBPix_sf//DY_MC_NLO_2023postBPix_hza_resolve_phcsev_lr9_2023postBPix_sf.root",
    "isMC": true,
    "mcRefHistFile": "/eos/home-p/pelai/HZa/root_TnP/hza_resolve_phcsev_lr9_2023postBPix_sf//DY_MC_NLO_2023postBPix_hza_resolve_phcsev_lr9_2023postBPix_sf.root",
    "mcTruth": true,
    "name": "DY_MC_NLO_2023postBPix"
  },
  "workspace": {
    "effective_parsed": [
      {
        "max": 5.0,
        "min": -5.0,
        "name": "meanP",
        "raw": "meanP[-0.0,-5.0,5.0]",
        "tokens": [
          "-0.0",
          "-5.0",
          "5.0"
        ],
        "value": -0.0
      },
      {
        "max": 5.0,
        "min": 0.5,
        "name": "sigmaP",
        "raw": "sigmaP[0.9,0.5,5.0]",
        "tokens": [
          "0.9",
          "0.5",
          "5.0"
        ],
        "value": 0.9
      },
      {
        "max": 5.0,
        "min": -5.0,
        "name": "meanF",
        "raw": "meanF[-0.0,-5.0,5.0]",
        "tokens": [
          "-0.0",
          "-5.0",
          "5.0"
        ],
        "value": -0.0
      },
      {
        "max": 5.0,
        "min": 0.5,
        "name": "sigmaF",
        "raw": "sigmaF[2.0,0.5,5.0]",
        "tokens": [
          "2.0",
          "0.5",
          "5.0"
        ],
        "value": 2.0
      },
      {
        "max": 70.0,
        "min": 45.0,
        "name": "acmsP",
        "raw": "acmsP[60.,45.,70.]",
        "tokens": [
          "60.",
          "45.",
          "70."
        ],
        "value": 60.0
      },
      {
        "max": 0.08,
        "min": 0.01,
        "name": "betaP",
        "raw": "betaP[0.05,0.01,0.08]",
        "tokens": [
          "0.05",
          "0.01",
          "0.08"
        ],
        "value": 0.05
      },
      {
        "max": 2.0,
        "min": 0.02,
        "name": "gammaP",
        "raw": "gammaP[0.04, 0.02, 2]",
        "tokens": [
          "0.04",
          "0.02",
          "2"
        ],
        "value": 0.04
      },
      {
        "max": 90.0,
        "min": 82.0,
        "name": "peakP",
        "raw": "peakP[87.0,82.0,90.0]",