{
  "bin": {
    "cut": "tag_Ele_pt > 35 && abs(tag_sc_eta) < 2.17 && ph_sc_eta >= 1.566000 && ph_sc_eta < 2.000000 && ph_et >= 10.000000 && ph_et < 20.000000",
    "index": 6,
    "name": "bin06_ph_sc_eta_1p57To2p00_ph_et_10p00To20p00",
    "title": "; 1.566 < ph_sc_eta < 2.000; 10.000 < ph_et < 20.000",
    "vars": {
      "ph_et": {
        "max": 20,
        "min": 10
      },
      "ph_sc_eta": {
        "max": 2.0,
        "min": 1.566
      }
    }
  },
  "created_at_utc": "2026-04-19T19:26:07.504866+00:00",
  "derived": {
    "efficiency": 0.4891361979253498,
    "efficiency_error": 0.0021519226578802413,
    "nSigF": {
      "error": 118.96441135119676,
      "isConstant": false,
      "max": 33220.648196,
      "min": 0.5,
      "name": "nSigF",
      "value": 19755.842680958373
    },
    "nSigP": {
      "error": 116.45174302529267,
      "isConstant": false,
      "max": 31395.99051,
      "min": 0.5,
      "name": "nSigP",
      "value": 18915.604778674988
    }
  },
  "fit_metadata": {
    "bin_index": 6,
    "fail_hist_uses_pass_hist": false,
    "fit_range": {
      "max": 120.0,
      "min": 60.0
    },
    "truth_fail_template_uses_pass_hist": false,
    "truth_template_source": "/eos/home-p/pelai/HZa/root_TnP//hza_resolve_phid_lowpt_2023preBPix_sf//DY_MC_LO_2023preBPix_hza_resolve_phid_lowpt_2023preBPix_sf.root"
  },
  "fit_result": {
    "fail": {
      "covQual": -1,
      "edm": 0.13342949301108134,
      "floatParsFinal": [
        {
          "error": 0.035579114351583785,
          "isConstant": false,
          "max": 5.0,
          "min": -2.6,
          "name": "meanF",
          "value": -0.0029821476771503264
        },
        {
          "error": 118.96441135119676,
          "isConstant": false,
          "max": 33220.648196,
          "min": 0.5,
          "name": "nSigF",
          "value": 19755.842680958373
        },
        {
          "error": 0.006500151852127711,
          "isConstant": false,
          "max": 1.200003794529085,
          "min": 0.3200010118744227,
          "name": "sigmaF",
          "value": 0.32000124437424354
        }
      ],
      "floatParsInit": [
        {
          "error": 0.0,
          "isConstant": false,
          "max": 5.0,
          "min": -2.6,
          "name": "meanF",
          "value": -0.0
        },
        {
          "error": 0.0,
          "isConstant": false,
          "max": 33220.648196,
          "min": 0.5,
          "name": "nSigF",
          "value": 19932.388918
        },
        {
          "error": 0.0,
          "isConstant": false,
          "max": 1.200003794529085,
          "min": 0.3200010118744227,
          "name": "sigmaF",
          "value": 0.5
        }
      ],
      "minNll": -104705.08310967569,
      "numInvalidNLL": 0,
      "status": 160
    },
    "fail_quality": "check",
    "pass": {
      "covQual": -1,
      "edm": 0.23373551830251413,
      "floatParsFinal": [
        {
          "error": 0.03541061963254721,
          "isConstant": false,
          "max": 5.0,
          "min": -5.0,
          "name": "meanP",
          "value": -0.001656324177235824
        },
        {
          "error": 116.45174302529267,
          "isConstant": false,
          "max": 31395.99051,
          "min": 0.5,
          "name": "nSigP",
          "value": 18915.604778674988
        },
        {
          "error": 0.009236369130936228,
          "isConstant": false,
          "max": 2.87,
          "min": 0.4,
          "name": "sigmaP",
          "value": 0.40000126484302834
        }
      ],
      "floatParsInit": [
        {
          "error": 0.0,
          "isConstant": false,
          "max": 5.0,
          "min": -5.0,
          "name": "meanP",
          "value": -0.0
        },
        {
          "error": 0.0,
          "isConstant": false,
          "max": 31395.99051,
          "min": 0.5,
          "name": "nSigP",
          "value": 18837.594306
        },
        {
          "error": 0.0,
          "isConstant": false,
          "max": 2.87,
          "min": 0.4,
          "name": "sigmaP",
          "value": 0.9
        }
      ],
      "minNll": -101287.47340617559,
      "numInvalidNLL": 0,
      "status": 160
    },
    "pass_quality": "check",
    "root_read_error": null
  },
  "fit_type": "nominalFit",
  "histograms": {
    "fail": {
      "entries": 22067.0,
      "fit_window": {
        "bin1": 11,
        "bin2": 70,
        "max": 120.0,
        "min": 60.0
      },
      "integral_fit_window": 19757.834268879644,
      "integral_fit_window_error": 166.06640680395248,
      "integral_full": 22147.098797308972,
      "integral_full_error": 175.85348115509368,
      "maximum_bin_center": 89.5,
      "maximum_bin_content": 1165.616316203753,
      "mean": 81.7650906374179,
      "rms": 13.238293986400993
    },
    "pass": {
      "entries": 20627.0,
      "fit_window": {
        "bin1": 11,
        "bin2": 70,
        "max": 120.0,
        "min": 60.0
      },
      "integral_fit_window": 18915.953814693155,
      "integral_fit_window_error": 162.43583343583077,
      "integral_full": 20930.660339709815,
      "integral_full_error": 170.86535266201847,
      "maximum_bin_center": 88.5,
      "maximum_bin_content": 1225.0275686522612,
      "mean": 81.70833818208327,
      "rms": 12.36900067642169
    }
  },
  "sample": {
    "fitOutputBinRoot": "/eos/home-p/pelai/HZa/root_TnP//hza_resolve_phid_lowpt_2023preBPix_sf//DY_MC_LO_2023preBPix_hza_resolve_phid_lowpt_2023preBPix_sf.nominalFit-bin06_ph_sc_eta_1p57To2p00_ph_et_10p00To20p00.root",
    "fitOutputRoot": "/eos/home-p/pelai/HZa/root_TnP//hza_resolve_phid_lowpt_2023preBPix_sf//DY_MC_LO_2023preBPix_hza_resolve_phid_lowpt_2023preBPix_sf.nominalFit.root",
    "histFile": "/eos/home-p/pelai/HZa/root_TnP//hza_resolve_phid_lowpt_2023preBPix_sf//DY_MC_LO_2023preBPix_hza_resolve_phid_lowpt_2023preBPix_sf.root",
    "isMC": true,
    "mcRefHistFile": "/eos/home-p/pelai/HZa/root_TnP//hza_resolve_phid_lowpt_2023preBPix_sf//DY_MC_LO_2023preBPix_hza_resolve_phid_lowpt_2023preBPix_sf.root",
    "mcTruth": true,
    "name": "DY_MC_LO_2023preBPix"
  },
  "workspace": {
    "effective_parsed": [
      {
        "max": 5.0,
        "min": -5.0,
        "name": "meanP",
        "raw": "meanP[-0.0,-5.0,5.0]",
        "tokens": [
          "-0.0",
          "-5.0",
          "5.0"
        ],
        "value": -0.0
      },
      {
        "max": 2.87,
        "min": 0.4,
        "name": "sigmaP",
        "raw": "sigmaP[0.9,0.4,2.87]",
        "tokens": [
          "0.9",
          "0.4",
          "2.87"
        ],
        "value": 0.9
      },
      {
        "max": 5.0,
        "min": -2.6,
        "name": "meanF",
        "raw": "meanF[-0.0,-2.6,5.0]",
        "tokens": [
          "-0.0",
          "-2.6",
          "5.0"
        ],
        "value": -0.0
      },
      {
        "max": 2.1,
        "min": 0.5,
        "name": "sigmaF",
        "raw": "sigmaF[1.0,0.5,2.1]",
        "tokens": [
          "1.0",
          "0.5",
          "2.1"
        ],
        "value": 1.0
      },
      {
        "max": 80.0,
        "min": 39.0,
        "name": "acmsP",
        "raw": "acmsP[60.,39.,80.]",
        "tokens": [
          "60.",
          "39.",
          "80."
        ],
        "value": 60.0
      },
      {
        "max": 0.09,
        "min": 0.01,
        "name": "betaP",
        "raw": "betaP[0.05,0.01,0.09]",
        "tokens": [
          "0.05",
          "0.01",
          "0.09"
        ],
        "value": 0.05
      },
      {
        "max": 2.0,
        "min": -2.0,
        "name": "gammaP",
        "raw": "gammaP[0.1, -2, 2]",
        "tokens": [
          "0.1",
          "-2",
          "2"
        ],
        "value": 0.1
      },
      {
        "max": 90.0,
        "min": 82.0,
        "name": "peakP",
        "raw": "peakP[87.0,82.0,90.0]",
        "tokens": [
          "87.0",
          "82.0",
          "90.0"
        ],