{
  "bin": {
    "cut": "tag_Ele_pt > 35 && abs(tag_sc_eta) < 2.17 && ph_sc_eta >= -2.500000 && ph_sc_eta < -2.000000 && ph_et >= 10.000000 && ph_et < 20.000000",
    "index": 0,
    "name": "bin00_ph_sc_eta_m2p50Tom2p00_ph_et_10p00To20p00",
    "title": "; -2.500 < ph_sc_eta < -2.000; 10.000 < ph_et < 20.000",
    "vars": {
      "ph_et": {
        "max": 20,
        "min": 10
      },
      "ph_sc_eta": {
        "max": -2.0,
        "min": -2.5
      }
    }
  },
  "created_at_utc": "2026-04-21T17:07:54.852974+00:00",
  "derived": {
    "efficiency": 0.7707364931138442,
    "efficiency_error": 0.0019064554391271227,
    "nSigF": {
      "error": 73.88689470735335,
      "isConstant": false,
      "max": 12534.898812,
      "min": 0.5,
      "name": "nSigF",
      "value": 7822.042432132506
    },
    "nSigP": {
      "error": 137.08906099687374,
      "isConstant": false,
      "max": 42436.700013,
      "min": 0.5,
      "name": "nSigP",
      "value": 26296.088876120837
    }
  },
  "fit_metadata": {
    "bin_index": 0,
    "fail_hist_uses_pass_hist": false,
    "fit_range": {
      "max": 120.0,
      "min": 60.0
    },
    "truth_fail_template_uses_pass_hist": false,
    "truth_template_source": "/eos/home-p/pelai/HZa/root_TnP//hza_resolve_phid_lowpt_2023preBPix_sf//DY_MC_LO_2023preBPix_hza_resolve_phid_lowpt_2023preBPix_sf.root"
  },
  "fit_result": {
    "fail": {
      "covQual": -1,
      "edm": 0.4027751427603432,
      "floatParsFinal": [
        {
          "error": 0.04507621594653988,
          "isConstant": false,
          "max": 5.0,
          "min": -2.6,
          "name": "meanF",
          "value": 0.0012669781613148245
        },
        {
          "error": 73.88689470735335,
          "isConstant": false,
          "max": 12534.898812,
          "min": 0.5,
          "name": "nSigF",
          "value": 7822.042432132506
        },
        {
          "error": 0.00919186642018599,
          "isConstant": false,
          "max": 1.200008379597516,
          "min": 0.32000223455933763,
          "name": "sigmaF",
          "value": 0.32001605565203733
        }
      ],
      "floatParsInit": [
        {
          "error": 0.0,
          "isConstant": false,
          "max": 5.0,
          "min": -2.6,
          "name": "meanF",
          "value": -0.0
        },
        {
          "error": 0.0,
          "isConstant": false,
          "max": 12534.898812,
          "min": 0.5,
          "name": "nSigF",
          "value": 7520.939287
        },
        {
          "error": 0.0,
          "isConstant": false,
          "max": 1.200008379597516,
          "min": 0.32000223455933763,
          "name": "sigmaF",
          "value": 0.5
        }
      ],
      "minNll": -34537.95368842424,
      "numInvalidNLL": 0,
      "status": 160
    },
    "fail_quality": "check",
    "pass": {
      "covQual": -1,
      "edm": 1238.9450913692517,
      "floatParsFinal": [
        {
          "error": 0.028812649678076063,
          "isConstant": false,
          "max": 5.0,
          "min": -5.0,
          "name": "meanP",
          "value": 0.003665471836810319
        },
        {
          "error": 137.08906099687374,
          "isConstant": false,
          "max": 42436.700013,
          "min": 0.5,
          "name": "nSigP",
          "value": 26296.088876120837
        },
        {
          "error": 0.004996718848155696,
          "isConstant": false,
          "max": 2.87,
          "min": 0.4,
          "name": "sigmaP",
          "value": 0.400002793199172
        }
      ],
      "floatParsInit": [
        {
          "error": 0.0,
          "isConstant": false,
          "max": 5.0,
          "min": -5.0,
          "name": "meanP",
          "value": -0.0
        },
        {
          "error": 0.0,
          "isConstant": false,
          "max": 42436.700013,
          "min": 0.5,
          "name": "nSigP",
          "value": 25462.020008
        },
        {
          "error": 0.0,
          "isConstant": false,
          "max": 2.87,
          "min": 0.4,
          "name": "sigmaP",
          "value": 0.9
        }
      ],
      "minNll": -149496.50725145702,
      "numInvalidNLL": 0,
      "status": 180
    },
    "pass_quality": "check",
    "root_read_error": null
  },
  "fit_type": "nominalFit",
  "histograms": {
    "fail": {
      "entries": 7863.0,
      "fit_window": {
        "bin1": 11,
        "bin2": 70,
        "max": 120.0,
        "min": 60.0
      },
      "integral_fit_window": 7823.76173578448,
      "integral_fit_window_error": 105.866573314021,
      "integral_full": 8356.599208004796,
      "integral_full_error": 109.32483618921827,
      "maximum_bin_center": 89.5,
      "maximum_bin_content": 531.2413065553952,
      "mean": 85.7343933700607,
      "rms": 12.194193587014952
    },
    "pass": {
      "entries": 27913.0,
      "fit_window": {
        "bin1": 11,
        "bin2": 70,
        "max": 120.0,
        "min": 60.0
      },
      "integral_fit_window": 26297.400136319713,
      "integral_fit_window_error": 191.81882916148007,
      "integral_full": 28291.13334170308,
      "integral_full_error": 198.89333908195053,
      "maximum_bin_center": 89.5,
      "maximum_bin_content": 1811.98137563278,
      "mean": 85.68538440059282,
      "rms": 12.23364795771165
    }
  },
  "sample": {
    "fitOutputBinRoot": "/eos/home-p/pelai/HZa/root_TnP//hza_resolve_phid_lowpt_2023preBPix_sf//DY_MC_LO_2023preBPix_hza_resolve_phid_lowpt_2023preBPix_sf.nominalFit-bin00_ph_sc_eta_m2p50Tom2p00_ph_et_10p00To20p00.root",
    "fitOutputRoot": "/eos/home-p/pelai/HZa/root_TnP//hza_resolve_phid_lowpt_2023preBPix_sf//DY_MC_LO_2023preBPix_hza_resolve_phid_lowpt_2023preBPix_sf.nominalFit.root",
    "histFile": "/eos/home-p/pelai/HZa/root_TnP//hza_resolve_phid_lowpt_2023preBPix_sf//DY_MC_LO_2023preBPix_hza_resolve_phid_lowpt_2023preBPix_sf.root",
    "isMC": true,
    "mcRefHistFile": "/eos/home-p/pelai/HZa/root_TnP//hza_resolve_phid_lowpt_2023preBPix_sf//DY_MC_LO_2023preBPix_hza_resolve_phid_lowpt_2023preBPix_sf.root",
    "mcTruth": true,
    "name": "DY_MC_LO_2023preBPix"
  },
  "workspace": {
    "effective_parsed": [
      {
        "max": 5.0,
        "min": -5.0,
        "name": "meanP",
        "raw": "meanP[-0.0,-5.0,5.0]",
        "tokens": [
          "-0.0",
          "-5.0",
          "5.0"
        ],
        "value": -0.0
      },
      {
        "max": 2.87,
        "min": 0.4,
        "name": "sigmaP",
        "raw": "sigmaP[0.9,0.4,2.87]",
        "tokens": [
          "0.9",
          "0.4",
          "2.87"
        ],
        "value": 0.9
      },
      {
        "max": 5.0,
        "min": -2.6,
        "name": "meanF",
        "raw": "meanF[-0.0,-2.6,5.0]",
        "tokens": [
          "-0.0",
          "-2.6",
          "5.0"
        ],
        "value": -0.0
      },
      {
        "max": 2.1,
        "min": 0.5,
        "name": "sigmaF",
        "raw": "sigmaF[1.0,0.5,2.1]",
        "tokens": [
          "1.0",
          "0.5",
          "2.1"
        ],
        "value": 1.0
      },
      {
        "max": 80.0,
        "min": 39.0,
        "name": "acmsP",
        "raw": "acmsP[60.,39.,80.]",
        "tokens": [
          "60.",
          "39.",
          "80."
        ],
        "value": 60.0
      },
      {
        "max": 0.09,
        "min": 0.01,
        "name": "betaP",
        "raw": "betaP[0.05,0.01,0.09]",
        "tokens": [
          "0.05",
          "0.01",
          "0.09"
        ],
        "value": 0.05
      },
      {
        "max": 2.0,
        "min": -2.0,
        "name": "gammaP",
        "raw": "gammaP[0.1, -2, 2]",
        "tokens": [
          "0.1",
          "-2",
          "2"
        ],
        "value": 0.1
      },
      {
        "max": 90.0,
        "min": 82.0,
        "name": "peakP",
        "raw": "peakP[87.0,82.0,90.0]",
        "tokens": [
          "87.0",
          "82.0",
          "90.0"
        ],
        "value": 87.0
      },
      {
        "max": 75.0,