{
  "bin": {
    "cut": "tag_Ele_pt > 35 && abs(tag_sc_eta) < 2.17 && ph_sc_eta >= -2.000000 && ph_sc_eta < -1.566000 && ph_et >= 10.000000 && ph_et < 20.000000",
    "index": 1,
    "name": "bin01_ph_sc_eta_m2p00Tom1p57_ph_et_10p00To20p00",
    "title": "; -2.000 < ph_sc_eta < -1.566; 10.000 < ph_et < 20.000",
    "vars": {
      "ph_et": {
        "max": 20,
        "min": 10
      },
      "ph_sc_eta": {
        "max": -1.566,
        "min": -2.0
      }
    }
  },
  "created_at_utc": "2026-04-20T08:58:43.668734+00:00",
  "derived": {
    "efficiency": 0.49549515322179344,
    "efficiency_error": 0.0021519331917495377,
    "nSigF": {
      "error": 117.88522636531343,
      "isConstant": false,
      "max": 31443.494439,
      "min": 0.5,
      "name": "nSigF",
      "value": 19437.985558591787
    },
    "nSigP": {
      "error": 116.63356374859177,
      "isConstant": false,
      "max": 30687.658982,
      "min": 0.5,
      "name": "nSigP",
      "value": 19090.852534290265
    }
  },
  "fit_metadata": {
    "bin_index": 1,
    "fail_hist_uses_pass_hist": false,
    "fit_range": {
      "max": 120.0,
      "min": 60.0
    },
    "truth_fail_template_uses_pass_hist": false,
    "truth_template_source": "/eos/home-p/pelai/HZa/root_TnP//hza_resolve_phid_lowpt_2023preBPix_sf//DY_MC_LO_2023preBPix_hza_resolve_phid_lowpt_2023preBPix_sf.root"
  },
  "fit_result": {
    "fail": {
      "covQual": -1,
      "edm": 1.3324342969883836,
      "floatParsFinal": [
        {
          "error": 0.0377634797673867,
          "isConstant": false,
          "max": 5.0,
          "min": -2.6,
          "name": "meanF",
          "value": -0.0010842402361435077
        },
        {
          "error": 117.88522636531343,
          "isConstant": false,
          "max": 31443.494439,
          "min": 0.5,
          "name": "nSigF",
          "value": 19437.985558591787
        },
        {
          "error": 0.011722498166096385,
          "isConstant": false,
          "max": 1.2000007171854035,
          "min": 0.32000019124944096,
          "name": "sigmaF",
          "value": 0.3200061622724511
        }
      ],
      "floatParsInit": [
        {
          "error": 0.0,
          "isConstant": false,
          "max": 5.0,
          "min": -2.6,
          "name": "meanF",
          "value": -0.0
        },
        {
          "error": 0.0,
          "isConstant": false,
          "max": 31443.494439,
          "min": 0.5,
          "name": "nSigF",
          "value": 18866.096663
        },
        {
          "error": 0.0,
          "isConstant": false,
          "max": 1.2000007171854035,
          "min": 0.32000019124944096,
          "name": "sigmaF",
          "value": 0.5
        }
      ],
      "minNll": -103679.00588786673,
      "numInvalidNLL": 0,
      "status": 160
    },
    "fail_quality": "check",
    "pass": {
      "covQual": -1,
      "edm": 0.08300268383473473,
      "floatParsFinal": [
        {
          "error": 0.03348363060904269,
          "isConstant": false,
          "max": 5.0,
          "min": -5.0,
          "name": "meanP",
          "value": -0.005519271317837138
        },
        {
          "error": 116.63356374859177,
          "isConstant": false,
          "max": 30687.658982,
          "min": 0.5,
          "name": "nSigP",
          "value": 19090.852534290265
        },
        {
          "error": 0.006329842204455677,
          "isConstant": false,
          "max": 2.87,
          "min": 0.4,
          "name": "sigmaP",
          "value": 0.40000023906180115
        }
      ],
      "floatParsInit": [
        {
          "error": 0.0,
          "isConstant": false,
          "max": 5.0,
          "min": -5.0,
          "name": "meanP",
          "value": -0.0
        },
        {
          "error": 0.0,
          "isConstant": false,
          "max": 30687.658982,
          "min": 0.5,
          "name": "nSigP",
          "value": 18412.595389
        },
        {
          "error": 0.0,
          "isConstant": false,
          "max": 2.87,
          "min": 0.4,
          "name": "sigmaP",
          "value": 0.9
        }
      ],
      "minNll": -103241.71736359668,
      "numInvalidNLL": 0,
      "status": 160
    },
    "pass_quality": "check",
    "root_read_error": null
  },
  "fit_type": "nominalFit",
  "histograms": {
    "fail": {
      "entries": 20816.0,
      "fit_window": {
        "bin1": 11,
        "bin2": 70,
        "max": 120.0,
        "min": 60.0
      },
      "integral_fit_window": 19439.32515873978,
      "integral_fit_window_error": 164.89056776414242,
      "integral_full": 20962.329626060207,
      "integral_full_error": 171.2526993675266,
      "maximum_bin_center": 88.5,
      "maximum_bin_content": 1202.0230543904136,
      "mean": 83.5027657363227,
      "rms": 11.95648446731202
    },
    "pass": {
      "entries": 20015.0,
      "fit_window": {
        "bin1": 11,
        "bin2": 70,
        "max": 120.0,
        "min": 60.0
      },
      "integral_fit_window": 19092.01357889927,
      "integral_fit_window_error": 163.68398726011046,
      "integral_full": 20458.439321198184,
      "integral_full_error": 169.45772600202883,
      "maximum_bin_center": 88.5,
      "maximum_bin_content": 1325.8718877313186,
      "mean": 83.29454777034529,
      "rms": 11.290928346993331
    }
  },
  "sample": {
    "fitOutputBinRoot": "/eos/home-p/pelai/HZa/root_TnP//hza_resolve_phid_lowpt_2023preBPix_sf//DY_MC_LO_2023preBPix_hza_resolve_phid_lowpt_2023preBPix_sf.nominalFit-bin01_ph_sc_eta_m2p00Tom1p57_ph_et_10p00To20p00.root",
    "fitOutputRoot": "/eos/home-p/pelai/HZa/root_TnP//hza_resolve_phid_lowpt_2023preBPix_sf//DY_MC_LO_2023preBPix_hza_resolve_phid_lowpt_2023preBPix_sf.nominalFit.root",
    "histFile": "/eos/home-p/pelai/HZa/root_TnP//hza_resolve_phid_lowpt_2023preBPix_sf//DY_MC_LO_2023preBPix_hza_resolve_phid_lowpt_2023preBPix_sf.root",
    "isMC": true,
    "mcRefHistFile": "/eos/home-p/pelai/HZa/root_TnP//hza_resolve_phid_lowpt_2023preBPix_sf//DY_MC_LO_2023preBPix_hza_resolve_phid_lowpt_2023preBPix_sf.root",
    "mcTruth": true,
    "name": "DY_MC_LO_2023preBPix"
  },
  "workspace": {
    "effective_parsed": [
      {
        "max": 5.0,
        "min": -5.0,
        "name": "meanP",
        "raw": "meanP[-0.0,-5.0,5.0]",
        "tokens": [
          "-0.0",
          "-5.0",
          "5.0"
        ],
        "value": -0.0
      },
      {
        "max": 2.87,
        "min": 0.4,
        "name": "sigmaP",
        "raw": "sigmaP[0.9,0.4,2.87]",
        "tokens": [
          "0.9",
          "0.4",
          "2.87"
        ],
        "value": 0.9
      },
      {
        "max": 5.0,
        "min": -2.6,
        "name": "meanF",
        "raw": "meanF[-0.0,-2.6,5.0]",
        "tokens": [
          "-0.0",
          "-2.6",
          "5.0"
        ],
        "value": -0.0
      },
      {
        "max": 2.1,
        "min": 0.5,
        "name": "sigmaF",
        "raw": "sigmaF[1.0,0.5,2.1]",
        "tokens": [
          "1.0",
          "0.5",
          "2.1"
        ],
        "value": 1.0
      },
      {
        "max": 80.0,
        "min": 39.0,
        "name": "acmsP",
        "raw": "acmsP[60.,39.,80.]",
        "tokens": [
          "60.",
          "39.",
          "80."
        ],
        "value": 60.0
      },
      {
        "max": 0.09,
        "min": 0.01,
        "name": "betaP",
        "raw": "betaP[0.05,0.01,0.09]",
        "tokens": [
          "0.05",
          "0.01",
          "0.09"
        ],
        "value": 0.05
      },
      {
        "max": 2.0,
        "min": -2.0,
        "name": "gammaP",
        "raw": "gammaP[0.1, -2, 2]",
        "tokens": [
          "0.1",
          "-2",
          "2"
        ],
        "value": 0.1
      },
      {
        "max": 90.0,
        "min": 82.0,
        "name": "peakP",
        "raw": "peakP[87.0,82.0,90.0]",
        "tokens": [
          "87.0",
          "82.0",
          "90.0"
        ],