{
  "bin": {
    "cut": "tag_Ele_pt > 35 && abs(tag_sc_eta) < 2.17 && ph_sc_eta >= -1.444200 && ph_sc_eta < 0.000000 && ph_et >= 10.000000 && ph_et < 20.000000",
    "index": 3,
    "name": "bin03_ph_sc_eta_m1p44To0p00_ph_et_10p00To20p00",
    "title": "; -1.444 < ph_sc_eta < 0.000; 10.000 < ph_et < 20.000",
    "vars": {
      "ph_et": {
        "max": 20,
        "min": 10
      },
      "ph_sc_eta": {
        "max": 0.0,
        "min": -1.4442
      }
    }
  },
  "created_at_utc": "2026-04-20T08:58:43.750761+00:00",
  "derived": {
    "efficiency": 0.6295655140554454,
    "efficiency_error": 0.0011116841558609072,
    "nSigF": {
      "error": 186.71332689630435,
      "isConstant": false,
      "max": 84622.501326,
      "min": 0.5,
      "name": "nSigF",
      "value": 49625.15308240436
    },
    "nSigP": {
      "error": 246.848523417837,
      "isConstant": false,
      "max": 141705.021376,
      "min": 0.5,
      "name": "nSigP",
      "value": 84339.56933232267
    }
  },
  "fit_metadata": {
    "bin_index": 3,
    "fail_hist_uses_pass_hist": false,
    "fit_range": {
      "max": 120.0,
      "min": 60.0
    },
    "truth_fail_template_uses_pass_hist": false,
    "truth_template_source": "/eos/home-p/pelai/HZa/root_TnP//hza_resolve_phid_lowpt_2023preBPix_sf//DY_MC_LO_2023preBPix_hza_resolve_phid_lowpt_2023preBPix_sf.root"
  },
  "fit_result": {
    "fail": {
      "covQual": -1,
      "edm": 1.6529528155254865,
      "floatParsFinal": [
        {
          "error": 0.021689812454574797,
          "isConstant": false,
          "max": 5.0,
          "min": -2.6,
          "name": "meanF",
          "value": -0.0022538974677259738
        },
        {
          "error": 186.71332689630435,
          "isConstant": false,
          "max": 84622.501326,
          "min": 0.5,
          "name": "nSigF",
          "value": 49625.15308240436
        },
        {
          "error": 0.008233887543488028,
          "isConstant": false,
          "max": 1.2000001606183979,
          "min": 0.3200000428315728,
          "name": "sigmaF",
          "value": 0.3200000870980064
        }
      ],
      "floatParsInit": [
        {
          "error": 0.0,
          "isConstant": false,
          "max": 5.0,
          "min": -2.6,
          "name": "meanF",
          "value": -0.0
        },
        {
          "error": 0.0,
          "isConstant": false,
          "max": 84622.501326,
          "min": 0.5,
          "name": "nSigF",
          "value": 50773.500796
        },
        {
          "error": 0.0,
          "isConstant": false,
          "max": 1.2000001606183979,
          "min": 0.3200000428315728,
          "name": "sigmaF",
          "value": 0.5
        }
      ],
      "minNll": -312058.91751386353,
      "numInvalidNLL": 0,
      "status": 160
    },
    "fail_quality": "check",
    "pass": {
      "covQual": -1,
      "edm": 1.2053181945558447,
      "floatParsFinal": [
        {
          "error": 0.01636054819002597,
          "isConstant": false,
          "max": 5.0,
          "min": -5.0,
          "name": "meanP",
          "value": -0.003398776424741179
        },
        {
          "error": 246.848523417837,
          "isConstant": false,
          "max": 141705.021376,
          "min": 0.5,
          "name": "nSigP",
          "value": 84339.56933232267
        },
        {
          "error": 0.004973766972041244,
          "isConstant": false,
          "max": 2.87,
          "min": 0.4,
          "name": "sigmaP",
          "value": 0.40000005353946594
        }
      ],
      "floatParsInit": [
        {
          "error": 0.0,
          "isConstant": false,
          "max": 5.0,
          "min": -5.0,
          "name": "meanP",
          "value": -0.0
        },
        {
          "error": 0.0,
          "isConstant": false,
          "max": 141705.021376,
          "min": 0.5,
          "name": "nSigP",
          "value": 85023.012825
        },
        {
          "error": 0.0,
          "isConstant": false,
          "max": 2.87,
          "min": 0.4,
          "name": "sigmaP",
          "value": 0.9
        }
      ],
      "minNll": -580796.2973349744,
      "numInvalidNLL": 0,
      "status": 160
    },
    "pass_quality": "check",
    "root_read_error": null
  },
  "fit_type": "nominalFit",
  "histograms": {
    "fail": {
      "entries": 53916.0,
      "fit_window": {
        "bin1": 11,
        "bin2": 70,
        "max": 120.0,
        "min": 60.0
      },
      "integral_fit_window": 49625.10787191448,
      "integral_fit_window_error": 265.7846742934816,
      "integral_full": 56415.00088393633,
      "integral_full_error": 283.29607783776004,
      "maximum_bin_center": 89.5,
      "maximum_bin_content": 3472.408118499336,
      "mean": 81.23382645929505,
      "rms": 13.419408123152714
    },
    "pass": {
      "entries": 94484.0,
      "fit_window": {
        "bin1": 11,
        "bin2": 70,
        "max": 120.0,
        "min": 60.0
      },
      "integral_fit_window": 84340.28787210096,
      "integral_fit_window_error": 341.6664779210336,
      "integral_full": 94470.01425048942,
      "integral_full_error": 361.62562910490493,
      "maximum_bin_center": 89.5,
      "maximum_bin_content": 6255.230897841141,
      "mean": 81.57563894481724,
      "rms": 12.756718038268275
    }
  },
  "sample": {
    "fitOutputBinRoot": "/eos/home-p/pelai/HZa/root_TnP//hza_resolve_phid_lowpt_2023preBPix_sf//DY_MC_LO_2023preBPix_hza_resolve_phid_lowpt_2023preBPix_sf.nominalFit-bin03_ph_sc_eta_m1p44To0p00_ph_et_10p00To20p00.root",
    "fitOutputRoot": "/eos/home-p/pelai/HZa/root_TnP//hza_resolve_phid_lowpt_2023preBPix_sf//DY_MC_LO_2023preBPix_hza_resolve_phid_lowpt_2023preBPix_sf.nominalFit.root",
    "histFile": "/eos/home-p/pelai/HZa/root_TnP//hza_resolve_phid_lowpt_2023preBPix_sf//DY_MC_LO_2023preBPix_hza_resolve_phid_lowpt_2023preBPix_sf.root",
    "isMC": true,
    "mcRefHistFile": "/eos/home-p/pelai/HZa/root_TnP//hza_resolve_phid_lowpt_2023preBPix_sf//DY_MC_LO_2023preBPix_hza_resolve_phid_lowpt_2023preBPix_sf.root",
    "mcTruth": true,
    "name": "DY_MC_LO_2023preBPix"
  },
  "workspace": {
    "effective_parsed": [
      {
        "max": 5.0,
        "min": -5.0,
        "name": "meanP",
        "raw": "meanP[-0.0,-5.0,5.0]",
        "tokens": [
          "-0.0",
          "-5.0",
          "5.0"
        ],
        "value": -0.0
      },
      {
        "max": 2.87,
        "min": 0.4,
        "name": "sigmaP",
        "raw": "sigmaP[0.9,0.4,2.87]",
        "tokens": [
          "0.9",
          "0.4",
          "2.87"
        ],
        "value": 0.9
      },
      {
        "max": 5.0,
        "min": -2.6,
        "name": "meanF",
        "raw": "meanF[-0.0,-2.6,5.0]",
        "tokens": [
          "-0.0",
          "-2.6",
          "5.0"
        ],
        "value": -0.0
      },
      {
        "max": 2.1,
        "min": 0.5,
        "name": "sigmaF",
        "raw": "sigmaF[1.0,0.5,2.1]",
        "tokens": [
          "1.0",
          "0.5",
          "2.1"
        ],
        "value": 1.0
      },
      {
        "max": 80.0,
        "min": 39.0,
        "name": "acmsP",
        "raw": "acmsP[60.,39.,80.]",
        "tokens": [
          "60.",
          "39.",
          "80."
        ],
        "value": 60.0
      },
      {
        "max": 0.09,
        "min": 0.01,
        "name": "betaP",
        "raw": "betaP[0.05,0.01,0.09]",
        "tokens": [
          "0.05",
          "0.01",
          "0.09"
        ],
        "value": 0.05
      },
      {
        "max": 2.0,
        "min": -2.0,
        "name": "gammaP",
        "raw": "gammaP[0.1, -2, 2]",
        "tokens": [
          "0.1",
          "-2",
          "2"
        ],
        "value": 0.1
      },
      {
        "max": 90.0,
        "min": 82.0,
        "name": "peakP",
        "raw": "peakP[87.0,82.0,90.0]",
        "tokens": [
          "87.0",
          "82.0",
          "90.0"
        ],