{
  "bin": {
    "cut": "tag_Ele_pt > 35 && abs(tag_sc_eta) < 2.17 && ph_sc_eta >= 0.000000 && ph_sc_eta < 1.444200 && ph_et >= 10.000000 && ph_et < 20.000000",
    "index": 4,
    "name": "bin04_ph_sc_eta_0p00To1p44_ph_et_10p00To20p00",
    "title": "; 0.000 < ph_sc_eta < 1.444; 10.000 < ph_et < 20.000",
    "vars": {
      "ph_et": {
        "max": 20,
        "min": 10
      },
      "ph_sc_eta": {
        "max": 1.4442,
        "min": 0.0
      }
    }
  },
  "created_at_utc": "2026-04-19T19:26:08.279649+00:00",
  "derived": {
    "efficiency": 0.6317742591721247,
    "efficiency_error": 0.0011171500152899992,
    "nSigF": {
      "error": 184.97473688360697,
      "isConstant": false,
      "max": 81074.604322,
      "min": 0.5,
      "name": "nSigF",
      "value": 48687.63976644937
    },
    "nSigP": {
      "error": 245.35001213072974,
      "isConstant": false,
      "max": 138427.652159,
      "min": 0.5,
      "name": "nSigP",
      "value": 83534.62057033704
    }
  },
  "fit_metadata": {
    "bin_index": 4,
    "fail_hist_uses_pass_hist": false,
    "fit_range": {
      "max": 120.0,
      "min": 60.0
    },
    "truth_fail_template_uses_pass_hist": false,
    "truth_template_source": "/eos/home-p/pelai/HZa/root_TnP//hza_resolve_phid_lowpt_2023preBPix_sf//DY_MC_LO_2023preBPix_hza_resolve_phid_lowpt_2023preBPix_sf.root"
  },
  "fit_result": {
    "fail": {
      "covQual": -1,
      "edm": 0.09697146037200136,
      "floatParsFinal": [
        {
          "error": 0.02134964931323724,
          "isConstant": false,
          "max": 5.0,
          "min": -2.6,
          "name": "meanF",
          "value": 0.0010798999668155673
        },
        {
          "error": 184.97473688360697,
          "isConstant": false,
          "max": 81074.604322,
          "min": 0.5,
          "name": "nSigF",
          "value": 48687.63976644937
        },
        {
          "error": 0.007392605325456492,
          "isConstant": false,
          "max": 1.2000000430481215,
          "min": 0.3200000114794991,
          "name": "sigmaF",
          "value": 0.32000001152029056
        }
      ],
      "floatParsInit": [
        {
          "error": 0.0,
          "isConstant": false,
          "max": 5.0,
          "min": -2.6,
          "name": "meanF",
          "value": -0.0
        },
        {
          "error": 0.0,
          "isConstant": false,
          "max": 81074.604322,
          "min": 0.5,
          "name": "nSigF",
          "value": 48644.762593
        },
        {
          "error": 0.0,
          "isConstant": false,
          "max": 1.2000000430481215,
          "min": 0.3200000114794991,
          "name": "sigmaF",
          "value": 0.5
        }
      ],
      "minNll": -306224.22421374934,
      "numInvalidNLL": 0,
      "status": 160
    },
    "fail_quality": "check",
    "pass": {
      "covQual": -1,
      "edm": 2.0844791573700214,
      "floatParsFinal": [
        {
          "error": 0.016046602295656243,
          "isConstant": false,
          "max": 5.0,
          "min": -5.0,
          "name": "meanP",
          "value": -0.003816639660275456
        },
        {
          "error": 245.35001213072974,
          "isConstant": false,
          "max": 138427.652159,
          "min": 0.5,
          "name": "nSigP",
          "value": 83534.62057033704
        },
        {
          "error": 0.004873346277493251,
          "isConstant": false,
          "max": 2.87,
          "min": 0.4,
          "name": "sigmaP",
          "value": 0.4000000143493738
        }
      ],
      "floatParsInit": [
        {
          "error": 0.0,
          "isConstant": false,
          "max": 5.0,
          "min": -5.0,
          "name": "meanP",
          "value": -0.0
        },
        {
          "error": 0.0,
          "isConstant": false,
          "max": 138427.652159,
          "min": 0.5,
          "name": "nSigP",
          "value": 83056.591295
        },
        {
          "error": 0.0,
          "isConstant": false,
          "max": 2.87,
          "min": 0.4,
          "name": "sigmaP",
          "value": 0.9
        }
      ],
      "minNll": -576032.2981269076,
      "numInvalidNLL": 0,
      "status": 170
    },
    "pass_quality": "check",
    "root_read_error": null
  },
  "fit_type": "nominalFit",
  "histograms": {
    "fail": {
      "entries": 51649.0,
      "fit_window": {
        "bin1": 11,
        "bin2": 70,
        "max": 120.0,
        "min": 60.0
      },
      "integral_fit_window": 48688.111838325436,
      "integral_fit_window_error": 263.2138650038912,
      "integral_full": 54049.7362143524,
      "integral_full_error": 277.2507687631599,
      "maximum_bin_center": 89.5,
      "maximum_bin_content": 3593.8505485598525,
      "mean": 82.27355244496482,
      "rms": 12.813931593147752
    },
    "pass": {
      "entries": 92369.0,
      "fit_window": {
        "bin1": 11,
        "bin2": 70,
        "max": 120.0,
        "min": 60.0
      },
      "integral_fit_window": 83533.67000895526,
      "integral_fit_window_error": 340.4733183452579,
      "integral_full": 92285.10143925837,
      "integral_full_error": 357.93073403004735,
      "maximum_bin_center": 89.5,
      "maximum_bin_content": 6306.198422800806,
      "mean": 82.20170556450991,
      "rms": 12.38268483745392
    }
  },
  "sample": {
    "fitOutputBinRoot": "/eos/home-p/pelai/HZa/root_TnP//hza_resolve_phid_lowpt_2023preBPix_sf//DY_MC_LO_2023preBPix_hza_resolve_phid_lowpt_2023preBPix_sf.nominalFit-bin04_ph_sc_eta_0p00To1p44_ph_et_10p00To20p00.root",
    "fitOutputRoot": "/eos/home-p/pelai/HZa/root_TnP//hza_resolve_phid_lowpt_2023preBPix_sf//DY_MC_LO_2023preBPix_hza_resolve_phid_lowpt_2023preBPix_sf.nominalFit.root",
    "histFile": "/eos/home-p/pelai/HZa/root_TnP//hza_resolve_phid_lowpt_2023preBPix_sf//DY_MC_LO_2023preBPix_hza_resolve_phid_lowpt_2023preBPix_sf.root",
    "isMC": true,
    "mcRefHistFile": "/eos/home-p/pelai/HZa/root_TnP//hza_resolve_phid_lowpt_2023preBPix_sf//DY_MC_LO_2023preBPix_hza_resolve_phid_lowpt_2023preBPix_sf.root",
    "mcTruth": true,
    "name": "DY_MC_LO_2023preBPix"
  },
  "workspace": {
    "effective_parsed": [
      {
        "max": 5.0,
        "min": -5.0,
        "name": "meanP",
        "raw": "meanP[-0.0,-5.0,5.0]",
        "tokens": [
          "-0.0",
          "-5.0",
          "5.0"
        ],
        "value": -0.0
      },
      {
        "max": 2.87,
        "min": 0.4,
        "name": "sigmaP",
        "raw": "sigmaP[0.9,0.4,2.87]",
        "tokens": [
          "0.9",
          "0.4",
          "2.87"
        ],
        "value": 0.9
      },
      {
        "max": 5.0,
        "min": -2.6,
        "name": "meanF",
        "raw": "meanF[-0.0,-2.6,5.0]",
        "tokens": [
          "-0.0",
          "-2.6",
          "5.0"
        ],
        "value": -0.0
      },
      {
        "max": 2.1,
        "min": 0.5,
        "name": "sigmaF",
        "raw": "sigmaF[1.0,0.5,2.1]",
        "tokens": [
          "1.0",
          "0.5",
          "2.1"
        ],
        "value": 1.0
      },
      {
        "max": 80.0,
        "min": 39.0,
        "name": "acmsP",
        "raw": "acmsP[60.,39.,80.]",
        "tokens": [
          "60.",
          "39.",
          "80."
        ],
        "value": 60.0
      },
      {
        "max": 0.09,
        "min": 0.01,
        "name": "betaP",
        "raw": "betaP[0.05,0.01,0.09]",
        "tokens": [
          "0.05",
          "0.01",
          "0.09"
        ],
        "value": 0.05
      },
      {
        "max": 2.0,
        "min": -2.0,
        "name": "gammaP",
        "raw": "gammaP[0.1, -2, 2]",
        "tokens": [
          "0.1",
          "-2",
          "2"
        ],
        "value": 0.1
      },
      {
        "max": 90.0,
        "min": 82.0,
        "name": "peakP",
        "raw": "peakP[87.0,82.0,90.0]",
        "tokens": [
          "87.0",
          "82.0",
          "90.0"
        ],