{
  "bin": {
    "cut": "ph_r9 > 0.96 && ph_sc_abseta >= 1.566000 && ph_sc_abseta < 2.500000 && ph_et >= 10.000000 && ph_et < 80.000000 &&  !((ph_sc_eta > -1.566 && ph_sc_eta < 0) && (ph_sc_phi > -1.2 && ph_sc_phi < -0.8))  ",
    "index": 2,
    "name": "bin02_ph_sc_abseta_1p57To2p50_ph_et_10p00To80p00",
    "title": "; 1.566 < ph_sc_abseta < 2.500; 10.000 < ph_et < 80.000",
    "vars": {
      "ph_et": {
        "max": 80,
        "min": 10
      },
      "ph_sc_abseta": {
        "max": 2.5,
        "min": 1.566
      }
    }
  },
  "created_at_utc": "2026-04-24T07:17:48.138474+00:00",
  "derived": {
    "efficiency": 0.9070195687041372,
    "efficiency_error": 0.021108750651978106,
    "nSigF": {
      "error": 1.7495262387574315,
      "isConstant": false,
      "max": 11.200183,
      "min": 0.5,
      "name": "nSigF",
      "value": 7.4118575663324116
    },
    "nSigP": {
      "error": 6.019498275101526,
      "isConstant": false,
      "max": 108.582039,
      "min": 0.5,
      "name": "nSigP",
      "value": 72.30230876989337
    }
  },
  "fit_metadata": {
    "bin_index": 2,
    "fail_hist_uses_pass_hist": false,
    "fit_range": {
      "max": 120.0,
      "min": 60.0
    },
    "truth_fail_template_uses_pass_hist": false,
    "truth_template_source": "/eos/home-p/pelai/HZa/root_TnP/hza_resolve_phcsev_hr9_2023postBPix_sf//DY_MC_NLO_2023postBPix_hza_resolve_phcsev_hr9_2023postBPix_sf.root"
  },
  "fit_result": {
    "fail": {
      "covQual": -1,
      "edm": 0.012473399529801475,
      "floatParsFinal": [
        {
          "error": 0.21975572448399516,
          "isConstant": false,
          "max": 5.0,
          "min": -5.0,
          "name": "meanF",
          "value": 0.01629237886217627
        },
        {
          "error": 1.7495262387574315,
          "isConstant": false,
          "max": 11.200183,
          "min": 0.5,
          "name": "nSigF",
          "value": 7.4118575663324116
        },
        {
          "error": 0.06385400275010941,
          "isConstant": false,
          "max": 1.5000083788746914,
          "min": 0.4000022343665844,
          "name": "sigmaF",
          "value": 0.4000025107247769
        }
      ],
      "floatParsInit": [
        {
          "error": 0.0,
          "isConstant": false,
          "max": 5.0,
          "min": -5.0,
          "name": "meanF",
          "value": -0.0
        },
        {
          "error": 0.0,
          "isConstant": false,
          "max": 11.200183,
          "min": 0.5,
          "name": "nSigF",
          "value": 6.72011
        },
        {
          "error": 0.0,
          "isConstant": false,
          "max": 1.5000083788746914,
          "min": 0.4000022343665844,
          "name": "sigmaF",
          "value": 0.5000027929582305
        }
      ],
      "minNll": 6.8214923466178545,
      "numInvalidNLL": 0,
      "status": 160
    },
    "fail_quality": "check",
    "pass": {
      "covQual": -1,
      "edm": 0.7877100558098992,
      "floatParsFinal": [
        {
          "error": 0.11113307434760689,
          "isConstant": false,
          "max": 5.0,
          "min": -5.0,
          "name": "meanP",
          "value": 0.0075210212717626845
        },
        {
          "error": 6.019498275101526,
          "isConstant": false,
          "max": 108.582039,
          "min": 0.5,
          "name": "nSigP",
          "value": 72.30230876989337
        },
        {
          "error": 0.029009193733962158,
          "isConstant": false,
          "max": 5.0,
          "min": 0.5,
          "name": "sigmaP",
          "value": 0.5000027929582305
        }
      ],
      "floatParsInit": [
        {
          "error": 0.0,
          "isConstant": false,
          "max": 5.0,
          "min": -5.0,
          "name": "meanP",
          "value": -0.0
        },
        {
          "error": 0.0,
          "isConstant": false,
          "max": 108.582039,
          "min": 0.5,
          "name": "nSigP",
          "value": 65.149223
        },
        {
          "error": 0.0,
          "isConstant": false,
          "max": 5.0,
          "min": 0.5,
          "name": "sigmaP",
          "value": 0.9
        }
      ],
      "minNll": -72.29567854847221,
      "numInvalidNLL": 0,
      "status": 160
    },
    "pass_quality": "check",
    "root_read_error": null
  },
  "fit_type": "nominalFit",
  "histograms": {
    "fail": {
      "entries": 19.0,
      "fit_window": {
        "bin1": 11,
        "bin2": 70,
        "max": 120.0,
        "min": 60.0
      },
      "integral_fit_window": 7.4667886236497925,
      "integral_fit_window_error": 4.330600202655878,
      "integral_full": 7.4667886236497925,
      "integral_full_error": 4.330600202655878,
      "maximum_bin_center": 91.5,
      "maximum_bin_content": 3.0506319197871945,
      "mean": 90.9052522299355,
      "rms": 5.062207919233358
    },
    "pass": {
      "entries": 101.0,
      "fit_window": {
        "bin1": 11,
        "bin2": 70,
        "max": 120.0,
        "min": 60.0
      },
      "integral_fit_window": 72.38802605049587,
      "integral_fit_window_error": 11.991116425886204,
      "integral_full": 72.38802605049587,
      "integral_full_error": 11.991116425886204,
      "maximum_bin_center": 91.5,
      "maximum_bin_content": 18.492684623075707,
      "mean": 91.46917749642134,
      "rms": 3.2062770376788974
    }
  },
  "sample": {
    "fitOutputBinRoot": "/eos/home-p/pelai/HZa/root_TnP/hza_resolve_phcsev_hr9_2023postBPix_sf//DY_MC_NLO_2023postBPix_hza_resolve_phcsev_hr9_2023postBPix_sf.nominalFit-bin02_ph_sc_abseta_1p57To2p50_ph_et_10p00To80p00.root",
    "fitOutputRoot": "/eos/home-p/pelai/HZa/root_TnP/hza_resolve_phcsev_hr9_2023postBPix_sf//DY_MC_NLO_2023postBPix_hza_resolve_phcsev_hr9_2023postBPix_sf.nominalFit.root",
    "histFile": "/eos/home-p/pelai/HZa/root_TnP/hza_resolve_phcsev_hr9_2023postBPix_sf//DY_MC_NLO_2023postBPix_hza_resolve_phcsev_hr9_2023postBPix_sf.root",
    "isMC": true,
    "mcRefHistFile": "/eos/home-p/pelai/HZa/root_TnP/hza_resolve_phcsev_hr9_2023postBPix_sf//DY_MC_NLO_2023postBPix_hza_resolve_phcsev_hr9_2023postBPix_sf.root",
    "mcTruth": true,
    "name": "DY_MC_NLO_2023postBPix"
  },
  "workspace": {
    "effective_parsed": [
      {
        "max": 5.0,
        "min": -5.0,
        "name": "meanP",
        "raw": "meanP[-0.0,-5.0,5.0]",
        "tokens": [
          "-0.0",
          "-5.0",
          "5.0"
        ],
        "value": -0.0
      },
      {
        "max": 5.0,
        "min": 0.5,
        "name": "sigmaP",
        "raw": "sigmaP[0.9,0.5,5.0]",
        "tokens": [
          "0.9",
          "0.5",
          "5.0"
        ],
        "value": 0.9
      },
      {
        "max": 5.0,
        "min": -5.0,
        "name": "meanF",
        "raw": "meanF[-0.0,-5.0,5.0]",
        "tokens": [
          "-0.0",
          "-5.0",
          "5.0"
        ],
        "value": -0.0
      },
      {
        "max": 3.0,
        "min": 0.0,
        "name": "sigmaF",
        "raw": "sigmaF[1.0,0.0,3.0]",
        "tokens": [
          "1.0",
          "0.0",
          "3.0"
        ],
        "value": 1.0
      },
      {
        "max": 80.0,
        "min": 50.0,
        "name": "acmsP",
        "raw": "acmsP[60.,50.,80.]",
        "tokens": [
          "60.",
          "50.",
          "80."
        ],
        "value": 60.0
      },
      {
        "max": 0.08,
        "min": 0.01,
        "name": "betaP",
        "raw": "betaP[0.05,0.01,0.08]",
        "tokens": [
          "0.05",
          "0.01",
          "0.08"
        ],
        "value": 0.05
      },
      {
        "max": 2.0,
        "min": -2.0,
        "name": "gammaP",
        "raw": "gammaP[0.1, -2, 2]",
        "tokens": [
          "0.1",
          "-2",
          "2"
        ],
        "value": 0.1
      },
      {
        "max": 90.0,
        "min": 82.0,
        "name": "peakP",
        "raw": "peakP[87.0,82.0,90.0]",