{
  "bin": {
    "cut": "ph_r9 > 0.96 && ph_sc_abseta >= 1.566000 && ph_sc_abseta < 2.500000 && ph_et >= 20.000000 && ph_et < 80.000000 &&  !((ph_sc_eta > -1.566 && ph_sc_eta < 0) && (ph_sc_phi > -1.2 && ph_sc_phi < -0.8))  ",
    "index": 5,
    "name": "bin05_ph_sc_abseta_1p57To2p50_ph_et_20p00To80p00",
    "title": "; 1.566 < ph_sc_abseta < 2.500; 20.000 < ph_et < 80.000",
    "vars": {
      "ph_et": {
        "max": 80,
        "min": 20
      },
      "ph_sc_abseta": {
        "max": 2.5,
        "min": 1.566
      }
    }
  },
  "created_at_utc": "2026-04-23T17:06:45.913305+00:00",
  "derived": {
    "efficiency": 0.656087908144338,
    "efficiency_error": 0.10885636849019079,
    "nSigF": {
      "error": 1.6000687621872527,
      "isConstant": false,
      "max": 5.982377,
      "min": 0.5,
      "name": "nSigF",
      "value": 3.93776928103317
    },
    "nSigP": {
      "error": 1.9537134472516668,
      "isConstant": false,
      "max": 11.457998,
      "min": 0.5,
      "name": "nSigP",
      "value": 7.512160437302614
    }
  },
  "fit_metadata": {
    "bin_index": 5,
    "fail_hist_uses_pass_hist": false,
    "fit_range": {
      "max": 120.0,
      "min": 60.0
    },
    "truth_fail_template_uses_pass_hist": false,
    "truth_template_source": "/eos/home-p/pelai/HZa/root_TnP/hza_resolve_phcsev_hr9_2023postBPix_sf//DY_MC_NLO_2023postBPix_hza_resolve_phcsev_hr9_2023postBPix_sf.root"
  },
  "fit_result": {
    "fail": {
      "covQual": -1,
      "edm": 7.161057375131325e-05,
      "floatParsFinal": [
        {
          "error": 0.26345574075914624,
          "isConstant": false,
          "max": 1.0,
          "min": -2.0,
          "name": "meanF",
          "value": 0.002676267664710963
        },
        {
          "error": 1.6000687621872527,
          "isConstant": false,
          "max": 5.982377,
          "min": 0.5,
          "name": "nSigF",
          "value": 3.93776928103317
        },
        {
          "error": 0.08550123415467159,
          "isConstant": false,
          "max": 1.500000908207001,
          "min": 0.4000002421885336,
          "name": "sigmaF",
          "value": 0.40000491845918007
        }
      ],
      "floatParsInit": [
        {
          "error": 0.0,
          "isConstant": false,
          "max": 1.0,
          "min": -2.0,
          "name": "meanF",
          "value": -0.2
        },
        {
          "error": 0.0,
          "isConstant": false,
          "max": 5.982377,
          "min": 0.5,
          "name": "nSigF",
          "value": 3.589426
        },
        {
          "error": 0.0,
          "isConstant": false,
          "max": 1.500000908207001,
          "min": 0.4000002421885336,
          "name": "sigmaF",
          "value": 0.500000302735667
        }
      ],
      "minNll": 4.858250596549798,
      "numInvalidNLL": 0,
      "status": 320
    },
    "fail_quality": "check",
    "pass": {
      "covQual": -1,
      "edm": 0.08779855504119709,
      "floatParsFinal": [
        {
          "error": 0.22844028023173069,
          "isConstant": false,
          "max": 5.0,
          "min": -5.0,
          "name": "meanP",
          "value": 0.0230085231379773
        },
        {
          "error": 1.9537134472516668,
          "isConstant": false,
          "max": 11.457998,
          "min": 0.5,
          "name": "nSigP",
          "value": 7.512160437302614
        },
        {
          "error": 0.07681922578979966,
          "isConstant": false,
          "max": 5.0,
          "min": 0.5,
          "name": "sigmaP",
          "value": 0.500000302735667
        }
      ],
      "floatParsInit": [
        {
          "error": 0.0,
          "isConstant": false,
          "max": 5.0,
          "min": -5.0,
          "name": "meanP",
          "value": -0.0
        },
        {
          "error": 0.0,
          "isConstant": false,
          "max": 11.457998,
          "min": 0.5,
          "name": "nSigP",
          "value": 6.874799
        },
        {
          "error": 0.0,
          "isConstant": false,
          "max": 5.0,
          "min": 0.5,
          "name": "sigmaP",
          "value": 0.9
        }
      ],
      "minNll": 3.727597502866124,
      "numInvalidNLL": 0,
      "status": 160
    },
    "pass_quality": "check",
    "root_read_error": null
  },
  "fit_type": "nominalFit",
  "histograms": {
    "fail": {
      "entries": 3.0,
      "fit_window": {
        "bin1": 11,
        "bin2": 70,
        "max": 120.0,
        "min": 60.0
      },
      "integral_fit_window": 3.988251172115673,
      "integral_fit_window_error": 2.3120856922304154,
      "integral_full": 3.988251172115673,
      "integral_full_error": 2.3120856922304154,
      "maximum_bin_center": 91.5,
      "maximum_bin_content": 1.470737383540966,
      "mean": 89.06879535000104,
      "rms": 5.879133487105021
    },
    "pass": {
      "entries": 15.0,
      "fit_window": {
        "bin1": 11,
        "bin2": 70,
        "max": 120.0,
        "min": 60.0
      },
      "integral_fit_window": 7.638665664779604,
      "integral_fit_window_error": 3.754030704995628,
      "integral_full": 7.638665664779604,
      "integral_full_error": 3.754030704995628,
      "maximum_bin_center": 91.5,
      "maximum_bin_content": 3.4980992101499364,
      "mean": 90.128161365761,
      "rms": 2.6414436485178805
    }
  },
  "sample": {
    "fitOutputBinRoot": "/eos/home-p/pelai/HZa/root_TnP/hza_resolve_phcsev_hr9_2023postBPix_sf//DY_MC_NLO_2023postBPix_hza_resolve_phcsev_hr9_2023postBPix_sf.nominalFit-bin05_ph_sc_abseta_1p57To2p50_ph_et_20p00To80p00.root",
    "fitOutputRoot": "/eos/home-p/pelai/HZa/root_TnP/hza_resolve_phcsev_hr9_2023postBPix_sf//DY_MC_NLO_2023postBPix_hza_resolve_phcsev_hr9_2023postBPix_sf.nominalFit.root",
    "histFile": "/eos/home-p/pelai/HZa/root_TnP/hza_resolve_phcsev_hr9_2023postBPix_sf//DY_MC_NLO_2023postBPix_hza_resolve_phcsev_hr9_2023postBPix_sf.root",
    "isMC": true,
    "mcRefHistFile": "/eos/home-p/pelai/HZa/root_TnP/hza_resolve_phcsev_hr9_2023postBPix_sf//DY_MC_NLO_2023postBPix_hza_resolve_phcsev_hr9_2023postBPix_sf.root",
    "mcTruth": true,
    "name": "DY_MC_NLO_2023postBPix"
  },
  "workspace": {
    "effective_parsed": [
      {
        "max": 5.0,
        "min": -5.0,
        "name": "meanP",
        "raw": "meanP[-0.0,-5.0,5.0]",
        "tokens": [
          "-0.0",
          "-5.0",
          "5.0"
        ],
        "value": -0.0
      },
      {
        "max": 5.0,
        "min": 0.5,
        "name": "sigmaP",
        "raw": "sigmaP[0.9,0.5,5.0]",
        "tokens": [
          "0.9",
          "0.5",
          "5.0"
        ],
        "value": 0.9
      },
      {
        "max": 80.0,
        "min": 50.0,
        "name": "acmsP",
        "raw": "acmsP[60.,50.,80.]",
        "tokens": [
          "60.",
          "50.",
          "80."
        ],
        "value": 60.0
      },
      {
        "max": 0.08,
        "min": 0.01,
        "name": "betaP",
        "raw": "betaP[0.05,0.01,0.08]",
        "tokens": [
          "0.05",
          "0.01",
          "0.08"
        ],
        "value": 0.05
      },
      {
        "max": 2.0,
        "min": -2.0,
        "name": "gammaP",
        "raw": "gammaP[0.1, -2, 2]",
        "tokens": [
          "0.1",
          "-2",
          "2"
        ],
        "value": 0.1
      },
      {
        "max": 90.0,
        "min": 82.0,
        "name": "peakP",
        "raw": "peakP[87.0,82.0,90.0]",
        "tokens": [
          "87.0",
          "82.0",
          "90.0"
        ],
        "value": 87.0
      },
      {
        "max": 90.0,
        "min": 82.0,
        "name": "peakF",
        "raw": "peakF[87.0,82.0,90.0]",
        "tokens": [
          "87.0",
          "82.0",
          "90.0"
        ],
        "value": 87.0
      },
      {
        "max": 1.0,
        "min": -2.0,
        "name": "meanF",
        "raw": "meanF[-0.2,-2.0,1.0]",
        "tokens": [
          "-0.2",
          "-2.0",
          "1.0"
        ],