{
  "bin": {
    "cut": "ph_r9 > 0.96 && ph_sc_eta >= 1.566000 && ph_sc_eta < 2.500000 && ph_et >= 10.000000 && ph_et < 20.000000 &&  !((ph_sc_eta > -1.566 && ph_sc_eta < 0) && (ph_sc_phi > -1.2 && ph_sc_phi < -0.8))  ",
    "index": 5,
    "name": "bin05_ph_sc_eta_1p57To2p50_ph_et_10p00To20p00",
    "title": "; 1.566 < ph_sc_eta < 2.500; 10.000 < ph_et < 20.000",
    "vars": {
      "ph_et": {
        "max": 20,
        "min": 10
      },
      "ph_sc_eta": {
        "max": 2.5,
        "min": 1.566
      }
    }
  },
  "created_at_utc": "2026-04-21T19:17:54.866786+00:00",
  "derived": {
    "efficiency": 0.9205972685251711,
    "efficiency_error": 0.02809969248259414,
    "nSigF": {
      "error": 0.9231386035235298,
      "isConstant": false,
      "max": 3.827577,
      "min": 0.5,
      "name": "nSigF",
      "value": 2.530716446914082
    },
    "nSigP": {
      "error": 3.55893697098451,
      "isConstant": false,
      "max": 44.069847,
      "min": 0.5,
      "name": "nSigP",
      "value": 29.341190223152196
    }
  },
  "fit_metadata": {
    "bin_index": 5,
    "fail_hist_uses_pass_hist": false,
    "fit_range": {
      "max": 120.0,
      "min": 60.0
    },
    "truth_fail_template_uses_pass_hist": false,
    "truth_template_source": "/eos/home-p/pelai/HZa/root_TnP/hza_resolve_phcsev_hr9_2023postBPix_sf//DY_MC_NLO_2023postBPix_hza_resolve_phcsev_hr9_2023postBPix_sf.root"
  },
  "fit_result": {
    "fail": {
      "covQual": -1,
      "edm": 0.0789657430068194,
      "floatParsFinal": [
        {
          "error": 0.36351842345738516,
          "isConstant": false,
          "max": 5.0,
          "min": -5.0,
          "name": "meanF",
          "value": -0.052025113364166486
        },
        {
          "error": 0.9231386035235298,
          "isConstant": false,
          "max": 3.827577,
          "min": 0.5,
          "name": "nSigF",
          "value": 2.530716446914082
        },
        {
          "error": 0.16702609839738258,
          "isConstant": false,
          "max": 1.5000064272975655,
          "min": 0.40000171394601747,
          "name": "sigmaF",
          "value": 0.40000171724499095
        }
      ],
      "floatParsInit": [
        {
          "error": 0.0,
          "isConstant": false,
          "max": 5.0,
          "min": -5.0,
          "name": "meanF",
          "value": -0.0
        },
        {
          "error": 0.0,
          "isConstant": false,
          "max": 3.827577,
          "min": 0.5,
          "name": "nSigF",
          "value": 2.296546
        },
        {
          "error": 0.0,
          "isConstant": false,
          "max": 1.5000064272975655,
          "min": 0.40000171394601747,
          "name": "sigmaF",
          "value": 0.5000021424325218
        }
      ],
      "minNll": 3.5664910412981823,
      "numInvalidNLL": 0,
      "status": 320
    },
    "fail_quality": "check",
    "pass": {
      "covQual": -1,
      "edm": 1.3949710250716079,
      "floatParsFinal": [
        {
          "error": 0.13117474238872484,
          "isConstant": false,
          "max": 5.0,
          "min": -5.0,
          "name": "meanP",
          "value": -0.04445421321181797
        },
        {
          "error": 3.55893697098451,
          "isConstant": false,
          "max": 44.069847,
          "min": 0.5,
          "name": "nSigP",
          "value": 29.341190223152196
        },
        {
          "error": 0.0363310067996202,
          "isConstant": false,
          "max": 5.0,
          "min": 0.5,
          "name": "sigmaP",
          "value": 0.5000021424325218
        }
      ],
      "floatParsInit": [
        {
          "error": 0.0,
          "isConstant": false,
          "max": 5.0,
          "min": -5.0,
          "name": "meanP",
          "value": -0.0
        },
        {
          "error": 0.0,
          "isConstant": false,
          "max": 44.069847,
          "min": 0.5,
          "name": "nSigP",
          "value": 26.441908
        },
        {
          "error": 0.0,
          "isConstant": false,
          "max": 5.0,
          "min": 0.5,
          "name": "sigmaP",
          "value": 0.9
        }
      ],
      "minNll": -18.389392631104705,
      "numInvalidNLL": 0,
      "status": 160
    },
    "pass_quality": "check",
    "root_read_error": null
  },
  "fit_type": "nominalFit",
  "histograms": {
    "fail": {
      "entries": 7.0,
      "fit_window": {
        "bin1": 11,
        "bin2": 70,
        "max": 120.0,
        "min": 60.0
      },
      "integral_fit_window": 2.5517178678718526,
      "integral_fit_window_error": 2.9428199303337803,
      "integral_full": 2.5517178678718526,
      "integral_full_error": 2.9428199303337803,
      "maximum_bin_center": 91.5,
      "maximum_bin_content": 1.5798945362462284,
      "mean": 93.3285145289214,
      "rms": 3.2083603491352335
    },
    "pass": {
      "entries": 40.0,
      "fit_window": {
        "bin1": 11,
        "bin2": 70,
        "max": 120.0,
        "min": 60.0
      },
      "integral_fit_window": 29.37989793066329,
      "integral_fit_window_error": 8.215111698949599,
      "integral_full": 29.37989793066329,
      "integral_full_error": 8.215111698949599,
      "maximum_bin_center": 94.5,
      "maximum_bin_content": 8.366788376904173,
      "mean": 92.69580111971047,
      "rms": 2.121871704824072
    }
  },
  "sample": {
    "fitOutputBinRoot": "/eos/home-p/pelai/HZa/root_TnP/hza_resolve_phcsev_hr9_2023postBPix_sf//DY_MC_NLO_2023postBPix_hza_resolve_phcsev_hr9_2023postBPix_sf.nominalFit-bin05_ph_sc_eta_1p57To2p50_ph_et_10p00To20p00.root",
    "fitOutputRoot": "/eos/home-p/pelai/HZa/root_TnP/hza_resolve_phcsev_hr9_2023postBPix_sf//DY_MC_NLO_2023postBPix_hza_resolve_phcsev_hr9_2023postBPix_sf.nominalFit.root",
    "histFile": "/eos/home-p/pelai/HZa/root_TnP/hza_resolve_phcsev_hr9_2023postBPix_sf//DY_MC_NLO_2023postBPix_hza_resolve_phcsev_hr9_2023postBPix_sf.root",
    "isMC": true,
    "mcRefHistFile": "/eos/home-p/pelai/HZa/root_TnP/hza_resolve_phcsev_hr9_2023postBPix_sf//DY_MC_NLO_2023postBPix_hza_resolve_phcsev_hr9_2023postBPix_sf.root",
    "mcTruth": true,
    "name": "DY_MC_NLO_2023postBPix"
  },
  "workspace": {
    "effective_parsed": [
      {
        "max": 5.0,
        "min": -5.0,
        "name": "meanP",
        "raw": "meanP[-0.0,-5.0,5.0]",
        "tokens": [
          "-0.0",
          "-5.0",
          "5.0"
        ],
        "value": -0.0
      },
      {
        "max": 5.0,
        "min": 0.5,
        "name": "sigmaP",
        "raw": "sigmaP[0.9,0.5,5.0]",
        "tokens": [
          "0.9",
          "0.5",
          "5.0"
        ],
        "value": 0.9
      },
      {
        "max": 5.0,
        "min": -5.0,
        "name": "meanF",
        "raw": "meanF[-0.0,-5.0,5.0]",
        "tokens": [
          "-0.0",
          "-5.0",
          "5.0"
        ],
        "value": -0.0
      },
      {
        "max": 3.0,
        "min": 0.0,
        "name": "sigmaF",
        "raw": "sigmaF[1.0,0.0,3.0]",
        "tokens": [
          "1.0",
          "0.0",
          "3.0"
        ],
        "value": 1.0
      },
      {
        "max": 80.0,
        "min": 50.0,
        "name": "acmsP",
        "raw": "acmsP[60.,50.,80.]",
        "tokens": [
          "60.",
          "50.",
          "80."
        ],
        "value": 60.0
      },
      {
        "max": 0.08,
        "min": 0.01,
        "name": "betaP",
        "raw": "betaP[0.05,0.01,0.08]",
        "tokens": [
          "0.05",
          "0.01",
          "0.08"
        ],
        "value": 0.05
      },
      {
        "max": 2.0,
        "min": -2.0,
        "name": "gammaP",
        "raw": "gammaP[0.1, -2, 2]",
        "tokens": [
          "0.1",
          "-2",
          "2"
        ],
        "value": 0.1
      },
      {
        "max": 90.0,
        "min": 82.0,
        "name": "peakP",
        "raw": "peakP[87.0,82.0,90.0]",
        "tokens": [
          "87.0",
          "82.0",
          "90.0"
        ],