{
  "bin": {
    "cut": "tag_Ele_pt > 40 && abs(tag_sc_eta) < 2.17 && (tag_Ele_q + el_q) == 0 && el_sc_abseta >= 0.000000 && el_sc_abseta < 1.444200 && el_et >= 100.000000 && el_et < 500.000000",
    "index": 0,
    "name": "bin00_el_sc_abseta_0p00To1p44_el_et_100p00To500p00",
    "title": "; 0.000 < el_sc_abseta < 1.444; 100.000 < el_et < 500.000",
    "vars": {
      "el_et": {
        "max": 500,
        "min": 100
      },
      "el_sc_abseta": {
        "max": 1.4442,
        "min": 0.0
      }
    }
  },
  "created_at_utc": "2026-05-12T05:29:24.304503+00:00",
  "derived": {
    "efficiency": 0.9832745605812161,
    "efficiency_error": 0.0003161160772278167,
    "nSigF": {
      "error": 33.13896537121582,
      "isConstant": false,
      "max": 2728.92686,
      "min": 0.5,
      "name": "nSigF",
      "value": 1738.8928673103699
    },
    "nSigP": {
      "error": 256.3722542570613,
      "isConstant": false,
      "max": 156327.334391,
      "min": 0.5,
      "name": "nSigP",
      "value": 102228.05375637335
    }
  },
  "fit_metadata": {
    "bin_index": 0,
    "fail_hist_uses_pass_hist": false,
    "fit_range": {
      "max": 120.0,
      "min": 60.0
    },
    "truth_fail_template_uses_pass_hist": true,
    "truth_template_source": "/eos/home-p/pelai/HZa/root_TnP//hza_elid_nongap_highpT_2024_sf//DY_MC_NLO_2024_hza_elid_nongap_highpT_2024_sf.root"
  },
  "fit_result": {
    "fail": {
      "covQual": -1,
      "edm": 1.7558401835370994,
      "floatParsFinal": [
        {
          "error": 0.10711606751447977,
          "isConstant": false,
          "max": 5.0,
          "min": -5.0,
          "name": "meanF",
          "value": -0.10044943654937999
        },
        {
          "error": 33.13896537121582,
          "isConstant": false,
          "max": 2728.92686,
          "min": 0.5,
          "name": "nSigF",
          "value": 1738.8928673103699
        },
        {
          "error": 0.1496474991816461,
          "isConstant": false,
          "max": 5.0,
          "min": 0.5,
          "name": "sigmaF",
          "value": 3.4935709537516417
        }
      ],
      "floatParsInit": [
        {
          "error": 0.0,
          "isConstant": false,
          "max": 5.0,
          "min": -5.0,
          "name": "meanF",
          "value": -0.0
        },
        {
          "error": 0.0,
          "isConstant": false,
          "max": 2728.92686,
          "min": 0.5,
          "name": "nSigF",
          "value": 1637.356116
        },
        {
          "error": 0.0,
          "isConstant": false,
          "max": 5.0,
          "min": 0.5,
          "name": "sigmaF",
          "value": 0.9
        }
      ],
      "minNll": -5274.318321293068,
      "numInvalidNLL": 0,
      "status": 0
    },
    "fail_quality": "check",
    "pass": {
      "covQual": -1,
      "edm": 0.028805307367821602,
      "floatParsFinal": [
        {
          "error": 0.0066953694404157105,
          "isConstant": false,
          "max": 5.0,
          "min": -5.0,
          "name": "meanP",
          "value": 0.0020027870241356993
        },
        {
          "error": 256.3722542570613,
          "isConstant": false,
          "max": 156327.334391,
          "min": 0.5,
          "name": "nSigP",
          "value": 102228.05375637335
        },
        {
          "error": 0.0006184839604583825,
          "isConstant": false,
          "max": 5.0,
          "min": 0.5,
          "name": "sigmaP",
          "value": 0.5000000003931333
        }
      ],
      "floatParsInit": [
        {
          "error": 0.0,
          "isConstant": false,
          "max": 5.0,
          "min": -5.0,
          "name": "meanP",
          "value": -0.0
        },
        {
          "error": 0.0,
          "isConstant": false,
          "max": 156327.334391,
          "min": 0.5,
          "name": "nSigP",
          "value": 93796.400635
        },
        {
          "error": 0.0,
          "isConstant": false,
          "max": 5.0,
          "min": 0.5,
          "name": "sigmaP",
          "value": 0.9
        }
      ],
      "minNll": -786414.3565463732,
      "numInvalidNLL": 0,
      "status": 160
    },
    "pass_quality": "check",
    "root_read_error": null
  },
  "fit_type": "nominalFit",
  "histograms": {
    "fail": {
      "entries": 1635.0,
      "fit_window": {
        "bin1": 11,
        "bin2": 70,
        "max": 120.0,
        "min": 60.0
      },
      "integral_fit_window": 1739.9713197584167,
      "integral_fit_window_error": 52.48741768772953,
      "integral_full": 1819.2845733000815,
      "integral_full_error": 53.65947584566734,
      "maximum_bin_center": 90.5,
      "maximum_bin_content": 197.1399751404411,
      "mean": 92.48669969944406,
      "rms": 10.819009327470019
    },
    "pass": {
      "entries": 94737.0,
      "fit_window": {
        "bin1": 11,
        "bin2": 70,
        "max": 120.0,
        "min": 60.0
      },
      "integral_fit_window": 102227.92251493565,
      "integral_fit_window_error": 398.75018952803447,
      "integral_full": 104218.22292760036,
      "integral_full_error": 402.67111449612526,
      "maximum_bin_center": 90.5,
      "maximum_bin_content": 17093.624141511616,
      "mean": 91.32473572709979,
      "rms": 7.5762541945921145
    }
  },
  "sample": {
    "fitOutputBinRoot": "/eos/home-p/pelai/HZa/root_TnP//hza_elid_nongap_highpT_2024_sf//DY_MC_NLO_2024_hza_elid_nongap_highpT_2024_sf.nominalFit-bin00_el_sc_abseta_0p00To1p44_el_et_100p00To500p00.root",
    "fitOutputRoot": "/eos/home-p/pelai/HZa/root_TnP//hza_elid_nongap_highpT_2024_sf//DY_MC_NLO_2024_hza_elid_nongap_highpT_2024_sf.nominalFit.root",
    "histFile": "/eos/home-p/pelai/HZa/root_TnP//hza_elid_nongap_highpT_2024_sf//DY_MC_NLO_2024_hza_elid_nongap_highpT_2024_sf.root",
    "isMC": true,
    "mcRefHistFile": "/eos/home-p/pelai/HZa/root_TnP//hza_elid_nongap_highpT_2024_sf//DY_MC_NLO_2024_hza_elid_nongap_highpT_2024_sf.root",
    "mcTruth": true,
    "name": "DY_MC_NLO_2024"
  },
  "workspace": {
    "effective_parsed": [
      {
        "max": 5.0,
        "min": -5.0,
        "name": "meanP",
        "raw": "meanP[-0.0,-5.0,5.0]",
        "tokens": [
          "-0.0",
          "-5.0",
          "5.0"
        ],
        "value": -0.0
      },
      {
        "max": 5.0,
        "min": 0.5,
        "name": "sigmaP",
        "raw": "sigmaP[0.9,0.5,5.0]",
        "tokens": [
          "0.9",
          "0.5",
          "5.0"
        ],
        "value": 0.9
      },
      {
        "max": 5.0,
        "min": -5.0,
        "name": "meanF",
        "raw": "meanF[-0.0,-5.0,5.0]",
        "tokens": [
          "-0.0",
          "-5.0",
          "5.0"
        ],
        "value": -0.0
      },
      {
        "max": 5.0,
        "min": 0.5,
        "name": "sigmaF",
        "raw": "sigmaF[0.9,0.5,5.0]",
        "tokens": [
          "0.9",
          "0.5",
          "5.0"
        ],
        "value": 0.9
      },
      {
        "max": 90.0,
        "min": 45.0,
        "name": "acmsP",
        "raw": "acmsP[65.,45.,90.]",
        "tokens": [
          "65.",
          "45.",
          "90."
        ],
        "value": 65.0
      },
      {
        "max": 0.1,
        "min": 0.005,
        "name": "betaP",
        "raw": "betaP[0.05,0.005,0.10]",
        "tokens": [
          "0.05",
          "0.005",
          "0.10"
        ],
        "value": 0.05
      },
      {
        "max": 2.0,
        "min": -2.0,
        "name": "gammaP",
        "raw": "gammaP[0.1, -2, 2]",
        "tokens": [
          "0.1",
          "-2",
          "2"
        ],
        "value": 0.1
      },
      {
        "max": 90.0,
        "min": 82.0,
        "name": "peakP",
        "raw": "peakP[87.0,82.0,90.0]",
        "tokens": [
          "87.0",
          "82.0",
          "90.0"
        ],
        "value": 87.0
      },
      {
        "max": 90.0,
        "min": 45.0,
        "name": "acmsF",
        "raw": "acmsF[65.,45.,90.]",