{
  "bin": {
    "cut": "tag_Ele_pt > 40 && abs(tag_sc_eta) < 2.17 && (tag_Ele_q + el_q) == 0 && el_sc_eta >= -2.500000 && el_sc_eta < -1.566000 && el_et >= 7.000000 && el_et < 15.000000",
    "index": 0,
    "name": "bin00_el_sc_eta_m2p50Tom1p57_el_et_7p00To15p00",
    "title": "; -2.500 < el_sc_eta < -1.566; 7.000 < el_et < 15.000",
    "vars": {
      "el_et": {
        "max": 15,
        "min": 7
      },
      "el_sc_eta": {
        "max": -1.566,
        "min": -2.5
      }
    }
  },
  "created_at_utc": "2026-04-22T18:09:48.690119+00:00",
  "derived": {
    "efficiency": 0.6632447049535786,
    "efficiency_error": 0.0020650887458984017,
    "nSigF": {
      "error": 83.68064301622871,
      "isConstant": false,
      "max": 18950.65462,
      "min": 0.5,
      "name": "nSigF",
      "value": 11100.907350527883
    },
    "nSigP": {
      "error": 117.05198211858078,
      "isConstant": false,
      "max": 36089.609381,
      "min": 0.5,
      "name": "nSigP",
      "value": 21863.40683790272
    }
  },
  "fit_metadata": {
    "bin_index": 0,
    "fail_hist_uses_pass_hist": false,
    "fit_range": {
      "max": 120.0,
      "min": 60.0
    },
    "truth_fail_template_uses_pass_hist": false,
    "truth_template_source": "/eos/home-p/pelai/HZa/root_TnP//hza_elid_nongap_lowpT_2024_sf//DY_MC_LO_2024_hza_elid_nongap_lowpT_2024_sf.root"
  },
  "fit_result": {
    "fail": {
      "covQual": -1,
      "edm": 0.021924038067914996,
      "floatParsFinal": [
        {
          "error": 0.043138836677236725,
          "isConstant": false,
          "max": 1.0,
          "min": -5.0,
          "name": "meanF",
          "value": -0.000212972601328687
        },
        {
          "error": 83.68064301622871,
          "isConstant": false,
          "max": 18950.65462,
          "min": 0.5,
          "name": "nSigF",
          "value": 11100.907350527883
        },
        {
          "error": 0.0056585509948123,
          "isConstant": false,
          "max": 1.5000000875692554,
          "min": 0.4000000233518015,
          "name": "sigmaF",
          "value": 0.40000004444782844
        }
      ],
      "floatParsInit": [
        {
          "error": 0.0,
          "isConstant": false,
          "max": 1.0,
          "min": -5.0,
          "name": "meanF",
          "value": -2.2
        },
        {
          "error": 0.0,
          "isConstant": false,
          "max": 18950.65462,
          "min": 0.5,
          "name": "nSigF",
          "value": 11370.392772
        },
        {
          "error": 0.0,
          "isConstant": false,
          "max": 1.5000000875692554,
          "min": 0.4000000233518015,
          "name": "sigmaF",
          "value": 0.8
        }
      ],
      "minNll": -51670.826535200955,
      "numInvalidNLL": 0,
      "status": 160
    },
    "fail_quality": "check",
    "pass": {
      "covQual": -1,
      "edm": 0.02813599736179355,
      "floatParsFinal": [
        {
          "error": 0.03128166774983843,
          "isConstant": false,
          "max": 5.0,
          "min": -5.0,
          "name": "meanP",
          "value": -0.010599648226936154
        },
        {
          "error": 117.05198211858078,
          "isConstant": false,
          "max": 36089.609381,
          "min": 0.5,
          "name": "nSigP",
          "value": 21863.40683790272
        },
        {
          "error": 0.005370204551050972,
          "isConstant": false,
          "max": 3.0,
          "min": 0.5,
          "name": "sigmaP",
          "value": 0.5000000291897518
        }
      ],
      "floatParsInit": [
        {
          "error": 0.0,
          "isConstant": false,
          "max": 5.0,
          "min": -5.0,
          "name": "meanP",
          "value": -2.0
        },
        {
          "error": 0.0,
          "isConstant": false,
          "max": 36089.609381,
          "min": 0.5,
          "name": "nSigP",
          "value": 21653.765628
        },
        {
          "error": 0.0,
          "isConstant": false,
          "max": 3.0,
          "min": 0.5,
          "name": "sigmaP",
          "value": 1.8
        }
      ],
      "minNll": -119847.38554610896,
      "numInvalidNLL": 0,
      "status": 160
    },
    "pass_quality": "check",
    "root_read_error": null
  },
  "fit_type": "nominalFit",
  "histograms": {
    "fail": {
      "entries": 11273.0,
      "fit_window": {
        "bin1": 11,
        "bin2": 70,
        "max": 120.0,
        "min": 60.0
      },
      "integral_fit_window": 11101.158007931348,
      "integral_fit_window_error": 132.66240327012179,
      "integral_full": 12633.769746730293,
      "integral_full_error": 141.60446974649741,
      "maximum_bin_center": 90.5,
      "maximum_bin_content": 606.9038278941664,
      "mean": 81.77791213704899,
      "rms": 14.049827132331586
    },
    "pass": {
      "entries": 21305.0,
      "fit_window": {
        "bin1": 11,
        "bin2": 70,
        "max": 120.0,
        "min": 60.0
      },
      "integral_fit_window": 21864.03609923627,
      "integral_fit_window_error": 186.78642691425543,
      "integral_full": 24059.73958722126,
      "integral_full_error": 195.8726981280536,
      "maximum_bin_center": 90.5,
      "maximum_bin_content": 1468.96244395458,
      "mean": 83.82828023706142,
      "rms": 12.79274085770688
    }
  },
  "sample": {
    "fitOutputBinRoot": "/eos/home-p/pelai/HZa/root_TnP//hza_elid_nongap_lowpT_2024_sf//DY_MC_LO_2024_hza_elid_nongap_lowpT_2024_sf.nominalFit-bin00_el_sc_eta_m2p50Tom1p57_el_et_7p00To15p00.root",
    "fitOutputRoot": "/eos/home-p/pelai/HZa/root_TnP//hza_elid_nongap_lowpT_2024_sf//DY_MC_LO_2024_hza_elid_nongap_lowpT_2024_sf.nominalFit.root",
    "histFile": "/eos/home-p/pelai/HZa/root_TnP//hza_elid_nongap_lowpT_2024_sf//DY_MC_LO_2024_hza_elid_nongap_lowpT_2024_sf.root",
    "isMC": true,
    "mcRefHistFile": "/eos/home-p/pelai/HZa/root_TnP//hza_elid_nongap_lowpT_2024_sf//DY_MC_LO_2024_hza_elid_nongap_lowpT_2024_sf.root",
    "mcTruth": true,
    "name": "DY_MC_LO_2024"
  },
  "workspace": {
    "effective_parsed": [
      {
        "max": 90.0,
        "min": 82.0,
        "name": "peakP",
        "raw": "peakP[87.0,82.0,90.0]",
        "tokens": [
          "87.0",
          "82.0",
          "90.0"
        ],
        "value": 87.0
      },
      {
        "max": 90.0,
        "min": 82.0,
        "name": "peakF",
        "raw": "peakF[87.0,82.0,90.0]",
        "tokens": [
          "87.0",
          "82.0",
          "90.0"
        ],
        "value": 87.0
      },
      {
        "max": 5.0,
        "min": -5.0,
        "name": "meanP",
        "raw": "meanP[-2.0,-5.0,5.0]",
        "tokens": [
          "-2.0",
          "-5.0",
          "5.0"
        ],
        "value": -2.0
      },
      {
        "max": 3.0,
        "min": 0.5,
        "name": "sigmaP",
        "raw": "sigmaP[1.8,0.5,3.0]",
        "tokens": [
          "1.8",
          "0.5",
          "3.0"
        ],
        "value": 1.8
      },
      {
        "max": 1.0,
        "min": -5.0,
        "name": "meanF",
        "raw": "meanF[-2.2,-5.0,1.0]",
        "tokens": [
          "-2.2",
          "-5.0",
          "1.0"
        ],
        "value": -2.2
      },
      {
        "max": 4.5,
        "min": 0.8,
        "name": "sigmaF",
        "raw": "sigmaF[3.0,0.8,4.5]",
        "tokens": [
          "3.0",
          "0.8",
          "4.5"
        ],
        "value": 3.0
      },
      {
        "max": 95.0,
        "min": 25.0,
        "name": "acmsP",
        "raw": "acmsP[60.,25.,95.]",
        "tokens": [
          "60.",
          "25.",
          "95."
        ],
        "value": 60.0
      },
      {
        "max": 0.12,
        "min": 0.001,
        "name": "betaP",
        "raw": "betaP[0.06,0.001,0.12]",
        "tokens": [
          "0.06",
          "0.001",
          "0.12"
        ],
        "value": 0.06
      },
      {
        "max": 2.0,
        "min": -2.0,
        "name": "gammaP",
        "raw": "gammaP[0.05,-2,2.]",