{
  "bin": {
    "cut": "tag_Ele_pt > 40 && abs(tag_sc_eta) < 2.17 && (tag_Ele_q + el_q) == 0 && el_sc_eta >= 1.444200 && el_sc_eta < 1.566000 && el_et >= 7.000000 && el_et < 15.000000",
    "index": 4,
    "name": "bin04_el_sc_eta_1p44To1p57_el_et_7p00To15p00",
    "title": "; 1.444 < el_sc_eta < 1.566; 7.000 < el_et < 15.000",
    "vars": {
      "el_et": {
        "max": 15,
        "min": 7
      },
      "el_sc_eta": {
        "max": 1.566,
        "min": 1.4442
      }
    }
  },
  "created_at_utc": "2026-04-22T17:23:13.540675+00:00",
  "derived": {
    "efficiency": 0.7417107855325175,
    "efficiency_error": 0.005762919995144548,
    "nSigF": {
      "error": 24.417318905464526,
      "isConstant": false,
      "max": 2108.667186,
      "min": 0.5,
      "name": "nSigF",
      "value": 941.0687061914097
    },
    "nSigP": {
      "error": 41.13437685037047,
      "isConstant": false,
      "max": 5463.792511,
      "min": 0.5,
      "name": "nSigP",
      "value": 2702.4001398911514
    }
  },
  "fit_metadata": {
    "bin_index": 4,
    "fail_hist_uses_pass_hist": false,
    "fit_range": {
      "max": 120.0,
      "min": 60.0
    },
    "truth_fail_template_uses_pass_hist": false,
    "truth_template_source": "/eos/home-p/pelai/HZa/root_TnP//hza_elid_nongap_lowpT_2024_sf//DY_MC_LO_2024_hza_elid_nongap_lowpT_2024_sf.root"
  },
  "fit_result": {
    "fail": {
      "covQual": -1,
      "edm": 0.009574984184388593,
      "floatParsFinal": [
        {
          "error": 0.09014600422242136,
          "isConstant": false,
          "max": 5.0,
          "min": -5.0,
          "name": "meanF",
          "value": -0.03009647878396393
        },
        {
          "error": 24.417318905464526,
          "isConstant": false,
          "max": 2108.667186,
          "min": 0.5,
          "name": "nSigF",
          "value": 941.0687061914097
        },
        {
          "error": 0.016593885337369135,
          "isConstant": false,
          "max": 1.5000003045004173,
          "min": 0.40000008120011127,
          "name": "sigmaF",
          "value": 0.4000104720650141
        }
      ],
      "floatParsInit": [
        {
          "error": 0.0,
          "isConstant": false,
          "max": 5.0,
          "min": -5.0,
          "name": "meanF",
          "value": -0.0
        },
        {
          "error": 0.0,
          "isConstant": false,
          "max": 2108.667186,
          "min": 0.5,
          "name": "nSigF",
          "value": 1265.200311
        },
        {
          "error": 0.0,
          "isConstant": false,
          "max": 1.5000003045004173,
          "min": 0.40000008120011127,
          "name": "sigmaF",
          "value": 0.5000001015001391
        }
      ],
      "minNll": -2073.683163652507,
      "numInvalidNLL": 0,
      "status": 160
    },
    "fail_quality": "check",
    "pass": {
      "covQual": -1,
      "edm": 0.046457261789823893,
      "floatParsFinal": [
        {
          "error": 0.062432403293032124,
          "isConstant": false,
          "max": 5.0,
          "min": -5.0,
          "name": "meanP",
          "value": -2.4494092937032974e-05
        },
        {
          "error": 41.13437685037047,
          "isConstant": false,
          "max": 5463.792511,
          "min": 0.5,
          "name": "nSigP",
          "value": 2702.4001398911514
        },
        {
          "error": 0.006775510322468925,
          "isConstant": false,
          "max": 5.0,
          "min": 0.5,
          "name": "sigmaP",
          "value": 0.5000001015001391
        }
      ],
      "floatParsInit": [
        {
          "error": 0.0,
          "isConstant": false,
          "max": 5.0,
          "min": -5.0,
          "name": "meanP",
          "value": -0.0
        },
        {
          "error": 0.0,
          "isConstant": false,
          "max": 5463.792511,
          "min": 0.5,
          "name": "nSigP",
          "value": 3278.275506
        },
        {
          "error": 0.0,
          "isConstant": false,
          "max": 5.0,
          "min": 0.5,
          "name": "sigmaP",
          "value": 0.9
        }
      ],
      "minNll": -8852.728485270221,
      "numInvalidNLL": 0,
      "status": 160
    },
    "pass_quality": "check",
    "root_read_error": null
  },
  "fit_type": "nominalFit",
  "histograms": {
    "fail": {
      "entries": 1232.0,
      "fit_window": {
        "bin1": 11,
        "bin2": 70,
        "max": 120.0,
        "min": 60.0
      },
      "integral_fit_window": 940.7746342977575,
      "integral_fit_window_error": 38.556251202508086,
      "integral_full": 1405.77812372068,
      "integral_full_error": 47.51823936469009,
      "maximum_bin_center": 50.5,
      "maximum_bin_content": 78.16011824262688,
      "mean": 71.36524891989279,
      "rms": 15.075170363902632
    },
    "pass": {
      "entries": 3237.0,
      "fit_window": {
        "bin1": 11,
        "bin2": 70,
        "max": 120.0,
        "min": 60.0
      },
      "integral_fit_window": 2702.9121085895813,
      "integral_fit_window_error": 65.70642621927102,
      "integral_full": 3642.52834040441,
      "integral_full_error": 76.19545398931562,
      "maximum_bin_center": 89.5,
      "maximum_bin_content": 166.9195009306305,
      "mean": 74.9432470675122,
      "rms": 15.155858912889789
    }
  },
  "sample": {
    "fitOutputBinRoot": "/eos/home-p/pelai/HZa/root_TnP//hza_elid_nongap_lowpT_2024_sf//DY_MC_LO_2024_hza_elid_nongap_lowpT_2024_sf.nominalFit-bin04_el_sc_eta_1p44To1p57_el_et_7p00To15p00.root",
    "fitOutputRoot": "/eos/home-p/pelai/HZa/root_TnP//hza_elid_nongap_lowpT_2024_sf//DY_MC_LO_2024_hza_elid_nongap_lowpT_2024_sf.nominalFit.root",
    "histFile": "/eos/home-p/pelai/HZa/root_TnP//hza_elid_nongap_lowpT_2024_sf//DY_MC_LO_2024_hza_elid_nongap_lowpT_2024_sf.root",
    "isMC": true,
    "mcRefHistFile": "/eos/home-p/pelai/HZa/root_TnP//hza_elid_nongap_lowpT_2024_sf//DY_MC_LO_2024_hza_elid_nongap_lowpT_2024_sf.root",
    "mcTruth": true,
    "name": "DY_MC_LO_2024"
  },
  "workspace": {
    "effective_parsed": [
      {
        "max": 5.0,
        "min": -5.0,
        "name": "meanP",
        "raw": "meanP[-0.0,-5.0,5.0]",
        "tokens": [
          "-0.0",
          "-5.0",
          "5.0"
        ],
        "value": -0.0
      },
      {
        "max": 5.0,
        "min": 0.5,
        "name": "sigmaP",
        "raw": "sigmaP[0.9,0.5,5.0]",
        "tokens": [
          "0.9",
          "0.5",
          "5.0"
        ],
        "value": 0.9
      },
      {
        "max": 5.0,
        "min": -5.0,
        "name": "meanF",
        "raw": "meanF[-0.0,-5.0,5.0]",
        "tokens": [
          "-0.0",
          "-5.0",
          "5.0"
        ],
        "value": -0.0
      },
      {
        "max": 5.0,
        "min": 0.5,
        "name": "sigmaF",
        "raw": "sigmaF[0.9,0.5,5.0]",
        "tokens": [
          "0.9",
          "0.5",
          "5.0"
        ],
        "value": 0.9
      },
      {
        "max": 90.0,
        "min": 45.0,
        "name": "acmsP",
        "raw": "acmsP[65.,45.,90.]",
        "tokens": [
          "65.",
          "45.",
          "90."
        ],
        "value": 65.0
      },
      {
        "max": 0.1,
        "min": 0.005,
        "name": "betaP",
        "raw": "betaP[0.05,0.005,0.10]",
        "tokens": [
          "0.05",
          "0.005",
          "0.10"
        ],
        "value": 0.05
      },
      {
        "max": 2.0,
        "min": -2.0,
        "name": "gammaP",
        "raw": "gammaP[0.1, -2, 2]",
        "tokens": [
          "0.1",
          "-2",
          "2"
        ],
        "value": 0.1
      },
      {
        "max": 90.0,
        "min": 82.0,
        "name": "peakP",
        "raw": "peakP[87.0,82.0,90.0]",
        "tokens": [
          "87.0",
          "82.0",
          "90.0"
        ],
        "value": 87.0
      },
      {
        "max": 90.0,
        "min": 45.0,
        "name": "acmsF",
        "raw": "acmsF[65.,45.,90.]",