{
  "bin": {
    "cut": "tag_Ele_pt > 40 && abs(tag_sc_eta) < 2.17 && (tag_Ele_q + el_q) == 0 && el_sc_eta >= 1.444200 && el_sc_eta < 1.566000 && el_et >= 7.000000 && el_et < 15.000000",
    "index": 4,
    "name": "bin04_el_sc_eta_1p44To1p57_el_et_7p00To15p00",
    "title": "; 1.444 < el_sc_eta < 1.566; 7.000 < el_et < 15.000",
    "vars": {
      "el_et": {
        "max": 15,
        "min": 7
      },
      "el_sc_eta": {
        "max": 1.566,
        "min": 1.4442
      }
    }
  },
  "created_at_utc": "2026-04-20T16:36:45.911474+00:00",
  "derived": {
    "efficiency": 0.7418633649794568,
    "efficiency_error": 0.005760416746493772,
    "nSigF": {
      "error": 24.39625756611821,
      "isConstant": false,
      "max": 2108.667186,
      "min": 0.5,
      "name": "nSigF",
      "value": 940.3192637406851
    },
    "nSigP": {
      "error": 41.134377158889265,
      "isConstant": false,
      "max": 5463.792511,
      "min": 0.5,
      "name": "nSigP",
      "value": 2702.399886394096
    }
  },
  "fit_metadata": {
    "bin_index": 4,
    "fail_hist_uses_pass_hist": false,
    "fit_range": {
      "max": 120.0,
      "min": 60.0
    },
    "truth_fail_template_uses_pass_hist": false,
    "truth_template_source": "/eos/home-p/pelai/HZa/root_TnP//hza_elid_nongap_lowpT_2024_sf//DY_MC_LO_2024_hza_elid_nongap_lowpT_2024_sf.root"
  },
  "fit_result": {
    "fail": {
      "covQual": -1,
      "edm": 1.4907057206544197e-05,
      "floatParsFinal": [
        {
          "error": 0.03854854051033839,
          "isConstant": false,
          "max": 5.0,
          "min": 0.1,
          "name": "meanF",
          "value": 0.10000088415012306
        },
        {
          "error": 24.39625756611821,
          "isConstant": false,
          "max": 2108.667186,
          "min": 0.5,
          "name": "nSigF",
          "value": 940.3192637406851
        }
      ],
      "floatParsInit": [
        {
          "error": 0.0,
          "isConstant": false,
          "max": 5.0,
          "min": 0.1,
          "name": "meanF",
          "value": 0.2
        },
        {
          "error": 0.0,
          "isConstant": false,
          "max": 2108.667186,
          "min": 0.5,
          "name": "nSigF",
          "value": 1265.200311
        }
      ],
      "minNll": -2071.430816671119,
      "numInvalidNLL": 0,
      "status": 160
    },
    "fail_quality": "check",
    "pass": {
      "covQual": -1,
      "edm": 0.046455379155469885,
      "floatParsFinal": [
        {
          "error": 0.06243196985539168,
          "isConstant": false,
          "max": 5.0,
          "min": -5.0,
          "name": "meanP",
          "value": -2.912736921167891e-05
        },
        {
          "error": 41.134377158889265,
          "isConstant": false,
          "max": 5463.792511,
          "min": 0.5,
          "name": "nSigP",
          "value": 2702.399886394096
        },
        {
          "error": 0.006775408827609797,
          "isConstant": false,
          "max": 5.0,
          "min": 0.5,
          "name": "sigmaP",
          "value": 0.5000001018164333
        }
      ],
      "floatParsInit": [
        {
          "error": 0.0,
          "isConstant": false,
          "max": 5.0,
          "min": -5.0,
          "name": "meanP",
          "value": -0.0
        },
        {
          "error": 0.0,
          "isConstant": false,
          "max": 5463.792511,
          "min": 0.5,
          "name": "nSigP",
          "value": 3278.275506
        },
        {
          "error": 0.0,
          "isConstant": false,
          "max": 5.0,
          "min": 0.5,
          "name": "sigmaP",
          "value": 0.9
        }
      ],
      "minNll": -8852.728763406436,
      "numInvalidNLL": 0,
      "status": 160
    },
    "pass_quality": "check",
    "root_read_error": null
  },
  "fit_type": "nominalFit",
  "histograms": {
    "fail": {
      "entries": 1232.0,
      "fit_window": {
        "bin1": 11,
        "bin2": 70,
        "max": 120.0,
        "min": 60.0
      },
      "integral_fit_window": 940.7746342977575,
      "integral_fit_window_error": 38.556251202508086,
      "integral_full": 1405.77812372068,
      "integral_full_error": 47.51823936469009,
      "maximum_bin_center": 50.5,
      "maximum_bin_content": 78.16011824262688,
      "mean": 71.36524891989279,
      "rms": 15.075170363902632
    },
    "pass": {
      "entries": 3237.0,
      "fit_window": {
        "bin1": 11,
        "bin2": 70,
        "max": 120.0,
        "min": 60.0
      },
      "integral_fit_window": 2702.9121085895813,
      "integral_fit_window_error": 65.70642621927102,
      "integral_full": 3642.52834040441,
      "integral_full_error": 76.19545398931562,
      "maximum_bin_center": 89.5,
      "maximum_bin_content": 166.9195009306305,
      "mean": 74.9432470675122,
      "rms": 15.155858912889789
    }
  },
  "sample": {
    "fitOutputBinRoot": "/eos/home-p/pelai/HZa/root_TnP//hza_elid_nongap_lowpT_2024_sf//DY_MC_LO_2024_hza_elid_nongap_lowpT_2024_sf.nominalFit-bin04_el_sc_eta_1p44To1p57_el_et_7p00To15p00.root",
    "fitOutputRoot": "/eos/home-p/pelai/HZa/root_TnP//hza_elid_nongap_lowpT_2024_sf//DY_MC_LO_2024_hza_elid_nongap_lowpT_2024_sf.nominalFit.root",
    "histFile": "/eos/home-p/pelai/HZa/root_TnP//hza_elid_nongap_lowpT_2024_sf//DY_MC_LO_2024_hza_elid_nongap_lowpT_2024_sf.root",
    "isMC": true,
    "mcRefHistFile": "/eos/home-p/pelai/HZa/root_TnP//hza_elid_nongap_lowpT_2024_sf//DY_MC_LO_2024_hza_elid_nongap_lowpT_2024_sf.root",
    "mcTruth": true,
    "name": "DY_MC_LO_2024"
  },
  "workspace": {
    "effective_parsed": [
      {
        "max": 5.0,
        "min": -5.0,
        "name": "meanP",
        "raw": "meanP[-0.0,-5.0,5.0]",
        "tokens": [
          "-0.0",
          "-5.0",
          "5.0"
        ],
        "value": -0.0
      },
      {
        "max": 5.0,
        "min": 0.5,
        "name": "sigmaP",
        "raw": "sigmaP[0.9,0.5,5.0]",
        "tokens": [
          "0.9",
          "0.5",
          "5.0"
        ],
        "value": 0.9
      },
      {
        "max": 80.0,
        "min": 50.0,
        "name": "acmsP",
        "raw": "acmsP[60.,50.,80.]",
        "tokens": [
          "60.",
          "50.",
          "80."
        ],
        "value": 60.0
      },
      {
        "max": 0.08,
        "min": 0.01,
        "name": "betaP",
        "raw": "betaP[0.05,0.01,0.08]",
        "tokens": [
          "0.05",
          "0.01",
          "0.08"
        ],
        "value": 0.05
      },
      {
        "max": 2.0,
        "min": -2.0,
        "name": "gammaP",
        "raw": "gammaP[0.1, -2, 2]",
        "tokens": [
          "0.1",
          "-2",
          "2"
        ],
        "value": 0.1
      },
      {
        "max": 90.0,
        "min": 82.0,
        "name": "peakP",
        "raw": "peakP[87.0,82.0,90.0]",
        "tokens": [
          "87.0",
          "82.0",
          "90.0"
        ],
        "value": 87.0
      },
      {
        "max": 0.08,
        "min": 0.01,
        "name": "betaF",
        "raw": "betaF[0.05,0.01,0.08]",
        "tokens": [
          "0.05",
          "0.01",
          "0.08"
        ],
        "value": 0.05
      },
      {
        "max": 90.0,
        "min": 82.0,
        "name": "peakF",
        "raw": "peakF[87.0,82.0,90.0]",
        "tokens": [
          "87.0",
          "82.0",
          "90.0"
        ],
        "value": 87.0
      },
      {
        "max": 5.0,
        "min": 0.1,
        "name": "meanF",
        "raw": "meanF[0.2,0.1,5.0]",
        "tokens": [
          "0.2",
          "0.1",
          "5.0"
        ],
        "value": 0.2
      },
      {
        "name": "sigmaF",
        "raw": "sigmaF[1.5]",
        "tokens": [
          "1.5"
        ],
        "value": 1.5
      },
      {
        "max": 80.0,
        "min": 40.0,
        "name": "acmsF",
        "raw": "acmsF[60.,40.,80.]",
        "tokens": [
          "60.",
          "40.",
          "80."
        ],