{
  "bin": {
    "cut": "tag_Ele_pt > 40 && abs(tag_sc_eta) < 2.17 && (tag_Ele_q + el_q) == 0 && el_sc_eta >= -2.500000 && el_sc_eta < -1.566000 && el_et >= 7.000000 && el_et < 15.000000",
    "index": 0,
    "name": "bin00_el_sc_eta_m2p50Tom1p57_el_et_7p00To15p00",
    "title": "; -2.500 < el_sc_eta < -1.566; 7.000 < el_et < 15.000",
    "vars": {
      "el_et": {
        "max": 15,
        "min": 7
      },
      "el_sc_eta": {
        "max": -1.566,
        "min": -2.5
      }
    }
  },
  "created_at_utc": "2026-04-21T16:06:45.481862+00:00",
  "derived": {
    "efficiency": 0.6632512414816418,
    "efficiency_error": 0.0020650652380162326,
    "nSigF": {
      "error": 83.67761866383626,
      "isConstant": false,
      "max": 18950.65462,
      "min": 0.5,
      "name": "nSigF",
      "value": 11100.532034111036
    },
    "nSigP": {
      "error": 117.05135310061632,
      "isConstant": false,
      "max": 36089.609381,
      "min": 0.5,
      "name": "nSigP",
      "value": 21863.307485154415
    }
  },
  "fit_metadata": {
    "bin_index": 0,
    "fail_hist_uses_pass_hist": false,
    "fit_range": {
      "max": 120.0,
      "min": 60.0
    },
    "truth_fail_template_uses_pass_hist": false,
    "truth_template_source": "/eos/home-p/pelai/HZa/root_TnP//hza_elid_nongap_lowpT_2024_sf//DY_MC_LO_2024_hza_elid_nongap_lowpT_2024_sf.root"
  },
  "fit_result": {
    "fail": {
      "covQual": -1,
      "edm": 0.023239360112937493,
      "floatParsFinal": [
        {
          "error": 0.04306259324529238,
          "isConstant": false,
          "max": 5.0,
          "min": -5.0,
          "name": "meanF",
          "value": 0.00013535809840092838
        },
        {
          "error": 83.67761866383626,
          "isConstant": false,
          "max": 18950.65462,
          "min": 0.5,
          "name": "nSigF",
          "value": 11100.532034111036
        },
        {
          "error": 0.005658661803540327,
          "isConstant": false,
          "max": 1.5000006578458225,
          "min": 0.40000017542555266,
          "name": "sigmaF",
          "value": 0.4000002213438114
        }
      ],
      "floatParsInit": [
        {
          "error": 0.0,
          "isConstant": false,
          "max": 5.0,
          "min": -5.0,
          "name": "meanF",
          "value": -0.0
        },
        {
          "error": 0.0,
          "isConstant": false,
          "max": 18950.65462,
          "min": 0.5,
          "name": "nSigF",
          "value": 11370.392772
        },
        {
          "error": 0.0,
          "isConstant": false,
          "max": 1.5000006578458225,
          "min": 0.40000017542555266,
          "name": "sigmaF",
          "value": 0.5000002192819408
        }
      ],
      "minNll": -51670.83542751517,
      "numInvalidNLL": 0,
      "status": 160
    },
    "fail_quality": "check",
    "pass": {
      "covQual": -1,
      "edm": 0.027984533221795102,
      "floatParsFinal": [
        {
          "error": 0.03128142772117881,
          "isConstant": false,
          "max": 5.0,
          "min": -5.0,
          "name": "meanP",
          "value": -0.010606732015626896
        },
        {
          "error": 117.05135310061632,
          "isConstant": false,
          "max": 36089.609381,
          "min": 0.5,
          "name": "nSigP",
          "value": 21863.307485154415
        },
        {
          "error": 0.00537194629991361,
          "isConstant": false,
          "max": 5.0,
          "min": 0.5,
          "name": "sigmaP",
          "value": 0.5000002192819408
        }
      ],
      "floatParsInit": [
        {
          "error": 0.0,
          "isConstant": false,
          "max": 5.0,
          "min": -5.0,
          "name": "meanP",
          "value": -0.0
        },
        {
          "error": 0.0,
          "isConstant": false,
          "max": 36089.609381,
          "min": 0.5,
          "name": "nSigP",
          "value": 21653.765628
        },
        {
          "error": 0.0,
          "isConstant": false,
          "max": 5.0,
          "min": 0.5,
          "name": "sigmaP",
          "value": 0.9
        }
      ],
      "minNll": -119847.38565753555,
      "numInvalidNLL": 0,
      "status": 160
    },
    "pass_quality": "check",
    "root_read_error": null
  },
  "fit_type": "nominalFit",
  "histograms": {
    "fail": {
      "entries": 11273.0,
      "fit_window": {
        "bin1": 11,
        "bin2": 70,
        "max": 120.0,
        "min": 60.0
      },
      "integral_fit_window": 11101.158007931348,
      "integral_fit_window_error": 132.66240327012179,
      "integral_full": 12633.769746730293,
      "integral_full_error": 141.60446974649741,
      "maximum_bin_center": 90.5,
      "maximum_bin_content": 606.9038278941664,
      "mean": 81.77791213704899,
      "rms": 14.049827132331586
    },
    "pass": {
      "entries": 21305.0,
      "fit_window": {
        "bin1": 11,
        "bin2": 70,
        "max": 120.0,
        "min": 60.0
      },
      "integral_fit_window": 21864.03609923627,
      "integral_fit_window_error": 186.78642691425543,
      "integral_full": 24059.73958722126,
      "integral_full_error": 195.8726981280536,
      "maximum_bin_center": 90.5,
      "maximum_bin_content": 1468.96244395458,
      "mean": 83.82828023706142,
      "rms": 12.79274085770688
    }
  },
  "sample": {
    "fitOutputBinRoot": "/eos/home-p/pelai/HZa/root_TnP//hza_elid_nongap_lowpT_2024_sf//DY_MC_LO_2024_hza_elid_nongap_lowpT_2024_sf.nominalFit-bin00_el_sc_eta_m2p50Tom1p57_el_et_7p00To15p00.root",
    "fitOutputRoot": "/eos/home-p/pelai/HZa/root_TnP//hza_elid_nongap_lowpT_2024_sf//DY_MC_LO_2024_hza_elid_nongap_lowpT_2024_sf.nominalFit.root",
    "histFile": "/eos/home-p/pelai/HZa/root_TnP//hza_elid_nongap_lowpT_2024_sf//DY_MC_LO_2024_hza_elid_nongap_lowpT_2024_sf.root",
    "isMC": true,
    "mcRefHistFile": "/eos/home-p/pelai/HZa/root_TnP//hza_elid_nongap_lowpT_2024_sf//DY_MC_LO_2024_hza_elid_nongap_lowpT_2024_sf.root",
    "mcTruth": true,
    "name": "DY_MC_LO_2024"
  },
  "workspace": {
    "effective_parsed": [
      {
        "max": 5.0,
        "min": -5.0,
        "name": "meanP",
        "raw": "meanP[-0.0,-5.0,5.0]",
        "tokens": [
          "-0.0",
          "-5.0",
          "5.0"
        ],
        "value": -0.0
      },
      {
        "max": 5.0,
        "min": 0.5,
        "name": "sigmaP",
        "raw": "sigmaP[0.9,0.5,5.0]",
        "tokens": [
          "0.9",
          "0.5",
          "5.0"
        ],
        "value": 0.9
      },
      {
        "max": 5.0,
        "min": -5.0,
        "name": "meanF",
        "raw": "meanF[-0.0,-5.0,5.0]",
        "tokens": [
          "-0.0",
          "-5.0",
          "5.0"
        ],
        "value": -0.0
      },
      {
        "max": 5.0,
        "min": 0.5,
        "name": "sigmaF",
        "raw": "sigmaF[0.9,0.5,5.0]",
        "tokens": [
          "0.9",
          "0.5",
          "5.0"
        ],
        "value": 0.9
      },
      {
        "max": 90.0,
        "min": 45.0,
        "name": "acmsP",
        "raw": "acmsP[65.,45.,90.]",
        "tokens": [
          "65.",
          "45.",
          "90."
        ],
        "value": 65.0
      },
      {
        "max": 0.1,
        "min": 0.005,
        "name": "betaP",
        "raw": "betaP[0.05,0.005,0.10]",
        "tokens": [
          "0.05",
          "0.005",
          "0.10"
        ],
        "value": 0.05
      },
      {
        "max": 2.0,
        "min": -2.0,
        "name": "gammaP",
        "raw": "gammaP[0.1, -2, 2]",
        "tokens": [
          "0.1",
          "-2",
          "2"
        ],
        "value": 0.1
      },
      {
        "max": 90.0,
        "min": 82.0,
        "name": "peakP",
        "raw": "peakP[87.0,82.0,90.0]",
        "tokens": [
          "87.0",
          "82.0",
          "90.0"
        ],
        "value": 87.0
      },
      {
        "max": 90.0,
        "min": 45.0,
        "name": "acmsF",