{
  "bin": {
    "cut": "tag_Ele_pt > 40 && abs(tag_sc_eta) < 2.17 && (tag_Ele_q + el_q) == 0 && el_sc_eta >= -2.500000 && el_sc_eta < -1.566000 && el_et >= 7.000000 && el_et < 15.000000",
    "index": 0,
    "name": "bin00_el_sc_eta_m2p50Tom1p57_el_et_7p00To15p00",
    "title": "; -2.500 < el_sc_eta < -1.566; 7.000 < el_et < 15.000",
    "vars": {
      "el_et": {
        "max": 15,
        "min": 7
      },
      "el_sc_eta": {
        "max": -1.566,
        "min": -2.5
      }
    }
  },
  "created_at_utc": "2026-04-22T06:46:34.401333+00:00",
  "derived": {
    "efficiency": 0.6632466496369396,
    "efficiency_error": 0.0020650901181999814,
    "nSigF": {
      "error": 83.68364175464922,
      "isConstant": false,
      "max": 18950.65462,
      "min": 0.5,
      "name": "nSigF",
      "value": 11101.277674394816
    },
    "nSigP": {
      "error": 117.05755608458094,
      "isConstant": false,
      "max": 36089.609381,
      "min": 0.5,
      "name": "nSigP",
      "value": 21864.32656510662
    }
  },
  "fit_metadata": {
    "bin_index": 0,
    "fail_hist_uses_pass_hist": false,
    "fit_range": {
      "max": 120.0,
      "min": 60.0
    },
    "truth_fail_template_uses_pass_hist": false,
    "truth_template_source": "/eos/home-p/pelai/HZa/root_TnP//hza_elid_nongap_lowpT_2024_sf//DY_MC_LO_2024_hza_elid_nongap_lowpT_2024_sf.root"
  },
  "fit_result": {
    "fail": {
      "covQual": -1,
      "edm": 0.023680896511661935,
      "floatParsFinal": [
        {
          "error": 0.0430728208733675,
          "isConstant": false,
          "max": 5.0,
          "min": -8.0,
          "name": "meanF",
          "value": 3.517517570728046e-05
        },
        {
          "error": 83.68364175464922,
          "isConstant": false,
          "max": 18950.65462,
          "min": 0.5,
          "name": "nSigF",
          "value": 11101.277674394816
        },
        {
          "error": 0.005658099497887509,
          "isConstant": false,
          "max": 1.5000000021176787,
          "min": 0.40000000056471435,
          "name": "sigmaF",
          "value": 0.40000015698128827
        }
      ],
      "floatParsInit": [
        {
          "error": 0.0,
          "isConstant": false,
          "max": 5.0,
          "min": -8.0,
          "name": "meanF",
          "value": -2.5
        },
        {
          "error": 0.0,
          "isConstant": false,
          "max": 18950.65462,
          "min": 0.5,
          "name": "nSigF",
          "value": 11370.392772
        },
        {
          "error": 0.0,
          "isConstant": false,
          "max": 1.5000000021176787,
          "min": 0.40000000056471435,
          "name": "sigmaF",
          "value": 0.5000000007058929
        }
      ],
      "minNll": -51670.81618123362,
      "numInvalidNLL": 0,
      "status": 160
    },
    "fail_quality": "check",
    "pass": {
      "covQual": -1,
      "edm": 0.02873265158481887,
      "floatParsFinal": [
        {
          "error": 0.03128174570290465,
          "isConstant": false,
          "max": 5.0,
          "min": -5.0,
          "name": "meanP",
          "value": -0.010523110155395088
        },
        {
          "error": 117.05755608458094,
          "isConstant": false,
          "max": 36089.609381,
          "min": 0.5,
          "name": "nSigP",
          "value": 21864.32656510662
        },
        {
          "error": 0.005371770775802143,
          "isConstant": false,
          "max": 5.0,
          "min": 0.5,
          "name": "sigmaP",
          "value": 0.5000000007058929
        }
      ],
      "floatParsInit": [
        {
          "error": 0.0,
          "isConstant": false,
          "max": 5.0,
          "min": -5.0,
          "name": "meanP",
          "value": -2.0
        },
        {
          "error": 0.0,
          "isConstant": false,
          "max": 36089.609381,
          "min": 0.5,
          "name": "nSigP",
          "value": 21653.765628
        },
        {
          "error": 0.0,
          "isConstant": false,
          "max": 5.0,
          "min": 0.5,
          "name": "sigmaP",
          "value": 1.8
        }
      ],
      "minNll": -119847.38557201238,
      "numInvalidNLL": 0,
      "status": 160
    },
    "pass_quality": "check",
    "root_read_error": null
  },
  "fit_type": "nominalFit",
  "histograms": {
    "fail": {
      "entries": 11273.0,
      "fit_window": {
        "bin1": 11,
        "bin2": 70,
        "max": 120.0,
        "min": 60.0
      },
      "integral_fit_window": 11101.158007931348,
      "integral_fit_window_error": 132.66240327012179,
      "integral_full": 12633.769746730293,
      "integral_full_error": 141.60446974649741,
      "maximum_bin_center": 90.5,
      "maximum_bin_content": 606.9038278941664,
      "mean": 81.77791213704899,
      "rms": 14.049827132331586
    },
    "pass": {
      "entries": 21305.0,
      "fit_window": {
        "bin1": 11,
        "bin2": 70,
        "max": 120.0,
        "min": 60.0
      },
      "integral_fit_window": 21864.03609923627,
      "integral_fit_window_error": 186.78642691425543,
      "integral_full": 24059.73958722126,
      "integral_full_error": 195.8726981280536,
      "maximum_bin_center": 90.5,
      "maximum_bin_content": 1468.96244395458,
      "mean": 83.82828023706142,
      "rms": 12.79274085770688
    }
  },
  "sample": {
    "fitOutputBinRoot": "/eos/home-p/pelai/HZa/root_TnP//hza_elid_nongap_lowpT_2024_sf//DY_MC_LO_2024_hza_elid_nongap_lowpT_2024_sf.nominalFit-bin00_el_sc_eta_m2p50Tom1p57_el_et_7p00To15p00.root",
    "fitOutputRoot": "/eos/home-p/pelai/HZa/root_TnP//hza_elid_nongap_lowpT_2024_sf//DY_MC_LO_2024_hza_elid_nongap_lowpT_2024_sf.nominalFit.root",
    "histFile": "/eos/home-p/pelai/HZa/root_TnP//hza_elid_nongap_lowpT_2024_sf//DY_MC_LO_2024_hza_elid_nongap_lowpT_2024_sf.root",
    "isMC": true,
    "mcRefHistFile": "/eos/home-p/pelai/HZa/root_TnP//hza_elid_nongap_lowpT_2024_sf//DY_MC_LO_2024_hza_elid_nongap_lowpT_2024_sf.root",
    "mcTruth": true,
    "name": "DY_MC_LO_2024"
  },
  "workspace": {
    "effective_parsed": [
      {
        "max": 90.0,
        "min": 82.0,
        "name": "peakP",
        "raw": "peakP[87.0,82.0,90.0]",
        "tokens": [
          "87.0",
          "82.0",
          "90.0"
        ],
        "value": 87.0
      },
      {
        "max": 90.0,
        "min": 82.0,
        "name": "peakF",
        "raw": "peakF[87.0,82.0,90.0]",
        "tokens": [
          "87.0",
          "82.0",
          "90.0"
        ],
        "value": 87.0
      },
      {
        "max": 5.0,
        "min": -5.0,
        "name": "meanP",
        "raw": "meanP[-2.0,-5.0,5.0]",
        "tokens": [
          "-2.0",
          "-5.0",
          "5.0"
        ],
        "value": -2.0
      },
      {
        "max": 5.0,
        "min": 0.5,
        "name": "sigmaP",
        "raw": "sigmaP[1.8,0.5,5.0]",
        "tokens": [
          "1.8",
          "0.5",
          "5.0"
        ],
        "value": 1.8
      },
      {
        "max": 5.0,
        "min": -8.0,
        "name": "meanF",
        "raw": "meanF[-2.5,-8.0,5.0]",
        "tokens": [
          "-2.5",
          "-8.0",
          "5.0"
        ],
        "value": -2.5
      },
      {
        "max": 9.0,
        "min": 0.5,
        "name": "sigmaF",
        "raw": "sigmaF[4.5,0.5,9.0]",
        "tokens": [
          "4.5",
          "0.5",
          "9.0"
        ],
        "value": 4.5
      },
      {
        "max": 110.0,
        "min": 25.0,
        "name": "acmsP",
        "raw": "acmsP[60.,25.,110.]",
        "tokens": [
          "60.",
          "25.",
          "110."
        ],
        "value": 60.0
      },
      {
        "max": 0.15,
        "min": 0.001,
        "name": "betaP",
        "raw": "betaP[0.07,0.001,0.15]",
        "tokens": [
          "0.07",
          "0.001",
          "0.15"
        ],
        "value": 0.07
      },
      {
        "max": 2.0,
        "min": -2.0,
        "name": "gammaP",