{
  "bin": {
    "cut": "tag_Ele_pt > 40 && abs(tag_sc_eta) < 2.17 && (tag_Ele_q + el_q) == 0 && el_sc_eta >= 1.566000 && el_sc_eta < 2.500000 && el_et >= 7.000000 && el_et < 15.000000",
    "index": 5,
    "name": "bin05_el_sc_eta_1p57To2p50_el_et_7p00To15p00",
    "title": "; 1.566 < el_sc_eta < 2.500; 7.000 < el_et < 15.000",
    "vars": {
      "el_et": {
        "max": 15,
        "min": 7
      },
      "el_sc_eta": {
        "max": 2.5,
        "min": 1.566
      }
    }
  },
  "created_at_utc": "2026-04-22T06:46:34.335226+00:00",
  "derived": {
    "efficiency": 0.6556393949109288,
    "efficiency_error": 0.0020633525311880498,
    "nSigF": {
      "error": 84.2068761013179,
      "isConstant": false,
      "max": 19699.176154,
      "min": 0.5,
      "name": "nSigF",
      "value": 11401.522102653387
    },
    "nSigP": {
      "error": 116.84539210202092,
      "isConstant": false,
      "max": 36347.089518,
      "min": 0.5,
      "name": "nSigP",
      "value": 21707.730042214655
    }
  },
  "fit_metadata": {
    "bin_index": 5,
    "fail_hist_uses_pass_hist": false,
    "fit_range": {
      "max": 120.0,
      "min": 60.0
    },
    "truth_fail_template_uses_pass_hist": false,
    "truth_template_source": "/eos/home-p/pelai/HZa/root_TnP//hza_elid_nongap_lowpT_2024_sf//DY_MC_LO_2024_hza_elid_nongap_lowpT_2024_sf.root"
  },
  "fit_result": {
    "fail": {
      "covQual": -1,
      "edm": 0.20695231895579885,
      "floatParsFinal": [
        {
          "error": 0.0426559331492391,
          "isConstant": false,
          "max": 5.0,
          "min": -8.0,
          "name": "meanF",
          "value": -0.009927067454037264
        },
        {
          "error": 84.2068761013179,
          "isConstant": false,
          "max": 19699.176154,
          "min": 0.5,
          "name": "nSigF",
          "value": 11401.522102653387
        },
        {
          "error": 0.0069241507590993845,
          "isConstant": false,
          "max": 1.5000000128340905,
          "min": 0.40000000342242414,
          "name": "sigmaF",
          "value": 0.4000000435937034
        }
      ],
      "floatParsInit": [
        {
          "error": 0.0,
          "isConstant": false,
          "max": 5.0,
          "min": -8.0,
          "name": "meanF",
          "value": -2.8
        },
        {
          "error": 0.0,
          "isConstant": false,
          "max": 19699.176154,
          "min": 0.5,
          "name": "nSigF",
          "value": 11819.505692
        },
        {
          "error": 0.0,
          "isConstant": false,
          "max": 1.5000000128340905,
          "min": 0.40000000342242414,
          "name": "sigmaF",
          "value": 0.5000000042780302
        }
      ],
      "minNll": -53386.27455055068,
      "numInvalidNLL": 0,
      "status": 160
    },
    "fail_quality": "check",
    "pass": {
      "covQual": -1,
      "edm": 0.16285790227499358,
      "floatParsFinal": [
        {
          "error": 0.030652200484273084,
          "isConstant": false,
          "max": 5.0,
          "min": -5.0,
          "name": "meanP",
          "value": -0.004931187393339975
        },
        {
          "error": 116.84539210202092,
          "isConstant": false,
          "max": 36347.089518,
          "min": 0.5,
          "name": "nSigP",
          "value": 21707.730042214655
        },
        {
          "error": 0.005284699551682204,
          "isConstant": false,
          "max": 5.0,
          "min": 0.5,
          "name": "sigmaP",
          "value": 0.5000000042780302
        }
      ],
      "floatParsInit": [
        {
          "error": 0.0,
          "isConstant": false,
          "max": 5.0,
          "min": -5.0,
          "name": "meanP",
          "value": -2.0
        },
        {
          "error": 0.0,
          "isConstant": false,
          "max": 36347.089518,
          "min": 0.5,
          "name": "nSigP",
          "value": 21808.253711
        },
        {
          "error": 0.0,
          "isConstant": false,
          "max": 5.0,
          "min": 0.5,
          "name": "sigmaP",
          "value": 1.9
        }
      ],
      "minNll": -118951.57033599523,
      "numInvalidNLL": 0,
      "status": 160
    },
    "pass_quality": "check",
    "root_read_error": null
  },
  "fit_type": "nominalFit",
  "histograms": {
    "fail": {
      "entries": 11602.0,
      "fit_window": {
        "bin1": 11,
        "bin2": 70,
        "max": 120.0,
        "min": 60.0
      },
      "integral_fit_window": 11402.073058864678,
      "integral_fit_window_error": 135.40301389977424,
      "integral_full": 13132.78410237843,
      "integral_full_error": 145.3349368932097,
      "maximum_bin_center": 90.5,
      "maximum_bin_content": 600.4108693972009,
      "mean": 81.26953537727942,
      "rms": 14.319513965550481
    },
    "pass": {
      "entries": 21574.0,
      "fit_window": {
        "bin1": 11,
        "bin2": 70,
        "max": 120.0,
        "min": 60.0
      },
      "integral_fit_window": 21708.301308928436,
      "integral_fit_window_error": 185.7844581736904,
      "integral_full": 24231.39301212849,
      "integral_full_error": 196.45700619462426,
      "maximum_bin_center": 90.5,
      "maximum_bin_content": 1465.5409697123782,
      "mean": 83.24832309925604,
      "rms": 13.159355435462942
    }
  },
  "sample": {
    "fitOutputBinRoot": "/eos/home-p/pelai/HZa/root_TnP//hza_elid_nongap_lowpT_2024_sf//DY_MC_LO_2024_hza_elid_nongap_lowpT_2024_sf.nominalFit-bin05_el_sc_eta_1p57To2p50_el_et_7p00To15p00.root",
    "fitOutputRoot": "/eos/home-p/pelai/HZa/root_TnP//hza_elid_nongap_lowpT_2024_sf//DY_MC_LO_2024_hza_elid_nongap_lowpT_2024_sf.nominalFit.root",
    "histFile": "/eos/home-p/pelai/HZa/root_TnP//hza_elid_nongap_lowpT_2024_sf//DY_MC_LO_2024_hza_elid_nongap_lowpT_2024_sf.root",
    "isMC": true,
    "mcRefHistFile": "/eos/home-p/pelai/HZa/root_TnP//hza_elid_nongap_lowpT_2024_sf//DY_MC_LO_2024_hza_elid_nongap_lowpT_2024_sf.root",
    "mcTruth": true,
    "name": "DY_MC_LO_2024"
  },
  "workspace": {
    "effective_parsed": [
      {
        "max": 90.0,
        "min": 82.0,
        "name": "peakP",
        "raw": "peakP[87.0,82.0,90.0]",
        "tokens": [
          "87.0",
          "82.0",
          "90.0"
        ],
        "value": 87.0
      },
      {
        "max": 90.0,
        "min": 82.0,
        "name": "peakF",
        "raw": "peakF[87.0,82.0,90.0]",
        "tokens": [
          "87.0",
          "82.0",
          "90.0"
        ],
        "value": 87.0
      },
      {
        "max": 5.0,
        "min": -5.0,
        "name": "meanP",
        "raw": "meanP[-2.0,-5.0,5.0]",
        "tokens": [
          "-2.0",
          "-5.0",
          "5.0"
        ],
        "value": -2.0
      },
      {
        "max": 5.0,
        "min": 0.5,
        "name": "sigmaP",
        "raw": "sigmaP[1.9,0.5,5.0]",
        "tokens": [
          "1.9",
          "0.5",
          "5.0"
        ],
        "value": 1.9
      },
      {
        "max": 5.0,
        "min": -8.0,
        "name": "meanF",
        "raw": "meanF[-2.8,-8.0,5.0]",
        "tokens": [
          "-2.8",
          "-8.0",
          "5.0"
        ],
        "value": -2.8
      },
      {
        "max": 10.0,
        "min": 0.5,
        "name": "sigmaF",
        "raw": "sigmaF[5.0,0.5,10.0]",
        "tokens": [
          "5.0",
          "0.5",
          "10.0"
        ],
        "value": 5.0
      },
      {
        "max": 110.0,
        "min": 25.0,
        "name": "acmsP",
        "raw": "acmsP[60.,25.,110.]",
        "tokens": [
          "60.",
          "25.",
          "110."
        ],
        "value": 60.0
      },
      {
        "max": 0.15,
        "min": 0.001,
        "name": "betaP",
        "raw": "betaP[0.07,0.001,0.15]",
        "tokens": [
          "0.07",
          "0.001",
          "0.15"
        ],
        "value": 0.07
      },
      {
        "max": 2.0,
        "min": -2.0,
        "name": "gammaP",