{
  "bin": {
    "cut": "tag_Ele_pt > 40 && abs(tag_sc_eta) < 2.17 && (tag_Ele_q + el_q) == 0 && el_sc_eta >= -1.566000 && el_sc_eta < -1.444200 && el_et >= 7.000000 && el_et < 15.000000",
    "index": 1,
    "name": "bin01_el_sc_eta_m1p57Tom1p44_el_et_7p00To15p00",
    "title": "; -1.566 < el_sc_eta < -1.444; 7.000 < el_et < 15.000",
    "vars": {
      "el_et": {
        "max": 15,
        "min": 7
      },
      "el_sc_eta": {
        "max": -1.4442,
        "min": -1.566
      }
    }
  },
  "created_at_utc": "2026-04-20T17:56:22.618661+00:00",
  "derived": {
    "efficiency": 0.7285711290269095,
    "efficiency_error": 0.00593701994955211,
    "nSigF": {
      "error": 25.214045183649546,
      "isConstant": false,
      "max": 2060.233978,
      "min": 0.5,
      "name": "nSigF",
      "value": 978.2309770283342
    },
    "nSigP": {
      "error": 40.42038289856532,
      "isConstant": false,
      "max": 5049.874409,
      "min": 0.5,
      "name": "nSigP",
      "value": 2625.773908381649
    }
  },
  "fit_metadata": {
    "bin_index": 1,
    "fail_hist_uses_pass_hist": false,
    "fit_range": {
      "max": 120.0,
      "min": 60.0
    },
    "truth_fail_template_uses_pass_hist": false,
    "truth_template_source": "/eos/home-p/pelai/HZa/root_TnP//hza_elid_nongap_lowpT_2024_sf//DY_MC_LO_2024_hza_elid_nongap_lowpT_2024_sf.root"
  },
  "fit_result": {
    "fail": {
      "covQual": -1,
      "edm": 0.014263959825672147,
      "floatParsFinal": [
        {
          "error": 0.0624079694954669,
          "isConstant": false,
          "max": 5.0,
          "min": -5.0,
          "name": "meanF",
          "value": -0.02114588553922747
        },
        {
          "error": 25.214045183649546,
          "isConstant": false,
          "max": 2060.233978,
          "min": 0.5,
          "name": "nSigF",
          "value": 978.2309770283342
        },
        {
          "error": 0.007200952750479578,
          "isConstant": false,
          "max": 1.5000009365864038,
          "min": 0.4000002497563744,
          "name": "sigmaF",
          "value": 0.4000052558353961
        }
      ],
      "floatParsInit": [
        {
          "error": 0.0,
          "isConstant": false,
          "max": 5.0,
          "min": -5.0,
          "name": "meanF",
          "value": -0.0
        },
        {
          "error": 0.0,
          "isConstant": false,
          "max": 2060.233978,
          "min": 0.5,
          "name": "nSigF",
          "value": 1236.140387
        },
        {
          "error": 0.0,
          "isConstant": false,
          "max": 1.5000009365864038,
          "min": 0.4000002497563744,
          "name": "sigmaF",
          "value": 0.5000003121954679
        }
      ],
      "minNll": -2168.9184981172366,
      "numInvalidNLL": 0,
      "status": 160
    },
    "fail_quality": "check",
    "pass": {
      "covQual": -1,
      "edm": 0.15299316146991662,
      "floatParsFinal": [
        {
          "error": 0.057536150929645036,
          "isConstant": false,
          "max": 5.0,
          "min": -5.0,
          "name": "meanP",
          "value": -0.021382897536540213
        },
        {
          "error": 40.42038289856532,
          "isConstant": false,
          "max": 5049.874409,
          "min": 0.5,
          "name": "nSigP",
          "value": 2625.773908381649
        },
        {
          "error": 0.007183467793372644,
          "isConstant": false,
          "max": 5.0,
          "min": 0.5,
          "name": "sigmaP",
          "value": 0.5000003121954679
        }
      ],
      "floatParsInit": [
        {
          "error": 0.0,
          "isConstant": false,
          "max": 5.0,
          "min": -5.0,
          "name": "meanP",
          "value": -0.0
        },
        {
          "error": 0.0,
          "isConstant": false,
          "max": 5049.874409,
          "min": 0.5,
          "name": "nSigP",
          "value": 3029.924645
        },
        {
          "error": 0.0,
          "isConstant": false,
          "max": 5.0,
          "min": 0.5,
          "name": "sigmaP",
          "value": 0.9
        }
      ],
      "minNll": -8603.086369367295,
      "numInvalidNLL": 0,
      "status": 160
    },
    "pass_quality": "check",
    "root_read_error": null
  },
  "fit_type": "nominalFit",
  "histograms": {
    "fail": {
      "entries": 1272.0,
      "fit_window": {
        "bin1": 11,
        "bin2": 70,
        "max": 120.0,
        "min": 60.0
      },
      "integral_fit_window": 978.168993461897,
      "integral_fit_window_error": 38.81180460498034,
      "integral_full": 1373.4893188010283,
      "integral_full_error": 46.11019972826813,
      "maximum_bin_center": 51.5,
      "maximum_bin_content": 67.32028635615848,
      "mean": 72.23583979166568,
      "rms": 14.946385860989302
    },
    "pass": {
      "entries": 2992.0,
      "fit_window": {
        "bin1": 11,
        "bin2": 70,
        "max": 120.0,
        "min": 60.0
      },
      "integral_fit_window": 2626.5069843629226,
      "integral_fit_window_error": 64.97078407588465,
      "integral_full": 3366.582939435742,
      "integral_full_error": 73.57276537450656,
      "maximum_bin_center": 91.5,
      "maximum_bin_content": 158.59071813813543,
      "mean": 76.68009688412896,
      "rms": 15.08038302189233
    }
  },
  "sample": {
    "fitOutputBinRoot": "/eos/home-p/pelai/HZa/root_TnP//hza_elid_nongap_lowpT_2024_sf//DY_MC_LO_2024_hza_elid_nongap_lowpT_2024_sf.nominalFit-bin01_el_sc_eta_m1p57Tom1p44_el_et_7p00To15p00.root",
    "fitOutputRoot": "/eos/home-p/pelai/HZa/root_TnP//hza_elid_nongap_lowpT_2024_sf//DY_MC_LO_2024_hza_elid_nongap_lowpT_2024_sf.nominalFit.root",
    "histFile": "/eos/home-p/pelai/HZa/root_TnP//hza_elid_nongap_lowpT_2024_sf//DY_MC_LO_2024_hza_elid_nongap_lowpT_2024_sf.root",
    "isMC": true,
    "mcRefHistFile": "/eos/home-p/pelai/HZa/root_TnP//hza_elid_nongap_lowpT_2024_sf//DY_MC_LO_2024_hza_elid_nongap_lowpT_2024_sf.root",
    "mcTruth": true,
    "name": "DY_MC_LO_2024"
  },
  "workspace": {
    "effective_parsed": [
      {
        "max": 5.0,
        "min": -5.0,
        "name": "meanP",
        "raw": "meanP[-0.0,-5.0,5.0]",
        "tokens": [
          "-0.0",
          "-5.0",
          "5.0"
        ],
        "value": -0.0
      },
      {
        "max": 5.0,
        "min": 0.5,
        "name": "sigmaP",
        "raw": "sigmaP[0.9,0.5,5.0]",
        "tokens": [
          "0.9",
          "0.5",
          "5.0"
        ],
        "value": 0.9
      },
      {
        "max": 5.0,
        "min": -5.0,
        "name": "meanF",
        "raw": "meanF[-0.0,-5.0,5.0]",
        "tokens": [
          "-0.0",
          "-5.0",
          "5.0"
        ],
        "value": -0.0
      },
      {
        "max": 5.0,
        "min": 0.5,
        "name": "sigmaF",
        "raw": "sigmaF[0.9,0.5,5.0]",
        "tokens": [
          "0.9",
          "0.5",
          "5.0"
        ],
        "value": 0.9
      },
      {
        "max": 80.0,
        "min": 50.0,
        "name": "acmsP",
        "raw": "acmsP[60.,50.,80.]",
        "tokens": [
          "60.",
          "50.",
          "80."
        ],
        "value": 60.0
      },
      {
        "max": 0.08,
        "min": 0.01,
        "name": "betaP",
        "raw": "betaP[0.05,0.01,0.08]",
        "tokens": [
          "0.05",
          "0.01",
          "0.08"
        ],
        "value": 0.05
      },
      {
        "max": 2.0,
        "min": -2.0,
        "name": "gammaP",
        "raw": "gammaP[0.1, -2, 2]",
        "tokens": [
          "0.1",
          "-2",
          "2"
        ],
        "value": 0.1
      },
      {
        "max": 90.0,
        "min": 82.0,
        "name": "peakP",
        "raw": "peakP[87.0,82.0,90.0]",
        "tokens": [
          "87.0",
          "82.0",
          "90.0"
        ],
        "value": 87.0
      },
      {
        "max": 80.0,
        "min": 50.0,
        "name": "acmsF",
        "raw": "acmsF[60.,50.,80.]",