{
  "bin": {
    "cut": "tag_Ele_pt > 40 && abs(tag_sc_eta) < 2.17 && (tag_Ele_q + el_q) == 0 && el_sc_eta >= 0.000000 && el_sc_eta < 1.444200 && el_et >= 7.000000 && el_et < 15.000000",
    "index": 3,
    "name": "bin03_el_sc_eta_0p00To1p44_el_et_7p00To15p00",
    "title": "; 0.000 < el_sc_eta < 1.444; 7.000 < el_et < 15.000",
    "vars": {
      "el_et": {
        "max": 15,
        "min": 7
      },
      "el_sc_eta": {
        "max": 1.4442,
        "min": 0.0
      }
    }
  },
  "created_at_utc": "2026-04-20T17:56:22.542679+00:00",
  "derived": {
    "efficiency": 0.7434824838844165,
    "efficiency_error": 0.0015061938050793288,
    "nSigF": {
      "error": 91.99122711899508,
      "isConstant": false,
      "max": 25017.824789,
      "min": 0.5,
      "name": "nSigF",
      "value": 13510.569022765358
    },
    "nSigP": {
      "error": 156.68964074198448,
      "isConstant": false,
      "max": 68727.615649,
      "min": 0.5,
      "name": "nSigP",
      "value": 39158.617968261286
    }
  },
  "fit_metadata": {
    "bin_index": 3,
    "fail_hist_uses_pass_hist": false,
    "fit_range": {
      "max": 120.0,
      "min": 60.0
    },
    "truth_fail_template_uses_pass_hist": false,
    "truth_template_source": "/eos/home-p/pelai/HZa/root_TnP//hza_elid_nongap_lowpT_2024_sf//DY_MC_LO_2024_hza_elid_nongap_lowpT_2024_sf.root"
  },
  "fit_result": {
    "fail": {
      "covQual": -1,
      "edm": 0.7266184815065946,
      "floatParsFinal": [
        {
          "error": 0.03271180884197289,
          "isConstant": false,
          "max": 5.0,
          "min": -5.0,
          "name": "meanF",
          "value": -0.009412975069738039
        },
        {
          "error": 91.99122711899508,
          "isConstant": false,
          "max": 25017.824789,
          "min": 0.5,
          "name": "nSigF",
          "value": 13510.569022765358
        },
        {
          "error": 0.006983535641371719,
          "isConstant": false,
          "max": 1.5000001147361546,
          "min": 0.4000000305963079,
          "name": "sigmaF",
          "value": 0.4000000377346729
        }
      ],
      "floatParsInit": [
        {
          "error": 0.0,
          "isConstant": false,
          "max": 5.0,
          "min": -5.0,
          "name": "meanF",
          "value": -0.0
        },
        {
          "error": 0.0,
          "isConstant": false,
          "max": 25017.824789,
          "min": 0.5,
          "name": "nSigF",
          "value": 15010.694873
        },
        {
          "error": 0.0,
          "isConstant": false,
          "max": 1.5000001147361546,
          "min": 0.4000000305963079,
          "name": "sigmaF",
          "value": 0.5000000382453849
        }
      ],
      "minNll": -67175.18266107512,
      "numInvalidNLL": 0,
      "status": 160
    },
    "fail_quality": "check",
    "pass": {
      "covQual": -1,
      "edm": 0.14473260269935603,
      "floatParsFinal": [
        {
          "error": 0.018221018160307523,
          "isConstant": false,
          "max": 5.0,
          "min": -5.0,
          "name": "meanP",
          "value": -0.01150231152871406
        },
        {
          "error": 156.68964074198448,
          "isConstant": false,
          "max": 68727.615649,
          "min": 0.5,
          "name": "nSigP",
          "value": 39158.617968261286
        },
        {
          "error": 0.00378371904315411,
          "isConstant": false,
          "max": 5.0,
          "min": 0.5,
          "name": "sigmaP",
          "value": 0.5000000382453849
        }
      ],
      "floatParsInit": [
        {
          "error": 0.0,
          "isConstant": false,
          "max": 5.0,
          "min": -5.0,
          "name": "meanP",
          "value": -0.0
        },
        {
          "error": 0.0,
          "isConstant": false,
          "max": 68727.615649,
          "min": 0.5,
          "name": "nSigP",
          "value": 41236.56939
        },
        {
          "error": 0.0,
          "isConstant": false,
          "max": 5.0,
          "min": 0.5,
          "name": "sigmaP",
          "value": 0.9
        }
      ],
      "minNll": -243320.96905978714,
      "numInvalidNLL": 0,
      "status": 160
    },
    "pass_quality": "check",
    "root_read_error": null
  },
  "fit_type": "nominalFit",
  "histograms": {
    "fail": {
      "entries": 14811.0,
      "fit_window": {
        "bin1": 11,
        "bin2": 70,
        "max": 120.0,
        "min": 60.0
      },
      "integral_fit_window": 13510.888713874909,
      "integral_fit_window_error": 146.8722123092228,
      "integral_full": 16678.54985917583,
      "integral_full_error": 163.03549760403396,
      "maximum_bin_center": 90.5,
      "maximum_bin_content": 938.339275506496,
      "mean": 78.19165599938823,
      "rms": 14.817720286128706
    },
    "pass": {
      "entries": 40605.0,
      "fit_window": {
        "bin1": 11,
        "bin2": 70,
        "max": 120.0,
        "min": 60.0
      },
      "integral_fit_window": 39160.09108806557,
      "integral_fit_window_error": 249.91376895316648,
      "integral_full": 45818.410432971505,
      "integral_full_error": 270.65580704545204,
      "maximum_bin_center": 90.5,
      "maximum_bin_content": 3504.4693083980874,
      "mean": 81.2231386961368,
      "rms": 13.846888063549631
    }
  },
  "sample": {
    "fitOutputBinRoot": "/eos/home-p/pelai/HZa/root_TnP//hza_elid_nongap_lowpT_2024_sf//DY_MC_LO_2024_hza_elid_nongap_lowpT_2024_sf.nominalFit-bin03_el_sc_eta_0p00To1p44_el_et_7p00To15p00.root",
    "fitOutputRoot": "/eos/home-p/pelai/HZa/root_TnP//hza_elid_nongap_lowpT_2024_sf//DY_MC_LO_2024_hza_elid_nongap_lowpT_2024_sf.nominalFit.root",
    "histFile": "/eos/home-p/pelai/HZa/root_TnP//hza_elid_nongap_lowpT_2024_sf//DY_MC_LO_2024_hza_elid_nongap_lowpT_2024_sf.root",
    "isMC": true,
    "mcRefHistFile": "/eos/home-p/pelai/HZa/root_TnP//hza_elid_nongap_lowpT_2024_sf//DY_MC_LO_2024_hza_elid_nongap_lowpT_2024_sf.root",
    "mcTruth": true,
    "name": "DY_MC_LO_2024"
  },
  "workspace": {
    "effective_parsed": [
      {
        "max": 5.0,
        "min": -5.0,
        "name": "meanP",
        "raw": "meanP[-0.0,-5.0,5.0]",
        "tokens": [
          "-0.0",
          "-5.0",
          "5.0"
        ],
        "value": -0.0
      },
      {
        "max": 5.0,
        "min": 0.5,
        "name": "sigmaP",
        "raw": "sigmaP[0.9,0.5,5.0]",
        "tokens": [
          "0.9",
          "0.5",
          "5.0"
        ],
        "value": 0.9
      },
      {
        "max": 5.0,
        "min": -5.0,
        "name": "meanF",
        "raw": "meanF[-0.0,-5.0,5.0]",
        "tokens": [
          "-0.0",
          "-5.0",
          "5.0"
        ],
        "value": -0.0
      },
      {
        "max": 5.0,
        "min": 0.5,
        "name": "sigmaF",
        "raw": "sigmaF[0.9,0.5,5.0]",
        "tokens": [
          "0.9",
          "0.5",
          "5.0"
        ],
        "value": 0.9
      },
      {
        "max": 80.0,
        "min": 50.0,
        "name": "acmsP",
        "raw": "acmsP[60.,50.,80.]",
        "tokens": [
          "60.",
          "50.",
          "80."
        ],
        "value": 60.0
      },
      {
        "max": 0.08,
        "min": 0.01,
        "name": "betaP",
        "raw": "betaP[0.05,0.01,0.08]",
        "tokens": [
          "0.05",
          "0.01",
          "0.08"
        ],
        "value": 0.05
      },
      {
        "max": 2.0,
        "min": -2.0,
        "name": "gammaP",
        "raw": "gammaP[0.1, -2, 2]",
        "tokens": [
          "0.1",
          "-2",
          "2"
        ],
        "value": 0.1
      },
      {
        "max": 90.0,
        "min": 82.0,
        "name": "peakP",
        "raw": "peakP[87.0,82.0,90.0]",
        "tokens": [
          "87.0",
          "82.0",
          "90.0"
        ],
        "value": 87.0
      },
      {
        "max": 80.0,
        "min": 50.0,
        "name": "acmsF",
        "raw": "acmsF[60.,50.,80.]",