{
  "bin": {
    "cut": "tag_Ele_pt > 40 && abs(tag_sc_eta) < 2.17 && (tag_Ele_q + el_q) == 0 && el_sc_eta >= 0.000000 && el_sc_eta < 1.444200 && el_et >= 7.000000 && el_et < 15.000000",
    "index": 3,
    "name": "bin03_el_sc_eta_0p00To1p44_el_et_7p00To15p00",
    "title": "; 0.000 < el_sc_eta < 1.444; 7.000 < el_et < 15.000",
    "vars": {
      "el_et": {
        "max": 15,
        "min": 7
      },
      "el_sc_eta": {
        "max": 1.4442,
        "min": 0.0
      }
    }
  },
  "created_at_utc": "2026-07-10T18:00:19.562886+00:00",
  "derived": {
    "efficiency": 0.7365782892691753,
    "efficiency_error": 9.25498383782894e-06,
    "nSigF": {
      "error": 92.85154013335705,
      "isConstant": false,
      "max": 292060718.67041,
      "min": 0.5,
      "name": "nSigF",
      "value": 157215444.7549088
    },
    "nSigP": {
      "error": 20966.910805523396,
      "isConstant": false,
      "max": 768653414.351074,
      "min": 0.5,
      "name": "nSigP",
      "value": 439604932.42181575
    }
  },
  "fit_metadata": {
    "bin_index": 3,
    "fail_hist_uses_pass_hist": false,
    "fit_range": {
      "max": 120.0,
      "min": 60.0
    },
    "truth_fail_template_uses_pass_hist": false,
    "truth_template_source": "/eos/cms/store/group/phys_susy/NPS-25-014/root_TnP_local//hza_elid_nongap_lowpT_2024_sf//DY_MC_LO_2024_hza_elid_nongap_lowpT_2024_sf.root"
  },
  "fit_result": {
    "fail": {
      "covQual": -1,
      "edm": 7245223.933865193,
      "floatParsFinal": [
        {
          "error": 3.061451244512625e-06,
          "isConstant": false,
          "max": 5.0,
          "min": -5.0,
          "name": "meanF",
          "value": -0.010269534543143166
        },
        {
          "error": 92.85154013335705,
          "isConstant": false,
          "max": 292060718.67041,
          "min": 0.5,
          "name": "nSigF",
          "value": 157215444.7549088
        },
        {
          "error": 6.301331678670863e-11,
          "isConstant": false,
          "max": 5.0,
          "min": 0.5,
          "name": "sigmaF",
          "value": 0.5000000000000248
        }
      ],
      "floatParsInit": [
        {
          "error": 0.0,
          "isConstant": false,
          "max": 5.0,
          "min": -5.0,
          "name": "meanF",
          "value": -0.0
        },
        {
          "error": 0.0,
          "isConstant": false,
          "max": 292060718.67041,
          "min": 0.5,
          "name": "nSigF",
          "value": 175236431.202246
        },
        {
          "error": 0.0,
          "isConstant": false,
          "max": 5.0,
          "min": 0.5,
          "name": "sigmaF",
          "value": 0.9
        }
      ],
      "minNll": -2253482164.7585816,
      "numInvalidNLL": 0,
      "status": -1
    },
    "fail_quality": "check",
    "pass": {
      "covQual": -1,
      "edm": 0.1570157008211192,
      "floatParsFinal": [
        {
          "error": 6.2819312089956725e-06,
          "isConstant": false,
          "max": 5.0,
          "min": -5.0,
          "name": "meanP",
          "value": -0.004882464921481144
        },
        {
          "error": 20966.910805523396,
          "isConstant": false,
          "max": 768653414.351074,
          "min": 0.5,
          "name": "nSigP",
          "value": 439604932.42181575
        },
        {
          "error": 2.2891526785251415e-07,
          "isConstant": false,
          "max": 5.0,
          "min": 0.5,
          "name": "sigmaP",
          "value": 0.5000000472610331
        }
      ],
      "floatParsInit": [
        {
          "error": 0.0,
          "isConstant": false,
          "max": 5.0,
          "min": -5.0,
          "name": "meanP",
          "value": -0.0
        },
        {
          "error": 0.0,
          "isConstant": false,
          "max": 768653414.351074,
          "min": 0.5,
          "name": "nSigP",
          "value": 461192048.610645
        },
        {
          "error": 0.0,
          "isConstant": false,
          "max": 5.0,
          "min": 0.5,
          "name": "sigmaP",
          "value": 0.9
        }
      ],
      "minNll": -6828026371.395505,
      "numInvalidNLL": 0,
      "status": -1
    },
    "pass_quality": "check",
    "root_read_error": null
  },
  "fit_type": "nominalFit",
  "histograms": {
    "fail": {
      "entries": 14466.0,
      "fit_window": {
        "bin1": 11,
        "bin2": 70,
        "max": 120.0,
        "min": 60.0
      },
      "integral_fit_window": 157215018.99316406,
      "integral_fit_window_error": 1693191.8024172632,
      "integral_full": 194707145.78027344,
      "integral_full_error": 1884925.2260918322,
      "maximum_bin_center": 89.5,
      "maximum_bin_content": 11004795.526367188,
      "mean": 78.1394311536445,
      "rms": 14.84622523202491
    },
    "pass": {
      "entries": 39755.0,
      "fit_window": {
        "bin1": 11,
        "bin2": 70,
        "max": 120.0,
        "min": 60.0
      },
      "integral_fit_window": 439598799.38916016,
      "integral_fit_window_error": 2769600.7435595714,
      "integral_full": 512435609.5673828,
      "integral_full_error": 2989664.585163792,
      "maximum_bin_center": 90.5,
      "maximum_bin_content": 39033205.099365234,
      "mean": 81.33047120058762,
      "rms": 13.820554613438205
    }
  },
  "sample": {
    "fitOutputBinRoot": "/eos/cms/store/group/phys_susy/NPS-25-014/root_TnP_local//hza_elid_nongap_lowpT_2024_sf//DY_MC_LO_2024_hza_elid_nongap_lowpT_2024_sf.nominalFit-bin03_el_sc_eta_0p00To1p44_el_et_7p00To15p00.root",
    "fitOutputRoot": "/eos/cms/store/group/phys_susy/NPS-25-014/root_TnP_local//hza_elid_nongap_lowpT_2024_sf//DY_MC_LO_2024_hza_elid_nongap_lowpT_2024_sf.nominalFit.root",
    "histFile": "/eos/cms/store/group/phys_susy/NPS-25-014/root_TnP_local//hza_elid_nongap_lowpT_2024_sf//DY_MC_LO_2024_hza_elid_nongap_lowpT_2024_sf.root",
    "isMC": true,
    "mcRefHistFile": "/eos/cms/store/group/phys_susy/NPS-25-014/root_TnP_local//hza_elid_nongap_lowpT_2024_sf//DY_MC_LO_2024_hza_elid_nongap_lowpT_2024_sf.root",
    "mcTruth": true,
    "name": "DY_MC_LO_2024"
  },
  "workspace": {
    "effective_parsed": [
      {
        "max": 5.0,
        "min": -5.0,
        "name": "meanP",
        "raw": "meanP[-0.0,-5.0,5.0]",
        "tokens": [
          "-0.0",
          "-5.0",
          "5.0"
        ],
        "value": -0.0
      },
      {
        "max": 5.0,
        "min": 0.5,
        "name": "sigmaP",
        "raw": "sigmaP[0.9,0.5,5.0]",
        "tokens": [
          "0.9",
          "0.5",
          "5.0"
        ],
        "value": 0.9
      },
      {
        "max": 5.0,
        "min": -5.0,
        "name": "meanF",
        "raw": "meanF[-0.0,-5.0,5.0]",
        "tokens": [
          "-0.0",
          "-5.0",
          "5.0"
        ],
        "value": -0.0
      },
      {
        "max": 5.0,
        "min": 0.5,
        "name": "sigmaF",
        "raw": "sigmaF[0.9,0.5,5.0]",
        "tokens": [
          "0.9",
          "0.5",
          "5.0"
        ],
        "value": 0.9
      },
      {
        "max": 90.0,
        "min": 45.0,
        "name": "acmsP",
        "raw": "acmsP[65.,45.,90.]",
        "tokens": [
          "65.",
          "45.",
          "90."
        ],
        "value": 65.0
      },
      {
        "max": 0.1,
        "min": 0.005,
        "name": "betaP",
        "raw": "betaP[0.05,0.005,0.10]",
        "tokens": [
          "0.05",
          "0.005",
          "0.10"
        ],
        "value": 0.05
      },
      {
        "max": 2.0,
        "min": -2.0,
        "name": "gammaP",
        "raw": "gammaP[0.1, -2, 2]",
        "tokens": [
          "0.1",
          "-2",
          "2"
        ],
        "value": 0.1
      },
      {
        "max": 90.0,
        "min": 82.0,
        "name": "peakP",
        "raw": "peakP[87.0,82.0,90.0]",
        "tokens": [
          "87.0",
          "82.0",
          "90.0"
        ],
        "value": 87.0
      },
      {
        "max": 90.0,