{
  "bin": {
    "cut": "tag_Ele_pt > 40 && abs(tag_sc_eta) < 2.17 && (tag_Ele_q + el_q) == 0 && el_sc_eta >= -2.500000 && el_sc_eta < -1.566000 && el_et >= 7.000000 && el_et < 15.000000",
    "index": 0,
    "name": "bin00_el_sc_eta_m2p50Tom1p57_el_et_7p00To15p00",
    "title": "; -2.500 < el_sc_eta < -1.566; 7.000 < el_et < 15.000",
    "vars": {
      "el_et": {
        "max": 15,
        "min": 7
      },
      "el_sc_eta": {
        "max": -1.566,
        "min": -2.5
      }
    }
  },
  "created_at_utc": "2026-07-10T18:00:19.834825+00:00",
  "derived": {
    "efficiency": 0.6499056201328941,
    "efficiency_error": 1.4682422843473785e-05,
    "nSigF": {
      "error": 85.07449728250504,
      "isConstant": false,
      "max": 220013380.704712,
      "min": 0.5,
      "name": "nSigF",
      "value": 129376389.93183818
    },
    "nSigP": {
      "error": 15497.438734844327,
      "isConstant": false,
      "max": 396319306.153931,
      "min": 0.5,
      "name": "nSigP",
      "value": 240170787.54912794
    }
  },
  "fit_metadata": {
    "bin_index": 0,
    "fail_hist_uses_pass_hist": false,
    "fit_range": {
      "max": 120.0,
      "min": 60.0
    },
    "truth_fail_template_uses_pass_hist": false,
    "truth_template_source": "/eos/cms/store/group/phys_susy/NPS-25-014/root_TnP_local//hza_elid_nongap_lowpT_2024_sf//DY_MC_LO_2024_hza_elid_nongap_lowpT_2024_sf.root"
  },
  "fit_result": {
    "fail": {
      "covQual": -1,
      "edm": 46088795.23051011,
      "floatParsFinal": [
        {
          "error": 4.815230376209456e-06,
          "isConstant": false,
          "max": 1.0,
          "min": -5.0,
          "name": "meanF",
          "value": -0.017075058938022636
        },
        {
          "error": 85.07449728250504,
          "isConstant": false,
          "max": 220013380.704712,
          "min": 0.5,
          "name": "nSigF",
          "value": 129376389.93183818
        },
        {
          "error": 1.1610361005942593e-09,
          "isConstant": false,
          "max": 4.5,
          "min": 0.8,
          "name": "sigmaF",
          "value": 0.8000000053166666
        }
      ],
      "floatParsInit": [
        {
          "error": 0.0,
          "isConstant": false,
          "max": 1.0,
          "min": -5.0,
          "name": "meanF",
          "value": -2.2
        },
        {
          "error": 0.0,
          "isConstant": false,
          "max": 220013380.704712,
          "min": 0.5,
          "name": "nSigF",
          "value": 132008028.422827
        },
        {
          "error": 0.0,
          "isConstant": false,
          "max": 4.5,
          "min": 0.8,
          "name": "sigmaF",
          "value": 3.0
        }
      ],
      "minNll": -1813557181.8971758,
      "numInvalidNLL": 0,
      "status": -1
    },
    "fail_quality": "check",
    "pass": {
      "covQual": -1,
      "edm": 6.631423749276976e-06,
      "floatParsFinal": [
        {
          "error": 0.00039985771254613667,
          "isConstant": false,
          "max": 5.0,
          "min": -5.0,
          "name": "meanP",
          "value": -0.009505526768476713
        },
        {
          "error": 15497.438734844327,
          "isConstant": false,
          "max": 396319306.153931,
          "min": 0.5,
          "name": "nSigP",
          "value": 240170787.54912794
        },
        {
          "error": 1.1524093942449909e-06,
          "isConstant": false,
          "max": 3.0,
          "min": 0.5,
          "name": "sigmaP",
          "value": 0.5000000000003906
        }
      ],
      "floatParsInit": [
        {
          "error": 0.0,
          "isConstant": false,
          "max": 5.0,
          "min": -5.0,
          "name": "meanP",
          "value": -2.0
        },
        {
          "error": 0.0,
          "isConstant": false,
          "max": 396319306.153931,
          "min": 0.5,
          "name": "nSigP",
          "value": 237791583.692358
        },
        {
          "error": 0.0,
          "isConstant": false,
          "max": 3.0,
          "min": 0.5,
          "name": "sigmaP",
          "value": 1.8
        }
      ],
      "minNll": -3548596933.7781906,
      "numInvalidNLL": 0,
      "status": 240
    },
    "pass_quality": "check",
    "root_read_error": null
  },
  "fit_type": "nominalFit",
  "histograms": {
    "fail": {
      "entries": 11029.0,
      "fit_window": {
        "bin1": 11,
        "bin2": 70,
        "max": 120.0,
        "min": 60.0
      },
      "integral_fit_window": 129376286.49414062,
      "integral_fit_window_error": 1520741.4374878353,
      "integral_full": 146675587.1364746,
      "integral_full_error": 1623396.1356836662,
      "maximum_bin_center": 90.5,
      "maximum_bin_content": 6597930.633056641,
      "mean": 81.95469487790741,
      "rms": 13.988393803499472
    },
    "pass": {
      "entries": 20786.0,
      "fit_window": {
        "bin1": 11,
        "bin2": 70,
        "max": 120.0,
        "min": 60.0
      },
      "integral_fit_window": 240170788.1875,
      "integral_fit_window_error": 2035036.4989082352,
      "integral_full": 264212870.7692871,
      "integral_full_error": 2131342.3783195233,
      "maximum_bin_center": 90.5,
      "maximum_bin_content": 16157148.100097656,
      "mean": 83.76048758586919,
      "rms": 12.814505636808128
    }
  },
  "sample": {
    "fitOutputBinRoot": "/eos/cms/store/group/phys_susy/NPS-25-014/root_TnP_local//hza_elid_nongap_lowpT_2024_sf//DY_MC_LO_2024_hza_elid_nongap_lowpT_2024_sf.nominalFit-bin00_el_sc_eta_m2p50Tom1p57_el_et_7p00To15p00.root",
    "fitOutputRoot": "/eos/cms/store/group/phys_susy/NPS-25-014/root_TnP_local//hza_elid_nongap_lowpT_2024_sf//DY_MC_LO_2024_hza_elid_nongap_lowpT_2024_sf.nominalFit.root",
    "histFile": "/eos/cms/store/group/phys_susy/NPS-25-014/root_TnP_local//hza_elid_nongap_lowpT_2024_sf//DY_MC_LO_2024_hza_elid_nongap_lowpT_2024_sf.root",
    "isMC": true,
    "mcRefHistFile": "/eos/cms/store/group/phys_susy/NPS-25-014/root_TnP_local//hza_elid_nongap_lowpT_2024_sf//DY_MC_LO_2024_hza_elid_nongap_lowpT_2024_sf.root",
    "mcTruth": true,
    "name": "DY_MC_LO_2024"
  },
  "workspace": {
    "effective_parsed": [
      {
        "max": 90.0,
        "min": 82.0,
        "name": "peakP",
        "raw": "peakP[87.0,82.0,90.0]",
        "tokens": [
          "87.0",
          "82.0",
          "90.0"
        ],
        "value": 87.0
      },
      {
        "max": 90.0,
        "min": 82.0,
        "name": "peakF",
        "raw": "peakF[87.0,82.0,90.0]",
        "tokens": [
          "87.0",
          "82.0",
          "90.0"
        ],
        "value": 87.0
      },
      {
        "max": 5.0,
        "min": -5.0,
        "name": "meanP",
        "raw": "meanP[-2.0,-5.0,5.0]",
        "tokens": [
          "-2.0",
          "-5.0",
          "5.0"
        ],
        "value": -2.0
      },
      {
        "max": 3.0,
        "min": 0.5,
        "name": "sigmaP",
        "raw": "sigmaP[1.8,0.5,3.0]",
        "tokens": [
          "1.8",
          "0.5",
          "3.0"
        ],
        "value": 1.8
      },
      {
        "max": 1.0,
        "min": -5.0,
        "name": "meanF",
        "raw": "meanF[-2.2,-5.0,1.0]",
        "tokens": [
          "-2.2",
          "-5.0",
          "1.0"
        ],
        "value": -2.2
      },
      {
        "max": 4.5,
        "min": 0.8,
        "name": "sigmaF",
        "raw": "sigmaF[3.0,0.8,4.5]",
        "tokens": [
          "3.0",
          "0.8",
          "4.5"
        ],
        "value": 3.0
      },
      {
        "max": 95.0,
        "min": 25.0,
        "name": "acmsP",
        "raw": "acmsP[60.,25.,95.]",
        "tokens": [
          "60.",
          "25.",
          "95."
        ],
        "value": 60.0
      },
      {
        "max": 0.12,
        "min": 0.001,
        "name": "betaP",
        "raw": "betaP[0.06,0.001,0.12]",
        "tokens": [
          "0.06",
          "0.001",
          "0.12"
        ],