{
  "bin": {
    "cut": "tag_Ele_pt > 40 && abs(tag_sc_eta) < 2.17 && (tag_Ele_q + el_q) == 0 && el_sc_eta >= 1.566000 && el_sc_eta < 2.500000 && el_et >= 7.000000 && el_et < 15.000000",
    "index": 5,
    "name": "bin05_el_sc_eta_1p57To2p50_el_et_7p00To15p00",
    "title": "; 1.566 < el_sc_eta < 2.500; 7.000 < el_et < 15.000",
    "vars": {
      "el_et": {
        "max": 15,
        "min": 7
      },
      "el_sc_eta": {
        "max": 2.5,
        "min": 1.566
      }
    }
  },
  "created_at_utc": "2026-04-20T17:56:22.404709+00:00",
  "derived": {
    "efficiency": 0.6556422259571354,
    "efficiency_error": 0.002063347428637052,
    "nSigF": {
      "error": 84.20724176365093,
      "isConstant": false,
      "max": 19699.176154,
      "min": 0.5,
      "name": "nSigF",
      "value": 11401.558948892294
    },
    "nSigP": {
      "error": 116.84747228893866,
      "isConstant": false,
      "max": 36347.089518,
      "min": 0.5,
      "name": "nSigP",
      "value": 21708.072394795807
    }
  },
  "fit_metadata": {
    "bin_index": 5,
    "fail_hist_uses_pass_hist": false,
    "fit_range": {
      "max": 120.0,
      "min": 60.0
    },
    "truth_fail_template_uses_pass_hist": false,
    "truth_template_source": "/eos/home-p/pelai/HZa/root_TnP//hza_elid_nongap_lowpT_2024_sf//DY_MC_LO_2024_hza_elid_nongap_lowpT_2024_sf.root"
  },
  "fit_result": {
    "fail": {
      "covQual": -1,
      "edm": 0.20730888127287228,
      "floatParsFinal": [
        {
          "error": 0.042630987158043254,
          "isConstant": false,
          "max": 5.0,
          "min": -5.0,
          "name": "meanF",
          "value": -0.009698656464609101
        },
        {
          "error": 84.20724176365093,
          "isConstant": false,
          "max": 19699.176154,
          "min": 0.5,
          "name": "nSigF",
          "value": 11401.558948892294
        },
        {
          "error": 0.006924012951464831,
          "isConstant": false,
          "max": 1.5000000065194004,
          "min": 0.4000000017385068,
          "name": "sigmaF",
          "value": 0.40000000221061166
        }
      ],
      "floatParsInit": [
        {
          "error": 0.0,
          "isConstant": false,
          "max": 5.0,
          "min": -5.0,
          "name": "meanF",
          "value": -0.0
        },
        {
          "error": 0.0,
          "isConstant": false,
          "max": 19699.176154,
          "min": 0.5,
          "name": "nSigF",
          "value": 11819.505692
        },
        {
          "error": 0.0,
          "isConstant": false,
          "max": 1.5000000065194004,
          "min": 0.4000000017385068,
          "name": "sigmaF",
          "value": 0.5000000021731335
        }
      ],
      "minNll": -53386.27858600976,
      "numInvalidNLL": 0,
      "status": 160
    },
    "fail_quality": "check",
    "pass": {
      "covQual": -1,
      "edm": 0.162353820037903,
      "floatParsFinal": [
        {
          "error": 0.03065190612907065,
          "isConstant": false,
          "max": 5.0,
          "min": -5.0,
          "name": "meanP",
          "value": -0.004947548200123109
        },
        {
          "error": 116.84747228893866,
          "isConstant": false,
          "max": 36347.089518,
          "min": 0.5,
          "name": "nSigP",
          "value": 21708.072394795807
        },
        {
          "error": 0.005284611880726542,
          "isConstant": false,
          "max": 5.0,
          "min": 0.5,
          "name": "sigmaP",
          "value": 0.5000000021731335
        }
      ],
      "floatParsInit": [
        {
          "error": 0.0,
          "isConstant": false,
          "max": 5.0,
          "min": -5.0,
          "name": "meanP",
          "value": -0.0
        },
        {
          "error": 0.0,
          "isConstant": false,
          "max": 36347.089518,
          "min": 0.5,
          "name": "nSigP",
          "value": 21808.253711
        },
        {
          "error": 0.0,
          "isConstant": false,
          "max": 5.0,
          "min": 0.5,
          "name": "sigmaP",
          "value": 0.9
        }
      ],
      "minNll": -118951.5699455682,
      "numInvalidNLL": 0,
      "status": 160
    },
    "pass_quality": "check",
    "root_read_error": null
  },
  "fit_type": "nominalFit",
  "histograms": {
    "fail": {
      "entries": 11602.0,
      "fit_window": {
        "bin1": 11,
        "bin2": 70,
        "max": 120.0,
        "min": 60.0
      },
      "integral_fit_window": 11402.073058864678,
      "integral_fit_window_error": 135.40301389977424,
      "integral_full": 13132.78410237843,
      "integral_full_error": 145.3349368932097,
      "maximum_bin_center": 90.5,
      "maximum_bin_content": 600.4108693972009,
      "mean": 81.26953537727942,
      "rms": 14.319513965550481
    },
    "pass": {
      "entries": 21574.0,
      "fit_window": {
        "bin1": 11,
        "bin2": 70,
        "max": 120.0,
        "min": 60.0
      },
      "integral_fit_window": 21708.301308928436,
      "integral_fit_window_error": 185.7844581736904,
      "integral_full": 24231.39301212849,
      "integral_full_error": 196.45700619462426,
      "maximum_bin_center": 90.5,
      "maximum_bin_content": 1465.5409697123782,
      "mean": 83.24832309925604,
      "rms": 13.159355435462942
    }
  },
  "sample": {
    "fitOutputBinRoot": "/eos/home-p/pelai/HZa/root_TnP//hza_elid_nongap_lowpT_2024_sf//DY_MC_LO_2024_hza_elid_nongap_lowpT_2024_sf.nominalFit-bin05_el_sc_eta_1p57To2p50_el_et_7p00To15p00.root",
    "fitOutputRoot": "/eos/home-p/pelai/HZa/root_TnP//hza_elid_nongap_lowpT_2024_sf//DY_MC_LO_2024_hza_elid_nongap_lowpT_2024_sf.nominalFit.root",
    "histFile": "/eos/home-p/pelai/HZa/root_TnP//hza_elid_nongap_lowpT_2024_sf//DY_MC_LO_2024_hza_elid_nongap_lowpT_2024_sf.root",
    "isMC": true,
    "mcRefHistFile": "/eos/home-p/pelai/HZa/root_TnP//hza_elid_nongap_lowpT_2024_sf//DY_MC_LO_2024_hza_elid_nongap_lowpT_2024_sf.root",
    "mcTruth": true,
    "name": "DY_MC_LO_2024"
  },
  "workspace": {
    "effective_parsed": [
      {
        "max": 5.0,
        "min": -5.0,
        "name": "meanP",
        "raw": "meanP[-0.0,-5.0,5.0]",
        "tokens": [
          "-0.0",
          "-5.0",
          "5.0"
        ],
        "value": -0.0
      },
      {
        "max": 5.0,
        "min": 0.5,
        "name": "sigmaP",
        "raw": "sigmaP[0.9,0.5,5.0]",
        "tokens": [
          "0.9",
          "0.5",
          "5.0"
        ],
        "value": 0.9
      },
      {
        "max": 5.0,
        "min": -5.0,
        "name": "meanF",
        "raw": "meanF[-0.0,-5.0,5.0]",
        "tokens": [
          "-0.0",
          "-5.0",
          "5.0"
        ],
        "value": -0.0
      },
      {
        "max": 5.0,
        "min": 0.5,
        "name": "sigmaF",
        "raw": "sigmaF[0.9,0.5,5.0]",
        "tokens": [
          "0.9",
          "0.5",
          "5.0"
        ],
        "value": 0.9
      },
      {
        "max": 80.0,
        "min": 50.0,
        "name": "acmsP",
        "raw": "acmsP[60.,50.,80.]",
        "tokens": [
          "60.",
          "50.",
          "80."
        ],
        "value": 60.0
      },
      {
        "max": 0.08,
        "min": 0.01,
        "name": "betaP",
        "raw": "betaP[0.05,0.01,0.08]",
        "tokens": [
          "0.05",
          "0.01",
          "0.08"
        ],
        "value": 0.05
      },
      {
        "max": 2.0,
        "min": -2.0,
        "name": "gammaP",
        "raw": "gammaP[0.1, -2, 2]",
        "tokens": [
          "0.1",
          "-2",
          "2"
        ],
        "value": 0.1
      },
      {
        "max": 90.0,
        "min": 82.0,
        "name": "peakP",
        "raw": "peakP[87.0,82.0,90.0]",
        "tokens": [
          "87.0",
          "82.0",
          "90.0"
        ],
        "value": 87.0
      },
      {
        "max": 80.0,
        "min": 50.0,
        "name": "acmsF",
        "raw": "acmsF[60.,50.,80.]",