{
  "bin": {
    "cut": "tag_Ele_pt > 35 && abs(tag_sc_eta) < 2.17 && ph_sc_eta >= 2.000000 && ph_sc_eta < 2.500000 && ph_et >= 10.000000 && ph_et < 20.000000 &&  !((ph_sc_eta > -1.566 && ph_sc_eta < 0) && (ph_sc_phi > -1.2 && ph_sc_phi < -0.8))  ",
    "index": 7,
    "name": "bin07_ph_sc_eta_2p00To2p50_ph_et_10p00To20p00",
    "title": "; 2.000 < ph_sc_eta < 2.500; 10.000 < ph_et < 20.000",
    "vars": {
      "ph_et": {
        "max": 20,
        "min": 10
      },
      "ph_sc_eta": {
        "max": 2.5,
        "min": 2.0
      }
    }
  },
  "created_at_utc": "2026-04-22T14:58:47.342885+00:00",
  "derived": {
    "efficiency": 0.783893117740454,
    "efficiency_error": 0.0026353580694349556,
    "nSigF": {
      "error": 52.34468130327559,
      "isConstant": false,
      "max": 6089.261312,
      "min": 0.5,
      "name": "nSigF",
      "value": 3803.715905650547
    },
    "nSigP": {
      "error": 100.09465343850115,
      "isConstant": false,
      "max": 22014.791826,
      "min": 0.5,
      "name": "nSigP",
      "value": 13797.370491414105
    }
  },
  "fit_metadata": {
    "bin_index": 7,
    "fail_hist_uses_pass_hist": false,
    "fit_range": {
      "max": 120.0,
      "min": 60.0
    },
    "truth_fail_template_uses_pass_hist": false,
    "truth_template_source": "/eos/home-p/pelai/HZa/root_TnP//hza_resolve_phid_lowpt_2023postBPix_sf//DY_MC_LO_2023postBPix_hza_resolve_phid_lowpt_2023postBPix_sf.root"
  },
  "fit_result": {
    "fail": {
      "covQual": -1,
      "edm": 0.01493568758545626,
      "floatParsFinal": [
        {
          "error": 0.06087490944289975,
          "isConstant": false,
          "max": 5.0,
          "min": -5.0,
          "name": "meanF",
          "value": 0.0003120926031421334
        },
        {
          "error": 52.34468130327559,
          "isConstant": false,
          "max": 6089.261312,
          "min": 0.5,
          "name": "nSigF",
          "value": 3803.715905650547
        },
        {
          "error": 0.011129832315200788,
          "isConstant": false,
          "max": 1.5000008931927575,
          "min": 0.40000023818473535,
          "name": "sigmaF",
          "value": 0.400000265630079
        }
      ],
      "floatParsInit": [
        {
          "error": 0.0,
          "isConstant": false,
          "max": 5.0,
          "min": -5.0,
          "name": "meanF",
          "value": -0.0
        },
        {
          "error": 0.0,
          "isConstant": false,
          "max": 6089.261312,
          "min": 0.5,
          "name": "nSigF",
          "value": 3653.556787
        },
        {
          "error": 0.0,
          "isConstant": false,
          "max": 1.5000008931927575,
          "min": 0.40000023818473535,
          "name": "sigmaF",
          "value": 0.5000002977309191
        }
      ],
      "minNll": -14110.140202232473,
      "numInvalidNLL": 0,
      "status": 160
    },
    "fail_quality": "check",
    "pass": {
      "covQual": -1,
      "edm": 0.22885687001571747,
      "floatParsFinal": [
        {
          "error": 0.04055491523863397,
          "isConstant": false,
          "max": 5.0,
          "min": -5.0,
          "name": "meanP",
          "value": -0.00741961353103715
        },
        {
          "error": 100.09465343850115,
          "isConstant": false,
          "max": 22014.791826,
          "min": 0.5,
          "name": "nSigP",
          "value": 13797.370491414105
        },
        {
          "error": 0.007653417964852693,
          "isConstant": false,
          "max": 5.0,
          "min": 0.5,
          "name": "sigmaP",
          "value": 0.5000002977309191
        }
      ],
      "floatParsInit": [
        {
          "error": 0.0,
          "isConstant": false,
          "max": 5.0,
          "min": -5.0,
          "name": "meanP",
          "value": -0.0
        },
        {
          "error": 0.0,
          "isConstant": false,
          "max": 22014.791826,
          "min": 0.5,
          "name": "nSigP",
          "value": 13208.875096
        },
        {
          "error": 0.0,
          "isConstant": false,
          "max": 5.0,
          "min": 0.5,
          "name": "sigmaP",
          "value": 0.9
        }
      ],
      "minNll": -69384.83968007927,
      "numInvalidNLL": 0,
      "status": 160
    },
    "pass_quality": "check",
    "root_read_error": null
  },
  "fit_type": "nominalFit",
  "histograms": {
    "fail": {
      "entries": 3982.0,
      "fit_window": {
        "bin1": 11,
        "bin2": 70,
        "max": 120.0,
        "min": 60.0
      },
      "integral_fit_window": 3804.436887519766,
      "integral_fit_window_error": 72.67151869061883,
      "integral_full": 4059.5075413939244,
      "integral_full_error": 75.06254342835479,
      "maximum_bin_center": 91.5,
      "maximum_bin_content": 245.59458909814165,
      "mean": 85.70278168414785,
      "rms": 12.309840442293934
    },
    "pass": {
      "entries": 14453.0,
      "fit_window": {
        "bin1": 11,
        "bin2": 70,
        "max": 120.0,
        "min": 60.0
      },
      "integral_fit_window": 13798.754662757216,
      "integral_fit_window_error": 137.84462814177664,
      "integral_full": 14676.527884149356,
      "integral_full_error": 142.18108127261135,
      "maximum_bin_center": 90.5,
      "maximum_bin_content": 955.7344384914496,
      "mean": 86.08365112098825,
      "rms": 11.868296517298681
    }
  },
  "sample": {
    "fitOutputBinRoot": "/eos/home-p/pelai/HZa/root_TnP//hza_resolve_phid_lowpt_2023postBPix_sf//DY_MC_LO_2023postBPix_hza_resolve_phid_lowpt_2023postBPix_sf.nominalFit-bin07_ph_sc_eta_2p00To2p50_ph_et_10p00To20p00.root",
    "fitOutputRoot": "/eos/home-p/pelai/HZa/root_TnP//hza_resolve_phid_lowpt_2023postBPix_sf//DY_MC_LO_2023postBPix_hza_resolve_phid_lowpt_2023postBPix_sf.nominalFit.root",
    "histFile": "/eos/home-p/pelai/HZa/root_TnP//hza_resolve_phid_lowpt_2023postBPix_sf//DY_MC_LO_2023postBPix_hza_resolve_phid_lowpt_2023postBPix_sf.root",
    "isMC": true,
    "mcRefHistFile": "/eos/home-p/pelai/HZa/root_TnP//hza_resolve_phid_lowpt_2023postBPix_sf//DY_MC_LO_2023postBPix_hza_resolve_phid_lowpt_2023postBPix_sf.root",
    "mcTruth": true,
    "name": "DY_MC_LO_2023postBPix"
  },
  "workspace": {
    "effective_parsed": [
      {
        "max": 5.0,
        "min": -5.0,
        "name": "meanP",
        "raw": "meanP[-0.0,-5.0,5.0]",
        "tokens": [
          "-0.0",
          "-5.0",
          "5.0"
        ],
        "value": -0.0
      },
      {
        "max": 5.0,
        "min": 0.5,
        "name": "sigmaP",
        "raw": "sigmaP[0.9,0.5,5.0]",
        "tokens": [
          "0.9",
          "0.5",
          "5.0"
        ],
        "value": 0.9
      },
      {
        "max": 5.0,
        "min": -5.0,
        "name": "meanF",
        "raw": "meanF[-0.0,-5.0,5.0]",
        "tokens": [
          "-0.0",
          "-5.0",
          "5.0"
        ],
        "value": -0.0
      },
      {
        "max": 5.0,
        "min": 0.5,
        "name": "sigmaF",
        "raw": "sigmaF[2.0,0.5,5.0]",
        "tokens": [
          "2.0",
          "0.5",
          "5.0"
        ],
        "value": 2.0
      },
      {
        "max": 70.0,
        "min": 45.0,
        "name": "acmsP",
        "raw": "acmsP[60.,45.,70.]",
        "tokens": [
          "60.",
          "45.",
          "70."
        ],
        "value": 60.0
      },
      {
        "max": 0.08,
        "min": 0.01,
        "name": "betaP",
        "raw": "betaP[0.05,0.01,0.08]",
        "tokens": [
          "0.05",
          "0.01",
          "0.08"
        ],
        "value": 0.05
      },
      {
        "max": 2.0,
        "min": 0.02,
        "name": "gammaP",
        "raw": "gammaP[0.04, 0.02, 2]",
        "tokens": [
          "0.04",
          "0.02",
          "2"
        ],
        "value": 0.04
      },
      {
        "max": 90.0,
        "min": 82.0,
        "name": "peakP",
        "raw": "peakP[87.0,82.0,90.0]",