{
  "bin": {
    "cut": "tag_Ele_pt > 35 && abs(tag_sc_eta) < 2.17 && ph_sc_eta >= 0.000000 && ph_sc_eta < 1.444200 && ph_et >= 10.000000 && ph_et < 20.000000 &&  !((ph_sc_eta > -1.566 && ph_sc_eta < 0) && (ph_sc_phi > -1.2 && ph_sc_phi < -0.8))  ",
    "index": 4,
    "name": "bin04_ph_sc_eta_0p00To1p44_ph_et_10p00To20p00",
    "title": "; 0.000 < ph_sc_eta < 1.444; 10.000 < ph_et < 20.000",
    "vars": {
      "ph_et": {
        "max": 20,
        "min": 10
      },
      "ph_sc_eta": {
        "max": 1.4442,
        "min": 0.0
      }
    }
  },
  "created_at_utc": "2026-04-21T17:07:56.394207+00:00",
  "derived": {
    "efficiency": 0.6417318642637333,
    "efficiency_error": 0.0015585018749779444,
    "nSigF": {
      "error": 133.59731246923184,
      "isConstant": false,
      "max": 41029.018917,
      "min": 0.5,
      "name": "nSigF",
      "value": 24610.18557257507
    },
    "nSigP": {
      "error": 178.96149912142937,
      "isConstant": false,
      "max": 73096.359375,
      "min": 0.5,
      "name": "nSigP",
      "value": 44081.900375842786
    }
  },
  "fit_metadata": {
    "bin_index": 4,
    "fail_hist_uses_pass_hist": false,
    "fit_range": {
      "max": 120.0,
      "min": 60.0
    },
    "truth_fail_template_uses_pass_hist": false,
    "truth_template_source": "/eos/home-p/pelai/HZa/root_TnP//hza_resolve_phid_lowpt_2023postBPix_sf//DY_MC_LO_2023postBPix_hza_resolve_phid_lowpt_2023postBPix_sf.root"
  },
  "fit_result": {
    "fail": {
      "covQual": -1,
      "edm": 5.314793368240841,
      "floatParsFinal": [
        {
          "error": 0.03131176386668999,
          "isConstant": false,
          "max": 5.0,
          "min": -5.0,
          "name": "meanF",
          "value": 0.0028167945604771205
        },
        {
          "error": 133.59731246923184,
          "isConstant": false,
          "max": 41029.018917,
          "min": 0.5,
          "name": "nSigF",
          "value": 24610.18557257507
        },
        {
          "error": 0.011668363661876291,
          "isConstant": false,
          "max": 1.50000002953896,
          "min": 0.40000000787705603,
          "name": "sigmaF",
          "value": 0.4000074352857368
        }
      ],
      "floatParsInit": [
        {
          "error": 0.0,
          "isConstant": false,
          "max": 5.0,
          "min": -5.0,
          "name": "meanF",
          "value": -0.0
        },
        {
          "error": 0.0,
          "isConstant": false,
          "max": 41029.018917,
          "min": 0.5,
          "name": "nSigF",
          "value": 24617.41135
        },
        {
          "error": 0.0,
          "isConstant": false,
          "max": 1.50000002953896,
          "min": 0.40000000787705603,
          "name": "sigmaF",
          "value": 0.50000000984632
        }
      ],
      "minNll": -137577.59271808894,
      "numInvalidNLL": 0,
      "status": 60
    },
    "fail_quality": "check",
    "pass": {
      "covQual": -1,
      "edm": 0.1092283836054831,
      "floatParsFinal": [
        {
          "error": 0.02297824378854818,
          "isConstant": false,
          "max": 5.0,
          "min": -5.0,
          "name": "meanP",
          "value": -0.010050078069231638
        },
        {
          "error": 178.96149912142937,
          "isConstant": false,
          "max": 73096.359375,
          "min": 0.5,
          "name": "nSigP",
          "value": 44081.900375842786
        },
        {
          "error": 0.01283439006937842,
          "isConstant": false,
          "max": 5.0,
          "min": 0.5,
          "name": "sigmaP",
          "value": 0.50000000984632
        }
      ],
      "floatParsInit": [
        {
          "error": 0.0,
          "isConstant": false,
          "max": 5.0,
          "min": -5.0,
          "name": "meanP",
          "value": -0.0
        },
        {
          "error": 0.0,
          "isConstant": false,
          "max": 73096.359375,
          "min": 0.5,
          "name": "nSigP",
          "value": 43857.815625
        },
        {
          "error": 0.0,
          "isConstant": false,
          "max": 5.0,
          "min": 0.5,
          "name": "sigmaP",
          "value": 0.9
        }
      ],
      "minNll": -275076.6141678422,
      "numInvalidNLL": 0,
      "status": 170
    },
    "pass_quality": "check",
    "root_read_error": null
  },
  "fit_type": "nominalFit",
  "histograms": {
    "fail": {
      "entries": 26907.0,
      "fit_window": {
        "bin1": 11,
        "bin2": 70,
        "max": 120.0,
        "min": 60.0
      },
      "integral_fit_window": 24610.0272034818,
      "integral_fit_window_error": 184.2146750926995,
      "integral_full": 27352.679277898857,
      "integral_full_error": 194.27784744435084,
      "maximum_bin_center": 89.5,
      "maximum_bin_content": 1747.6302855422423,
      "mean": 82.3686450542774,
      "rms": 12.951719207935186
    },
    "pass": {
      "entries": 47893.0,
      "fit_window": {
        "bin1": 11,
        "bin2": 70,
        "max": 120.0,
        "min": 60.0
      },
      "integral_fit_window": 44082.20184442046,
      "integral_fit_window_error": 246.32247697638547,
      "integral_full": 48730.906250138105,
      "integral_full_error": 259.0816395695603,
      "maximum_bin_center": 89.5,
      "maximum_bin_content": 3274.6897552687137,
      "mean": 82.22620564767902,
      "rms": 12.46674277698522
    }
  },
  "sample": {
    "fitOutputBinRoot": "/eos/home-p/pelai/HZa/root_TnP//hza_resolve_phid_lowpt_2023postBPix_sf//DY_MC_LO_2023postBPix_hza_resolve_phid_lowpt_2023postBPix_sf.nominalFit-bin04_ph_sc_eta_0p00To1p44_ph_et_10p00To20p00.root",
    "fitOutputRoot": "/eos/home-p/pelai/HZa/root_TnP//hza_resolve_phid_lowpt_2023postBPix_sf//DY_MC_LO_2023postBPix_hza_resolve_phid_lowpt_2023postBPix_sf.nominalFit.root",
    "histFile": "/eos/home-p/pelai/HZa/root_TnP//hza_resolve_phid_lowpt_2023postBPix_sf//DY_MC_LO_2023postBPix_hza_resolve_phid_lowpt_2023postBPix_sf.root",
    "isMC": true,
    "mcRefHistFile": "/eos/home-p/pelai/HZa/root_TnP//hza_resolve_phid_lowpt_2023postBPix_sf//DY_MC_LO_2023postBPix_hza_resolve_phid_lowpt_2023postBPix_sf.root",
    "mcTruth": true,
    "name": "DY_MC_LO_2023postBPix"
  },
  "workspace": {
    "effective_parsed": [
      {
        "max": 5.0,
        "min": -5.0,
        "name": "meanP",
        "raw": "meanP[-0.0,-5.0,5.0]",
        "tokens": [
          "-0.0",
          "-5.0",
          "5.0"
        ],
        "value": -0.0
      },
      {
        "max": 5.0,
        "min": 0.5,
        "name": "sigmaP",
        "raw": "sigmaP[0.9,0.5,5.0]",
        "tokens": [
          "0.9",
          "0.5",
          "5.0"
        ],
        "value": 0.9
      },
      {
        "max": 5.0,
        "min": -5.0,
        "name": "meanF",
        "raw": "meanF[-0.0,-5.0,5.0]",
        "tokens": [
          "-0.0",
          "-5.0",
          "5.0"
        ],
        "value": -0.0
      },
      {
        "max": 5.0,
        "min": 0.5,
        "name": "sigmaF",
        "raw": "sigmaF[2.0,0.5,5.0]",
        "tokens": [
          "2.0",
          "0.5",
          "5.0"
        ],
        "value": 2.0
      },
      {
        "max": 70.0,
        "min": 45.0,
        "name": "acmsP",
        "raw": "acmsP[60.,45.,70.]",
        "tokens": [
          "60.",
          "45.",
          "70."
        ],
        "value": 60.0
      },
      {
        "max": 0.08,
        "min": 0.01,
        "name": "betaP",
        "raw": "betaP[0.05,0.01,0.08]",
        "tokens": [
          "0.05",
          "0.01",
          "0.08"
        ],
        "value": 0.05
      },
      {
        "max": 2.0,
        "min": 0.02,
        "name": "gammaP",
        "raw": "gammaP[0.04, 0.02, 2]",
        "tokens": [
          "0.04",
          "0.02",
          "2"
        ],
        "value": 0.04
      },
      {
        "max": 90.0,
        "min": 82.0,
        "name": "peakP",
        "raw": "peakP[87.0,82.0,90.0]",