{
  "bin": {
    "cut": "tag_Ele_pt > 35 && abs(tag_sc_eta) < 2.17 && ph_sc_eta >= -2.000000 && ph_sc_eta < -1.566000 && ph_et >= 10.000000 && ph_et < 20.000000 &&  !((ph_sc_eta > -1.566 && ph_sc_eta < 0) && (ph_sc_phi > -1.2 && ph_sc_phi < -0.8))  ",
    "index": 1,
    "name": "bin01_ph_sc_eta_m2p00Tom1p57_ph_et_10p00To20p00",
    "title": "; -2.000 < ph_sc_eta < -1.566; 10.000 < ph_et < 20.000",
    "vars": {
      "ph_et": {
        "max": 20,
        "min": 10
      },
      "ph_sc_eta": {
        "max": -1.566,
        "min": -2.0
      }
    }
  },
  "created_at_utc": "2026-04-20T20:46:49.332479+00:00",
  "derived": {
    "efficiency": 0.49051829030722593,
    "efficiency_error": 0.0030239821197307775,
    "nSigF": {
      "error": 85.23784333814001,
      "isConstant": false,
      "max": 16330.109428,
      "min": 0.5,
      "name": "nSigF",
      "value": 10074.811514040643
    },
    "nSigP": {
      "error": 83.91147872329475,
      "isConstant": false,
      "max": 15676.883177,
      "min": 0.5,
      "name": "nSigP",
      "value": 9699.816941445859
    }
  },
  "fit_metadata": {
    "bin_index": 1,
    "fail_hist_uses_pass_hist": false,
    "fit_range": {
      "max": 120.0,
      "min": 60.0
    },
    "truth_fail_template_uses_pass_hist": false,
    "truth_template_source": "/eos/home-p/pelai/HZa/root_TnP//hza_resolve_phid_lowpt_2023postBPix_sf//DY_MC_LO_2023postBPix_hza_resolve_phid_lowpt_2023postBPix_sf.root"
  },
  "fit_result": {
    "fail": {
      "covQual": -1,
      "edm": 0.01664125435221263,
      "floatParsFinal": [
        {
          "error": 0.04452881511559603,
          "isConstant": false,
          "max": 5.0,
          "min": -5.0,
          "name": "meanF",
          "value": -0.0004933621018290424
        },
        {
          "error": 85.23784333814001,
          "isConstant": false,
          "max": 16330.109428,
          "min": 0.5,
          "name": "nSigF",
          "value": 10074.811514040643
        },
        {
          "error": 0.00705487213792827,
          "isConstant": false,
          "max": 1.5000007977964749,
          "min": 0.40000021274572667,
          "name": "sigmaF",
          "value": 0.4000008174502517
        }
      ],
      "floatParsInit": [
        {
          "error": 0.0,
          "isConstant": false,
          "max": 5.0,
          "min": -5.0,
          "name": "meanF",
          "value": -0.0
        },
        {
          "error": 0.0,
          "isConstant": false,
          "max": 16330.109428,
          "min": 0.5,
          "name": "nSigF",
          "value": 9798.065657
        },
        {
          "error": 0.0,
          "isConstant": false,
          "max": 1.5000007977964749,
          "min": 0.40000021274572667,
          "name": "sigmaF",
          "value": 0.5000002659321583
        }
      ],
      "minNll": -46952.20959613193,
      "numInvalidNLL": 0,
      "status": 160
    },
    "fail_quality": "check",
    "pass": {
      "covQual": -1,
      "edm": 0.014430237658172198,
      "floatParsFinal": [
        {
          "error": 0.04588087229873361,
          "isConstant": false,
          "max": 5.0,
          "min": -5.0,
          "name": "meanP",
          "value": -0.00077428433894422
        },
        {
          "error": 83.91147872329475,
          "isConstant": false,
          "max": 15676.883177,
          "min": 0.5,
          "name": "nSigP",
          "value": 9699.816941445859
        },
        {
          "error": 0.009954308602369732,
          "isConstant": false,
          "max": 5.0,
          "min": 0.5,
          "name": "sigmaP",
          "value": 0.5000002659321583
        }
      ],
      "floatParsInit": [
        {
          "error": 0.0,
          "isConstant": false,
          "max": 5.0,
          "min": -5.0,
          "name": "meanP",
          "value": -0.0
        },
        {
          "error": 0.0,
          "isConstant": false,
          "max": 15676.883177,
          "min": 0.5,
          "name": "nSigP",
          "value": 9406.129906
        },
        {
          "error": 0.0,
          "isConstant": false,
          "max": 5.0,
          "min": 0.5,
          "name": "sigmaP",
          "value": 0.9
        }
      ],
      "minNll": -45912.569873278095,
      "numInvalidNLL": 0,
      "status": 160
    },
    "pass_quality": "check",
    "root_read_error": null
  },
  "fit_type": "nominalFit",
  "histograms": {
    "fail": {
      "entries": 10690.0,
      "fit_window": {
        "bin1": 11,
        "bin2": 70,
        "max": 120.0,
        "min": 60.0
      },
      "integral_fit_window": 10075.622527015716,
      "integral_fit_window_error": 118.19941633092304,
      "integral_full": 10886.73961851464,
      "integral_full_error": 122.8601306006675,
      "maximum_bin_center": 89.5,
      "maximum_bin_content": 625.5444757144581,
      "mean": 83.69821298826893,
      "rms": 12.11682677326174
    },
    "pass": {
      "entries": 10285.0,
      "fit_window": {
        "bin1": 11,
        "bin2": 70,
        "max": 120.0,
        "min": 60.0
      },
      "integral_fit_window": 9700.54748900587,
      "integral_fit_window_error": 115.59891058329099,
      "integral_full": 10451.255451100145,
      "integral_full_error": 120.12572020123149,
      "maximum_bin_center": 88.5,
      "maximum_bin_content": 650.9034033283622,
      "mean": 83.09221212806949,
      "rms": 11.407223371054222
    }
  },
  "sample": {
    "fitOutputBinRoot": "/eos/home-p/pelai/HZa/root_TnP//hza_resolve_phid_lowpt_2023postBPix_sf//DY_MC_LO_2023postBPix_hza_resolve_phid_lowpt_2023postBPix_sf.nominalFit-bin01_ph_sc_eta_m2p00Tom1p57_ph_et_10p00To20p00.root",
    "fitOutputRoot": "/eos/home-p/pelai/HZa/root_TnP//hza_resolve_phid_lowpt_2023postBPix_sf//DY_MC_LO_2023postBPix_hza_resolve_phid_lowpt_2023postBPix_sf.nominalFit.root",
    "histFile": "/eos/home-p/pelai/HZa/root_TnP//hza_resolve_phid_lowpt_2023postBPix_sf//DY_MC_LO_2023postBPix_hza_resolve_phid_lowpt_2023postBPix_sf.root",
    "isMC": true,
    "mcRefHistFile": "/eos/home-p/pelai/HZa/root_TnP//hza_resolve_phid_lowpt_2023postBPix_sf//DY_MC_LO_2023postBPix_hza_resolve_phid_lowpt_2023postBPix_sf.root",
    "mcTruth": true,
    "name": "DY_MC_LO_2023postBPix"
  },
  "workspace": {
    "effective_parsed": [
      {
        "max": 5.0,
        "min": -5.0,
        "name": "meanP",
        "raw": "meanP[-0.0,-5.0,5.0]",
        "tokens": [
          "-0.0",
          "-5.0",
          "5.0"
        ],
        "value": -0.0
      },
      {
        "max": 5.0,
        "min": 0.5,
        "name": "sigmaP",
        "raw": "sigmaP[0.9,0.5,5.0]",
        "tokens": [
          "0.9",
          "0.5",
          "5.0"
        ],
        "value": 0.9
      },
      {
        "max": 5.0,
        "min": -5.0,
        "name": "meanF",
        "raw": "meanF[-0.0,-5.0,5.0]",
        "tokens": [
          "-0.0",
          "-5.0",
          "5.0"
        ],
        "value": -0.0
      },
      {
        "max": 5.0,
        "min": 0.5,
        "name": "sigmaF",
        "raw": "sigmaF[2.0,0.5,5.0]",
        "tokens": [
          "2.0",
          "0.5",
          "5.0"
        ],
        "value": 2.0
      },
      {
        "max": 70.0,
        "min": 45.0,
        "name": "acmsP",
        "raw": "acmsP[60.,45.,70.]",
        "tokens": [
          "60.",
          "45.",
          "70."
        ],
        "value": 60.0
      },
      {
        "max": 0.08,
        "min": 0.01,
        "name": "betaP",
        "raw": "betaP[0.05,0.01,0.08]",
        "tokens": [
          "0.05",
          "0.01",
          "0.08"
        ],
        "value": 0.05
      },
      {
        "max": 2.0,
        "min": 0.02,
        "name": "gammaP",
        "raw": "gammaP[0.04, 0.02, 2]",
        "tokens": [
          "0.04",
          "0.02",
          "2"
        ],
        "value": 0.04
      },
      {
        "max": 90.0,
        "min": 82.0,
        "name": "peakP",
        "raw": "peakP[87.0,82.0,90.0]",