{
  "bin": {
    "cut": "tag_Ele_pt > 40 && abs(tag_sc_eta) < 2.17 && (tag_Ele_q + el_q) == 0 && el_sc_eta >= -2.500000 && el_sc_eta < -2.000000 && el_et >= 15.000000 && el_et < 20.000000",
    "index": 0,
    "name": "bin00_el_sc_eta_m2p50Tom2p00_el_et_15p00To20p00",
    "title": "; -2.500 < el_sc_eta < -2.000; 15.000 < el_et < 20.000",
    "vars": {
      "el_et": {
        "max": 20,
        "min": 15
      },
      "el_sc_eta": {
        "max": -2.0,
        "min": -2.5
      }
    }
  },
  "created_at_utc": "2026-04-20T11:34:34.596025+00:00",
  "derived": {
    "efficiency": 0.8780004489533987,
    "efficiency_error": 0.0017763612719523504,
    "nSigF": {
      "error": 40.22485032324653,
      "isConstant": false,
      "max": 4391.697421,
      "min": 0.5,
      "name": "nSigF",
      "value": 2587.5973341595814
    },
    "nSigP": {
      "error": 107.55941355927462,
      "isConstant": false,
      "max": 29501.11265,
      "min": 0.5,
      "name": "nSigP",
      "value": 18622.294931519104
    }
  },
  "fit_metadata": {
    "bin_index": 0,
    "fail_hist_uses_pass_hist": false,
    "fit_range": {
      "max": 120.0,
      "min": 60.0
    },
    "truth_fail_template_uses_pass_hist": false,
    "truth_template_source": "/eos/home-p/pelai/HZa/root_TnP//hza_elid_nongap_2024_sf//DY_MC_LO_2024_hza_elid_nongap_2024_sf.root"
  },
  "fit_result": {
    "fail": {
      "covQual": -1,
      "edm": 0.12768793580505047,
      "floatParsFinal": [
        {
          "error": 0.05188439548440016,
          "isConstant": false,
          "max": 5.0,
          "min": -5.0,
          "name": "meanF",
          "value": -0.006129279091537931
        },
        {
          "error": 40.22485032324653,
          "isConstant": false,
          "max": 4391.697421,
          "min": 0.5,
          "name": "nSigF",
          "value": 2587.5973341595814
        },
        {
          "error": 0.0060772299164749966,
          "isConstant": false,
          "max": 1.5000000242482514,
          "min": 0.4000000064662004,
          "name": "sigmaF",
          "value": 0.4000001801247965
        }
      ],
      "floatParsInit": [
        {
          "error": 0.0,
          "isConstant": false,
          "max": 5.0,
          "min": -5.0,
          "name": "meanF",
          "value": -0.0
        },
        {
          "error": 0.0,
          "isConstant": false,
          "max": 4391.697421,
          "min": 0.5,
          "name": "nSigF",
          "value": 2635.018452
        },
        {
          "error": 0.0,
          "isConstant": false,
          "max": 1.5000000242482514,
          "min": 0.4000000064662004,
          "name": "sigmaF",
          "value": 0.5000000080827505
        }
      ],
      "minNll": -8322.371389233174,
      "numInvalidNLL": 0,
      "status": 160
    },
    "fail_quality": "check",
    "pass": {
      "covQual": -1,
      "edm": 0.28194186195101856,
      "floatParsFinal": [
        {
          "error": 0.02968900950925235,
          "isConstant": false,
          "max": 5.0,
          "min": -5.0,
          "name": "meanP",
          "value": -0.0040078299176133925
        },
        {
          "error": 107.55941355927462,
          "isConstant": false,
          "max": 29501.11265,
          "min": 0.5,
          "name": "nSigP",
          "value": 18622.294931519104
        },
        {
          "error": 0.0074859924099067165,
          "isConstant": false,
          "max": 5.0,
          "min": 0.5,
          "name": "sigmaP",
          "value": 0.5000000080827505
        }
      ],
      "floatParsInit": [
        {
          "error": 0.0,
          "isConstant": false,
          "max": 5.0,
          "min": -5.0,
          "name": "meanP",
          "value": -0.0
        },
        {
          "error": 0.0,
          "isConstant": false,
          "max": 29501.11265,
          "min": 0.5,
          "name": "nSigP",
          "value": 17700.66759
        },
        {
          "error": 0.0,
          "isConstant": false,
          "max": 5.0,
          "min": 0.5,
          "name": "sigmaP",
          "value": 0.9
        }
      ],
      "minNll": -101579.91838705257,
      "numInvalidNLL": 0,
      "status": 160
    },
    "pass_quality": "check",
    "root_read_error": null
  },
  "fit_type": "nominalFit",
  "histograms": {
    "fail": {
      "entries": 2625.0,
      "fit_window": {
        "bin1": 11,
        "bin2": 70,
        "max": 120.0,
        "min": 60.0
      },
      "integral_fit_window": 2589.2327776797,
      "integral_fit_window_error": 64.33348355144761,
      "integral_full": 2927.7982804309827,
      "integral_full_error": 68.27968219738295,
      "maximum_bin_center": 88.5,
      "maximum_bin_content": 148.6142232934172,
      "mean": 82.00523913030736,
      "rms": 14.10477593692877
    },
    "pass": {
      "entries": 17280.0,
      "fit_window": {
        "bin1": 11,
        "bin2": 70,
        "max": 120.0,
        "min": 60.0
      },
      "integral_fit_window": 18622.350008914345,
      "integral_fit_window_error": 173.13862024232867,
      "integral_full": 19667.408433091907,
      "integral_full_error": 177.89648576271466,
      "maximum_bin_center": 90.5,
      "maximum_bin_content": 1549.322300517025,
      "mean": 86.5574747276704,
      "rms": 11.02856412302756
    }
  },
  "sample": {
    "fitOutputBinRoot": "/eos/home-p/pelai/HZa/root_TnP//hza_elid_nongap_2024_sf//DY_MC_LO_2024_hza_elid_nongap_2024_sf.nominalFit-bin00_el_sc_eta_m2p50Tom2p00_el_et_15p00To20p00.root",
    "fitOutputRoot": "/eos/home-p/pelai/HZa/root_TnP//hza_elid_nongap_2024_sf//DY_MC_LO_2024_hza_elid_nongap_2024_sf.nominalFit.root",
    "histFile": "/eos/home-p/pelai/HZa/root_TnP//hza_elid_nongap_2024_sf//DY_MC_LO_2024_hza_elid_nongap_2024_sf.root",
    "isMC": true,
    "mcRefHistFile": "/eos/home-p/pelai/HZa/root_TnP//hza_elid_nongap_2024_sf//DY_MC_LO_2024_hza_elid_nongap_2024_sf.root",
    "mcTruth": true,
    "name": "DY_MC_LO_2024"
  },
  "workspace": {
    "effective_parsed": [
      {
        "max": 5.0,
        "min": -5.0,
        "name": "meanP",
        "raw": "meanP[-0.0,-5.0,5.0]",
        "tokens": [
          "-0.0",
          "-5.0",
          "5.0"
        ],
        "value": -0.0
      },
      {
        "max": 5.0,
        "min": 0.5,
        "name": "sigmaP",
        "raw": "sigmaP[0.9,0.5,5.0]",
        "tokens": [
          "0.9",
          "0.5",
          "5.0"
        ],
        "value": 0.9
      },
      {
        "max": 5.0,
        "min": -5.0,
        "name": "meanF",
        "raw": "meanF[-0.0,-5.0,5.0]",
        "tokens": [
          "-0.0",
          "-5.0",
          "5.0"
        ],
        "value": -0.0
      },
      {
        "max": 5.0,
        "min": 0.5,
        "name": "sigmaF",
        "raw": "sigmaF[0.9,0.5,5.0]",
        "tokens": [
          "0.9",
          "0.5",
          "5.0"
        ],
        "value": 0.9
      },
      {
        "max": 80.0,
        "min": 50.0,
        "name": "acmsP",
        "raw": "acmsP[60.,50.,80.]",
        "tokens": [
          "60.",
          "50.",
          "80."
        ],
        "value": 60.0
      },
      {
        "max": 0.08,
        "min": 0.01,
        "name": "betaP",
        "raw": "betaP[0.05,0.01,0.08]",
        "tokens": [
          "0.05",
          "0.01",
          "0.08"
        ],
        "value": 0.05
      },
      {
        "max": 2.0,
        "min": -2.0,
        "name": "gammaP",
        "raw": "gammaP[0.1, -2, 2]",
        "tokens": [
          "0.1",
          "-2",
          "2"
        ],
        "value": 0.1
      },
      {
        "max": 90.0,
        "min": 82.0,
        "name": "peakP",
        "raw": "peakP[87.0,82.0,90.0]",
        "tokens": [
          "87.0",
          "82.0",
          "90.0"
        ],
        "value": 87.0
      },
      {
        "max": 80.0,
        "min": 50.0,
        "name": "acmsF",
        "raw": "acmsF[60.,50.,80.]",