{
  "bin": {
    "cut": "tag_Ele_pt > 40 && abs(tag_sc_eta) < 2.17 && (tag_Ele_q + el_q) == 0 && el_sc_eta >= 0.800000 && el_sc_eta < 1.566000 && el_et >= 7.000000 && el_et < 15.000000",
    "index": 5,
    "name": "bin05_el_sc_eta_0p80To1p57_el_et_7p00To15p00",
    "title": "; 0.800 < el_sc_eta < 1.566; 7.000 < el_et < 15.000",
    "vars": {
      "el_et": {
        "max": 15,
        "min": 7
      },
      "el_sc_eta": {
        "max": 1.566,
        "min": 0.8
      }
    }
  },
  "created_at_utc": "2026-04-20T04:52:29.599295+00:00",
  "derived": {
    "efficiency": 0.7302131367855276,
    "efficiency_error": 0.0020585130009146114,
    "nSigF": {
      "error": 70.38554118127377,
      "isConstant": false,
      "max": 14900.125578,
      "min": 0.5,
      "name": "nSigF",
      "value": 7880.46298918492
    },
    "nSigP": {
      "error": 115.67484224245891,
      "isConstant": false,
      "max": 37657.343649,
      "min": 0.5,
      "name": "nSigP",
      "value": 21329.49518035053
    }
  },
  "fit_metadata": {
    "bin_index": 5,
    "fail_hist_uses_pass_hist": false,
    "fit_range": {
      "max": 120.0,
      "min": 60.0
    },
    "truth_fail_template_uses_pass_hist": false,
    "truth_template_source": "/eos/home-p/pelai/HZa/root_TnP//hza_elid_nongap_2024_sf//DY_MC_LO_2024_hza_elid_nongap_2024_sf.root"
  },
  "fit_result": {
    "fail": {
      "covQual": -1,
      "edm": 0.10231289386566735,
      "floatParsFinal": [
        {
          "error": 0.04346765799583929,
          "isConstant": false,
          "max": 5.0,
          "min": -5.0,
          "name": "meanF",
          "value": -0.013705753593051817
        },
        {
          "error": 70.38554118127377,
          "isConstant": false,
          "max": 14900.125578,
          "min": 0.5,
          "name": "nSigF",
          "value": 7880.46298918492
        },
        {
          "error": 0.007664518614893034,
          "isConstant": false,
          "max": 1.5000003969634441,
          "min": 0.4000001058569185,
          "name": "sigmaF",
          "value": 0.4000001190873031
        }
      ],
      "floatParsInit": [
        {
          "error": 0.0,
          "isConstant": false,
          "max": 5.0,
          "min": -5.0,
          "name": "meanF",
          "value": -0.0
        },
        {
          "error": 0.0,
          "isConstant": false,
          "max": 14900.125578,
          "min": 0.5,
          "name": "nSigF",
          "value": 8940.075347
        },
        {
          "error": 0.0,
          "isConstant": false,
          "max": 1.5000003969634441,
          "min": 0.4000001058569185,
          "name": "sigmaF",
          "value": 0.500000132321148
        }
      ],
      "minNll": -34518.35490956377,
      "numInvalidNLL": 0,
      "status": 160
    },
    "fail_quality": "check",
    "pass": {
      "covQual": -1,
      "edm": 0.009233973064305236,
      "floatParsFinal": [
        {
          "error": 0.027064444378058106,
          "isConstant": false,
          "max": 5.0,
          "min": -5.0,
          "name": "meanP",
          "value": -0.01077071843197075
        },
        {
          "error": 115.67484224245891,
          "isConstant": false,
          "max": 37657.343649,
          "min": 0.5,
          "name": "nSigP",
          "value": 21329.49518035053
        },
        {
          "error": 0.004254636835407721,
          "isConstant": false,
          "max": 5.0,
          "min": 0.5,
          "name": "sigmaP",
          "value": 0.500000132321148
        }
      ],
      "floatParsInit": [
        {
          "error": 0.0,
          "isConstant": false,
          "max": 5.0,
          "min": -5.0,
          "name": "meanP",
          "value": -0.0
        },
        {
          "error": 0.0,
          "isConstant": false,
          "max": 37657.343649,
          "min": 0.5,
          "name": "nSigP",
          "value": 22594.406189
        },
        {
          "error": 0.0,
          "isConstant": false,
          "max": 5.0,
          "min": 0.5,
          "name": "sigmaP",
          "value": 0.9
        }
      ],
      "minNll": -117900.64420071924,
      "numInvalidNLL": 0,
      "status": 160
    },
    "pass_quality": "check",
    "root_read_error": null
  },
  "fit_type": "nominalFit",
  "histograms": {
    "fail": {
      "entries": 8824.0,
      "fit_window": {
        "bin1": 11,
        "bin2": 70,
        "max": 120.0,
        "min": 60.0
      },
      "integral_fit_window": 7880.948337541246,
      "integral_fit_window_error": 111.96683743677741,
      "integral_full": 9933.417051695,
      "integral_full_error": 125.80076202784001,
      "maximum_bin_center": 89.5,
      "maximum_bin_content": 489.06658655673255,
      "mean": 77.45268114706093,
      "rms": 15.087827727413686
    },
    "pass": {
      "entries": 22177.0,
      "fit_window": {
        "bin1": 11,
        "bin2": 70,
        "max": 120.0,
        "min": 60.0
      },
      "integral_fit_window": 21329.6742670712,
      "integral_fit_window_error": 184.39516267294653,
      "integral_full": 25104.89576572498,
      "integral_full_error": 200.28381330373045,
      "maximum_bin_center": 90.5,
      "maximum_bin_content": 1607.3468370513563,
      "mean": 80.72980649222818,
      "rms": 13.986460324565341
    }
  },
  "sample": {
    "fitOutputBinRoot": "/eos/home-p/pelai/HZa/root_TnP//hza_elid_nongap_2024_sf//DY_MC_LO_2024_hza_elid_nongap_2024_sf.nominalFit-bin05_el_sc_eta_0p80To1p57_el_et_7p00To15p00.root",
    "fitOutputRoot": "/eos/home-p/pelai/HZa/root_TnP//hza_elid_nongap_2024_sf//DY_MC_LO_2024_hza_elid_nongap_2024_sf.nominalFit.root",
    "histFile": "/eos/home-p/pelai/HZa/root_TnP//hza_elid_nongap_2024_sf//DY_MC_LO_2024_hza_elid_nongap_2024_sf.root",
    "isMC": true,
    "mcRefHistFile": "/eos/home-p/pelai/HZa/root_TnP//hza_elid_nongap_2024_sf//DY_MC_LO_2024_hza_elid_nongap_2024_sf.root",
    "mcTruth": true,
    "name": "DY_MC_LO_2024"
  },
  "workspace": {
    "effective_parsed": [
      {
        "max": 5.0,
        "min": -5.0,
        "name": "meanP",
        "raw": "meanP[-0.0,-5.0,5.0]",
        "tokens": [
          "-0.0",
          "-5.0",
          "5.0"
        ],
        "value": -0.0
      },
      {
        "max": 5.0,
        "min": 0.5,
        "name": "sigmaP",
        "raw": "sigmaP[0.9,0.5,5.0]",
        "tokens": [
          "0.9",
          "0.5",
          "5.0"
        ],
        "value": 0.9
      },
      {
        "max": 5.0,
        "min": -5.0,
        "name": "meanF",
        "raw": "meanF[-0.0,-5.0,5.0]",
        "tokens": [
          "-0.0",
          "-5.0",
          "5.0"
        ],
        "value": -0.0
      },
      {
        "max": 5.0,
        "min": 0.5,
        "name": "sigmaF",
        "raw": "sigmaF[0.9,0.5,5.0]",
        "tokens": [
          "0.9",
          "0.5",
          "5.0"
        ],
        "value": 0.9
      },
      {
        "max": 80.0,
        "min": 50.0,
        "name": "acmsP",
        "raw": "acmsP[60.,50.,80.]",
        "tokens": [
          "60.",
          "50.",
          "80."
        ],
        "value": 60.0
      },
      {
        "max": 0.08,
        "min": 0.01,
        "name": "betaP",
        "raw": "betaP[0.05,0.01,0.08]",
        "tokens": [
          "0.05",
          "0.01",
          "0.08"
        ],
        "value": 0.05
      },
      {
        "max": 2.0,
        "min": -2.0,
        "name": "gammaP",
        "raw": "gammaP[0.1, -2, 2]",
        "tokens": [
          "0.1",
          "-2",
          "2"
        ],
        "value": 0.1
      },
      {
        "max": 90.0,
        "min": 82.0,
        "name": "peakP",
        "raw": "peakP[87.0,82.0,90.0]",
        "tokens": [
          "87.0",
          "82.0",
          "90.0"
        ],
        "value": 87.0
      },
      {
        "max": 80.0,
        "min": 50.0,
        "name": "acmsF",
        "raw": "acmsF[60.,50.,80.]",