{
  "bin": {
    "cut": "tag_Ele_pt > 40 && abs(tag_sc_eta) < 2.17 && (tag_Ele_q + el_q) == 0 && el_sc_eta >= 2.000000 && el_sc_eta < 2.500000 && el_et >= 15.000000 && el_et < 20.000000",
    "index": 7,
    "name": "bin07_el_sc_eta_2p00To2p50_el_et_15p00To20p00",
    "title": "; 2.000 < el_sc_eta < 2.500; 15.000 < el_et < 20.000",
    "vars": {
      "el_et": {
        "max": 20,
        "min": 15
      },
      "el_sc_eta": {
        "max": 2.5,
        "min": 2.0
      }
    }
  },
  "created_at_utc": "2026-04-22T18:09:48.748252+00:00",
  "derived": {
    "efficiency": 0.8779077480310202,
    "efficiency_error": 0.0017464244904679919,
    "nSigF": {
      "error": 41.062988414977326,
      "isConstant": false,
      "max": 4435.584415,
      "min": 0.5,
      "name": "nSigF",
      "value": 2689.164172890328
    },
    "nSigP": {
      "error": 109.91163262806367,
      "isConstant": false,
      "max": 30283.247599,
      "min": 0.5,
      "name": "nSigP",
      "value": 19336.510098181094
    }
  },
  "fit_metadata": {
    "bin_index": 7,
    "fail_hist_uses_pass_hist": false,
    "fit_range": {
      "max": 120.0,
      "min": 60.0
    },
    "truth_fail_template_uses_pass_hist": false,
    "truth_template_source": "/eos/home-p/pelai/HZa/root_TnP//hza_elid_nongap_2024_sf//DY_MC_LO_2024_hza_elid_nongap_2024_sf.root"
  },
  "fit_result": {
    "fail": {
      "covQual": -1,
      "edm": 0.0673320181315199,
      "floatParsFinal": [
        {
          "error": 0.060526876148483844,
          "isConstant": false,
          "max": 5.0,
          "min": -5.0,
          "name": "meanF",
          "value": 0.0021423298570732996
        },
        {
          "error": 41.062988414977326,
          "isConstant": false,
          "max": 4435.584415,
          "min": 0.5,
          "name": "nSigF",
          "value": 2689.164172890328
        },
        {
          "error": 0.009136951251333014,
          "isConstant": false,
          "max": 1.500000390987542,
          "min": 0.40000010426334454,
          "name": "sigmaF",
          "value": 0.40000144445435826
        }
      ],
      "floatParsInit": [
        {
          "error": 0.0,
          "isConstant": false,
          "max": 5.0,
          "min": -5.0,
          "name": "meanF",
          "value": -0.0
        },
        {
          "error": 0.0,
          "isConstant": false,
          "max": 4435.584415,
          "min": 0.5,
          "name": "nSigF",
          "value": 2661.350649
        },
        {
          "error": 0.0,
          "isConstant": false,
          "max": 1.500000390987542,
          "min": 0.40000010426334454,
          "name": "sigmaF",
          "value": 0.5000001303291807
        }
      ],
      "minNll": -8710.269163233104,
      "numInvalidNLL": 0,
      "status": 160
    },
    "fail_quality": "check",
    "pass": {
      "covQual": -1,
      "edm": 0.011663643804582393,
      "floatParsFinal": [
        {
          "error": 0.028721502127135423,
          "isConstant": false,
          "max": 5.0,
          "min": -5.0,
          "name": "meanP",
          "value": -0.002584562365439247
        },
        {
          "error": 109.91163262806367,
          "isConstant": false,
          "max": 30283.247599,
          "min": 0.5,
          "name": "nSigP",
          "value": 19336.510098181094
        },
        {
          "error": 0.009207229335926714,
          "isConstant": false,
          "max": 5.0,
          "min": 0.5,
          "name": "sigmaP",
          "value": 0.5000001303291807
        }
      ],
      "floatParsInit": [
        {
          "error": 0.0,
          "isConstant": false,
          "max": 5.0,
          "min": -5.0,
          "name": "meanP",
          "value": -0.0
        },
        {
          "error": 0.0,
          "isConstant": false,
          "max": 30283.247599,
          "min": 0.5,
          "name": "nSigP",
          "value": 18169.94856
        },
        {
          "error": 0.0,
          "isConstant": false,
          "max": 5.0,
          "min": 0.5,
          "name": "sigmaP",
          "value": 0.9
        }
      ],
      "minNll": -106481.25838099467,
      "numInvalidNLL": 0,
      "status": 160
    },
    "pass_quality": "check",
    "root_read_error": null
  },
  "fit_type": "nominalFit",
  "histograms": {
    "fail": {
      "entries": 2608.0,
      "fit_window": {
        "bin1": 11,
        "bin2": 70,
        "max": 120.0,
        "min": 60.0
      },
      "integral_fit_window": 2691.703868758834,
      "integral_fit_window_error": 65.49004122714169,
      "integral_full": 2957.0562768513705,
      "integral_full_error": 68.83756902655671,
      "maximum_bin_center": 88.5,
      "maximum_bin_content": 160.24642745019338,
      "mean": 82.97648989100045,
      "rms": 13.597103411908241
    },
    "pass": {
      "entries": 17884.0,
      "fit_window": {
        "bin1": 11,
        "bin2": 70,
        "max": 120.0,
        "min": 60.0
      },
      "integral_fit_window": 19336.07188417666,
      "integral_fit_window_error": 175.9323868373186,
      "integral_full": 20188.831732869647,
      "integral_full_error": 179.77503147994346,
      "maximum_bin_center": 91.5,
      "maximum_bin_content": 1613.4571631093747,
      "mean": 87.00715652284869,
      "rms": 10.627908318902083
    }
  },
  "sample": {
    "fitOutputBinRoot": "/eos/home-p/pelai/HZa/root_TnP//hza_elid_nongap_2024_sf//DY_MC_LO_2024_hza_elid_nongap_2024_sf.nominalFit-bin07_el_sc_eta_2p00To2p50_el_et_15p00To20p00.root",
    "fitOutputRoot": "/eos/home-p/pelai/HZa/root_TnP//hza_elid_nongap_2024_sf//DY_MC_LO_2024_hza_elid_nongap_2024_sf.nominalFit.root",
    "histFile": "/eos/home-p/pelai/HZa/root_TnP//hza_elid_nongap_2024_sf//DY_MC_LO_2024_hza_elid_nongap_2024_sf.root",
    "isMC": true,
    "mcRefHistFile": "/eos/home-p/pelai/HZa/root_TnP//hza_elid_nongap_2024_sf//DY_MC_LO_2024_hza_elid_nongap_2024_sf.root",
    "mcTruth": true,
    "name": "DY_MC_LO_2024"
  },
  "workspace": {
    "effective_parsed": [
      {
        "max": 5.0,
        "min": -5.0,
        "name": "meanP",
        "raw": "meanP[-0.0,-5.0,5.0]",
        "tokens": [
          "-0.0",
          "-5.0",
          "5.0"
        ],
        "value": -0.0
      },
      {
        "max": 5.0,
        "min": 0.5,
        "name": "sigmaP",
        "raw": "sigmaP[0.9,0.5,5.0]",
        "tokens": [
          "0.9",
          "0.5",
          "5.0"
        ],
        "value": 0.9
      },
      {
        "max": 5.0,
        "min": -5.0,
        "name": "meanF",
        "raw": "meanF[-0.0,-5.0,5.0]",
        "tokens": [
          "-0.0",
          "-5.0",
          "5.0"
        ],
        "value": -0.0
      },
      {
        "max": 5.0,
        "min": 0.5,
        "name": "sigmaF",
        "raw": "sigmaF[0.9,0.5,5.0]",
        "tokens": [
          "0.9",
          "0.5",
          "5.0"
        ],
        "value": 0.9
      },
      {
        "max": 90.0,
        "min": 45.0,
        "name": "acmsP",
        "raw": "acmsP[65.,45.,90.]",
        "tokens": [
          "65.",
          "45.",
          "90."
        ],
        "value": 65.0
      },
      {
        "max": 0.1,
        "min": 0.005,
        "name": "betaP",
        "raw": "betaP[0.05,0.005,0.10]",
        "tokens": [
          "0.05",
          "0.005",
          "0.10"
        ],
        "value": 0.05
      },
      {
        "max": 2.0,
        "min": -2.0,
        "name": "gammaP",
        "raw": "gammaP[0.1, -2, 2]",
        "tokens": [
          "0.1",
          "-2",
          "2"
        ],
        "value": 0.1
      },
      {
        "max": 90.0,
        "min": 82.0,
        "name": "peakP",
        "raw": "peakP[87.0,82.0,90.0]",
        "tokens": [
          "87.0",
          "82.0",
          "90.0"
        ],
        "value": 87.0
      },
      {
        "max": 90.0,
        "min": 45.0,
        "name": "acmsF",
        "raw": "acmsF[65.,45.,90.]",