{
  "bin": {
    "cut": "tag_Ele_pt > 40 && abs(tag_sc_eta) < 2.17 && (tag_Ele_q + el_q) == 0 && el_sc_eta >= -1.566000 && el_sc_eta < -0.800000 && el_et >= 15.000000 && el_et < 20.000000",
    "index": 2,
    "name": "bin02_el_sc_eta_m1p57Tom0p80_el_et_15p00To20p00",
    "title": "; -1.566 < el_sc_eta < -0.800; 15.000 < el_et < 20.000",
    "vars": {
      "el_et": {
        "max": 20,
        "min": 15
      },
      "el_sc_eta": {
        "max": -0.8,
        "min": -1.566
      }
    }
  },
  "created_at_utc": "2026-04-20T17:36:35.907325+00:00",
  "derived": {
    "efficiency": 0.8580127723025749,
    "efficiency_error": 0.0012563968892576464,
    "nSigF": {
      "error": 65.27256775074648,
      "isConstant": false,
      "max": 12244.912975,
      "min": 0.5,
      "name": "nSigF",
      "value": 6830.635832351427
    },
    "nSigP": {
      "error": 160.093241669485,
      "isConstant": false,
      "max": 68814.608034,
      "min": 0.5,
      "name": "nSigP",
      "value": 41276.76046745885
    }
  },
  "fit_metadata": {
    "bin_index": 2,
    "fail_hist_uses_pass_hist": false,
    "fit_range": {
      "max": 120.0,
      "min": 60.0
    },
    "truth_fail_template_uses_pass_hist": false,
    "truth_template_source": "/eos/home-p/pelai/HZa/root_TnP//hza_elid_nongap_2024_sf//DY_MC_LO_2024_hza_elid_nongap_2024_sf.root"
  },
  "fit_result": {
    "fail": {
      "covQual": -1,
      "edm": 0.11162583914796745,
      "floatParsFinal": [
        {
          "error": 0.044366663837935416,
          "isConstant": false,
          "max": 5.0,
          "min": -5.0,
          "name": "meanF",
          "value": -0.024797432018195842
        },
        {
          "error": 65.27256775074648,
          "isConstant": false,
          "max": 12244.912975,
          "min": 0.5,
          "name": "nSigF",
          "value": 6830.635832351427
        },
        {
          "error": 0.00610015554238541,
          "isConstant": false,
          "max": 1.5000004599388,
          "min": 0.4000001226503467,
          "name": "sigmaF",
          "value": 0.4000005551049218
        }
      ],
      "floatParsInit": [
        {
          "error": 0.0,
          "isConstant": false,
          "max": 5.0,
          "min": -5.0,
          "name": "meanF",
          "value": -0.0
        },
        {
          "error": 0.0,
          "isConstant": false,
          "max": 12244.912975,
          "min": 0.5,
          "name": "nSigF",
          "value": 7346.947785
        },
        {
          "error": 0.0,
          "isConstant": false,
          "max": 1.5000004599388,
          "min": 0.4000001226503467,
          "name": "sigmaF",
          "value": 0.5000001533129333
        }
      ],
      "minNll": -28677.178986013078,
      "numInvalidNLL": 0,
      "status": 160
    },
    "fail_quality": "check",
    "pass": {
      "covQual": -1,
      "edm": 0.06590121674033297,
      "floatParsFinal": [
        {
          "error": 0.01912139825378567,
          "isConstant": false,
          "max": 5.0,
          "min": -5.0,
          "name": "meanP",
          "value": -0.0082629807266823
        },
        {
          "error": 160.093241669485,
          "isConstant": false,
          "max": 68814.608034,
          "min": 0.5,
          "name": "nSigP",
          "value": 41276.76046745885
        },
        {
          "error": 0.004937660212035289,
          "isConstant": false,
          "max": 5.0,
          "min": 0.5,
          "name": "sigmaP",
          "value": 0.5000001533129333
        }
      ],
      "floatParsInit": [
        {
          "error": 0.0,
          "isConstant": false,
          "max": 5.0,
          "min": -5.0,
          "name": "meanP",
          "value": -0.0
        },
        {
          "error": 0.0,
          "isConstant": false,
          "max": 68814.608034,
          "min": 0.5,
          "name": "nSigP",
          "value": 41288.76482
        },
        {
          "error": 0.0,
          "isConstant": false,
          "max": 5.0,
          "min": 0.5,
          "name": "sigmaP",
          "value": 0.9
        }
      ],
      "minNll": -256116.72007654654,
      "numInvalidNLL": 0,
      "status": 160
    },
    "pass_quality": "check",
    "root_read_error": null
  },
  "fit_type": "nominalFit",
  "histograms": {
    "fail": {
      "entries": 7222.0,
      "fit_window": {
        "bin1": 11,
        "bin2": 70,
        "max": 120.0,
        "min": 60.0
      },
      "integral_fit_window": 6831.032960637721,
      "integral_fit_window_error": 104.65355011157942,
      "integral_full": 8163.275316965469,
      "integral_full_error": 114.40793279273309,
      "maximum_bin_center": 89.5,
      "maximum_bin_content": 385.7914389012944,
      "mean": 77.78697409864175,
      "rms": 14.043567349141338
    },
    "pass": {
      "entries": 40268.0,
      "fit_window": {
        "bin1": 11,
        "bin2": 70,
        "max": 120.0,
        "min": 60.0
      },
      "integral_fit_window": 41275.037524521984,
      "integral_fit_window_error": 257.8333396049827,
      "integral_full": 45876.40535593567,
      "integral_full_error": 271.77814658408255,
      "maximum_bin_center": 90.5,
      "maximum_bin_content": 3398.50128838514,
      "mean": 82.54494150847427,
      "rms": 12.711955927597913
    }
  },
  "sample": {
    "fitOutputBinRoot": "/eos/home-p/pelai/HZa/root_TnP//hza_elid_nongap_2024_sf//DY_MC_LO_2024_hza_elid_nongap_2024_sf.nominalFit-bin02_el_sc_eta_m1p57Tom0p80_el_et_15p00To20p00.root",
    "fitOutputRoot": "/eos/home-p/pelai/HZa/root_TnP//hza_elid_nongap_2024_sf//DY_MC_LO_2024_hza_elid_nongap_2024_sf.nominalFit.root",
    "histFile": "/eos/home-p/pelai/HZa/root_TnP//hza_elid_nongap_2024_sf//DY_MC_LO_2024_hza_elid_nongap_2024_sf.root",
    "isMC": true,
    "mcRefHistFile": "/eos/home-p/pelai/HZa/root_TnP//hza_elid_nongap_2024_sf//DY_MC_LO_2024_hza_elid_nongap_2024_sf.root",
    "mcTruth": true,
    "name": "DY_MC_LO_2024"
  },
  "workspace": {
    "effective_parsed": [
      {
        "max": 5.0,
        "min": -5.0,
        "name": "meanP",
        "raw": "meanP[-0.0,-5.0,5.0]",
        "tokens": [
          "-0.0",
          "-5.0",
          "5.0"
        ],
        "value": -0.0
      },
      {
        "max": 5.0,
        "min": 0.5,
        "name": "sigmaP",
        "raw": "sigmaP[0.9,0.5,5.0]",
        "tokens": [
          "0.9",
          "0.5",
          "5.0"
        ],
        "value": 0.9
      },
      {
        "max": 5.0,
        "min": -5.0,
        "name": "meanF",
        "raw": "meanF[-0.0,-5.0,5.0]",
        "tokens": [
          "-0.0",
          "-5.0",
          "5.0"
        ],
        "value": -0.0
      },
      {
        "max": 5.0,
        "min": 0.5,
        "name": "sigmaF",
        "raw": "sigmaF[0.9,0.5,5.0]",
        "tokens": [
          "0.9",
          "0.5",
          "5.0"
        ],
        "value": 0.9
      },
      {
        "max": 80.0,
        "min": 50.0,
        "name": "acmsP",
        "raw": "acmsP[60.,50.,80.]",
        "tokens": [
          "60.",
          "50.",
          "80."
        ],
        "value": 60.0
      },
      {
        "max": 0.08,
        "min": 0.01,
        "name": "betaP",
        "raw": "betaP[0.05,0.01,0.08]",
        "tokens": [
          "0.05",
          "0.01",
          "0.08"
        ],
        "value": 0.05
      },
      {
        "max": 2.0,
        "min": -2.0,
        "name": "gammaP",
        "raw": "gammaP[0.1, -2, 2]",
        "tokens": [
          "0.1",
          "-2",
          "2"
        ],
        "value": 0.1
      },
      {
        "max": 90.0,
        "min": 82.0,
        "name": "peakP",
        "raw": "peakP[87.0,82.0,90.0]",
        "tokens": [
          "87.0",
          "82.0",
          "90.0"
        ],
        "value": 87.0
      },
      {
        "max": 80.0,
        "min": 50.0,
        "name": "acmsF",
        "raw": "acmsF[60.,50.,80.]",