{
  "bin": {
    "cut": "tag_Ele_pt > 40 && abs(tag_sc_eta) < 2.17 && (tag_Ele_q + el_q) == 0 && el_sc_eta >= -0.800000 && el_sc_eta < 0.000000 && el_et >= 15.000000 && el_et < 20.000000",
    "index": 3,
    "name": "bin03_el_sc_eta_m0p80To0p00_el_et_15p00To20p00",
    "title": "; -0.800 < el_sc_eta < 0.000; 15.000 < el_et < 20.000",
    "vars": {
      "el_et": {
        "max": 20,
        "min": 15
      },
      "el_sc_eta": {
        "max": 0.0,
        "min": -0.8
      }
    }
  },
  "created_at_utc": "2026-07-10T17:48:47.269241+00:00",
  "derived": {
    "efficiency": 0.8598995165235561,
    "efficiency_error": 1.0035242301944773e-07,
    "nSigF": {
      "error": 71.33285758644342,
      "isConstant": false,
      "max": 157185556.030518,
      "min": 0.5,
      "name": "nSigF",
      "value": 92579141.61153916
    },
    "nSigP": {
      "error": 179.8630782365799,
      "isConstant": false,
      "max": 933051907.424561,
      "min": 0.5,
      "name": "nSigP",
      "value": 568226155.5172545
    }
  },
  "fit_metadata": {
    "bin_index": 3,
    "fail_hist_uses_pass_hist": false,
    "fit_range": {
      "max": 120.0,
      "min": 60.0
    },
    "truth_fail_template_uses_pass_hist": false,
    "truth_template_source": "/eos/cms/store/group/phys_susy/NPS-25-014/root_TnP_local//hza_elid_nongap_2024_sf//DY_MC_LO_2024_hza_elid_nongap_2024_sf.root"
  },
  "fit_result": {
    "fail": {
      "covQual": -1,
      "edm": 307718347.1901251,
      "floatParsFinal": [
        {
          "error": 3.546525623399077e-06,
          "isConstant": false,
          "max": 1.0,
          "min": -5.0,
          "name": "meanF",
          "value": -0.04142942850628906
        },
        {
          "error": 71.33285758644342,
          "isConstant": false,
          "max": 157185556.030518,
          "min": 0.5,
          "name": "nSigF",
          "value": 92579141.61153916
        },
        {
          "error": 2.064424742265203e-10,
          "isConstant": false,
          "max": 4.0,
          "min": 0.8,
          "name": "sigmaF",
          "value": 0.8000000002458783
        }
      ],
      "floatParsInit": [
        {
          "error": 0.0,
          "isConstant": false,
          "max": 1.0,
          "min": -5.0,
          "name": "meanF",
          "value": -2.2
        },
        {
          "error": 0.0,
          "isConstant": false,
          "max": 157185556.030518,
          "min": 0.5,
          "name": "nSigF",
          "value": 94311333.618311
        },
        {
          "error": 0.0,
          "isConstant": false,
          "max": 4.0,
          "min": 0.8,
          "name": "sigmaF",
          "value": 2.8
        }
      ],
      "minNll": -1280305289.098823,
      "numInvalidNLL": 0,
      "status": -1
    },
    "fail_quality": "check",
    "pass": {
      "covQual": -1,
      "edm": 249238348.8137329,
      "floatParsFinal": [
        {
          "error": 1.2592697369306904e-06,
          "isConstant": false,
          "max": 5.0,
          "min": -5.0,
          "name": "meanP",
          "value": -0.009232409379784201
        },
        {
          "error": 179.8630782365799,
          "isConstant": false,
          "max": 933051907.424561,
          "min": 0.5,
          "name": "nSigP",
          "value": 568226155.5172545
        },
        {
          "error": 1.9800960870952622e-10,
          "isConstant": false,
          "max": 5.0,
          "min": 0.5,
          "name": "sigmaP",
          "value": 0.500000000331621
        }
      ],
      "floatParsInit": [
        {
          "error": 0.0,
          "isConstant": false,
          "max": 5.0,
          "min": -5.0,
          "name": "meanP",
          "value": -0.4
        },
        {
          "error": 0.0,
          "isConstant": false,
          "max": 933051907.424561,
          "min": 0.5,
          "name": "nSigP",
          "value": 559831144.454736
        },
        {
          "error": 0.0,
          "isConstant": false,
          "max": 5.0,
          "min": 0.5,
          "name": "sigmaP",
          "value": 0.9
        }
      ],
      "minNll": -9022672909.341465,
      "numInvalidNLL": 0,
      "status": 210
    },
    "pass_quality": "check",
    "root_read_error": null
  },
  "fit_type": "nominalFit",
  "histograms": {
    "fail": {
      "entries": 7773.0,
      "fit_window": {
        "bin1": 11,
        "bin2": 70,
        "max": 120.0,
        "min": 60.0
      },
      "integral_fit_window": 92578840.07495117,
      "integral_fit_window_error": 1297847.6247816423,
      "integral_full": 104790370.68701172,
      "integral_full_error": 1375940.6353635313,
      "maximum_bin_center": 91.5,
      "maximum_bin_content": 7173226.894042969,
      "mean": 80.37396049920008,
      "rms": 13.189990975112941
    },
    "pass": {
      "entries": 47815.0,
      "fit_window": {
        "bin1": 11,
        "bin2": 70,
        "max": 120.0,
        "min": 60.0
      },
      "integral_fit_window": 568224312.2731934,
      "integral_fit_window_error": 3159216.468797493,
      "integral_full": 622034604.949707,
      "integral_full_error": 3305753.575023073,
      "maximum_bin_center": 90.5,
      "maximum_bin_content": 59277261.243896484,
      "mean": 83.63533425942599,
      "rms": 12.123583881984256
    }
  },
  "sample": {
    "fitOutputBinRoot": "/eos/cms/store/group/phys_susy/NPS-25-014/root_TnP_local//hza_elid_nongap_2024_sf//DY_MC_LO_2024_hza_elid_nongap_2024_sf.nominalFit-bin03_el_sc_eta_m0p80To0p00_el_et_15p00To20p00.root",
    "fitOutputRoot": "/eos/cms/store/group/phys_susy/NPS-25-014/root_TnP_local//hza_elid_nongap_2024_sf//DY_MC_LO_2024_hza_elid_nongap_2024_sf.nominalFit.root",
    "histFile": "/eos/cms/store/group/phys_susy/NPS-25-014/root_TnP_local//hza_elid_nongap_2024_sf//DY_MC_LO_2024_hza_elid_nongap_2024_sf.root",
    "isMC": true,
    "mcRefHistFile": "/eos/cms/store/group/phys_susy/NPS-25-014/root_TnP_local//hza_elid_nongap_2024_sf//DY_MC_LO_2024_hza_elid_nongap_2024_sf.root",
    "mcTruth": true,
    "name": "DY_MC_LO_2024"
  },
  "workspace": {
    "effective_parsed": [
      {
        "max": 5.0,
        "min": 0.5,
        "name": "sigmaP",
        "raw": "sigmaP[0.9,0.5,5.0]",
        "tokens": [
          "0.9",
          "0.5",
          "5.0"
        ],
        "value": 0.9
      },
      {
        "max": 90.0,
        "min": 82.0,
        "name": "peakP",
        "raw": "peakP[87.0,82.0,90.0]",
        "tokens": [
          "87.0",
          "82.0",
          "90.0"
        ],
        "value": 87.0
      },
      {
        "max": 90.0,
        "min": 82.0,
        "name": "peakF",
        "raw": "peakF[87.0,82.0,90.0]",
        "tokens": [
          "87.0",
          "82.0",
          "90.0"
        ],
        "value": 87.0
      },
      {
        "max": 5.0,
        "min": -5.0,
        "name": "meanP",
        "raw": "meanP[-0.4,-5.0,5.0]",
        "tokens": [
          "-0.4",
          "-5.0",
          "5.0"
        ],
        "value": -0.4
      },
      {
        "max": 1.0,
        "min": -5.0,
        "name": "meanF",
        "raw": "meanF[-2.2,-5.0,1.0]",
        "tokens": [
          "-2.2",
          "-5.0",
          "1.0"
        ],
        "value": -2.2
      },
      {
        "max": 4.0,
        "min": 0.8,
        "name": "sigmaF",
        "raw": "sigmaF[2.8,0.8,4.0]",
        "tokens": [
          "2.8",
          "0.8",
          "4.0"
        ],
        "value": 2.8
      },
      {
        "max": 100.0,
        "min": 40.0,
        "name": "acmsP",
        "raw": "acmsP[75.,40.,100.]",
        "tokens": [
          "75.",
          "40.",
          "100."
        ],
        "value": 75.0
      },
      {
        "max": 0.12,
        "min": 0.002,
        "name": "betaP",
        "raw": "betaP[0.05,0.002,0.12]",
        "tokens": [
          "0.05",
          "0.002",
          "0.12"
        ],
        "value": 0.05
      },
      {
        "max": 2.0,
        "min": 0.002,