{
  "bin": {
    "cut": "tag_Ele_pt > 40 && abs(tag_sc_eta) < 2.17 && (tag_Ele_q + el_q) == 0 && el_sc_eta >= -2.000000 && el_sc_eta < -1.566000 && el_et >= 20.000000 && el_et < 35.000000",
    "index": 9,
    "name": "bin09_el_sc_eta_m2p00Tom1p57_el_et_20p00To35p00",
    "title": "; -2.000 < el_sc_eta < -1.566; 20.000 < el_et < 35.000",
    "vars": {
      "el_et": {
        "max": 35,
        "min": 20
      },
      "el_sc_eta": {
        "max": -1.566,
        "min": -2.0
      }
    }
  },
  "created_at_utc": "2026-04-22T14:58:39.391593+00:00",
  "derived": {
    "efficiency": 0.9532187320588451,
    "efficiency_error": 0.0003824660053053877,
    "nSigF": {
      "error": 74.89372605398057,
      "isConstant": false,
      "max": 13518.130815,
      "min": 0.5,
      "name": "nSigF",
      "value": 8943.234451165192
    },
    "nSigP": {
      "error": 337.6321672521881,
      "isConstant": false,
      "max": 274996.148962,
      "min": 0.5,
      "name": "nSigP",
      "value": 182228.03654590764
    }
  },
  "fit_metadata": {
    "bin_index": 9,
    "fail_hist_uses_pass_hist": false,
    "fit_range": {
      "max": 120.0,
      "min": 60.0
    },
    "truth_fail_template_uses_pass_hist": false,
    "truth_template_source": "/eos/home-p/pelai/HZa/root_TnP//hza_elid_nongap_2024_sf//DY_MC_LO_2024_hza_elid_nongap_2024_sf.root"
  },
  "fit_result": {
    "fail": {
      "covQual": -1,
      "edm": 0.27291409147299706,
      "floatParsFinal": [
        {
          "error": 0.04293489633030401,
          "isConstant": false,
          "max": 5.0,
          "min": -5.0,
          "name": "meanF",
          "value": -0.0009999538365299543
        },
        {
          "error": 74.89372605398057,
          "isConstant": false,
          "max": 13518.130815,
          "min": 0.5,
          "name": "nSigF",
          "value": 8943.234451165192
        },
        {
          "error": 0.009732868947283008,
          "isConstant": false,
          "max": 1.5000000071613062,
          "min": 0.40000000190968166,
          "name": "sigmaF",
          "value": 0.4000000244442309
        }
      ],
      "floatParsInit": [
        {
          "error": 0.0,
          "isConstant": false,
          "max": 5.0,
          "min": -5.0,
          "name": "meanF",
          "value": -0.0
        },
        {
          "error": 0.0,
          "isConstant": false,
          "max": 13518.130815,
          "min": 0.5,
          "name": "nSigF",
          "value": 8110.878489
        },
        {
          "error": 0.0,
          "isConstant": false,
          "max": 1.5000000071613062,
          "min": 0.40000000190968166,
          "name": "sigmaF",
          "value": 0.5000000023871021
        }
      ],
      "minNll": -41006.136037050106,
      "numInvalidNLL": 0,
      "status": 160
    },
    "fail_quality": "check",
    "pass": {
      "covQual": -1,
      "edm": 0.06985861853196752,
      "floatParsFinal": [
        {
          "error": 0.008512098608629337,
          "isConstant": false,
          "max": 5.0,
          "min": -5.0,
          "name": "meanP",
          "value": -0.0055094188904538655
        },
        {
          "error": 337.6321672521881,
          "isConstant": false,
          "max": 274996.148962,
          "min": 0.5,
          "name": "nSigP",
          "value": 182228.03654590764
        },
        {
          "error": 0.0026381132250462014,
          "isConstant": false,
          "max": 5.0,
          "min": 0.5,
          "name": "sigmaP",
          "value": 0.5000000023871021
        }
      ],
      "floatParsInit": [
        {
          "error": 0.0,
          "isConstant": false,
          "max": 5.0,
          "min": -5.0,
          "name": "meanP",
          "value": -0.0
        },
        {
          "error": 0.0,
          "isConstant": false,
          "max": 274996.148962,
          "min": 0.5,
          "name": "nSigP",
          "value": 164997.689377
        },
        {
          "error": 0.0,
          "isConstant": false,
          "max": 5.0,
          "min": 0.5,
          "name": "sigmaP",
          "value": 0.9
        }
      ],
      "minNll": -1442269.3667308502,
      "numInvalidNLL": 0,
      "status": 160
    },
    "pass_quality": "check",
    "root_read_error": null
  },
  "fit_type": "nominalFit",
  "histograms": {
    "fail": {
      "entries": 8057.0,
      "fit_window": {
        "bin1": 11,
        "bin2": 70,
        "max": 120.0,
        "min": 60.0
      },
      "integral_fit_window": 8944.039104174031,
      "integral_fit_window_error": 119.41532326112092,
      "integral_full": 9012.08720991532,
      "integral_full_error": 119.89311669962379,
      "maximum_bin_center": 89.5,
      "maximum_bin_content": 606.7827510069815,
      "mean": 85.34242831862336,
      "rms": 9.326578959080411
    },
    "pass": {
      "entries": 162594.0,
      "fit_window": {
        "bin1": 11,
        "bin2": 70,
        "max": 120.0,
        "min": 60.0
      },
      "integral_fit_window": 182229.22076283637,
      "integral_fit_window_error": 539.7239139106902,
      "integral_full": 183330.7659745453,
      "integral_full_error": 541.3653311415245,
      "maximum_bin_center": 90.5,
      "maximum_bin_content": 17311.989574865875,
      "mean": 88.01248590449217,
      "rms": 7.268196943885704
    }
  },
  "sample": {
    "fitOutputBinRoot": "/eos/home-p/pelai/HZa/root_TnP//hza_elid_nongap_2024_sf//DY_MC_LO_2024_hza_elid_nongap_2024_sf.nominalFit-bin09_el_sc_eta_m2p00Tom1p57_el_et_20p00To35p00.root",
    "fitOutputRoot": "/eos/home-p/pelai/HZa/root_TnP//hza_elid_nongap_2024_sf//DY_MC_LO_2024_hza_elid_nongap_2024_sf.nominalFit.root",
    "histFile": "/eos/home-p/pelai/HZa/root_TnP//hza_elid_nongap_2024_sf//DY_MC_LO_2024_hza_elid_nongap_2024_sf.root",
    "isMC": true,
    "mcRefHistFile": "/eos/home-p/pelai/HZa/root_TnP//hza_elid_nongap_2024_sf//DY_MC_LO_2024_hza_elid_nongap_2024_sf.root",
    "mcTruth": true,
    "name": "DY_MC_LO_2024"
  },
  "workspace": {
    "effective_parsed": [
      {
        "max": 5.0,
        "min": -5.0,
        "name": "meanP",
        "raw": "meanP[-0.0,-5.0,5.0]",
        "tokens": [
          "-0.0",
          "-5.0",
          "5.0"
        ],
        "value": -0.0
      },
      {
        "max": 5.0,
        "min": 0.5,
        "name": "sigmaP",
        "raw": "sigmaP[0.9,0.5,5.0]",
        "tokens": [
          "0.9",
          "0.5",
          "5.0"
        ],
        "value": 0.9
      },
      {
        "max": 5.0,
        "min": -5.0,
        "name": "meanF",
        "raw": "meanF[-0.0,-5.0,5.0]",
        "tokens": [
          "-0.0",
          "-5.0",
          "5.0"
        ],
        "value": -0.0
      },
      {
        "max": 5.0,
        "min": 0.5,
        "name": "sigmaF",
        "raw": "sigmaF[0.9,0.5,5.0]",
        "tokens": [
          "0.9",
          "0.5",
          "5.0"
        ],
        "value": 0.9
      },
      {
        "max": 90.0,
        "min": 45.0,
        "name": "acmsP",
        "raw": "acmsP[65.,45.,90.]",
        "tokens": [
          "65.",
          "45.",
          "90."
        ],
        "value": 65.0
      },
      {
        "max": 0.1,
        "min": 0.005,
        "name": "betaP",
        "raw": "betaP[0.05,0.005,0.10]",
        "tokens": [
          "0.05",
          "0.005",
          "0.10"
        ],
        "value": 0.05
      },
      {
        "max": 2.0,
        "min": -2.0,
        "name": "gammaP",
        "raw": "gammaP[0.1, -2, 2]",
        "tokens": [
          "0.1",
          "-2",
          "2"
        ],
        "value": 0.1
      },
      {
        "max": 90.0,
        "min": 82.0,
        "name": "peakP",
        "raw": "peakP[87.0,82.0,90.0]",
        "tokens": [
          "87.0",
          "82.0",
          "90.0"
        ],
        "value": 87.0
      },
      {
        "max": 90.0,
        "min": 45.0,
        "name": "acmsF",
        "raw": "acmsF[65.,45.,90.]",