{
  "bin": {
    "cut": "tag_Ele_pt > 40 && abs(tag_sc_eta) < 2.17 && (tag_Ele_q + el_q) == 0 && el_sc_eta >= 1.566000 && el_sc_eta < 2.000000 && el_et >= 15.000000 && el_et < 20.000000",
    "index": 6,
    "name": "bin06_el_sc_eta_1p57To2p00_el_et_15p00To20p00",
    "title": "; 1.566 < el_sc_eta < 2.000; 15.000 < el_et < 20.000",
    "vars": {
      "el_et": {
        "max": 20,
        "min": 15
      },
      "el_sc_eta": {
        "max": 2.0,
        "min": 1.566
      }
    }
  },
  "created_at_utc": "2026-04-22T06:46:31.969297+00:00",
  "derived": {
    "efficiency": 0.8895767504484936,
    "efficiency_error": 0.0016046986030688068,
    "nSigF": {
      "error": 41.41881156133127,
      "isConstant": false,
      "max": 5307.185724,
      "min": 0.5,
      "name": "nSigF",
      "value": 2685.7642480388736
    },
    "nSigP": {
      "error": 116.60445184318087,
      "isConstant": false,
      "max": 35951.120491,
      "min": 0.5,
      "name": "nSigP",
      "value": 21636.688305633823
    }
  },
  "fit_metadata": {
    "bin_index": 6,
    "fail_hist_uses_pass_hist": false,
    "fit_range": {
      "max": 120.0,
      "min": 60.0
    },
    "truth_fail_template_uses_pass_hist": false,
    "truth_template_source": "/eos/home-p/pelai/HZa/root_TnP//hza_elid_nongap_2024_sf//DY_MC_LO_2024_hza_elid_nongap_2024_sf.root"
  },
  "fit_result": {
    "fail": {
      "covQual": -1,
      "edm": 0.02678827604430455,
      "floatParsFinal": [
        {
          "error": 0.060926561989430805,
          "isConstant": false,
          "max": 5.0,
          "min": -5.0,
          "name": "meanF",
          "value": -0.029514492940846182
        },
        {
          "error": 41.41881156133127,
          "isConstant": false,
          "max": 5307.185724,
          "min": 0.5,
          "name": "nSigF",
          "value": 2685.7642480388736
        },
        {
          "error": 0.008297334268912077,
          "isConstant": false,
          "max": 1.500000082636364,
          "min": 0.40000002203636376,
          "name": "sigmaF",
          "value": 0.40000759736479186
        }
      ],
      "floatParsInit": [
        {
          "error": 0.0,
          "isConstant": false,
          "max": 5.0,
          "min": -5.0,
          "name": "meanF",
          "value": -0.0
        },
        {
          "error": 0.0,
          "isConstant": false,
          "max": 5307.185724,
          "min": 0.5,
          "name": "nSigF",
          "value": 3184.311435
        },
        {
          "error": 0.0,
          "isConstant": false,
          "max": 1.500000082636364,
          "min": 0.40000002203636376,
          "name": "sigmaF",
          "value": 0.5000000275454547
        }
      ],
      "minNll": -8548.308412206961,
      "numInvalidNLL": 0,
      "status": 160
    },
    "fail_quality": "check",
    "pass": {
      "covQual": -1,
      "edm": 0.2663940887770479,
      "floatParsFinal": [
        {
          "error": 0.02908642947900164,
          "isConstant": false,
          "max": 5.0,
          "min": -5.0,
          "name": "meanP",
          "value": -0.005907178852949002
        },
        {
          "error": 116.60445184318087,
          "isConstant": false,
          "max": 35951.120491,
          "min": 0.5,
          "name": "nSigP",
          "value": 21636.688305633823
        },
        {
          "error": 0.006655496993543952,
          "isConstant": false,
          "max": 5.0,
          "min": 0.5,
          "name": "sigmaP",
          "value": 0.5000000275454547
        }
      ],
      "floatParsInit": [
        {
          "error": 0.0,
          "isConstant": false,
          "max": 5.0,
          "min": -5.0,
          "name": "meanP",
          "value": -0.0
        },
        {
          "error": 0.0,
          "isConstant": false,
          "max": 35951.120491,
          "min": 0.5,
          "name": "nSigP",
          "value": 21570.672294
        },
        {
          "error": 0.0,
          "isConstant": false,
          "max": 5.0,
          "min": 0.5,
          "name": "sigmaP",
          "value": 0.9
        }
      ],
      "minNll": -119255.48779355845,
      "numInvalidNLL": 0,
      "status": 160
    },
    "pass_quality": "check",
    "root_read_error": null
  },
  "fit_type": "nominalFit",
  "histograms": {
    "fail": {
      "entries": 3136.0,
      "fit_window": {
        "bin1": 11,
        "bin2": 70,
        "max": 120.0,
        "min": 60.0
      },
      "integral_fit_window": 2685.7391138137136,
      "integral_fit_window_error": 64.85338240019901,
      "integral_full": 3538.1238161390647,
      "integral_full_error": 74.58328615726099,
      "maximum_bin_center": 55.5,
      "maximum_bin_content": 133.38060608470667,
      "mean": 74.71984240350058,
      "rms": 15.008265772823496
    },
    "pass": {
      "entries": 21237.0,
      "fit_window": {
        "bin1": 11,
        "bin2": 70,
        "max": 120.0,
        "min": 60.0
      },
      "integral_fit_window": 21637.18607613162,
      "integral_fit_window_error": 185.56179092815654,
      "integral_full": 23967.41366039993,
      "integral_full_error": 195.51413909684854,
      "maximum_bin_center": 90.5,
      "maximum_bin_content": 1638.9250734698394,
      "mean": 83.09934433367324,
      "rms": 12.70082215795907
    }
  },
  "sample": {
    "fitOutputBinRoot": "/eos/home-p/pelai/HZa/root_TnP//hza_elid_nongap_2024_sf//DY_MC_LO_2024_hza_elid_nongap_2024_sf.nominalFit-bin06_el_sc_eta_1p57To2p00_el_et_15p00To20p00.root",
    "fitOutputRoot": "/eos/home-p/pelai/HZa/root_TnP//hza_elid_nongap_2024_sf//DY_MC_LO_2024_hza_elid_nongap_2024_sf.nominalFit.root",
    "histFile": "/eos/home-p/pelai/HZa/root_TnP//hza_elid_nongap_2024_sf//DY_MC_LO_2024_hza_elid_nongap_2024_sf.root",
    "isMC": true,
    "mcRefHistFile": "/eos/home-p/pelai/HZa/root_TnP//hza_elid_nongap_2024_sf//DY_MC_LO_2024_hza_elid_nongap_2024_sf.root",
    "mcTruth": true,
    "name": "DY_MC_LO_2024"
  },
  "workspace": {
    "effective_parsed": [
      {
        "max": 5.0,
        "min": -5.0,
        "name": "meanP",
        "raw": "meanP[-0.0,-5.0,5.0]",
        "tokens": [
          "-0.0",
          "-5.0",
          "5.0"
        ],
        "value": -0.0
      },
      {
        "max": 5.0,
        "min": 0.5,
        "name": "sigmaP",
        "raw": "sigmaP[0.9,0.5,5.0]",
        "tokens": [
          "0.9",
          "0.5",
          "5.0"
        ],
        "value": 0.9
      },
      {
        "max": 5.0,
        "min": -5.0,
        "name": "meanF",
        "raw": "meanF[-0.0,-5.0,5.0]",
        "tokens": [
          "-0.0",
          "-5.0",
          "5.0"
        ],
        "value": -0.0
      },
      {
        "max": 5.0,
        "min": 0.5,
        "name": "sigmaF",
        "raw": "sigmaF[0.9,0.5,5.0]",
        "tokens": [
          "0.9",
          "0.5",
          "5.0"
        ],
        "value": 0.9
      },
      {
        "max": 90.0,
        "min": 45.0,
        "name": "acmsP",
        "raw": "acmsP[65.,45.,90.]",
        "tokens": [
          "65.",
          "45.",
          "90."
        ],
        "value": 65.0
      },
      {
        "max": 0.1,
        "min": 0.005,
        "name": "betaP",
        "raw": "betaP[0.05,0.005,0.10]",
        "tokens": [
          "0.05",
          "0.005",
          "0.10"
        ],
        "value": 0.05
      },
      {
        "max": 2.0,
        "min": -2.0,
        "name": "gammaP",
        "raw": "gammaP[0.1, -2, 2]",
        "tokens": [
          "0.1",
          "-2",
          "2"
        ],
        "value": 0.1
      },
      {
        "max": 90.0,
        "min": 82.0,
        "name": "peakP",
        "raw": "peakP[87.0,82.0,90.0]",
        "tokens": [
          "87.0",
          "82.0",
          "90.0"
        ],
        "value": 87.0
      },
      {
        "max": 90.0,
        "min": 45.0,
        "name": "acmsF",
        "raw": "acmsF[65.,45.,90.]",