{
  "bin": {
    "cut": "tag_Ele_pt > 40 && abs(tag_sc_eta) < 2.17 && (tag_Ele_q + el_q) == 0 && el_sc_eta >= -2.500000 && el_sc_eta < -2.000000 && el_et >= 15.000000 && el_et < 20.000000",
    "index": 0,
    "name": "bin00_el_sc_eta_m2p50Tom2p00_el_et_15p00To20p00",
    "title": "; -2.500 < el_sc_eta < -2.000; 15.000 < el_et < 20.000",
    "vars": {
      "el_et": {
        "max": 20,
        "min": 15
      },
      "el_sc_eta": {
        "max": -2.0,
        "min": -2.5
      }
    }
  },
  "created_at_utc": "2026-04-22T17:23:14.230802+00:00",
  "derived": {
    "efficiency": 0.8779529222633752,
    "efficiency_error": 0.001777024444907646,
    "nSigF": {
      "error": 40.24505982550386,
      "isConstant": false,
      "max": 4391.697421,
      "min": 0.5,
      "name": "nSigF",
      "value": 2588.786760960473
    },
    "nSigP": {
      "error": 107.56144773853521,
      "isConstant": false,
      "max": 29501.11265,
      "min": 0.5,
      "name": "nSigP",
      "value": 18622.59174125179
    }
  },
  "fit_metadata": {
    "bin_index": 0,
    "fail_hist_uses_pass_hist": false,
    "fit_range": {
      "max": 120.0,
      "min": 60.0
    },
    "truth_fail_template_uses_pass_hist": false,
    "truth_template_source": "/eos/home-p/pelai/HZa/root_TnP//hza_elid_nongap_2024_sf//DY_MC_LO_2024_hza_elid_nongap_2024_sf.root"
  },
  "fit_result": {
    "fail": {
      "covQual": -1,
      "edm": 0.13926159533883245,
      "floatParsFinal": [
        {
          "error": 0.05217361546091093,
          "isConstant": false,
          "max": 1.0,
          "min": -5.0,
          "name": "meanF",
          "value": -0.0051244394246623415
        },
        {
          "error": 40.24505982550386,
          "isConstant": false,
          "max": 4391.697421,
          "min": 0.5,
          "name": "nSigF",
          "value": 2588.786760960473
        },
        {
          "error": 0.0060774542885508875,
          "isConstant": false,
          "max": 1.5000062906373384,
          "min": 0.40000167750329024,
          "name": "sigmaF",
          "value": 0.4000016904570858
        }
      ],
      "floatParsInit": [
        {
          "error": 0.0,
          "isConstant": false,
          "max": 1.0,
          "min": -5.0,
          "name": "meanF",
          "value": -2.5
        },
        {
          "error": 0.0,
          "isConstant": false,
          "max": 4391.697421,
          "min": 0.5,
          "name": "nSigF",
          "value": 2635.018452
        },
        {
          "error": 0.0,
          "isConstant": false,
          "max": 1.5000062906373384,
          "min": 0.40000167750329024,
          "name": "sigmaF",
          "value": 0.8
        }
      ],
      "minNll": -8322.362596804904,
      "numInvalidNLL": 0,
      "status": 160
    },
    "fail_quality": "check",
    "pass": {
      "covQual": -1,
      "edm": 0.2908333233112529,
      "floatParsFinal": [
        {
          "error": 0.029689183906095096,
          "isConstant": false,
          "max": 5.0,
          "min": -5.0,
          "name": "meanP",
          "value": -0.004352554925382002
        },
        {
          "error": 107.56144773853521,
          "isConstant": false,
          "max": 29501.11265,
          "min": 0.5,
          "name": "nSigP",
          "value": 18622.59174125179
        },
        {
          "error": 0.007487251573027376,
          "isConstant": false,
          "max": 5.0,
          "min": 0.5,
          "name": "sigmaP",
          "value": 0.5000020968791128
        }
      ],
      "floatParsInit": [
        {
          "error": 0.0,
          "isConstant": false,
          "max": 5.0,
          "min": -5.0,
          "name": "meanP",
          "value": -2.2
        },
        {
          "error": 0.0,
          "isConstant": false,
          "max": 29501.11265,
          "min": 0.5,
          "name": "nSigP",
          "value": 17700.66759
        },
        {
          "error": 0.0,
          "isConstant": false,
          "max": 5.0,
          "min": 0.5,
          "name": "sigmaP",
          "value": 0.9
        }
      ],
      "minNll": -101579.91916977984,
      "numInvalidNLL": 0,
      "status": 160
    },
    "pass_quality": "check",
    "root_read_error": null
  },
  "fit_type": "nominalFit",
  "histograms": {
    "fail": {
      "entries": 2625.0,
      "fit_window": {
        "bin1": 11,
        "bin2": 70,
        "max": 120.0,
        "min": 60.0
      },
      "integral_fit_window": 2589.2327776797,
      "integral_fit_window_error": 64.33348355144761,
      "integral_full": 2927.7982804309827,
      "integral_full_error": 68.27968219738295,
      "maximum_bin_center": 88.5,
      "maximum_bin_content": 148.6142232934172,
      "mean": 82.00523913030736,
      "rms": 14.10477593692877
    },
    "pass": {
      "entries": 17280.0,
      "fit_window": {
        "bin1": 11,
        "bin2": 70,
        "max": 120.0,
        "min": 60.0
      },
      "integral_fit_window": 18622.350008914345,
      "integral_fit_window_error": 173.13862024232867,
      "integral_full": 19667.408433091907,
      "integral_full_error": 177.89648576271466,
      "maximum_bin_center": 90.5,
      "maximum_bin_content": 1549.322300517025,
      "mean": 86.5574747276704,
      "rms": 11.02856412302756
    }
  },
  "sample": {
    "fitOutputBinRoot": "/eos/home-p/pelai/HZa/root_TnP//hza_elid_nongap_2024_sf//DY_MC_LO_2024_hza_elid_nongap_2024_sf.nominalFit-bin00_el_sc_eta_m2p50Tom2p00_el_et_15p00To20p00.root",
    "fitOutputRoot": "/eos/home-p/pelai/HZa/root_TnP//hza_elid_nongap_2024_sf//DY_MC_LO_2024_hza_elid_nongap_2024_sf.nominalFit.root",
    "histFile": "/eos/home-p/pelai/HZa/root_TnP//hza_elid_nongap_2024_sf//DY_MC_LO_2024_hza_elid_nongap_2024_sf.root",
    "isMC": true,
    "mcRefHistFile": "/eos/home-p/pelai/HZa/root_TnP//hza_elid_nongap_2024_sf//DY_MC_LO_2024_hza_elid_nongap_2024_sf.root",
    "mcTruth": true,
    "name": "DY_MC_LO_2024"
  },
  "workspace": {
    "effective_parsed": [
      {
        "max": 5.0,
        "min": 0.5,
        "name": "sigmaP",
        "raw": "sigmaP[0.9,0.5,5.0]",
        "tokens": [
          "0.9",
          "0.5",
          "5.0"
        ],
        "value": 0.9
      },
      {
        "max": 90.0,
        "min": 82.0,
        "name": "peakP",
        "raw": "peakP[87.0,82.0,90.0]",
        "tokens": [
          "87.0",
          "82.0",
          "90.0"
        ],
        "value": 87.0
      },
      {
        "max": 90.0,
        "min": 82.0,
        "name": "peakF",
        "raw": "peakF[87.0,82.0,90.0]",
        "tokens": [
          "87.0",
          "82.0",
          "90.0"
        ],
        "value": 87.0
      },
      {
        "max": 5.0,
        "min": -5.0,
        "name": "meanP",
        "raw": "meanP[-2.2,-5.0,5.0]",
        "tokens": [
          "-2.2",
          "-5.0",
          "5.0"
        ],
        "value": -2.2
      },
      {
        "max": 1.0,
        "min": -5.0,
        "name": "meanF",
        "raw": "meanF[-2.5,-5.0,1.0]",
        "tokens": [
          "-2.5",
          "-5.0",
          "1.0"
        ],
        "value": -2.5
      },
      {
        "max": 4.6,
        "min": 0.8,
        "name": "sigmaF",
        "raw": "sigmaF[3.2,0.8,4.6]",
        "tokens": [
          "3.2",
          "0.8",
          "4.6"
        ],
        "value": 3.2
      },
      {
        "max": 100.0,
        "min": 40.0,
        "name": "acmsP",
        "raw": "acmsP[75.,40.,100.]",
        "tokens": [
          "75.",
          "40.",
          "100."
        ],
        "value": 75.0
      },
      {
        "max": 0.12,
        "min": 0.002,
        "name": "betaP",
        "raw": "betaP[0.05,0.002,0.12]",
        "tokens": [
          "0.05",
          "0.002",
          "0.12"
        ],
        "value": 0.05
      },
      {
        "max": 2.0,
        "min": 0.002,
        "name": "gammaP",
        "raw": "gammaP[0.08,0.002,2.]",