{
  "bin": {
    "cut": "tag_Ele_pt > 40 && abs(tag_sc_eta) < 2.17 && (tag_Ele_q + el_q) == 0 && el_sc_eta >= -2.500000 && el_sc_eta < -2.000000 && el_et >= 15.000000 && el_et < 20.000000",
    "index": 0,
    "name": "bin00_el_sc_eta_m2p50Tom2p00_el_et_15p00To20p00",
    "title": "; -2.500 < el_sc_eta < -2.000; 15.000 < el_et < 20.000",
    "vars": {
      "el_et": {
        "max": 20,
        "min": 15
      },
      "el_sc_eta": {
        "max": -2.0,
        "min": -2.5
      }
    }
  },
  "created_at_utc": "2026-07-10T17:48:47.865511+00:00",
  "derived": {
    "efficiency": 0.8716237422670481,
    "efficiency_error": 1.6076512170301372e-07,
    "nSigF": {
      "error": 40.61284279450774,
      "isConstant": false,
      "max": 51981154.015869,
      "min": 0.5,
      "name": "nSigF",
      "value": 30389782.85896353
    },
    "nSigP": {
      "error": 108.84246625006199,
      "isConstant": false,
      "max": 326273622.698364,
      "min": 0.5,
      "name": "nSigP",
      "value": 206334541.37067944
    }
  },
  "fit_metadata": {
    "bin_index": 0,
    "fail_hist_uses_pass_hist": false,
    "fit_range": {
      "max": 120.0,
      "min": 60.0
    },
    "truth_fail_template_uses_pass_hist": false,
    "truth_template_source": "/eos/cms/store/group/phys_susy/NPS-25-014/root_TnP_local//hza_elid_nongap_2024_sf//DY_MC_LO_2024_hza_elid_nongap_2024_sf.root"
  },
  "fit_result": {
    "fail": {
      "covQual": -1,
      "edm": 529060.9248848888,
      "floatParsFinal": [
        {
          "error": 6.596659781976655e-06,
          "isConstant": false,
          "max": 1.0,
          "min": -5.0,
          "name": "meanF",
          "value": -0.044260935826716086
        },
        {
          "error": 40.61284279450774,
          "isConstant": false,
          "max": 51981154.015869,
          "min": 0.5,
          "name": "nSigF",
          "value": 30389782.85896353
        },
        {
          "error": 5.108036216228129e-11,
          "isConstant": false,
          "max": 4.6,
          "min": 0.8,
          "name": "sigmaF",
          "value": 0.8000000000058233
        }
      ],
      "floatParsInit": [
        {
          "error": 0.0,
          "isConstant": false,
          "max": 1.0,
          "min": -5.0,
          "name": "meanF",
          "value": -2.5
        },
        {
          "error": 0.0,
          "isConstant": false,
          "max": 51981154.015869,
          "min": 0.5,
          "name": "nSigF",
          "value": 31188692.409521
        },
        {
          "error": 0.0,
          "isConstant": false,
          "max": 4.6,
          "min": 0.8,
          "name": "sigmaF",
          "value": 3.2
        }
      ],
      "minNll": -380844564.89799935,
      "numInvalidNLL": 0,
      "status": -1
    },
    "fail_quality": "check",
    "pass": {
      "covQual": -1,
      "edm": 175518221.175131,
      "floatParsFinal": [
        {
          "error": 2.5913184713566295e-06,
          "isConstant": false,
          "max": 5.0,
          "min": -5.0,
          "name": "meanP",
          "value": -0.0037123691780278634
        },
        {
          "error": 108.84246625006199,
          "isConstant": false,
          "max": 326273622.698364,
          "min": 0.5,
          "name": "nSigP",
          "value": 206334541.37067944
        },
        {
          "error": 1.408134719937948e-10,
          "isConstant": false,
          "max": 5.0,
          "min": 0.5,
          "name": "sigmaP",
          "value": 0.5000000001165196
        }
      ],
      "floatParsInit": [
        {
          "error": 0.0,
          "isConstant": false,
          "max": 5.0,
          "min": -5.0,
          "name": "meanP",
          "value": -2.2
        },
        {
          "error": 0.0,
          "isConstant": false,
          "max": 326273622.698364,
          "min": 0.5,
          "name": "nSigP",
          "value": 195764173.619019
        },
        {
          "error": 0.0,
          "isConstant": false,
          "max": 5.0,
          "min": 0.5,
          "name": "sigmaP",
          "value": 0.9
        }
      ],
      "minNll": -3046507621.3328934,
      "numInvalidNLL": 0,
      "status": -1
    },
    "pass_quality": "check",
    "root_read_error": null
  },
  "fit_type": "nominalFit",
  "histograms": {
    "fail": {
      "entries": 2555.0,
      "fit_window": {
        "bin1": 11,
        "bin2": 70,
        "max": 120.0,
        "min": 60.0
      },
      "integral_fit_window": 30389648.633544922,
      "integral_fit_window_error": 748280.4335806553,
      "integral_full": 34654102.677246094,
      "integral_full_error": 800477.2840507142,
      "maximum_bin_center": 92.5,
      "maximum_bin_content": 1543647.8479003906,
      "mean": 82.11097380172737,
      "rms": 14.41624715191255
    },
    "pass": {
      "entries": 16899.0,
      "fit_window": {
        "bin1": 11,
        "bin2": 70,
        "max": 120.0,
        "min": 60.0
      },
      "integral_fit_window": 206333892.37670898,
      "integral_fit_window_error": 1895718.2935315154,
      "integral_full": 217515748.46557617,
      "integral_full_error": 1945908.823499545,
      "maximum_bin_center": 90.5,
      "maximum_bin_content": 16801276.43701172,
      "mean": 86.65767419677564,
      "rms": 11.011859312444335
    }
  },
  "sample": {
    "fitOutputBinRoot": "/eos/cms/store/group/phys_susy/NPS-25-014/root_TnP_local//hza_elid_nongap_2024_sf//DY_MC_LO_2024_hza_elid_nongap_2024_sf.nominalFit-bin00_el_sc_eta_m2p50Tom2p00_el_et_15p00To20p00.root",
    "fitOutputRoot": "/eos/cms/store/group/phys_susy/NPS-25-014/root_TnP_local//hza_elid_nongap_2024_sf//DY_MC_LO_2024_hza_elid_nongap_2024_sf.nominalFit.root",
    "histFile": "/eos/cms/store/group/phys_susy/NPS-25-014/root_TnP_local//hza_elid_nongap_2024_sf//DY_MC_LO_2024_hza_elid_nongap_2024_sf.root",
    "isMC": true,
    "mcRefHistFile": "/eos/cms/store/group/phys_susy/NPS-25-014/root_TnP_local//hza_elid_nongap_2024_sf//DY_MC_LO_2024_hza_elid_nongap_2024_sf.root",
    "mcTruth": true,
    "name": "DY_MC_LO_2024"
  },
  "workspace": {
    "effective_parsed": [
      {
        "max": 5.0,
        "min": 0.5,
        "name": "sigmaP",
        "raw": "sigmaP[0.9,0.5,5.0]",
        "tokens": [
          "0.9",
          "0.5",
          "5.0"
        ],
        "value": 0.9
      },
      {
        "max": 90.0,
        "min": 82.0,
        "name": "peakP",
        "raw": "peakP[87.0,82.0,90.0]",
        "tokens": [
          "87.0",
          "82.0",
          "90.0"
        ],
        "value": 87.0
      },
      {
        "max": 90.0,
        "min": 82.0,
        "name": "peakF",
        "raw": "peakF[87.0,82.0,90.0]",
        "tokens": [
          "87.0",
          "82.0",
          "90.0"
        ],
        "value": 87.0
      },
      {
        "max": 5.0,
        "min": -5.0,
        "name": "meanP",
        "raw": "meanP[-2.2,-5.0,5.0]",
        "tokens": [
          "-2.2",
          "-5.0",
          "5.0"
        ],
        "value": -2.2
      },
      {
        "max": 1.0,
        "min": -5.0,
        "name": "meanF",
        "raw": "meanF[-2.5,-5.0,1.0]",
        "tokens": [
          "-2.5",
          "-5.0",
          "1.0"
        ],
        "value": -2.5
      },
      {
        "max": 4.6,
        "min": 0.8,
        "name": "sigmaF",
        "raw": "sigmaF[3.2,0.8,4.6]",
        "tokens": [
          "3.2",
          "0.8",
          "4.6"
        ],
        "value": 3.2
      },
      {
        "max": 100.0,
        "min": 40.0,
        "name": "acmsP",
        "raw": "acmsP[75.,40.,100.]",
        "tokens": [
          "75.",
          "40.",
          "100."
        ],
        "value": 75.0
      },
      {
        "max": 0.12,
        "min": 0.002,
        "name": "betaP",
        "raw": "betaP[0.05,0.002,0.12]",
        "tokens": [
          "0.05",
          "0.002",
          "0.12"
        ],
        "value": 0.05
      },
      {
        "max": 2.0,
        "min": 0.002,