{
  "bin": {
    "cut": "tag_Ele_pt > 40 && abs(tag_sc_eta) < 2.17 && (tag_Ele_q + el_q) == 0 && el_sc_eta >= 0.000000 && el_sc_eta < 0.800000 && el_et >= 7.000000 && el_et < 15.000000",
    "index": 4,
    "name": "bin04_el_sc_eta_0p00To0p80_el_et_7p00To15p00",
    "title": "; 0.000 < el_sc_eta < 0.800; 7.000 < el_et < 15.000",
    "vars": {
      "el_et": {
        "max": 15,
        "min": 7
      },
      "el_sc_eta": {
        "max": 0.8,
        "min": 0.0
      }
    }
  },
  "created_at_utc": "2026-04-20T04:52:29.195315+00:00",
  "derived": {
    "efficiency": 0.7575773400912426,
    "efficiency_error": 0.002057976283372646,
    "nSigF": {
      "error": 64.05730424486728,
      "isConstant": false,
      "max": 12226.366397,
      "min": 0.5,
      "name": "nSigF",
      "value": 6570.267321796167
    },
    "nSigP": {
      "error": 113.41954555205484,
      "isConstant": false,
      "max": 36534.064511,
      "min": 0.5,
      "name": "nSigP",
      "value": 20532.262302575873
    }
  },
  "fit_metadata": {
    "bin_index": 4,
    "fail_hist_uses_pass_hist": false,
    "fit_range": {
      "max": 120.0,
      "min": 60.0
    },
    "truth_fail_template_uses_pass_hist": false,
    "truth_template_source": "/eos/home-p/pelai/HZa/root_TnP//hza_elid_nongap_2024_sf//DY_MC_LO_2024_hza_elid_nongap_2024_sf.root"
  },
  "fit_result": {
    "fail": {
      "covQual": -1,
      "edm": 2.5132112694802824e-07,
      "floatParsFinal": [
        {
          "error": 0.010826838274239324,
          "isConstant": false,
          "max": 5.0,
          "min": 0.1,
          "name": "meanF",
          "value": 0.10000000312114882
        },
        {
          "error": 64.05730424486728,
          "isConstant": false,
          "max": 12226.366397,
          "min": 0.5,
          "name": "nSigF",
          "value": 6570.267321796167
        }
      ],
      "floatParsInit": [
        {
          "error": 0.0,
          "isConstant": false,
          "max": 5.0,
          "min": 0.1,
          "name": "meanF",
          "value": 0.2
        },
        {
          "error": 0.0,
          "isConstant": false,
          "max": 12226.366397,
          "min": 0.5,
          "name": "nSigF",
          "value": 7335.819838
        }
      ],
      "minNll": -28205.06935038865,
      "numInvalidNLL": 0,
      "status": 160
    },
    "fail_quality": "check",
    "pass": {
      "covQual": -1,
      "edm": 0.3510959155432435,
      "floatParsFinal": [
        {
          "error": 0.022028041513538543,
          "isConstant": false,
          "max": 5.0,
          "min": -5.0,
          "name": "meanP",
          "value": -0.013498738605925098
        },
        {
          "error": 113.41954555205484,
          "isConstant": false,
          "max": 36534.064511,
          "min": 0.5,
          "name": "nSigP",
          "value": 20532.262302575873
        },
        {
          "error": 0.004088090274747602,
          "isConstant": false,
          "max": 5.0,
          "min": 0.5,
          "name": "sigmaP",
          "value": 0.5000000941815206
        }
      ],
      "floatParsInit": [
        {
          "error": 0.0,
          "isConstant": false,
          "max": 5.0,
          "min": -5.0,
          "name": "meanP",
          "value": -0.0
        },
        {
          "error": 0.0,
          "isConstant": false,
          "max": 36534.064511,
          "min": 0.5,
          "name": "nSigP",
          "value": 21920.438707
        },
        {
          "error": 0.0,
          "isConstant": false,
          "max": 5.0,
          "min": 0.5,
          "name": "sigmaP",
          "value": 0.9
        }
      ],
      "minNll": -115145.48148489899,
      "numInvalidNLL": 0,
      "status": 160
    },
    "pass_quality": "check",
    "root_read_error": null
  },
  "fit_type": "nominalFit",
  "histograms": {
    "fail": {
      "entries": 7219.0,
      "fit_window": {
        "bin1": 11,
        "bin2": 70,
        "max": 120.0,
        "min": 60.0
      },
      "integral_fit_window": 6570.715010631432,
      "integral_fit_window_error": 102.57416131659348,
      "integral_full": 8150.910931201534,
      "integral_full_error": 114.07333090836647,
      "maximum_bin_center": 90.5,
      "maximum_bin_content": 526.1598147554313,
      "mean": 77.91489327236117,
      "rms": 14.776428813874583
    },
    "pass": {
      "entries": 21665.0,
      "fit_window": {
        "bin1": 11,
        "bin2": 70,
        "max": 120.0,
        "min": 60.0
      },
      "integral_fit_window": 20533.328929584197,
      "integral_fit_window_error": 181.0321804036583,
      "integral_full": 24356.043007651188,
      "integral_full_error": 197.3492012260987,
      "maximum_bin_center": 90.5,
      "maximum_bin_content": 2020.3250342052559,
      "mean": 80.79245996598586,
      "rms": 14.102173935013216
    }
  },
  "sample": {
    "fitOutputBinRoot": "/eos/home-p/pelai/HZa/root_TnP//hza_elid_nongap_2024_sf//DY_MC_LO_2024_hza_elid_nongap_2024_sf.nominalFit-bin04_el_sc_eta_0p00To0p80_el_et_7p00To15p00.root",
    "fitOutputRoot": "/eos/home-p/pelai/HZa/root_TnP//hza_elid_nongap_2024_sf//DY_MC_LO_2024_hza_elid_nongap_2024_sf.nominalFit.root",
    "histFile": "/eos/home-p/pelai/HZa/root_TnP//hza_elid_nongap_2024_sf//DY_MC_LO_2024_hza_elid_nongap_2024_sf.root",
    "isMC": true,
    "mcRefHistFile": "/eos/home-p/pelai/HZa/root_TnP//hza_elid_nongap_2024_sf//DY_MC_LO_2024_hza_elid_nongap_2024_sf.root",
    "mcTruth": true,
    "name": "DY_MC_LO_2024"
  },
  "workspace": {
    "effective_parsed": [
      {
        "max": 5.0,
        "min": -5.0,
        "name": "meanP",
        "raw": "meanP[-0.0,-5.0,5.0]",
        "tokens": [
          "-0.0",
          "-5.0",
          "5.0"
        ],
        "value": -0.0
      },
      {
        "max": 5.0,
        "min": 0.5,
        "name": "sigmaP",
        "raw": "sigmaP[0.9,0.5,5.0]",
        "tokens": [
          "0.9",
          "0.5",
          "5.0"
        ],
        "value": 0.9
      },
      {
        "max": 80.0,
        "min": 50.0,
        "name": "acmsP",
        "raw": "acmsP[60.,50.,80.]",
        "tokens": [
          "60.",
          "50.",
          "80."
        ],
        "value": 60.0
      },
      {
        "max": 0.08,
        "min": 0.01,
        "name": "betaP",
        "raw": "betaP[0.05,0.01,0.08]",
        "tokens": [
          "0.05",
          "0.01",
          "0.08"
        ],
        "value": 0.05
      },
      {
        "max": 2.0,
        "min": -2.0,
        "name": "gammaP",
        "raw": "gammaP[0.1, -2, 2]",
        "tokens": [
          "0.1",
          "-2",
          "2"
        ],
        "value": 0.1
      },
      {
        "max": 90.0,
        "min": 82.0,
        "name": "peakP",
        "raw": "peakP[87.0,82.0,90.0]",
        "tokens": [
          "87.0",
          "82.0",
          "90.0"
        ],
        "value": 87.0
      },
      {
        "max": 0.08,
        "min": 0.01,
        "name": "betaF",
        "raw": "betaF[0.05,0.01,0.08]",
        "tokens": [
          "0.05",
          "0.01",
          "0.08"
        ],
        "value": 0.05
      },
      {
        "max": 90.0,
        "min": 82.0,
        "name": "peakF",
        "raw": "peakF[87.0,82.0,90.0]",
        "tokens": [
          "87.0",
          "82.0",
          "90.0"
        ],
        "value": 87.0
      },
      {
        "max": 5.0,
        "min": 0.1,
        "name": "meanF",
        "raw": "meanF[0.2,0.1,5.0]",
        "tokens": [
          "0.2",
          "0.1",
          "5.0"
        ],
        "value": 0.2
      },
      {
        "name": "sigmaF",
        "raw": "sigmaF[1.5]",
        "tokens": [
          "1.5"
        ],
        "value": 1.5
      },
      {
        "max": 80.0,
        "min": 40.0,
        "name": "acmsF",
        "raw": "acmsF[60.,40.,80.]",
        "tokens": [
          "60.",
          "40.",
          "80."
        ],
        "value": 60.0
      },
      {
        "max": 0.1,