{
  "bin": {
    "cut": "tag_Ele_pt > 40 && abs(tag_sc_eta) < 2.17 && (tag_Ele_q + el_q) == 0 && el_sc_eta >= 0.800000 && el_sc_eta < 1.566000 && el_et >= 15.000000 && el_et < 20.000000",
    "index": 5,
    "name": "bin05_el_sc_eta_0p80To1p57_el_et_15p00To20p00",
    "title": "; 0.800 < el_sc_eta < 1.566; 15.000 < el_et < 20.000",
    "vars": {
      "el_et": {
        "max": 20,
        "min": 15
      },
      "el_sc_eta": {
        "max": 1.566,
        "min": 0.8
      }
    }
  },
  "created_at_utc": "2026-04-20T17:36:35.369094+00:00",
  "derived": {
    "efficiency": 0.8575652347148721,
    "efficiency_error": 0.0012437727116827693,
    "nSigF": {
      "error": 65.7553977164298,
      "isConstant": false,
      "max": 12604.654501,
      "min": 0.5,
      "name": "nSigF",
      "value": 6977.051814791898
    },
    "nSigP": {
      "error": 161.94980290561944,
      "isConstant": false,
      "max": 70412.662201,
      "min": 0.5,
      "name": "nSigP",
      "value": 42007.13965577456
    }
  },
  "fit_metadata": {
    "bin_index": 5,
    "fail_hist_uses_pass_hist": false,
    "fit_range": {
      "max": 120.0,
      "min": 60.0
    },
    "truth_fail_template_uses_pass_hist": false,
    "truth_template_source": "/eos/home-p/pelai/HZa/root_TnP//hza_elid_nongap_2024_sf//DY_MC_LO_2024_hza_elid_nongap_2024_sf.root"
  },
  "fit_result": {
    "fail": {
      "covQual": -1,
      "edm": 0.002107643102819327,
      "floatParsFinal": [
        {
          "error": 0.0499942716064381,
          "isConstant": false,
          "max": 5.0,
          "min": -5.0,
          "name": "meanF",
          "value": -0.005251841477330821
        },
        {
          "error": 65.7553977164298,
          "isConstant": false,
          "max": 12604.654501,
          "min": 0.5,
          "name": "nSigF",
          "value": 6977.051814791898
        },
        {
          "error": 0.00897310499340534,
          "isConstant": false,
          "max": 1.5000000009515955,
          "min": 0.4000000002537588,
          "name": "sigmaF",
          "value": 0.4000006810191148
        }
      ],
      "floatParsInit": [
        {
          "error": 0.0,
          "isConstant": false,
          "max": 5.0,
          "min": -5.0,
          "name": "meanF",
          "value": -0.0
        },
        {
          "error": 0.0,
          "isConstant": false,
          "max": 12604.654501,
          "min": 0.5,
          "name": "nSigF",
          "value": 7562.792701
        },
        {
          "error": 0.0,
          "isConstant": false,
          "max": 1.5000000009515955,
          "min": 0.4000000002537588,
          "name": "sigmaF",
          "value": 0.5000000003171985
        }
      ],
      "minNll": -29308.185418961944,
      "numInvalidNLL": 0,
      "status": 160
    },
    "fail_quality": "check",
    "pass": {
      "covQual": -1,
      "edm": 0.009406599251153076,
      "floatParsFinal": [
        {
          "error": 0.019546108458356137,
          "isConstant": false,
          "max": 5.0,
          "min": -5.0,
          "name": "meanP",
          "value": -0.007744661903803518
        },
        {
          "error": 161.94980290561944,
          "isConstant": false,
          "max": 70412.662201,
          "min": 0.5,
          "name": "nSigP",
          "value": 42007.13965577456
        },
        {
          "error": 0.005863680233745561,
          "isConstant": false,
          "max": 5.0,
          "min": 0.5,
          "name": "sigmaP",
          "value": 0.5000000003171985
        }
      ],
      "floatParsInit": [
        {
          "error": 0.0,
          "isConstant": false,
          "max": 5.0,
          "min": -5.0,
          "name": "meanP",
          "value": -0.0
        },
        {
          "error": 0.0,
          "isConstant": false,
          "max": 70412.662201,
          "min": 0.5,
          "name": "nSigP",
          "value": 42247.59732
        },
        {
          "error": 0.0,
          "isConstant": false,
          "max": 5.0,
          "min": 0.5,
          "name": "sigmaP",
          "value": 0.9
        }
      ],
      "minNll": -260342.01195871536,
      "numInvalidNLL": 0,
      "status": 160
    },
    "pass_quality": "check",
    "root_read_error": null
  },
  "fit_type": "nominalFit",
  "histograms": {
    "fail": {
      "entries": 7350.0,
      "fit_window": {
        "bin1": 11,
        "bin2": 70,
        "max": 120.0,
        "min": 60.0
      },
      "integral_fit_window": 6977.456879984619,
      "integral_fit_window_error": 106.11189250086365,
      "integral_full": 8403.103000954121,
      "integral_full_error": 116.18815366403618,
      "maximum_bin_center": 89.5,
      "maximum_bin_content": 394.06532814520904,
      "mean": 77.27259053244705,
      "rms": 14.0113491497993
    },
    "pass": {
      "entries": 41571.0,
      "fit_window": {
        "bin1": 11,
        "bin2": 70,
        "max": 120.0,
        "min": 60.0
      },
      "integral_fit_window": 42007.46185661857,
      "integral_fit_window_error": 259.3859914772641,
      "integral_full": 46941.77480046967,
      "integral_full_error": 274.0286351046101,
      "maximum_bin_center": 90.5,
      "maximum_bin_content": 3348.556241407746,
      "mean": 82.09976793129916,
      "rms": 12.901248633396595
    }
  },
  "sample": {
    "fitOutputBinRoot": "/eos/home-p/pelai/HZa/root_TnP//hza_elid_nongap_2024_sf//DY_MC_LO_2024_hza_elid_nongap_2024_sf.nominalFit-bin05_el_sc_eta_0p80To1p57_el_et_15p00To20p00.root",
    "fitOutputRoot": "/eos/home-p/pelai/HZa/root_TnP//hza_elid_nongap_2024_sf//DY_MC_LO_2024_hza_elid_nongap_2024_sf.nominalFit.root",
    "histFile": "/eos/home-p/pelai/HZa/root_TnP//hza_elid_nongap_2024_sf//DY_MC_LO_2024_hza_elid_nongap_2024_sf.root",
    "isMC": true,
    "mcRefHistFile": "/eos/home-p/pelai/HZa/root_TnP//hza_elid_nongap_2024_sf//DY_MC_LO_2024_hza_elid_nongap_2024_sf.root",
    "mcTruth": true,
    "name": "DY_MC_LO_2024"
  },
  "workspace": {
    "effective_parsed": [
      {
        "max": 5.0,
        "min": -5.0,
        "name": "meanP",
        "raw": "meanP[-0.0,-5.0,5.0]",
        "tokens": [
          "-0.0",
          "-5.0",
          "5.0"
        ],
        "value": -0.0
      },
      {
        "max": 5.0,
        "min": 0.5,
        "name": "sigmaP",
        "raw": "sigmaP[0.9,0.5,5.0]",
        "tokens": [
          "0.9",
          "0.5",
          "5.0"
        ],
        "value": 0.9
      },
      {
        "max": 5.0,
        "min": -5.0,
        "name": "meanF",
        "raw": "meanF[-0.0,-5.0,5.0]",
        "tokens": [
          "-0.0",
          "-5.0",
          "5.0"
        ],
        "value": -0.0
      },
      {
        "max": 5.0,
        "min": 0.5,
        "name": "sigmaF",
        "raw": "sigmaF[0.9,0.5,5.0]",
        "tokens": [
          "0.9",
          "0.5",
          "5.0"
        ],
        "value": 0.9
      },
      {
        "max": 80.0,
        "min": 50.0,
        "name": "acmsP",
        "raw": "acmsP[60.,50.,80.]",
        "tokens": [
          "60.",
          "50.",
          "80."
        ],
        "value": 60.0
      },
      {
        "max": 0.08,
        "min": 0.01,
        "name": "betaP",
        "raw": "betaP[0.05,0.01,0.08]",
        "tokens": [
          "0.05",
          "0.01",
          "0.08"
        ],
        "value": 0.05
      },
      {
        "max": 2.0,
        "min": -2.0,
        "name": "gammaP",
        "raw": "gammaP[0.1, -2, 2]",
        "tokens": [
          "0.1",
          "-2",
          "2"
        ],
        "value": 0.1
      },
      {
        "max": 90.0,
        "min": 82.0,
        "name": "peakP",
        "raw": "peakP[87.0,82.0,90.0]",
        "tokens": [
          "87.0",
          "82.0",
          "90.0"
        ],
        "value": 87.0
      },
      {
        "max": 80.0,
        "min": 50.0,
        "name": "acmsF",
        "raw": "acmsF[60.,50.,80.]",