{
  "bin": {
    "cut": "tag_Ele_pt > 40 && abs(tag_sc_eta) < 2.17 && (tag_Ele_q + el_q) == 0 && el_sc_eta >= -2.000000 && el_sc_eta < -1.566000 && el_et >= 15.000000 && el_et < 20.000000",
    "index": 1,
    "name": "bin01_el_sc_eta_m2p00Tom1p57_el_et_15p00To20p00",
    "title": "; -2.000 < el_sc_eta < -1.566; 15.000 < el_et < 20.000",
    "vars": {
      "el_et": {
        "max": 20,
        "min": 15
      },
      "el_sc_eta": {
        "max": -1.566,
        "min": -2.0
      }
    }
  },
  "created_at_utc": "2026-07-10T17:48:45.852568+00:00",
  "derived": {
    "efficiency": 0.8892012931807264,
    "efficiency_error": 6.3513237078393455e-06,
    "nSigF": {
      "error": 38.358390502631664,
      "isConstant": false,
      "max": 50994817.535889,
      "min": 0.5,
      "name": "nSigF",
      "value": 29994860.7638403
    },
    "nSigP": {
      "error": 15515.159558832645,
      "isConstant": false,
      "max": 384868672.700684,
      "min": 0.5,
      "name": "nSigP",
      "value": 240720038.5784927
    }
  },
  "fit_metadata": {
    "bin_index": 1,
    "fail_hist_uses_pass_hist": false,
    "fit_range": {
      "max": 120.0,
      "min": 60.0
    },
    "truth_fail_template_uses_pass_hist": false,
    "truth_template_source": "/eos/cms/store/group/phys_susy/NPS-25-014/root_TnP_local//hza_elid_nongap_2024_sf//DY_MC_LO_2024_hza_elid_nongap_2024_sf.root"
  },
  "fit_result": {
    "fail": {
      "covQual": -1,
      "edm": 918047285.8820901,
      "floatParsFinal": [
        {
          "error": 8.242754126808194e-06,
          "isConstant": false,
          "max": 2.0,
          "min": -5.0,
          "name": "meanF",
          "value": -0.028997492854689
        },
        {
          "error": 38.358390502631664,
          "isConstant": false,
          "max": 50994817.535889,
          "min": 0.5,
          "name": "nSigF",
          "value": 29994860.7638403
        },
        {
          "error": 6.421430054359689e-11,
          "isConstant": false,
          "max": 12.0,
          "min": 1.0,
          "name": "sigmaF",
          "value": 1.00000000000411
        }
      ],
      "floatParsInit": [
        {
          "error": 0.0,
          "isConstant": false,
          "max": 2.0,
          "min": -5.0,
          "name": "meanF",
          "value": -2.5
        },
        {
          "error": 0.0,
          "isConstant": false,
          "max": 50994817.535889,
          "min": 0.5,
          "name": "nSigF",
          "value": 30596890.521533
        },
        {
          "error": 0.0,
          "isConstant": false,
          "max": 12.0,
          "min": 1.0,
          "name": "sigmaF",
          "value": 6.0
        }
      ],
      "minNll": -376153067.1767002,
      "numInvalidNLL": 0,
      "status": -1
    },
    "fail_quality": "check",
    "pass": {
      "covQual": -1,
      "edm": 3.41877925125582e-05,
      "floatParsFinal": [
        {
          "error": 0.0003470496082700336,
          "isConstant": false,
          "max": 5.0,
          "min": -5.0,
          "name": "meanP",
          "value": -0.023378933045798078
        },
        {
          "error": 15515.159558832645,
          "isConstant": false,
          "max": 384868672.700684,
          "min": 0.5,
          "name": "nSigP",
          "value": 240720038.5784927
        },
        {
          "error": 7.799853473655638e-07,
          "isConstant": false,
          "max": 6.5,
          "min": 0.8,
          "name": "sigmaP",
          "value": 0.8000000000073978
        }
      ],
      "floatParsInit": [
        {
          "error": 0.0,
          "isConstant": false,
          "max": 5.0,
          "min": -5.0,
          "name": "meanP",
          "value": -1.2
        },
        {
          "error": 0.0,
          "isConstant": false,
          "max": 384868672.700684,
          "min": 0.5,
          "name": "nSigP",
          "value": 230921203.62041
        },
        {
          "error": 0.0,
          "isConstant": false,
          "max": 6.5,
          "min": 0.8,
          "name": "sigmaP",
          "value": 2.5
        }
      ],
      "minNll": -3582951904.4288154,
      "numInvalidNLL": 0,
      "status": 240
    },
    "pass_quality": "check",
    "root_read_error": null
  },
  "fit_type": "nominalFit",
  "histograms": {
    "fail": {
      "entries": 2522.0,
      "fit_window": {
        "bin1": 11,
        "bin2": 70,
        "max": 120.0,
        "min": 60.0
      },
      "integral_fit_window": 29994849.33618164,
      "integral_fit_window_error": 781962.0166055389,
      "integral_full": 33996545.02392578,
      "integral_full_error": 822809.4985598226,
      "maximum_bin_center": 90.5,
      "maximum_bin_content": 1585602.4189453125,
      "mean": 80.07784039276221,
      "rms": 13.410633349897664
    },
    "pass": {
      "entries": 19781.0,
      "fit_window": {
        "bin1": 11,
        "bin2": 70,
        "max": 120.0,
        "min": 60.0
      },
      "integral_fit_window": 240720039.25512695,
      "integral_fit_window_error": 2106814.9098869716,
      "integral_full": 256579115.13378906,
      "integral_full_error": 2170098.645487208,
      "maximum_bin_center": 90.5,
      "maximum_bin_content": 17884400.004882812,
      "mean": 84.69858834492871,
      "rms": 11.397665840141538
    }
  },
  "sample": {
    "fitOutputBinRoot": "/eos/cms/store/group/phys_susy/NPS-25-014/root_TnP_local//hza_elid_nongap_2024_sf//DY_MC_LO_2024_hza_elid_nongap_2024_sf.nominalFit-bin01_el_sc_eta_m2p00Tom1p57_el_et_15p00To20p00.root",
    "fitOutputRoot": "/eos/cms/store/group/phys_susy/NPS-25-014/root_TnP_local//hza_elid_nongap_2024_sf//DY_MC_LO_2024_hza_elid_nongap_2024_sf.nominalFit.root",
    "histFile": "/eos/cms/store/group/phys_susy/NPS-25-014/root_TnP_local//hza_elid_nongap_2024_sf//DY_MC_LO_2024_hza_elid_nongap_2024_sf.root",
    "isMC": true,
    "mcRefHistFile": "/eos/cms/store/group/phys_susy/NPS-25-014/root_TnP_local//hza_elid_nongap_2024_sf//DY_MC_LO_2024_hza_elid_nongap_2024_sf.root",
    "mcTruth": true,
    "name": "DY_MC_LO_2024"
  },
  "workspace": {
    "effective_parsed": [
      {
        "max": 90.0,
        "min": 82.0,
        "name": "peakP",
        "raw": "peakP[87.0,82.0,90.0]",
        "tokens": [
          "87.0",
          "82.0",
          "90.0"
        ],
        "value": 87.0
      },
      {
        "max": 90.0,
        "min": 82.0,
        "name": "peakF",
        "raw": "peakF[87.0,82.0,90.0]",
        "tokens": [
          "87.0",
          "82.0",
          "90.0"
        ],
        "value": 87.0
      },
      {
        "max": 5.0,
        "min": -5.0,
        "name": "meanP",
        "raw": "meanP[-1.2,-5.0,5.0]",
        "tokens": [
          "-1.2",
          "-5.0",
          "5.0"
        ],
        "value": -1.2
      },
      {
        "max": 6.5,
        "min": 0.8,
        "name": "sigmaP",
        "raw": "sigmaP[2.5,0.8,6.5]",
        "tokens": [
          "2.5",
          "0.8",
          "6.5"
        ],
        "value": 2.5
      },
      {
        "max": 2.0,
        "min": -5.0,
        "name": "meanF",
        "raw": "meanF[-2.5,-5.0,2.0]",
        "tokens": [
          "-2.5",
          "-5.0",
          "2.0"
        ],
        "value": -2.5
      },
      {
        "max": 12.0,
        "min": 1.0,
        "name": "sigmaF",
        "raw": "sigmaF[6.0,1.0,12.0]",
        "tokens": [
          "6.0",
          "1.0",
          "12.0"
        ],
        "value": 6.0
      },
      {
        "max": 100.0,
        "min": 40.0,
        "name": "acmsP",
        "raw": "acmsP[75.,40.,100.]",
        "tokens": [
          "75.",
          "40.",
          "100."
        ],
        "value": 75.0
      },
      {
        "max": 0.12,
        "min": 0.002,
        "name": "betaP",
        "raw": "betaP[0.05,0.002,0.12]",
        "tokens": [
          "0.05",
          "0.002",
          "0.12"
        ],
        "value": 0.05
      },
      {
        "max": 2.0,
        "min": 0.002,