{
  "bin": {
    "cut": "tag_Ele_pt > 40 && abs(tag_sc_eta) < 2.17 && (tag_Ele_q + el_q) == 0 && el_sc_eta >= -2.000000 && el_sc_eta < -1.566000 && el_et >= 20.000000 && el_et < 35.000000",
    "index": 9,
    "name": "bin09_el_sc_eta_m2p00Tom1p57_el_et_20p00To35p00",
    "title": "; -2.000 < el_sc_eta < -1.566; 20.000 < el_et < 35.000",
    "vars": {
      "el_et": {
        "max": 35,
        "min": 20
      },
      "el_sc_eta": {
        "max": -1.566,
        "min": -2.0
      }
    }
  },
  "created_at_utc": "2026-07-10T17:48:46.918495+00:00",
  "derived": {
    "efficiency": 0.9499848899616536,
    "efficiency_error": 1.0490889272618706e-06,
    "nSigF": {
      "error": 76.6516982614994,
      "isConstant": false,
      "max": 163345852.388672,
      "min": 0.5,
      "name": "nSigF",
      "value": 108104975.88408016
    },
    "nSigP": {
      "error": 45313.90416574478,
      "isConstant": false,
      "max": 3097858651.08252,
      "min": 0.5,
      "name": "nSigP",
      "value": 2053341351.0598469
    }
  },
  "fit_metadata": {
    "bin_index": 9,
    "fail_hist_uses_pass_hist": false,
    "fit_range": {
      "max": 120.0,
      "min": 60.0
    },
    "truth_fail_template_uses_pass_hist": false,
    "truth_template_source": "/eos/cms/store/group/phys_susy/NPS-25-014/root_TnP_local//hza_elid_nongap_2024_sf//DY_MC_LO_2024_hza_elid_nongap_2024_sf.root"
  },
  "fit_result": {
    "fail": {
      "covQual": -1,
      "edm": 8096491.869948002,
      "floatParsFinal": [
        {
          "error": 4.09983319737961e-06,
          "isConstant": false,
          "max": 1.0,
          "min": -5.0,
          "name": "meanF",
          "value": -0.022526089892560996
        },
        {
          "error": 76.6516982614994,
          "isConstant": false,
          "max": 163345852.388672,
          "min": 0.5,
          "name": "nSigF",
          "value": 108104975.88408016
        },
        {
          "error": 1.7419160558418412e-10,
          "isConstant": false,
          "max": 3.6,
          "min": 0.8,
          "name": "sigmaF",
          "value": 0.8000000001158378
        }
      ],
      "floatParsInit": [
        {
          "error": 0.0,
          "isConstant": false,
          "max": 1.0,
          "min": -5.0,
          "name": "meanF",
          "value": -2.2
        },
        {
          "error": 0.0,
          "isConstant": false,
          "max": 163345852.388672,
          "min": 0.5,
          "name": "nSigF",
          "value": 98007511.433203
        },
        {
          "error": 0.0,
          "isConstant": false,
          "max": 3.6,
          "min": 0.8,
          "name": "sigmaF",
          "value": 2.4
        }
      ],
      "minNll": -1512684569.680412,
      "numInvalidNLL": 0,
      "status": -1
    },
    "fail_quality": "check",
    "pass": {
      "covQual": -1,
      "edm": 1.3564620263465877e-05,
      "floatParsFinal": [
        {
          "error": 0.0001018067766049846,
          "isConstant": false,
          "max": 5.0,
          "min": -5.0,
          "name": "meanP",
          "value": -0.005661795549562143
        },
        {
          "error": 45313.90416574478,
          "isConstant": false,
          "max": 3097858651.08252,
          "min": 0.5,
          "name": "nSigP",
          "value": 2053341351.0598469
        },
        {
          "error": 4.236163586579522e-07,
          "isConstant": false,
          "max": 5.0,
          "min": 0.5,
          "name": "sigmaP",
          "value": 0.5000000000114658
        }
      ],
      "floatParsInit": [
        {
          "error": 0.0,
          "isConstant": false,
          "max": 5.0,
          "min": -5.0,
          "name": "meanP",
          "value": -0.0
        },
        {
          "error": 0.0,
          "isConstant": false,
          "max": 3097858651.08252,
          "min": 0.5,
          "name": "nSigP",
          "value": 1858715190.649512
        },
        {
          "error": 0.0,
          "isConstant": false,
          "max": 5.0,
          "min": 0.5,
          "name": "sigmaP",
          "value": 0.9
        }
      ],
      "minNll": -35406451944.46222,
      "numInvalidNLL": 0,
      "status": 240
    },
    "pass_quality": "check",
    "root_read_error": null
  },
  "fit_type": "nominalFit",
  "histograms": {
    "fail": {
      "entries": 7870.0,
      "fit_window": {
        "bin1": 11,
        "bin2": 70,
        "max": 120.0,
        "min": 60.0
      },
      "integral_fit_window": 108104501.54516602,
      "integral_fit_window_error": 1410341.7822521217,
      "integral_full": 108897234.92578125,
      "integral_full_error": 1415811.1913623596,
      "maximum_bin_center": 89.5,
      "maximum_bin_content": 7400422.462158203,
      "mean": 85.46748580948095,
      "rms": 9.212889223291944
    },
    "pass": {
      "entries": 159131.0,
      "fit_window": {
        "bin1": 11,
        "bin2": 70,
        "max": 120.0,
        "min": 60.0
      },
      "integral_fit_window": 2053341353.2714844,
      "integral_fit_window_error": 6029826.711466785,
      "integral_full": 2065239100.7216797,
      "integral_full_error": 6046815.069720965,
      "maximum_bin_center": 90.5,
      "maximum_bin_content": 193299238.44140625,
      "mean": 88.0191173958372,
      "rms": 7.254670620182722
    }
  },
  "sample": {
    "fitOutputBinRoot": "/eos/cms/store/group/phys_susy/NPS-25-014/root_TnP_local//hza_elid_nongap_2024_sf//DY_MC_LO_2024_hza_elid_nongap_2024_sf.nominalFit-bin09_el_sc_eta_m2p00Tom1p57_el_et_20p00To35p00.root",
    "fitOutputRoot": "/eos/cms/store/group/phys_susy/NPS-25-014/root_TnP_local//hza_elid_nongap_2024_sf//DY_MC_LO_2024_hza_elid_nongap_2024_sf.nominalFit.root",
    "histFile": "/eos/cms/store/group/phys_susy/NPS-25-014/root_TnP_local//hza_elid_nongap_2024_sf//DY_MC_LO_2024_hza_elid_nongap_2024_sf.root",
    "isMC": true,
    "mcRefHistFile": "/eos/cms/store/group/phys_susy/NPS-25-014/root_TnP_local//hza_elid_nongap_2024_sf//DY_MC_LO_2024_hza_elid_nongap_2024_sf.root",
    "mcTruth": true,
    "name": "DY_MC_LO_2024"
  },
  "workspace": {
    "effective_parsed": [
      {
        "max": 5.0,
        "min": -5.0,
        "name": "meanP",
        "raw": "meanP[-0.0,-5.0,5.0]",
        "tokens": [
          "-0.0",
          "-5.0",
          "5.0"
        ],
        "value": -0.0
      },
      {
        "max": 5.0,
        "min": 0.5,
        "name": "sigmaP",
        "raw": "sigmaP[0.9,0.5,5.0]",
        "tokens": [
          "0.9",
          "0.5",
          "5.0"
        ],
        "value": 0.9
      },
      {
        "max": 90.0,
        "min": 45.0,
        "name": "acmsP",
        "raw": "acmsP[65.,45.,90.]",
        "tokens": [
          "65.",
          "45.",
          "90."
        ],
        "value": 65.0
      },
      {
        "max": 0.1,
        "min": 0.005,
        "name": "betaP",
        "raw": "betaP[0.05,0.005,0.10]",
        "tokens": [
          "0.05",
          "0.005",
          "0.10"
        ],
        "value": 0.05
      },
      {
        "max": 2.0,
        "min": -2.0,
        "name": "gammaP",
        "raw": "gammaP[0.1, -2, 2]",
        "tokens": [
          "0.1",
          "-2",
          "2"
        ],
        "value": 0.1
      },
      {
        "max": 90.0,
        "min": 82.0,
        "name": "peakP",
        "raw": "peakP[87.0,82.0,90.0]",
        "tokens": [
          "87.0",
          "82.0",
          "90.0"
        ],
        "value": 87.0
      },
      {
        "max": 90.0,
        "min": 82.0,
        "name": "peakF",
        "raw": "peakF[87.0,82.0,90.0]",
        "tokens": [
          "87.0",
          "82.0",
          "90.0"
        ],
        "value": 87.0
      },
      {
        "max": 1.0,
        "min": -5.0,
        "name": "meanF",
        "raw": "meanF[-2.2,-5.0,1.0]",
        "tokens": [
          "-2.2",
          "-5.0",
          "1.0"
        ],
        "value": -2.2
      },
      {
        "max": 3.6,
        "min": 0.8,