{
  "bin": {
    "cut": "tag_Ele_pt > 40 && abs(tag_sc_eta) < 2.17 && (tag_Ele_q + el_q) == 0 && el_sc_eta >= 0.800000 && el_sc_eta < 1.566000 && el_et >= 15.000000 && el_et < 20.000000",
    "index": 5,
    "name": "bin05_el_sc_eta_0p80To1p57_el_et_15p00To20p00",
    "title": "; 0.800 < el_sc_eta < 1.566; 15.000 < el_et < 20.000",
    "vars": {
      "el_et": {
        "max": 20,
        "min": 15
      },
      "el_sc_eta": {
        "max": 1.566,
        "min": 0.8
      }
    }
  },
  "created_at_utc": "2026-07-10T17:48:53.815055+00:00",
  "derived": {
    "efficiency": 0.8544631802181072,
    "efficiency_error": 1.1024212036677032e-07,
    "nSigF": {
      "error": 65.81773109734058,
      "isConstant": false,
      "max": 145818490.118408,
      "min": 0.5,
      "name": "nSigF",
      "value": 80467214.46866566
    },
    "nSigP": {
      "error": 161.4986189007759,
      "isConstant": false,
      "max": 791620171.036377,
      "min": 0.5,
      "name": "nSigP",
      "value": 472432145.22090966
    }
  },
  "fit_metadata": {
    "bin_index": 5,
    "fail_hist_uses_pass_hist": false,
    "fit_range": {
      "max": 120.0,
      "min": 60.0
    },
    "truth_fail_template_uses_pass_hist": false,
    "truth_template_source": "/eos/cms/store/group/phys_susy/NPS-25-014/root_TnP_local//hza_elid_nongap_2024_sf//DY_MC_LO_2024_hza_elid_nongap_2024_sf.root"
  },
  "fit_result": {
    "fail": {
      "covQual": -1,
      "edm": 779002828.0569685,
      "floatParsFinal": [
        {
          "error": 4.995750461311843e-06,
          "isConstant": false,
          "max": 1.0,
          "min": -5.0,
          "name": "meanF",
          "value": -0.022921286196697643
        },
        {
          "error": 65.81773109734058,
          "isConstant": false,
          "max": 145818490.118408,
          "min": 0.5,
          "name": "nSigF",
          "value": 80467214.46866566
        },
        {
          "error": 4.4292852718896825e-10,
          "isConstant": false,
          "max": 4.2,
          "min": 0.8,
          "name": "sigmaF",
          "value": 0.8000000005281
        }
      ],
      "floatParsInit": [
        {
          "error": 0.0,
          "isConstant": false,
          "max": 1.0,
          "min": -5.0,
          "name": "meanF",
          "value": -2.2
        },
        {
          "error": 0.0,
          "isConstant": false,
          "max": 145818490.118408,
          "min": 0.5,
          "name": "nSigF",
          "value": 87491094.071045
        },
        {
          "error": 0.0,
          "isConstant": false,
          "max": 4.2,
          "min": 0.8,
          "name": "sigmaF",
          "value": 3.0
        }
      ],
      "minNll": -1090237150.6923552,
      "numInvalidNLL": 0,
      "status": -1
    },
    "fail_quality": "check",
    "pass": {
      "covQual": -1,
      "edm": 3720725570.042312,
      "floatParsFinal": [
        {
          "error": 1.712333160597268e-06,
          "isConstant": false,
          "max": 5.0,
          "min": -5.0,
          "name": "meanP",
          "value": -0.00765609819565416
        },
        {
          "error": 161.4986189007759,
          "isConstant": false,
          "max": 791620171.036377,
          "min": 0.5,
          "name": "nSigP",
          "value": 472432145.22090966
        },
        {
          "error": 9.715883653171886e-11,
          "isConstant": false,
          "max": 5.0,
          "min": 0.5,
          "name": "sigmaP",
          "value": 0.5000000000720368
        }
      ],
      "floatParsInit": [
        {
          "error": 0.0,
          "isConstant": false,
          "max": 5.0,
          "min": -5.0,
          "name": "meanP",
          "value": -0.6
        },
        {
          "error": 0.0,
          "isConstant": false,
          "max": 791620171.036377,
          "min": 0.5,
          "name": "nSigP",
          "value": 474972102.621826
        },
        {
          "error": 0.0,
          "isConstant": false,
          "max": 5.0,
          "min": 0.5,
          "name": "sigmaP",
          "value": 0.9
        }
      ],
      "minNll": -7336396203.193096,
      "numInvalidNLL": 0,
      "status": -1
    },
    "pass_quality": "check",
    "root_read_error": null
  },
  "fit_type": "nominalFit",
  "histograms": {
    "fail": {
      "entries": 7179.0,
      "fit_window": {
        "bin1": 11,
        "bin2": 70,
        "max": 120.0,
        "min": 60.0
      },
      "integral_fit_window": 80466975.66113281,
      "integral_fit_window_error": 1222576.8268002756,
      "integral_full": 97212326.74560547,
      "integral_full_error": 1341685.2750516015,
      "maximum_bin_center": 90.5,
      "maximum_bin_content": 4549761.052001953,
      "mean": 77.50920122238686,
      "rms": 14.097487458545569
    },
    "pass": {
      "entries": 40627.0,
      "fit_window": {
        "bin1": 11,
        "bin2": 70,
        "max": 120.0,
        "min": 60.0
      },
      "integral_fit_window": 472430040.0422363,
      "integral_fit_window_error": 2925303.2296304326,
      "integral_full": 527746780.69091797,
      "integral_full_error": 3086971.850749666,
      "maximum_bin_center": 90.5,
      "maximum_bin_content": 38331226.442871094,
      "mean": 82.18612412939501,
      "rms": 12.854230925910551
    }
  },
  "sample": {
    "fitOutputBinRoot": "/eos/cms/store/group/phys_susy/NPS-25-014/root_TnP_local//hza_elid_nongap_2024_sf//DY_MC_LO_2024_hza_elid_nongap_2024_sf.nominalFit-bin05_el_sc_eta_0p80To1p57_el_et_15p00To20p00.root",
    "fitOutputRoot": "/eos/cms/store/group/phys_susy/NPS-25-014/root_TnP_local//hza_elid_nongap_2024_sf//DY_MC_LO_2024_hza_elid_nongap_2024_sf.nominalFit.root",
    "histFile": "/eos/cms/store/group/phys_susy/NPS-25-014/root_TnP_local//hza_elid_nongap_2024_sf//DY_MC_LO_2024_hza_elid_nongap_2024_sf.root",
    "isMC": true,
    "mcRefHistFile": "/eos/cms/store/group/phys_susy/NPS-25-014/root_TnP_local//hza_elid_nongap_2024_sf//DY_MC_LO_2024_hza_elid_nongap_2024_sf.root",
    "mcTruth": true,
    "name": "DY_MC_LO_2024"
  },
  "workspace": {
    "effective_parsed": [
      {
        "max": 5.0,
        "min": 0.5,
        "name": "sigmaP",
        "raw": "sigmaP[0.9,0.5,5.0]",
        "tokens": [
          "0.9",
          "0.5",
          "5.0"
        ],
        "value": 0.9
      },
      {
        "max": 90.0,
        "min": 82.0,
        "name": "peakP",
        "raw": "peakP[87.0,82.0,90.0]",
        "tokens": [
          "87.0",
          "82.0",
          "90.0"
        ],
        "value": 87.0
      },
      {
        "max": 90.0,
        "min": 82.0,
        "name": "peakF",
        "raw": "peakF[87.0,82.0,90.0]",
        "tokens": [
          "87.0",
          "82.0",
          "90.0"
        ],
        "value": 87.0
      },
      {
        "max": 5.0,
        "min": -5.0,
        "name": "meanP",
        "raw": "meanP[-0.6,-5.0,5.0]",
        "tokens": [
          "-0.6",
          "-5.0",
          "5.0"
        ],
        "value": -0.6
      },
      {
        "max": 1.0,
        "min": -5.0,
        "name": "meanF",
        "raw": "meanF[-2.2,-5.0,1.0]",
        "tokens": [
          "-2.2",
          "-5.0",
          "1.0"
        ],
        "value": -2.2
      },
      {
        "max": 4.2,
        "min": 0.8,
        "name": "sigmaF",
        "raw": "sigmaF[3.0,0.8,4.2]",
        "tokens": [
          "3.0",
          "0.8",
          "4.2"
        ],
        "value": 3.0
      },
      {
        "max": 100.0,
        "min": 40.0,
        "name": "acmsP",
        "raw": "acmsP[75.,40.,100.]",
        "tokens": [
          "75.",
          "40.",
          "100."
        ],
        "value": 75.0
      },
      {
        "max": 0.12,
        "min": 0.002,
        "name": "betaP",
        "raw": "betaP[0.05,0.002,0.12]",
        "tokens": [
          "0.05",
          "0.002",
          "0.12"
        ],
        "value": 0.05
      },
      {
        "max": 2.0,
        "min": 0.002,
        "name": "gammaP",