{
  "bin": {
    "cut": "tag_Ele_pt > 40 && abs(tag_sc_eta) < 2.17 && (tag_Ele_q + el_q) == 0 && el_sc_eta >= 1.566000 && el_sc_eta < 2.000000 && el_et >= 7.000000 && el_et < 15.000000",
    "index": 6,
    "name": "bin06_el_sc_eta_1p57To2p00_el_et_7p00To15p00",
    "title": "; 1.566 < el_sc_eta < 2.000; 7.000 < el_et < 15.000",
    "vars": {
      "el_et": {
        "max": 15,
        "min": 7
      },
      "el_sc_eta": {
        "max": 2.0,
        "min": 1.566
      }
    }
  },
  "created_at_utc": "2026-04-19T15:00:34.905101+00:00",
  "derived": {
    "efficiency": 0.6951119616234002,
    "efficiency_error": 0.0027763683271998223,
    "nSigF": {
      "error": 56.41726567391106,
      "isConstant": false,
      "max": 9517.514002,
      "min": 0.5,
      "name": "nSigF",
      "value": 5181.982441952315
    },
    "nSigP": {
      "error": 86.08070126179337,
      "isConstant": false,
      "max": 20333.28908,
      "min": 0.5,
      "name": "nSigP",
      "value": 11814.363067514652
    }
  },
  "fit_metadata": {
    "bin_index": 6,
    "fail_hist_uses_pass_hist": false,
    "fit_range": {
      "max": 120.0,
      "min": 60.0
    },
    "truth_fail_template_uses_pass_hist": false,
    "truth_template_source": "/eos/home-p/pelai/HZa/root_TnP//hza_elid_nongap_2024_sf//DY_MC_LO_2024_hza_elid_nongap_2024_sf.root"
  },
  "fit_result": {
    "fail": {
      "covQual": -1,
      "edm": 0.032193955066089824,
      "floatParsFinal": [
        {
          "error": 0.04741125413307534,
          "isConstant": false,
          "max": 5.0,
          "min": -5.0,
          "name": "meanF",
          "value": -0.013900275469972634
        },
        {
          "error": 56.41726567391106,
          "isConstant": false,
          "max": 9517.514002,
          "min": 0.5,
          "name": "nSigF",
          "value": 5181.982441952315
        },
        {
          "error": 0.005366552751004339,
          "isConstant": false,
          "max": 1.5000010422286736,
          "min": 0.40000027792764636,
          "name": "sigmaF",
          "value": 0.4000007131707147
        }
      ],
      "floatParsInit": [
        {
          "error": 0.0,
          "isConstant": false,
          "max": 5.0,
          "min": -5.0,
          "name": "meanF",
          "value": -0.0
        },
        {
          "error": 0.0,
          "isConstant": false,
          "max": 9517.514002,
          "min": 0.5,
          "name": "nSigF",
          "value": 5710.508401
        },
        {
          "error": 0.0,
          "isConstant": false,
          "max": 1.5000010422286736,
          "min": 0.40000027792764636,
          "name": "sigmaF",
          "value": 0.5000003474095579
        }
      ],
      "minNll": -20074.066851268253,
      "numInvalidNLL": 0,
      "status": 160
    },
    "fail_quality": "check",
    "pass": {
      "covQual": -1,
      "edm": 0.04179905381663883,
      "floatParsFinal": [
        {
          "error": 0.03812911376816741,
          "isConstant": false,
          "max": 5.0,
          "min": -5.0,
          "name": "meanP",
          "value": -0.007600032282918612
        },
        {
          "error": 86.08070126179337,
          "isConstant": false,
          "max": 20333.28908,
          "min": 0.5,
          "name": "nSigP",
          "value": 11814.363067514652
        },
        {
          "error": 0.005291884397647606,
          "isConstant": false,
          "max": 5.0,
          "min": 0.5,
          "name": "sigmaP",
          "value": 0.5000003474095579
        }
      ],
      "floatParsInit": [
        {
          "error": 0.0,
          "isConstant": false,
          "max": 5.0,
          "min": -5.0,
          "name": "meanP",
          "value": -0.0
        },
        {
          "error": 0.0,
          "isConstant": false,
          "max": 20333.28908,
          "min": 0.5,
          "name": "nSigP",
          "value": 12199.973448
        },
        {
          "error": 0.0,
          "isConstant": false,
          "max": 5.0,
          "min": 0.5,
          "name": "sigmaP",
          "value": 0.9
        }
      ],
      "minNll": -57314.1616290818,
      "numInvalidNLL": 0,
      "status": 160
    },
    "pass_quality": "check",
    "root_read_error": null
  },
  "fit_type": "nominalFit",
  "histograms": {
    "fail": {
      "entries": 5564.0,
      "fit_window": {
        "bin1": 11,
        "bin2": 70,
        "max": 120.0,
        "min": 60.0
      },
      "integral_fit_window": 5182.500217538004,
      "integral_fit_window_error": 91.85761653013053,
      "integral_full": 6345.009334362385,
      "integral_full_error": 101.6069432943154,
      "maximum_bin_center": 90.5,
      "maximum_bin_content": 288.61159262908393,
      "mean": 78.61837959601488,
      "rms": 15.0998523352118
    },
    "pass": {
      "entries": 12052.0,
      "fit_window": {
        "bin1": 11,
        "bin2": 70,
        "max": 120.0,
        "min": 60.0
      },
      "integral_fit_window": 11815.055403018829,
      "integral_fit_window_error": 137.2514071645946,
      "integral_full": 13555.526053097507,
      "integral_full_error": 147.067505156159,
      "maximum_bin_center": 90.5,
      "maximum_bin_content": 805.3453011372355,
      "mean": 81.75054648916195,
      "rms": 13.732347268753257
    }
  },
  "sample": {
    "fitOutputBinRoot": "/eos/home-p/pelai/HZa/root_TnP//hza_elid_nongap_2024_sf//DY_MC_LO_2024_hza_elid_nongap_2024_sf.nominalFit-bin06_el_sc_eta_1p57To2p00_el_et_7p00To15p00.root",
    "fitOutputRoot": "/eos/home-p/pelai/HZa/root_TnP//hza_elid_nongap_2024_sf//DY_MC_LO_2024_hza_elid_nongap_2024_sf.nominalFit.root",
    "histFile": "/eos/home-p/pelai/HZa/root_TnP//hza_elid_nongap_2024_sf//DY_MC_LO_2024_hza_elid_nongap_2024_sf.root",
    "isMC": true,
    "mcRefHistFile": "/eos/home-p/pelai/HZa/root_TnP//hza_elid_nongap_2024_sf//DY_MC_LO_2024_hza_elid_nongap_2024_sf.root",
    "mcTruth": true,
    "name": "DY_MC_LO_2024"
  },
  "workspace": {
    "effective_parsed": [
      {
        "max": 5.0,
        "min": -5.0,
        "name": "meanP",
        "raw": "meanP[-0.0,-5.0,5.0]",
        "tokens": [
          "-0.0",
          "-5.0",
          "5.0"
        ],
        "value": -0.0
      },
      {
        "max": 5.0,
        "min": 0.5,
        "name": "sigmaP",
        "raw": "sigmaP[0.9,0.5,5.0]",
        "tokens": [
          "0.9",
          "0.5",
          "5.0"
        ],
        "value": 0.9
      },
      {
        "max": 5.0,
        "min": -5.0,
        "name": "meanF",
        "raw": "meanF[-0.0,-5.0,5.0]",
        "tokens": [
          "-0.0",
          "-5.0",
          "5.0"
        ],
        "value": -0.0
      },
      {
        "max": 5.0,
        "min": 0.5,
        "name": "sigmaF",
        "raw": "sigmaF[0.9,0.5,5.0]",
        "tokens": [
          "0.9",
          "0.5",
          "5.0"
        ],
        "value": 0.9
      },
      {
        "max": 80.0,
        "min": 50.0,
        "name": "acmsP",
        "raw": "acmsP[60.,50.,80.]",
        "tokens": [
          "60.",
          "50.",
          "80."
        ],
        "value": 60.0
      },
      {
        "max": 0.08,
        "min": 0.01,
        "name": "betaP",
        "raw": "betaP[0.05,0.01,0.08]",
        "tokens": [
          "0.05",
          "0.01",
          "0.08"
        ],
        "value": 0.05
      },
      {
        "max": 2.0,
        "min": -2.0,
        "name": "gammaP",
        "raw": "gammaP[0.1, -2, 2]",
        "tokens": [
          "0.1",
          "-2",
          "2"
        ],
        "value": 0.1
      },
      {
        "max": 90.0,
        "min": 82.0,
        "name": "peakP",
        "raw": "peakP[87.0,82.0,90.0]",
        "tokens": [
          "87.0",
          "82.0",
          "90.0"
        ],
        "value": 87.0
      },
      {
        "max": 80.0,
        "min": 50.0,
        "name": "acmsF",
        "raw": "acmsF[60.,50.,80.]",