{
  "bin": {
    "cut": "tag_Ele_pt > 40 && abs(tag_sc_eta) < 2.17 && (tag_Ele_q + el_q) == 0 && el_sc_eta >= -0.800000 && el_sc_eta < 0.000000 && el_et >= 15.000000 && el_et < 20.000000",
    "index": 3,
    "name": "bin03_el_sc_eta_m0p80To0p00_el_et_15p00To20p00",
    "title": "; -0.800 < el_sc_eta < 0.000; 15.000 < el_et < 20.000",
    "vars": {
      "el_et": {
        "max": 20,
        "min": 15
      },
      "el_sc_eta": {
        "max": 0.0,
        "min": -0.8
      }
    }
  },
  "created_at_utc": "2026-04-22T18:09:49.388916+00:00",
  "derived": {
    "efficiency": 0.8663248742787044,
    "efficiency_error": 0.0011157903863860468,
    "nSigF": {
      "error": 70.08459992424832,
      "isConstant": false,
      "max": 13354.937678,
      "min": 0.5,
      "name": "nSigF",
      "value": 7811.645683915446
    },
    "nSigP": {
      "error": 177.83777787291547,
      "isConstant": false,
      "max": 83070.362892,
      "min": 0.5,
      "name": "nSigP",
      "value": 50625.89564447087
    }
  },
  "fit_metadata": {
    "bin_index": 3,
    "fail_hist_uses_pass_hist": false,
    "fit_range": {
      "max": 120.0,
      "min": 60.0
    },
    "truth_fail_template_uses_pass_hist": false,
    "truth_template_source": "/eos/home-p/pelai/HZa/root_TnP//hza_elid_nongap_2024_sf//DY_MC_LO_2024_hza_elid_nongap_2024_sf.root"
  },
  "fit_result": {
    "fail": {
      "covQual": -1,
      "edm": 0.005668727323566698,
      "floatParsFinal": [
        {
          "error": 0.036199031615834265,
          "isConstant": false,
          "max": 1.0,
          "min": -5.0,
          "name": "meanF",
          "value": -0.012104107276607046
        },
        {
          "error": 70.08459992424832,
          "isConstant": false,
          "max": 13354.937678,
          "min": 0.5,
          "name": "nSigF",
          "value": 7811.645683915446
        },
        {
          "error": 0.005470282904475959,
          "isConstant": false,
          "max": 1.500001046499352,
          "min": 0.40000027906649394,
          "name": "sigmaF",
          "value": 0.4000002790745066
        }
      ],
      "floatParsInit": [
        {
          "error": 0.0,
          "isConstant": false,
          "max": 1.0,
          "min": -5.0,
          "name": "meanF",
          "value": -2.2
        },
        {
          "error": 0.0,
          "isConstant": false,
          "max": 13354.937678,
          "min": 0.5,
          "name": "nSigF",
          "value": 8012.962607
        },
        {
          "error": 0.0,
          "isConstant": false,
          "max": 1.500001046499352,
          "min": 0.40000027906649394,
          "name": "sigmaF",
          "value": 0.8
        }
      ],
      "minNll": -34728.957353247504,
      "numInvalidNLL": 0,
      "status": 160
    },
    "fail_quality": "check",
    "pass": {
      "covQual": -1,
      "edm": 0.2860392190177894,
      "floatParsFinal": [
        {
          "error": 0.013953182308493073,
          "isConstant": false,
          "max": 5.0,
          "min": -5.0,
          "name": "meanP",
          "value": -0.008954413592200616
        },
        {
          "error": 177.83777787291547,
          "isConstant": false,
          "max": 83070.362892,
          "min": 0.5,
          "name": "nSigP",
          "value": 50625.89564447087
        },
        {
          "error": 0.003448199000593122,
          "isConstant": false,
          "max": 5.0,
          "min": 0.5,
          "name": "sigmaP",
          "value": 0.5000003488331174
        }
      ],
      "floatParsInit": [
        {
          "error": 0.0,
          "isConstant": false,
          "max": 5.0,
          "min": -5.0,
          "name": "meanP",
          "value": -0.4
        },
        {
          "error": 0.0,
          "isConstant": false,
          "max": 83070.362892,
          "min": 0.5,
          "name": "nSigP",
          "value": 49842.217735
        },
        {
          "error": 0.0,
          "isConstant": false,
          "max": 5.0,
          "min": 0.5,
          "name": "sigmaP",
          "value": 0.9
        }
      ],
      "minNll": -331852.6596367336,
      "numInvalidNLL": 0,
      "status": 160
    },
    "pass_quality": "check",
    "root_read_error": null
  },
  "fit_type": "nominalFit",
  "histograms": {
    "fail": {
      "entries": 7911.0,
      "fit_window": {
        "bin1": 11,
        "bin2": 70,
        "max": 120.0,
        "min": 60.0
      },
      "integral_fit_window": 7812.125082589989,
      "integral_fit_window_error": 111.46518748449303,
      "integral_full": 8903.291785212567,
      "integral_full_error": 118.99463918581867,
      "maximum_bin_center": 91.5,
      "maximum_bin_content": 617.457766696691,
      "mean": 80.00215833943207,
      "rms": 13.31647005381636
    },
    "pass": {
      "entries": 48879.0,
      "fit_window": {
        "bin1": 11,
        "bin2": 70,
        "max": 120.0,
        "min": 60.0
      },
      "integral_fit_window": 50629.20185944799,
      "integral_fit_window_error": 284.67423932329865,
      "integral_full": 55380.24192801216,
      "integral_full_error": 297.6217441401184,
      "maximum_bin_center": 90.5,
      "maximum_bin_content": 5253.1739177961545,
      "mean": 83.60474062643712,
      "rms": 12.102243713824691
    }
  },
  "sample": {
    "fitOutputBinRoot": "/eos/home-p/pelai/HZa/root_TnP//hza_elid_nongap_2024_sf//DY_MC_LO_2024_hza_elid_nongap_2024_sf.nominalFit-bin03_el_sc_eta_m0p80To0p00_el_et_15p00To20p00.root",
    "fitOutputRoot": "/eos/home-p/pelai/HZa/root_TnP//hza_elid_nongap_2024_sf//DY_MC_LO_2024_hza_elid_nongap_2024_sf.nominalFit.root",
    "histFile": "/eos/home-p/pelai/HZa/root_TnP//hza_elid_nongap_2024_sf//DY_MC_LO_2024_hza_elid_nongap_2024_sf.root",
    "isMC": true,
    "mcRefHistFile": "/eos/home-p/pelai/HZa/root_TnP//hza_elid_nongap_2024_sf//DY_MC_LO_2024_hza_elid_nongap_2024_sf.root",
    "mcTruth": true,
    "name": "DY_MC_LO_2024"
  },
  "workspace": {
    "effective_parsed": [
      {
        "max": 5.0,
        "min": 0.5,
        "name": "sigmaP",
        "raw": "sigmaP[0.9,0.5,5.0]",
        "tokens": [
          "0.9",
          "0.5",
          "5.0"
        ],
        "value": 0.9
      },
      {
        "max": 90.0,
        "min": 82.0,
        "name": "peakP",
        "raw": "peakP[87.0,82.0,90.0]",
        "tokens": [
          "87.0",
          "82.0",
          "90.0"
        ],
        "value": 87.0
      },
      {
        "max": 90.0,
        "min": 82.0,
        "name": "peakF",
        "raw": "peakF[87.0,82.0,90.0]",
        "tokens": [
          "87.0",
          "82.0",
          "90.0"
        ],
        "value": 87.0
      },
      {
        "max": 5.0,
        "min": -5.0,
        "name": "meanP",
        "raw": "meanP[-0.4,-5.0,5.0]",
        "tokens": [
          "-0.4",
          "-5.0",
          "5.0"
        ],
        "value": -0.4
      },
      {
        "max": 1.0,
        "min": -5.0,
        "name": "meanF",
        "raw": "meanF[-2.2,-5.0,1.0]",
        "tokens": [
          "-2.2",
          "-5.0",
          "1.0"
        ],
        "value": -2.2
      },
      {
        "max": 4.0,
        "min": 0.8,
        "name": "sigmaF",
        "raw": "sigmaF[2.8,0.8,4.0]",
        "tokens": [
          "2.8",
          "0.8",
          "4.0"
        ],
        "value": 2.8
      },
      {
        "max": 100.0,
        "min": 40.0,
        "name": "acmsP",
        "raw": "acmsP[75.,40.,100.]",
        "tokens": [
          "75.",
          "40.",
          "100."
        ],
        "value": 75.0
      },
      {
        "max": 0.12,
        "min": 0.002,
        "name": "betaP",
        "raw": "betaP[0.05,0.002,0.12]",
        "tokens": [
          "0.05",
          "0.002",
          "0.12"
        ],
        "value": 0.05
      },
      {
        "max": 2.0,
        "min": 0.002,
        "name": "gammaP",
        "raw": "gammaP[0.08,0.002,2.]",