{
  "bin": {
    "cut": "tag_Ele_pt > 40 && abs(tag_sc_eta) < 2.17 && (tag_Ele_q + el_q) == 0 && el_sc_eta >= 0.800000 && el_sc_eta < 1.566000 && el_et >= 15.000000 && el_et < 20.000000",
    "index": 5,
    "name": "bin05_el_sc_eta_0p80To1p57_el_et_15p00To20p00",
    "title": "; 0.800 < el_sc_eta < 1.566; 15.000 < el_et < 20.000",
    "vars": {
      "el_et": {
        "max": 20,
        "min": 15
      },
      "el_sc_eta": {
        "max": 1.566,
        "min": 0.8
      }
    }
  },
  "created_at_utc": "2026-04-22T06:46:27.358008+00:00",
  "derived": {
    "efficiency": 0.857557662304112,
    "efficiency_error": 0.0012438242432539746,
    "nSigF": {
      "error": 65.75474154435688,
      "isConstant": false,
      "max": 12604.654501,
      "min": 0.5,
      "name": "nSigF",
      "value": 6976.995904384347
    },
    "nSigP": {
      "error": 161.93708996057103,
      "isConstant": false,
      "max": 70412.662201,
      "min": 0.5,
      "name": "nSigP",
      "value": 42004.19899344242
    }
  },
  "fit_metadata": {
    "bin_index": 5,
    "fail_hist_uses_pass_hist": false,
    "fit_range": {
      "max": 120.0,
      "min": 60.0
    },
    "truth_fail_template_uses_pass_hist": false,
    "truth_template_source": "/eos/home-p/pelai/HZa/root_TnP//hza_elid_nongap_2024_sf//DY_MC_LO_2024_hza_elid_nongap_2024_sf.root"
  },
  "fit_result": {
    "fail": {
      "covQual": -1,
      "edm": 0.0020790831813090787,
      "floatParsFinal": [
        {
          "error": 0.04999794443086847,
          "isConstant": false,
          "max": 5.0,
          "min": -5.0,
          "name": "meanF",
          "value": -0.005291263671386659
        },
        {
          "error": 65.75474154435688,
          "isConstant": false,
          "max": 12604.654501,
          "min": 0.5,
          "name": "nSigF",
          "value": 6976.995904384347
        },
        {
          "error": 0.008974993285293054,
          "isConstant": false,
          "max": 1.5000064671089237,
          "min": 0.4000017245623797,
          "name": "sigmaF",
          "value": 0.4000017245662456
        }
      ],
      "floatParsInit": [
        {
          "error": 0.0,
          "isConstant": false,
          "max": 5.0,
          "min": -5.0,
          "name": "meanF",
          "value": -0.7
        },
        {
          "error": 0.0,
          "isConstant": false,
          "max": 12604.654501,
          "min": 0.5,
          "name": "nSigF",
          "value": 7562.792701
        },
        {
          "error": 0.0,
          "isConstant": false,
          "max": 1.5000064671089237,
          "min": 0.4000017245623797,
          "name": "sigmaF",
          "value": 0.5000021557029746
        }
      ],
      "minNll": -29308.17738053908,
      "numInvalidNLL": 0,
      "status": 160
    },
    "fail_quality": "check",
    "pass": {
      "covQual": -1,
      "edm": 0.0074532300436131755,
      "floatParsFinal": [
        {
          "error": 0.01954645605438987,
          "isConstant": false,
          "max": 5.0,
          "min": -5.0,
          "name": "meanP",
          "value": -0.007396009713720453
        },
        {
          "error": 161.93708996057103,
          "isConstant": false,
          "max": 70412.662201,
          "min": 0.5,
          "name": "nSigP",
          "value": 42004.19899344242
        },
        {
          "error": 0.005860557521864873,
          "isConstant": false,
          "max": 5.0,
          "min": 0.5,
          "name": "sigmaP",
          "value": 0.5000021557029746
        }
      ],
      "floatParsInit": [
        {
          "error": 0.0,
          "isConstant": false,
          "max": 5.0,
          "min": -5.0,
          "name": "meanP",
          "value": -0.6
        },
        {
          "error": 0.0,
          "isConstant": false,
          "max": 70412.662201,
          "min": 0.5,
          "name": "nSigP",
          "value": 42247.59732
        },
        {
          "error": 0.0,
          "isConstant": false,
          "max": 5.0,
          "min": 0.5,
          "name": "sigmaP",
          "value": 0.9
        }
      ],
      "minNll": -260342.01065680847,
      "numInvalidNLL": 0,
      "status": 160
    },
    "pass_quality": "check",
    "root_read_error": null
  },
  "fit_type": "nominalFit",
  "histograms": {
    "fail": {
      "entries": 7350.0,
      "fit_window": {
        "bin1": 11,
        "bin2": 70,
        "max": 120.0,
        "min": 60.0
      },
      "integral_fit_window": 6977.456879984619,
      "integral_fit_window_error": 106.11189250086365,
      "integral_full": 8403.103000954121,
      "integral_full_error": 116.18815366403618,
      "maximum_bin_center": 89.5,
      "maximum_bin_content": 394.06532814520904,
      "mean": 77.27259053244705,
      "rms": 14.0113491497993
    },
    "pass": {
      "entries": 41571.0,
      "fit_window": {
        "bin1": 11,
        "bin2": 70,
        "max": 120.0,
        "min": 60.0
      },
      "integral_fit_window": 42007.46185661857,
      "integral_fit_window_error": 259.3859914772641,
      "integral_full": 46941.77480046967,
      "integral_full_error": 274.0286351046101,
      "maximum_bin_center": 90.5,
      "maximum_bin_content": 3348.556241407746,
      "mean": 82.09976793129916,
      "rms": 12.901248633396595
    }
  },
  "sample": {
    "fitOutputBinRoot": "/eos/home-p/pelai/HZa/root_TnP//hza_elid_nongap_2024_sf//DY_MC_LO_2024_hza_elid_nongap_2024_sf.nominalFit-bin05_el_sc_eta_0p80To1p57_el_et_15p00To20p00.root",
    "fitOutputRoot": "/eos/home-p/pelai/HZa/root_TnP//hza_elid_nongap_2024_sf//DY_MC_LO_2024_hza_elid_nongap_2024_sf.nominalFit.root",
    "histFile": "/eos/home-p/pelai/HZa/root_TnP//hza_elid_nongap_2024_sf//DY_MC_LO_2024_hza_elid_nongap_2024_sf.root",
    "isMC": true,
    "mcRefHistFile": "/eos/home-p/pelai/HZa/root_TnP//hza_elid_nongap_2024_sf//DY_MC_LO_2024_hza_elid_nongap_2024_sf.root",
    "mcTruth": true,
    "name": "DY_MC_LO_2024"
  },
  "workspace": {
    "effective_parsed": [
      {
        "max": 5.0,
        "min": 0.5,
        "name": "sigmaP",
        "raw": "sigmaP[0.9,0.5,5.0]",
        "tokens": [
          "0.9",
          "0.5",
          "5.0"
        ],
        "value": 0.9
      },
      {
        "max": 5.0,
        "min": 0.5,
        "name": "sigmaF",
        "raw": "sigmaF[0.9,0.5,5.0]",
        "tokens": [
          "0.9",
          "0.5",
          "5.0"
        ],
        "value": 0.9
      },
      {
        "max": 90.0,
        "min": 82.0,
        "name": "peakP",
        "raw": "peakP[87.0,82.0,90.0]",
        "tokens": [
          "87.0",
          "82.0",
          "90.0"
        ],
        "value": 87.0
      },
      {
        "max": 90.0,
        "min": 82.0,
        "name": "peakF",
        "raw": "peakF[87.0,82.0,90.0]",
        "tokens": [
          "87.0",
          "82.0",
          "90.0"
        ],
        "value": 87.0
      },
      {
        "max": 5.0,
        "min": -5.0,
        "name": "meanP",
        "raw": "meanP[-0.6,-5.0,5.0]",
        "tokens": [
          "-0.6",
          "-5.0",
          "5.0"
        ],
        "value": -0.6
      },
      {
        "max": 5.0,
        "min": -5.0,
        "name": "meanF",
        "raw": "meanF[-0.7,-5.0,5.0]",
        "tokens": [
          "-0.7",
          "-5.0",
          "5.0"
        ],
        "value": -0.7
      },
      {
        "max": 100.0,
        "min": 40.0,
        "name": "acmsP",
        "raw": "acmsP[75.,40.,100.]",
        "tokens": [
          "75.",
          "40.",
          "100."
        ],
        "value": 75.0
      },
      {
        "max": 0.12,
        "min": 0.002,
        "name": "betaP",
        "raw": "betaP[0.05,0.002,0.12]",
        "tokens": [
          "0.05",
          "0.002",
          "0.12"
        ],
        "value": 0.05
      },
      {
        "max": 2.0,
        "min": 0.002,
        "name": "gammaP",
        "raw": "gammaP[0.08,0.002,2.]",