{
  "bin": {
    "cut": "tag_Ele_pt > 40 && abs(tag_sc_eta) < 2.17 && (tag_Ele_q + el_q) == 0 && el_sc_eta >= -2.500000 && el_sc_eta < -2.000000 && el_et >= 35.000000 && el_et < 50.000000",
    "index": 16,
    "name": "bin16_el_sc_eta_m2p50Tom2p00_el_et_35p00To50p00",
    "title": "; -2.500 < el_sc_eta < -2.000; 35.000 < el_et < 50.000",
    "vars": {
      "el_et": {
        "max": 50,
        "min": 35
      },
      "el_sc_eta": {
        "max": -2.0,
        "min": -2.5
      }
    }
  },
  "created_at_utc": "2026-04-21T16:06:51.559603+00:00",
  "derived": {
    "efficiency": 0.9560181276327033,
    "efficiency_error": 0.00025455557470915733,
    "nSigF": {
      "error": 106.19796910461628,
      "isConstant": false,
      "max": 26973.005826,
      "min": 0.5,
      "name": "nSigF",
      "value": 17938.350668177976
    },
    "nSigP": {
      "error": 493.62016145474627,
      "isConstant": false,
      "max": 587205.28264,
      "min": 0.5,
      "name": "nSigP",
      "value": 389919.47126293945
    }
  },
  "fit_metadata": {
    "bin_index": 16,
    "fail_hist_uses_pass_hist": false,
    "fit_range": {
      "max": 120.0,
      "min": 60.0
    },
    "truth_fail_template_uses_pass_hist": false,
    "truth_template_source": "/eos/home-p/pelai/HZa/root_TnP//hza_elid_nongap_2024_sf//DY_MC_LO_2024_hza_elid_nongap_2024_sf.root"
  },
  "fit_result": {
    "fail": {
      "covQual": -1,
      "edm": 0.12689795013191751,
      "floatParsFinal": [
        {
          "error": 0.021600287362819603,
          "isConstant": false,
          "max": 5.0,
          "min": -5.0,
          "name": "meanF",
          "value": 0.006347224447837085
        },
        {
          "error": 106.19796910461628,
          "isConstant": false,
          "max": 26973.005826,
          "min": 0.5,
          "name": "nSigF",
          "value": 17938.350668177976
        },
        {
          "error": 0.005177614317821405,
          "isConstant": false,
          "max": 1.5000000897013077,
          "min": 0.4000000239203487,
          "name": "sigmaF",
          "value": 0.4000006818417046
        }
      ],
      "floatParsInit": [
        {
          "error": 0.0,
          "isConstant": false,
          "max": 5.0,
          "min": -5.0,
          "name": "meanF",
          "value": -0.0
        },
        {
          "error": 0.0,
          "isConstant": false,
          "max": 26973.005826,
          "min": 0.5,
          "name": "nSigF",
          "value": 16183.803495
        },
        {
          "error": 0.0,
          "isConstant": false,
          "max": 1.5000000897013077,
          "min": 0.4000000239203487,
          "name": "sigmaF",
          "value": 0.5000000299004359
        }
      ],
      "minNll": -105890.84944924997,
      "numInvalidNLL": 0,
      "status": 160
    },
    "fail_quality": "check",
    "pass": {
      "covQual": -1,
      "edm": 0.030833717623376607,
      "floatParsFinal": [
        {
          "error": 0.004580340795496518,
          "isConstant": false,
          "max": 5.0,
          "min": -5.0,
          "name": "meanP",
          "value": 0.00588476872859367
        },
        {
          "error": 493.62016145474627,
          "isConstant": false,
          "max": 587205.28264,
          "min": 0.5,
          "name": "nSigP",
          "value": 389919.47126293945
        },
        {
          "error": 0.0008812776571395786,
          "isConstant": false,
          "max": 5.0,
          "min": 0.5,
          "name": "sigmaP",
          "value": 0.5000000299004359
        }
      ],
      "floatParsInit": [
        {
          "error": 0.0,
          "isConstant": false,
          "max": 5.0,
          "min": -5.0,
          "name": "meanP",
          "value": -0.0
        },
        {
          "error": 0.0,
          "isConstant": false,
          "max": 587205.28264,
          "min": 0.5,
          "name": "nSigP",
          "value": 352323.169584
        },
        {
          "error": 0.0,
          "isConstant": false,
          "max": 5.0,
          "min": 0.5,
          "name": "sigmaP",
          "value": 0.9
        }
      ],
      "minNll": -3525250.7915925505,
      "numInvalidNLL": 0,
      "status": 160
    },
    "pass_quality": "check",
    "root_read_error": null
  },
  "fit_type": "nominalFit",
  "histograms": {
    "fail": {
      "entries": 15943.0,
      "fit_window": {
        "bin1": 11,
        "bin2": 70,
        "max": 120.0,
        "min": 60.0
      },
      "integral_fit_window": 17939.17768904723,
      "integral_fit_window_error": 168.91445920222054,
      "integral_full": 17982.003883797912,
      "integral_full_error": 169.08347229262768,
      "maximum_bin_center": 91.5,
      "maximum_bin_content": 1959.1231547951918,
      "mean": 91.31837345448707,
      "rms": 5.037283977669525
    },
    "pass": {
      "entries": 346899.0,
      "fit_window": {
        "bin1": 11,
        "bin2": 70,
        "max": 120.0,
        "min": 60.0
      },
      "integral_fit_window": 389918.83660378406,
      "integral_fit_window_error": 789.9191735549016,
      "integral_full": 391470.188426745,
      "integral_full_error": 791.4842726516235,
      "maximum_bin_center": 91.5,
      "maximum_bin_content": 47371.55545570839,
      "mean": 91.6112365580884,
      "rms": 5.10782244725559
    }
  },
  "sample": {
    "fitOutputBinRoot": "/eos/home-p/pelai/HZa/root_TnP//hza_elid_nongap_2024_sf//DY_MC_LO_2024_hza_elid_nongap_2024_sf.nominalFit-bin16_el_sc_eta_m2p50Tom2p00_el_et_35p00To50p00.root",
    "fitOutputRoot": "/eos/home-p/pelai/HZa/root_TnP//hza_elid_nongap_2024_sf//DY_MC_LO_2024_hza_elid_nongap_2024_sf.nominalFit.root",
    "histFile": "/eos/home-p/pelai/HZa/root_TnP//hza_elid_nongap_2024_sf//DY_MC_LO_2024_hza_elid_nongap_2024_sf.root",
    "isMC": true,
    "mcRefHistFile": "/eos/home-p/pelai/HZa/root_TnP//hza_elid_nongap_2024_sf//DY_MC_LO_2024_hza_elid_nongap_2024_sf.root",
    "mcTruth": true,
    "name": "DY_MC_LO_2024"
  },
  "workspace": {
    "effective_parsed": [
      {
        "max": 5.0,
        "min": -5.0,
        "name": "meanP",
        "raw": "meanP[-0.0,-5.0,5.0]",
        "tokens": [
          "-0.0",
          "-5.0",
          "5.0"
        ],
        "value": -0.0
      },
      {
        "max": 5.0,
        "min": 0.5,
        "name": "sigmaP",
        "raw": "sigmaP[0.9,0.5,5.0]",
        "tokens": [
          "0.9",
          "0.5",
          "5.0"
        ],
        "value": 0.9
      },
      {
        "max": 5.0,
        "min": -5.0,
        "name": "meanF",
        "raw": "meanF[-0.0,-5.0,5.0]",
        "tokens": [
          "-0.0",
          "-5.0",
          "5.0"
        ],
        "value": -0.0
      },
      {
        "max": 5.0,
        "min": 0.5,
        "name": "sigmaF",
        "raw": "sigmaF[0.9,0.5,5.0]",
        "tokens": [
          "0.9",
          "0.5",
          "5.0"
        ],
        "value": 0.9
      },
      {
        "max": 90.0,
        "min": 45.0,
        "name": "acmsP",
        "raw": "acmsP[65.,45.,90.]",
        "tokens": [
          "65.",
          "45.",
          "90."
        ],
        "value": 65.0
      },
      {
        "max": 0.1,
        "min": 0.005,
        "name": "betaP",
        "raw": "betaP[0.05,0.005,0.10]",
        "tokens": [
          "0.05",
          "0.005",
          "0.10"
        ],
        "value": 0.05
      },
      {
        "max": 2.0,
        "min": -2.0,
        "name": "gammaP",
        "raw": "gammaP[0.1, -2, 2]",
        "tokens": [
          "0.1",
          "-2",
          "2"
        ],
        "value": 0.1
      },
      {
        "max": 90.0,
        "min": 82.0,
        "name": "peakP",
        "raw": "peakP[87.0,82.0,90.0]",
        "tokens": [
          "87.0",
          "82.0",
          "90.0"
        ],
        "value": 87.0
      },
      {
        "max": 90.0,
        "min": 45.0,
        "name": "acmsF",
        "raw": "acmsF[65.,45.,90.]",