{
  "bin": {
    "cut": "tag_Ele_pt > 40 && abs(tag_sc_eta) < 2.17 && (tag_Ele_q + el_q) == 0 && el_sc_eta >= -2.000000 && el_sc_eta < -1.566000 && el_et >= 35.000000 && el_et < 50.000000",
    "index": 17,
    "name": "bin17_el_sc_eta_m2p00Tom1p57_el_et_35p00To50p00",
    "title": "; -2.000 < el_sc_eta < -1.566; 35.000 < el_et < 50.000",
    "vars": {
      "el_et": {
        "max": 50,
        "min": 35
      },
      "el_sc_eta": {
        "max": -1.566,
        "min": -2.0
      }
    }
  },
  "created_at_utc": "2026-04-22T17:23:17.980021+00:00",
  "derived": {
    "efficiency": 0.9668701718745734,
    "efficiency_error": 0.00018420890611270003,
    "nSigF": {
      "error": 110.9184327755429,
      "isConstant": false,
      "max": 29467.632876,
      "min": 0.5,
      "name": "nSigF",
      "value": 19613.987188270825
    },
    "nSigP": {
      "error": 597.9383075224468,
      "isConstant": false,
      "max": 860982.7213,
      "min": 0.5,
      "name": "nSigP",
      "value": 572420.0889926834
    }
  },
  "fit_metadata": {
    "bin_index": 17,
    "fail_hist_uses_pass_hist": false,
    "fit_range": {
      "max": 120.0,
      "min": 60.0
    },
    "truth_fail_template_uses_pass_hist": false,
    "truth_template_source": "/eos/home-p/pelai/HZa/root_TnP//hza_elid_nongap_2024_sf//DY_MC_LO_2024_hza_elid_nongap_2024_sf.root"
  },
  "fit_result": {
    "fail": {
      "covQual": -1,
      "edm": 0.34242744552517385,
      "floatParsFinal": [
        {
          "error": 0.021308911167157163,
          "isConstant": false,
          "max": 5.0,
          "min": -5.0,
          "name": "meanF",
          "value": 0.0016772149306270023
        },
        {
          "error": 110.9184327755429,
          "isConstant": false,
          "max": 29467.632876,
          "min": 0.5,
          "name": "nSigF",
          "value": 19613.987188270825
        },
        {
          "error": 0.00957442877012013,
          "isConstant": false,
          "max": 1.5000000717307906,
          "min": 0.40000001912821087,
          "name": "sigmaF",
          "value": 0.40000873277985627
        }
      ],
      "floatParsInit": [
        {
          "error": 0.0,
          "isConstant": false,
          "max": 5.0,
          "min": -5.0,
          "name": "meanF",
          "value": -0.0
        },
        {
          "error": 0.0,
          "isConstant": false,
          "max": 29467.632876,
          "min": 0.5,
          "name": "nSigF",
          "value": 17680.579726
        },
        {
          "error": 0.0,
          "isConstant": false,
          "max": 1.5000000717307906,
          "min": 0.40000001912821087,
          "name": "sigmaF",
          "value": 0.5000000239102635
        }
      ],
      "minNll": -117976.72208380711,
      "numInvalidNLL": 0,
      "status": 160
    },
    "fail_quality": "check",
    "pass": {
      "covQual": -1,
      "edm": 0.3477809842446997,
      "floatParsFinal": [
        {
          "error": 0.0037168888220429075,
          "isConstant": false,
          "max": 5.0,
          "min": -5.0,
          "name": "meanP",
          "value": 0.0032082107842139607
        },
        {
          "error": 597.9383075224468,
          "isConstant": false,
          "max": 860982.7213,
          "min": 0.5,
          "name": "nSigP",
          "value": 572420.0889926834
        },
        {
          "error": 0.0005323069209391962,
          "isConstant": false,
          "max": 5.0,
          "min": 0.5,
          "name": "sigmaP",
          "value": 0.5000000239102635
        }
      ],
      "floatParsInit": [
        {
          "error": 0.0,
          "isConstant": false,
          "max": 5.0,
          "min": -5.0,
          "name": "meanP",
          "value": -0.0
        },
        {
          "error": 0.0,
          "isConstant": false,
          "max": 860982.7213,
          "min": 0.5,
          "name": "nSigP",
          "value": 516589.63278
        },
        {
          "error": 0.0,
          "isConstant": false,
          "max": 5.0,
          "min": 0.5,
          "name": "sigmaP",
          "value": 0.9
        }
      ],
      "minNll": -5408386.49665414,
      "numInvalidNLL": 0,
      "status": 160
    },
    "pass_quality": "check",
    "root_read_error": null
  },
  "fit_type": "nominalFit",
  "histograms": {
    "fail": {
      "entries": 17499.0,
      "fit_window": {
        "bin1": 11,
        "bin2": 70,
        "max": 120.0,
        "min": 60.0
      },
      "integral_fit_window": 19610.19605793285,
      "integral_fit_window_error": 176.8427962388393,
      "integral_full": 19645.088584059136,
      "integral_full_error": 176.99487020232806,
      "maximum_bin_center": 90.5,
      "maximum_bin_content": 2212.1715691744625,
      "mean": 90.59761386556957,
      "rms": 4.807314944265167
    },
    "pass": {
      "entries": 507854.0,
      "fit_window": {
        "bin1": 11,
        "bin2": 70,
        "max": 120.0,
        "min": 60.0
      },
      "integral_fit_window": 572410.6661470116,
      "integral_fit_window_error": 957.3274250669745,
      "integral_full": 573988.4808665488,
      "integral_full_error": 958.6367215662696,
      "maximum_bin_center": 90.5,
      "maximum_bin_content": 70615.6119136407,
      "mean": 91.04573038373373,
      "rms": 4.822853768323515
    }
  },
  "sample": {
    "fitOutputBinRoot": "/eos/home-p/pelai/HZa/root_TnP//hza_elid_nongap_2024_sf//DY_MC_LO_2024_hza_elid_nongap_2024_sf.nominalFit-bin17_el_sc_eta_m2p00Tom1p57_el_et_35p00To50p00.root",
    "fitOutputRoot": "/eos/home-p/pelai/HZa/root_TnP//hza_elid_nongap_2024_sf//DY_MC_LO_2024_hza_elid_nongap_2024_sf.nominalFit.root",
    "histFile": "/eos/home-p/pelai/HZa/root_TnP//hza_elid_nongap_2024_sf//DY_MC_LO_2024_hza_elid_nongap_2024_sf.root",
    "isMC": true,
    "mcRefHistFile": "/eos/home-p/pelai/HZa/root_TnP//hza_elid_nongap_2024_sf//DY_MC_LO_2024_hza_elid_nongap_2024_sf.root",
    "mcTruth": true,
    "name": "DY_MC_LO_2024"
  },
  "workspace": {
    "effective_parsed": [
      {
        "max": 5.0,
        "min": -5.0,
        "name": "meanP",
        "raw": "meanP[-0.0,-5.0,5.0]",
        "tokens": [
          "-0.0",
          "-5.0",
          "5.0"
        ],
        "value": -0.0
      },
      {
        "max": 5.0,
        "min": 0.5,
        "name": "sigmaP",
        "raw": "sigmaP[0.9,0.5,5.0]",
        "tokens": [
          "0.9",
          "0.5",
          "5.0"
        ],
        "value": 0.9
      },
      {
        "max": 5.0,
        "min": -5.0,
        "name": "meanF",
        "raw": "meanF[-0.0,-5.0,5.0]",
        "tokens": [
          "-0.0",
          "-5.0",
          "5.0"
        ],
        "value": -0.0
      },
      {
        "max": 5.0,
        "min": 0.5,
        "name": "sigmaF",
        "raw": "sigmaF[0.9,0.5,5.0]",
        "tokens": [
          "0.9",
          "0.5",
          "5.0"
        ],
        "value": 0.9
      },
      {
        "max": 90.0,
        "min": 45.0,
        "name": "acmsP",
        "raw": "acmsP[65.,45.,90.]",
        "tokens": [
          "65.",
          "45.",
          "90."
        ],
        "value": 65.0
      },
      {
        "max": 0.1,
        "min": 0.005,
        "name": "betaP",
        "raw": "betaP[0.05,0.005,0.10]",
        "tokens": [
          "0.05",
          "0.005",
          "0.10"
        ],
        "value": 0.05
      },
      {
        "max": 2.0,
        "min": -2.0,
        "name": "gammaP",
        "raw": "gammaP[0.1, -2, 2]",
        "tokens": [
          "0.1",
          "-2",
          "2"
        ],
        "value": 0.1
      },
      {
        "max": 90.0,
        "min": 82.0,
        "name": "peakP",
        "raw": "peakP[87.0,82.0,90.0]",
        "tokens": [
          "87.0",
          "82.0",
          "90.0"
        ],
        "value": 87.0
      },
      {
        "max": 90.0,
        "min": 45.0,
        "name": "acmsF",
        "raw": "acmsF[65.,45.,90.]",