{
  "bin": {
    "cut": "tag_Ele_pt > 40 && abs(tag_sc_eta) < 2.17 && (tag_Ele_q + el_q) == 0 && el_sc_eta >= -2.500000 && el_sc_eta < -2.000000 && el_et >= 20.000000 && el_et < 35.000000",
    "index": 16,
    "name": "bin16_el_sc_eta_m2p50Tom2p00_el_et_20p00To35p00",
    "title": "; -2.500 < el_sc_eta < -2.000; 20.000 < el_et < 35.000",
    "vars": {
      "el_et": {
        "max": 35,
        "min": 20
      },
      "el_sc_eta": {
        "max": -2.0,
        "min": -2.5
      }
    }
  },
  "created_at_utc": "2026-04-19T15:00:32.700771+00:00",
  "derived": {
    "efficiency": 0.9439500538414829,
    "efficiency_error": 0.00046093806951544856,
    "nSigF": {
      "error": 73.30128449553285,
      "isConstant": false,
      "max": 13072.3058,
      "min": 0.5,
      "name": "nSigF",
      "value": 8661.513087943556
    },
    "nSigP": {
      "error": 301.740517223996,
      "isConstant": false,
      "max": 220071.283026,
      "min": 0.5,
      "name": "nSigP",
      "value": 145870.53701336382
    }
  },
  "fit_metadata": {
    "bin_index": 16,
    "fail_hist_uses_pass_hist": false,
    "fit_range": {
      "max": 120.0,
      "min": 60.0
    },
    "truth_fail_template_uses_pass_hist": false,
    "truth_template_source": "/eos/home-p/pelai/HZa/root_TnP//hza_elid_nongap_2024_sf//DY_MC_LO_2024_hza_elid_nongap_2024_sf.root"
  },
  "fit_result": {
    "fail": {
      "covQual": -1,
      "edm": 0.32892719925410563,
      "floatParsFinal": [
        {
          "error": 0.04092317618448593,
          "isConstant": false,
          "max": 5.0,
          "min": -5.0,
          "name": "meanF",
          "value": 0.0007461472163665661
        },
        {
          "error": 73.30128449553285,
          "isConstant": false,
          "max": 13072.3058,
          "min": 0.5,
          "name": "nSigF",
          "value": 8661.513087943556
        },
        {
          "error": 0.008690214517380418,
          "isConstant": false,
          "max": 1.50000022116949,
          "min": 0.4000000589785307,
          "name": "sigmaF",
          "value": 0.4000001983053503
        }
      ],
      "floatParsInit": [
        {
          "error": 0.0,
          "isConstant": false,
          "max": 5.0,
          "min": -5.0,
          "name": "meanF",
          "value": -0.0
        },
        {
          "error": 0.0,
          "isConstant": false,
          "max": 13072.3058,
          "min": 0.5,
          "name": "nSigF",
          "value": 7843.38348
        },
        {
          "error": 0.0,
          "isConstant": false,
          "max": 1.50000022116949,
          "min": 0.4000000589785307,
          "name": "sigmaF",
          "value": 0.5000000737231634
        }
      ],
      "minNll": -39842.918628921834,
      "numInvalidNLL": 0,
      "status": 160
    },
    "fail_quality": "check",
    "pass": {
      "covQual": -1,
      "edm": 0.030099566100577846,
      "floatParsFinal": [
        {
          "error": 0.009102853547707568,
          "isConstant": false,
          "max": 5.0,
          "min": -5.0,
          "name": "meanP",
          "value": -0.0026854048193616364
        },
        {
          "error": 301.740517223996,
          "isConstant": false,
          "max": 220071.283026,
          "min": 0.5,
          "name": "nSigP",
          "value": 145870.53701336382
        },
        {
          "error": 0.003310940203419044,
          "isConstant": false,
          "max": 5.0,
          "min": 0.5,
          "name": "sigmaP",
          "value": 0.5000000737231634
        }
      ],
      "floatParsInit": [
        {
          "error": 0.0,
          "isConstant": false,
          "max": 5.0,
          "min": -5.0,
          "name": "meanP",
          "value": -0.0
        },
        {
          "error": 0.0,
          "isConstant": false,
          "max": 220071.283026,
          "min": 0.5,
          "name": "nSigP",
          "value": 132042.769815
        },
        {
          "error": 0.0,
          "isConstant": false,
          "max": 5.0,
          "min": 0.5,
          "name": "sigmaP",
          "value": 0.9
        }
      ],
      "minNll": -1130273.8636958112,
      "numInvalidNLL": 0,
      "status": 160
    },
    "pass_quality": "check",
    "root_read_error": null
  },
  "fit_type": "nominalFit",
  "histograms": {
    "fail": {
      "entries": 7657.0,
      "fit_window": {
        "bin1": 11,
        "bin2": 70,
        "max": 120.0,
        "min": 60.0
      },
      "integral_fit_window": 8662.240409460937,
      "integral_fit_window_error": 118.1663962653007,
      "integral_full": 8714.870533120646,
      "integral_full_error": 118.50655771358431,
      "maximum_bin_center": 89.5,
      "maximum_bin_content": 629.8474289628581,
      "mean": 87.28637585308954,
      "rms": 9.033693120705664
    },
    "pass": {
      "entries": 129601.0,
      "fit_window": {
        "bin1": 11,
        "bin2": 70,
        "max": 120.0,
        "min": 60.0
      },
      "integral_fit_window": 145873.42611434558,
      "integral_fit_window_error": 483.4294565085759,
      "integral_full": 146714.18868375063,
      "integral_full_error": 484.7799585380479,
      "maximum_bin_center": 90.5,
      "maximum_bin_content": 14553.63706640839,
      "mean": 89.30743380781801,
      "rms": 7.0061815943978285
    }
  },
  "sample": {
    "fitOutputBinRoot": "/eos/home-p/pelai/HZa/root_TnP//hza_elid_nongap_2024_sf//DY_MC_LO_2024_hza_elid_nongap_2024_sf.nominalFit-bin16_el_sc_eta_m2p50Tom2p00_el_et_20p00To35p00.root",
    "fitOutputRoot": "/eos/home-p/pelai/HZa/root_TnP//hza_elid_nongap_2024_sf//DY_MC_LO_2024_hza_elid_nongap_2024_sf.nominalFit.root",
    "histFile": "/eos/home-p/pelai/HZa/root_TnP//hza_elid_nongap_2024_sf//DY_MC_LO_2024_hza_elid_nongap_2024_sf.root",
    "isMC": true,
    "mcRefHistFile": "/eos/home-p/pelai/HZa/root_TnP//hza_elid_nongap_2024_sf//DY_MC_LO_2024_hza_elid_nongap_2024_sf.root",
    "mcTruth": true,
    "name": "DY_MC_LO_2024"
  },
  "workspace": {
    "effective_parsed": [
      {
        "max": 5.0,
        "min": -5.0,
        "name": "meanP",
        "raw": "meanP[-0.0,-5.0,5.0]",
        "tokens": [
          "-0.0",
          "-5.0",
          "5.0"
        ],
        "value": -0.0
      },
      {
        "max": 5.0,
        "min": 0.5,
        "name": "sigmaP",
        "raw": "sigmaP[0.9,0.5,5.0]",
        "tokens": [
          "0.9",
          "0.5",
          "5.0"
        ],
        "value": 0.9
      },
      {
        "max": 5.0,
        "min": -5.0,
        "name": "meanF",
        "raw": "meanF[-0.0,-5.0,5.0]",
        "tokens": [
          "-0.0",
          "-5.0",
          "5.0"
        ],
        "value": -0.0
      },
      {
        "max": 5.0,
        "min": 0.5,
        "name": "sigmaF",
        "raw": "sigmaF[0.9,0.5,5.0]",
        "tokens": [
          "0.9",
          "0.5",
          "5.0"
        ],
        "value": 0.9
      },
      {
        "max": 80.0,
        "min": 50.0,
        "name": "acmsP",
        "raw": "acmsP[60.,50.,80.]",
        "tokens": [
          "60.",
          "50.",
          "80."
        ],
        "value": 60.0
      },
      {
        "max": 0.08,
        "min": 0.01,
        "name": "betaP",
        "raw": "betaP[0.05,0.01,0.08]",
        "tokens": [
          "0.05",
          "0.01",
          "0.08"
        ],
        "value": 0.05
      },
      {
        "max": 2.0,
        "min": -2.0,
        "name": "gammaP",
        "raw": "gammaP[0.1, -2, 2]",
        "tokens": [
          "0.1",
          "-2",
          "2"
        ],
        "value": 0.1
      },
      {
        "max": 90.0,
        "min": 82.0,
        "name": "peakP",
        "raw": "peakP[87.0,82.0,90.0]",
        "tokens": [
          "87.0",
          "82.0",
          "90.0"
        ],
        "value": 87.0
      },
      {
        "max": 80.0,
        "min": 50.0,
        "name": "acmsF",
        "raw": "acmsF[60.,50.,80.]",