{
  "bin": {
    "cut": "tag_Ele_pt > 40 && abs(tag_sc_eta) < 2.17 && (tag_Ele_q + el_q) == 0 && el_sc_eta >= -0.800000 && el_sc_eta < 0.000000 && el_et >= 35.000000 && el_et < 50.000000",
    "index": 19,
    "name": "bin19_el_sc_eta_m0p80To0p00_el_et_35p00To50p00",
    "title": "; -0.800 < el_sc_eta < 0.000; 35.000 < el_et < 50.000",
    "vars": {
      "el_et": {
        "max": 50,
        "min": 35
      },
      "el_sc_eta": {
        "max": 0.0,
        "min": -0.8
      }
    }
  },
  "created_at_utc": "2026-04-22T18:09:51.770461+00:00",
  "derived": {
    "efficiency": 0.9852650384840058,
    "efficiency_error": 6.861546051438667e-05,
    "nSigF": {
      "error": 134.3801390612025,
      "isConstant": false,
      "max": 43146.129698,
      "min": 0.5,
      "name": "nSigF",
      "value": 28642.565267622467
    },
    "nSigP": {
      "error": 1094.246725146193,
      "isConstant": false,
      "max": 2879796.892733,
      "min": 0.5,
      "name": "nSigP",
      "value": 1915208.1354303113
    }
  },
  "fit_metadata": {
    "bin_index": 19,
    "fail_hist_uses_pass_hist": false,
    "fit_range": {
      "max": 120.0,
      "min": 60.0
    },
    "truth_fail_template_uses_pass_hist": false,
    "truth_template_source": "/eos/home-p/pelai/HZa/root_TnP//hza_elid_nongap_2024_sf//DY_MC_LO_2024_hza_elid_nongap_2024_sf.root"
  },
  "fit_result": {
    "fail": {
      "covQual": -1,
      "edm": 0.16044979012188143,
      "floatParsFinal": [
        {
          "error": 0.016013755711081767,
          "isConstant": false,
          "max": 5.0,
          "min": -5.0,
          "name": "meanF",
          "value": 0.0028598017875829385
        },
        {
          "error": 134.3801390612025,
          "isConstant": false,
          "max": 43146.129698,
          "min": 0.5,
          "name": "nSigF",
          "value": 28642.565267622467
        },
        {
          "error": 0.004291763319113795,
          "isConstant": false,
          "max": 1.5000000169072405,
          "min": 0.4000000045085975,
          "name": "sigmaF",
          "value": 0.4000000114225755
        }
      ],
      "floatParsInit": [
        {
          "error": 0.0,
          "isConstant": false,
          "max": 5.0,
          "min": -5.0,
          "name": "meanF",
          "value": -0.0
        },
        {
          "error": 0.0,
          "isConstant": false,
          "max": 43146.129698,
          "min": 0.5,
          "name": "nSigF",
          "value": 25887.677819
        },
        {
          "error": 0.0,
          "isConstant": false,
          "max": 1.5000000169072405,
          "min": 0.4000000045085975,
          "name": "sigmaF",
          "value": 0.5000000056357469
        }
      ],
      "minNll": -182298.10653054272,
      "numInvalidNLL": 0,
      "status": 160
    },
    "fail_quality": "check",
    "pass": {
      "covQual": -1,
      "edm": 0.1684738481090612,
      "floatParsFinal": [
        {
          "error": 0.0015995393191978735,
          "isConstant": false,
          "max": 5.0,
          "min": -5.0,
          "name": "meanP",
          "value": 0.003663888536912019
        },
        {
          "error": 1094.246725146193,
          "isConstant": false,
          "max": 2879796.892733,
          "min": 0.5,
          "name": "nSigP",
          "value": 1915208.1354303113
        },
        {
          "error": 6.306791032828496e-05,
          "isConstant": false,
          "max": 5.0,
          "min": 0.5,
          "name": "sigmaP",
          "value": 0.5000000056357469
        }
      ],
      "floatParsInit": [
        {
          "error": 0.0,
          "isConstant": false,
          "max": 5.0,
          "min": -5.0,
          "name": "meanP",
          "value": -0.0
        },
        {
          "error": 0.0,
          "isConstant": false,
          "max": 2879796.892733,
          "min": 0.5,
          "name": "nSigP",
          "value": 1727878.13564
        },
        {
          "error": 0.0,
          "isConstant": false,
          "max": 5.0,
          "min": 0.5,
          "name": "sigmaP",
          "value": 0.9
        }
      ],
      "minNll": -20700142.277588967,
      "numInvalidNLL": 0,
      "status": 160
    },
    "pass_quality": "check",
    "root_read_error": null
  },
  "fit_type": "nominalFit",
  "histograms": {
    "fail": {
      "entries": 25647.0,
      "fit_window": {
        "bin1": 11,
        "bin2": 70,
        "max": 120.0,
        "min": 60.0
      },
      "integral_fit_window": 28642.84119055554,
      "integral_fit_window_error": 213.14778264467057,
      "integral_full": 28764.08646507796,
      "integral_full_error": 213.59103886366552,
      "maximum_bin_center": 90.5,
      "maximum_bin_content": 3864.5968957585865,
      "mean": 90.87300247539847,
      "rms": 5.540329258255289
    },
    "pass": {
      "entries": 1700124.0,
      "fit_window": {
        "bin1": 11,
        "bin2": 70,
        "max": 120.0,
        "min": 60.0
      },
      "integral_fit_window": 1915198.1515987297,
      "integral_fit_window_error": 1750.2551678705634,
      "integral_full": 1919864.5951554256,
      "integral_full_error": 1752.3535007221212,
      "maximum_bin_center": 90.5,
      "maximum_bin_content": 313362.69817063527,
      "mean": 91.18681744168242,
      "rms": 4.476565885475538
    }
  },
  "sample": {
    "fitOutputBinRoot": "/eos/home-p/pelai/HZa/root_TnP//hza_elid_nongap_2024_sf//DY_MC_LO_2024_hza_elid_nongap_2024_sf.nominalFit-bin19_el_sc_eta_m0p80To0p00_el_et_35p00To50p00.root",
    "fitOutputRoot": "/eos/home-p/pelai/HZa/root_TnP//hza_elid_nongap_2024_sf//DY_MC_LO_2024_hza_elid_nongap_2024_sf.nominalFit.root",
    "histFile": "/eos/home-p/pelai/HZa/root_TnP//hza_elid_nongap_2024_sf//DY_MC_LO_2024_hza_elid_nongap_2024_sf.root",
    "isMC": true,
    "mcRefHistFile": "/eos/home-p/pelai/HZa/root_TnP//hza_elid_nongap_2024_sf//DY_MC_LO_2024_hza_elid_nongap_2024_sf.root",
    "mcTruth": true,
    "name": "DY_MC_LO_2024"
  },
  "workspace": {
    "effective_parsed": [
      {
        "max": 5.0,
        "min": -5.0,
        "name": "meanP",
        "raw": "meanP[-0.0,-5.0,5.0]",
        "tokens": [
          "-0.0",
          "-5.0",
          "5.0"
        ],
        "value": -0.0
      },
      {
        "max": 5.0,
        "min": 0.5,
        "name": "sigmaP",
        "raw": "sigmaP[0.9,0.5,5.0]",
        "tokens": [
          "0.9",
          "0.5",
          "5.0"
        ],
        "value": 0.9
      },
      {
        "max": 5.0,
        "min": -5.0,
        "name": "meanF",
        "raw": "meanF[-0.0,-5.0,5.0]",
        "tokens": [
          "-0.0",
          "-5.0",
          "5.0"
        ],
        "value": -0.0
      },
      {
        "max": 5.0,
        "min": 0.5,
        "name": "sigmaF",
        "raw": "sigmaF[0.9,0.5,5.0]",
        "tokens": [
          "0.9",
          "0.5",
          "5.0"
        ],
        "value": 0.9
      },
      {
        "max": 90.0,
        "min": 45.0,
        "name": "acmsP",
        "raw": "acmsP[65.,45.,90.]",
        "tokens": [
          "65.",
          "45.",
          "90."
        ],
        "value": 65.0
      },
      {
        "max": 0.1,
        "min": 0.005,
        "name": "betaP",
        "raw": "betaP[0.05,0.005,0.10]",
        "tokens": [
          "0.05",
          "0.005",
          "0.10"
        ],
        "value": 0.05
      },
      {
        "max": 2.0,
        "min": -2.0,
        "name": "gammaP",
        "raw": "gammaP[0.1, -2, 2]",
        "tokens": [
          "0.1",
          "-2",
          "2"
        ],
        "value": 0.1
      },
      {
        "max": 90.0,
        "min": 82.0,
        "name": "peakP",
        "raw": "peakP[87.0,82.0,90.0]",
        "tokens": [
          "87.0",
          "82.0",
          "90.0"
        ],
        "value": 87.0
      },
      {
        "max": 90.0,
        "min": 45.0,
        "name": "acmsF",
        "raw": "acmsF[65.,45.,90.]",