{
  "bin": {
    "cut": "tag_Ele_pt > 40 && abs(tag_sc_eta) < 2.17 && (tag_Ele_q + el_q) == 0 && el_sc_eta >= 1.566000 && el_sc_eta < 2.000000 && el_et >= 20.000000 && el_et < 35.000000",
    "index": 14,
    "name": "bin14_el_sc_eta_1p57To2p00_el_et_20p00To35p00",
    "title": "; 1.566 < el_sc_eta < 2.000; 20.000 < el_et < 35.000",
    "vars": {
      "el_et": {
        "max": 35,
        "min": 20
      },
      "el_sc_eta": {
        "max": 2.0,
        "min": 1.566
      }
    }
  },
  "created_at_utc": "2026-04-22T06:46:28.581692+00:00",
  "derived": {
    "efficiency": 0.9539785792357567,
    "efficiency_error": 0.0003723475288705885,
    "nSigF": {
      "error": 75.35063544041077,
      "isConstant": false,
      "max": 13810.478196,
      "min": 0.5,
      "name": "nSigF",
      "value": 9096.945434914745
    },
    "nSigP": {
      "error": 343.5419434992218,
      "isConstant": false,
      "max": 284556.468806,
      "min": 0.5,
      "name": "nSigP",
      "value": 188570.69028446497
    }
  },
  "fit_metadata": {
    "bin_index": 14,
    "fail_hist_uses_pass_hist": false,
    "fit_range": {
      "max": 120.0,
      "min": 60.0
    },
    "truth_fail_template_uses_pass_hist": false,
    "truth_template_source": "/eos/home-p/pelai/HZa/root_TnP//hza_elid_nongap_2024_sf//DY_MC_LO_2024_hza_elid_nongap_2024_sf.root"
  },
  "fit_result": {
    "fail": {
      "covQual": -1,
      "edm": 0.0038682635962318927,
      "floatParsFinal": [
        {
          "error": 0.04073105386103215,
          "isConstant": false,
          "max": 5.0,
          "min": -5.0,
          "name": "meanF",
          "value": -0.0007235698547463087
        },
        {
          "error": 75.35063544041077,
          "isConstant": false,
          "max": 13810.478196,
          "min": 0.5,
          "name": "nSigF",
          "value": 9096.945434914745
        },
        {
          "error": 0.0052522510776605025,
          "isConstant": false,
          "max": 1.5000050496266515,
          "min": 0.40000134656710706,
          "name": "sigmaF",
          "value": 0.40000143939553817
        }
      ],
      "floatParsInit": [
        {
          "error": 0.0,
          "isConstant": false,
          "max": 5.0,
          "min": -5.0,
          "name": "meanF",
          "value": -0.0
        },
        {
          "error": 0.0,
          "isConstant": false,
          "max": 13810.478196,
          "min": 0.5,
          "name": "nSigF",
          "value": 8286.286918
        },
        {
          "error": 0.0,
          "isConstant": false,
          "max": 1.5000050496266515,
          "min": 0.40000134656710706,
          "name": "sigmaF",
          "value": 0.5000016832088838
        }
      ],
      "minNll": -40972.69330572534,
      "numInvalidNLL": 0,
      "status": 160
    },
    "fail_quality": "check",
    "pass": {
      "covQual": -1,
      "edm": 0.0033391307367572113,
      "floatParsFinal": [
        {
          "error": 0.00865477064348008,
          "isConstant": false,
          "max": 5.0,
          "min": -5.0,
          "name": "meanP",
          "value": -0.006366514072414731
        },
        {
          "error": 343.5419434992218,
          "isConstant": false,
          "max": 284556.468806,
          "min": 0.5,
          "name": "nSigP",
          "value": 188570.69028446497
        },
        {
          "error": 0.0029519569407122637,
          "isConstant": false,
          "max": 5.0,
          "min": 0.5,
          "name": "sigmaP",
          "value": 0.5000016832088838
        }
      ],
      "floatParsInit": [
        {
          "error": 0.0,
          "isConstant": false,
          "max": 5.0,
          "min": -5.0,
          "name": "meanP",
          "value": -0.0
        },
        {
          "error": 0.0,
          "isConstant": false,
          "max": 284556.468806,
          "min": 0.5,
          "name": "nSigP",
          "value": 170733.881284
        },
        {
          "error": 0.0,
          "isConstant": false,
          "max": 5.0,
          "min": 0.5,
          "name": "sigmaP",
          "value": 0.9
        }
      ],
      "minNll": -1489002.4190805703,
      "numInvalidNLL": 0,
      "status": 160
    },
    "pass_quality": "check",
    "root_read_error": null
  },
  "fit_type": "nominalFit",
  "histograms": {
    "fail": {
      "entries": 8150.0,
      "fit_window": {
        "bin1": 11,
        "bin2": 70,
        "max": 120.0,
        "min": 60.0
      },
      "integral_fit_window": 9097.651767199612,
      "integral_fit_window_error": 120.73139647599521,
      "integral_full": 9206.985464043973,
      "integral_full_error": 121.44794790550608,
      "maximum_bin_center": 89.5,
      "maximum_bin_content": 529.3649429192898,
      "mean": 84.42127456856795,
      "rms": 10.191597645957213
    },
    "pass": {
      "entries": 167999.0,
      "fit_window": {
        "bin1": 11,
        "bin2": 70,
        "max": 120.0,
        "min": 60.0
      },
      "integral_fit_window": 188583.8589387079,
      "integral_fit_window_error": 548.8934089395069,
      "integral_full": 189704.3125376625,
      "integral_full_error": 550.5104006411043,
      "maximum_bin_center": 90.5,
      "maximum_bin_content": 17022.47848554746,
      "mean": 87.65191715341808,
      "rms": 7.625701951398758
    }
  },
  "sample": {
    "fitOutputBinRoot": "/eos/home-p/pelai/HZa/root_TnP//hza_elid_nongap_2024_sf//DY_MC_LO_2024_hza_elid_nongap_2024_sf.nominalFit-bin14_el_sc_eta_1p57To2p00_el_et_20p00To35p00.root",
    "fitOutputRoot": "/eos/home-p/pelai/HZa/root_TnP//hza_elid_nongap_2024_sf//DY_MC_LO_2024_hza_elid_nongap_2024_sf.nominalFit.root",
    "histFile": "/eos/home-p/pelai/HZa/root_TnP//hza_elid_nongap_2024_sf//DY_MC_LO_2024_hza_elid_nongap_2024_sf.root",
    "isMC": true,
    "mcRefHistFile": "/eos/home-p/pelai/HZa/root_TnP//hza_elid_nongap_2024_sf//DY_MC_LO_2024_hza_elid_nongap_2024_sf.root",
    "mcTruth": true,
    "name": "DY_MC_LO_2024"
  },
  "workspace": {
    "effective_parsed": [
      {
        "max": 5.0,
        "min": -5.0,
        "name": "meanP",
        "raw": "meanP[-0.0,-5.0,5.0]",
        "tokens": [
          "-0.0",
          "-5.0",
          "5.0"
        ],
        "value": -0.0
      },
      {
        "max": 5.0,
        "min": 0.5,
        "name": "sigmaP",
        "raw": "sigmaP[0.9,0.5,5.0]",
        "tokens": [
          "0.9",
          "0.5",
          "5.0"
        ],
        "value": 0.9
      },
      {
        "max": 5.0,
        "min": -5.0,
        "name": "meanF",
        "raw": "meanF[-0.0,-5.0,5.0]",
        "tokens": [
          "-0.0",
          "-5.0",
          "5.0"
        ],
        "value": -0.0
      },
      {
        "max": 5.0,
        "min": 0.5,
        "name": "sigmaF",
        "raw": "sigmaF[0.9,0.5,5.0]",
        "tokens": [
          "0.9",
          "0.5",
          "5.0"
        ],
        "value": 0.9
      },
      {
        "max": 90.0,
        "min": 45.0,
        "name": "acmsP",
        "raw": "acmsP[65.,45.,90.]",
        "tokens": [
          "65.",
          "45.",
          "90."
        ],
        "value": 65.0
      },
      {
        "max": 0.1,
        "min": 0.005,
        "name": "betaP",
        "raw": "betaP[0.05,0.005,0.10]",
        "tokens": [
          "0.05",
          "0.005",
          "0.10"
        ],
        "value": 0.05
      },
      {
        "max": 2.0,
        "min": -2.0,
        "name": "gammaP",
        "raw": "gammaP[0.1, -2, 2]",
        "tokens": [
          "0.1",
          "-2",
          "2"
        ],
        "value": 0.1
      },
      {
        "max": 90.0,
        "min": 82.0,
        "name": "peakP",
        "raw": "peakP[87.0,82.0,90.0]",
        "tokens": [
          "87.0",
          "82.0",
          "90.0"
        ],
        "value": 87.0
      },
      {
        "max": 90.0,
        "min": 45.0,
        "name": "acmsF",
        "raw": "acmsF[65.,45.,90.]",