{
  "bin": {
    "cut": "tag_Ele_pt > 40 && abs(tag_sc_eta) < 2.17 && (tag_Ele_q + el_q) == 0 && el_sc_eta >= 0.000000 && el_sc_eta < 0.800000 && el_et >= 15.000000 && el_et < 20.000000",
    "index": 12,
    "name": "bin12_el_sc_eta_0p00To0p80_el_et_15p00To20p00",
    "title": "; 0.000 < el_sc_eta < 0.800; 15.000 < el_et < 20.000",
    "vars": {
      "el_et": {
        "max": 20,
        "min": 15
      },
      "el_sc_eta": {
        "max": 0.8,
        "min": 0.0
      }
    }
  },
  "created_at_utc": "2026-04-19T15:00:26.396639+00:00",
  "derived": {
    "efficiency": 0.8690808955281947,
    "efficiency_error": 0.0011027154863415811,
    "nSigF": {
      "error": 69.37084377422707,
      "isConstant": false,
      "max": 12850.250286,
      "min": 0.5,
      "name": "nSigF",
      "value": 7678.805372647286
    },
    "nSigP": {
      "error": 178.88113104085642,
      "isConstant": false,
      "max": 82975.49165,
      "min": 0.5,
      "name": "nSigP",
      "value": 50974.249150048345
    }
  },
  "fit_metadata": {
    "bin_index": 12,
    "fail_hist_uses_pass_hist": false,
    "fit_range": {
      "max": 120.0,
      "min": 60.0
    },
    "truth_fail_template_uses_pass_hist": false,
    "truth_template_source": "/eos/home-p/pelai/HZa/root_TnP//hza_elid_nongap_2024_sf//DY_MC_LO_2024_hza_elid_nongap_2024_sf.root"
  },
  "fit_result": {
    "fail": {
      "covQual": -1,
      "edm": 0.018704056136016715,
      "floatParsFinal": [
        {
          "error": 0.03458567830631809,
          "isConstant": false,
          "max": 5.0,
          "min": -5.0,
          "name": "meanF",
          "value": -0.002060670353122518
        },
        {
          "error": 69.37084377422707,
          "isConstant": false,
          "max": 12850.250286,
          "min": 0.5,
          "name": "nSigF",
          "value": 7678.805372647286
        },
        {
          "error": 0.00464358720768171,
          "isConstant": false,
          "max": 1.5000011203990855,
          "min": 0.4000002987730895,
          "name": "sigmaF",
          "value": 0.4000003889685157
        }
      ],
      "floatParsInit": [
        {
          "error": 0.0,
          "isConstant": false,
          "max": 5.0,
          "min": -5.0,
          "name": "meanF",
          "value": -0.0
        },
        {
          "error": 0.0,
          "isConstant": false,
          "max": 12850.250286,
          "min": 0.5,
          "name": "nSigF",
          "value": 7710.150171
        },
        {
          "error": 0.0,
          "isConstant": false,
          "max": 1.5000011203990855,
          "min": 0.4000002987730895,
          "name": "sigmaF",
          "value": 0.5000003734663618
        }
      ],
      "minNll": -34310.19571365374,
      "numInvalidNLL": 0,
      "status": 160
    },
    "fail_quality": "check",
    "pass": {
      "covQual": -1,
      "edm": 0.37582470989776523,
      "floatParsFinal": [
        {
          "error": 0.0133313334069598,
          "isConstant": false,
          "max": 5.0,
          "min": -5.0,
          "name": "meanP",
          "value": -0.008592237248131518
        },
        {
          "error": 178.88113104085642,
          "isConstant": false,
          "max": 82975.49165,
          "min": 0.5,
          "name": "nSigP",
          "value": 50974.249150048345
        },
        {
          "error": 0.002770975738148662,
          "isConstant": false,
          "max": 5.0,
          "min": 0.5,
          "name": "sigmaP",
          "value": 0.5000003734663618
        }
      ],
      "floatParsInit": [
        {
          "error": 0.0,
          "isConstant": false,
          "max": 5.0,
          "min": -5.0,
          "name": "meanP",
          "value": -0.0
        },
        {
          "error": 0.0,
          "isConstant": false,
          "max": 82975.49165,
          "min": 0.5,
          "name": "nSigP",
          "value": 49785.29499
        },
        {
          "error": 0.0,
          "isConstant": false,
          "max": 5.0,
          "min": 0.5,
          "name": "sigmaP",
          "value": 0.9
        }
      ],
      "minNll": -336262.7916342594,
      "numInvalidNLL": 0,
      "status": 160
    },
    "pass_quality": "check",
    "root_read_error": null
  },
  "fit_type": "nominalFit",
  "histograms": {
    "fail": {
      "entries": 7610.0,
      "fit_window": {
        "bin1": 11,
        "bin2": 70,
        "max": 120.0,
        "min": 60.0
      },
      "integral_fit_window": 7679.177065908288,
      "integral_fit_window_error": 110.69717350789428,
      "integral_full": 8566.833523744333,
      "integral_full_error": 116.91926307995698,
      "maximum_bin_center": 90.5,
      "maximum_bin_content": 644.2378636423527,
      "mean": 81.27685785801636,
      "rms": 12.907220975326434
    },
    "pass": {
      "entries": 49090.0,
      "fit_window": {
        "bin1": 11,
        "bin2": 70,
        "max": 120.0,
        "min": 60.0
      },
      "integral_fit_window": 50973.27254490509,
      "integral_fit_window_error": 284.9646702395834,
      "integral_full": 55316.99443341955,
      "integral_full_error": 296.9059176814906,
      "maximum_bin_center": 90.5,
      "maximum_bin_content": 5626.437162983356,
      "mean": 84.03893727301916,
      "rms": 11.82759059224442
    }
  },
  "sample": {
    "fitOutputBinRoot": "/eos/home-p/pelai/HZa/root_TnP//hza_elid_nongap_2024_sf//DY_MC_LO_2024_hza_elid_nongap_2024_sf.nominalFit-bin12_el_sc_eta_0p00To0p80_el_et_15p00To20p00.root",
    "fitOutputRoot": "/eos/home-p/pelai/HZa/root_TnP//hza_elid_nongap_2024_sf//DY_MC_LO_2024_hza_elid_nongap_2024_sf.nominalFit.root",
    "histFile": "/eos/home-p/pelai/HZa/root_TnP//hza_elid_nongap_2024_sf//DY_MC_LO_2024_hza_elid_nongap_2024_sf.root",
    "isMC": true,
    "mcRefHistFile": "/eos/home-p/pelai/HZa/root_TnP//hza_elid_nongap_2024_sf//DY_MC_LO_2024_hza_elid_nongap_2024_sf.root",
    "mcTruth": true,
    "name": "DY_MC_LO_2024"
  },
  "workspace": {
    "effective_parsed": [
      {
        "max": 5.0,
        "min": -5.0,
        "name": "meanP",
        "raw": "meanP[-0.0,-5.0,5.0]",
        "tokens": [
          "-0.0",
          "-5.0",
          "5.0"
        ],
        "value": -0.0
      },
      {
        "max": 5.0,
        "min": 0.5,
        "name": "sigmaP",
        "raw": "sigmaP[0.9,0.5,5.0]",
        "tokens": [
          "0.9",
          "0.5",
          "5.0"
        ],
        "value": 0.9
      },
      {
        "max": 5.0,
        "min": -5.0,
        "name": "meanF",
        "raw": "meanF[-0.0,-5.0,5.0]",
        "tokens": [
          "-0.0",
          "-5.0",
          "5.0"
        ],
        "value": -0.0
      },
      {
        "max": 5.0,
        "min": 0.5,
        "name": "sigmaF",
        "raw": "sigmaF[0.9,0.5,5.0]",
        "tokens": [
          "0.9",
          "0.5",
          "5.0"
        ],
        "value": 0.9
      },
      {
        "max": 80.0,
        "min": 50.0,
        "name": "acmsP",
        "raw": "acmsP[60.,50.,80.]",
        "tokens": [
          "60.",
          "50.",
          "80."
        ],
        "value": 60.0
      },
      {
        "max": 0.08,
        "min": 0.01,
        "name": "betaP",
        "raw": "betaP[0.05,0.01,0.08]",
        "tokens": [
          "0.05",
          "0.01",
          "0.08"
        ],
        "value": 0.05
      },
      {
        "max": 2.0,
        "min": -2.0,
        "name": "gammaP",
        "raw": "gammaP[0.1, -2, 2]",
        "tokens": [
          "0.1",
          "-2",
          "2"
        ],
        "value": 0.1
      },
      {
        "max": 90.0,
        "min": 82.0,
        "name": "peakP",
        "raw": "peakP[87.0,82.0,90.0]",
        "tokens": [
          "87.0",
          "82.0",
          "90.0"
        ],
        "value": 87.0
      },
      {
        "max": 80.0,
        "min": 50.0,
        "name": "acmsF",
        "raw": "acmsF[60.,50.,80.]",