{
  "bin": {
    "cut": "tag_Ele_pt > 40 && abs(tag_sc_eta) < 2.17 && (tag_Ele_q + el_q) == 0 && el_sc_eta >= 0.800000 && el_sc_eta < 1.566000 && el_et >= 20.000000 && el_et < 35.000000",
    "index": 13,
    "name": "bin13_el_sc_eta_0p80To1p57_el_et_20p00To35p00",
    "title": "; 0.800 < el_sc_eta < 1.566; 20.000 < el_et < 35.000",
    "vars": {
      "el_et": {
        "max": 35,
        "min": 20
      },
      "el_sc_eta": {
        "max": 1.566,
        "min": 0.8
      }
    }
  },
  "created_at_utc": "2026-04-22T17:23:12.134433+00:00",
  "derived": {
    "efficiency": 0.941759009643821,
    "efficiency_error": 0.00027166802844065855,
    "nSigF": {
      "error": 129.7385283796193,
      "isConstant": false,
      "max": 40833.988753,
      "min": 0.5,
      "name": "nSigF",
      "value": 26993.863661580966
    },
    "nSigP": {
      "error": 522.445835744933,
      "isConstant": false,
      "max": 658402.711265,
      "min": 0.5,
      "name": "nSigP",
      "value": 436491.79302964447
    }
  },
  "fit_metadata": {
    "bin_index": 13,
    "fail_hist_uses_pass_hist": false,
    "fit_range": {
      "max": 120.0,
      "min": 60.0
    },
    "truth_fail_template_uses_pass_hist": false,
    "truth_template_source": "/eos/home-p/pelai/HZa/root_TnP//hza_elid_nongap_2024_sf//DY_MC_LO_2024_hza_elid_nongap_2024_sf.root"
  },
  "fit_result": {
    "fail": {
      "covQual": -1,
      "edm": 0.17876034867206328,
      "floatParsFinal": [
        {
          "error": 0.027888803915595783,
          "isConstant": false,
          "max": 1.0,
          "min": -5.0,
          "name": "meanF",
          "value": -0.0062313140640757325
        },
        {
          "error": 129.7385283796193,
          "isConstant": false,
          "max": 40833.988753,
          "min": 0.5,
          "name": "nSigF",
          "value": 26993.863661580966
        },
        {
          "error": 0.007432053880311984,
          "isConstant": false,
          "max": 1.5000000054624938,
          "min": 0.40000000145666503,
          "name": "sigmaF",
          "value": 0.40000000858488116
        }
      ],
      "floatParsInit": [
        {
          "error": 0.0,
          "isConstant": false,
          "max": 1.0,
          "min": -5.0,
          "name": "meanF",
          "value": -2.0
        },
        {
          "error": 0.0,
          "isConstant": false,
          "max": 40833.988753,
          "min": 0.5,
          "name": "nSigF",
          "value": 24500.393252
        },
        {
          "error": 0.0,
          "isConstant": false,
          "max": 1.5000000054624938,
          "min": 0.40000000145666503,
          "name": "sigmaF",
          "value": 0.8
        }
      ],
      "minNll": -152764.60614818148,
      "numInvalidNLL": 0,
      "status": 160
    },
    "fail_quality": "check",
    "pass": {
      "covQual": -1,
      "edm": 0.24145046029302322,
      "floatParsFinal": [
        {
          "error": 0.005304809650348297,
          "isConstant": false,
          "max": 5.0,
          "min": -5.0,
          "name": "meanP",
          "value": -0.008585073286353051
        },
        {
          "error": 522.445835744933,
          "isConstant": false,
          "max": 658402.711265,
          "min": 0.5,
          "name": "nSigP",
          "value": 436491.79302964447
        },
        {
          "error": 0.00123322920094332,
          "isConstant": false,
          "max": 5.0,
          "min": 0.5,
          "name": "sigmaP",
          "value": 0.5000000018208313
        }
      ],
      "floatParsInit": [
        {
          "error": 0.0,
          "isConstant": false,
          "max": 5.0,
          "min": -5.0,
          "name": "meanP",
          "value": -0.0
        },
        {
          "error": 0.0,
          "isConstant": false,
          "max": 658402.711265,
          "min": 0.5,
          "name": "nSigP",
          "value": 395041.626759
        },
        {
          "error": 0.0,
          "isConstant": false,
          "max": 5.0,
          "min": 0.5,
          "name": "sigmaP",
          "value": 0.9
        }
      ],
      "minNll": -3827116.2695335383,
      "numInvalidNLL": 0,
      "status": 160
    },
    "pass_quality": "check",
    "root_read_error": null
  },
  "fit_type": "nominalFit",
  "histograms": {
    "fail": {
      "entries": 24040.0,
      "fit_window": {
        "bin1": 11,
        "bin2": 70,
        "max": 120.0,
        "min": 60.0
      },
      "integral_fit_window": 26994.188603856182,
      "integral_fit_window_error": 208.06618136954972,
      "integral_full": 27222.659168390102,
      "integral_full_error": 208.97977584657258,
      "maximum_bin_center": 89.5,
      "maximum_bin_content": 1724.165459703241,
      "mean": 84.35512885634287,
      "rms": 9.473463390575342
    },
    "pass": {
      "entries": 389016.0,
      "fit_window": {
        "bin1": 11,
        "bin2": 70,
        "max": 120.0,
        "min": 60.0
      },
      "integral_fit_window": 436493.07540632144,
      "integral_fit_window_error": 835.4769340692,
      "integral_full": 438935.14084312523,
      "integral_full_error": 837.8026662067084,
      "maximum_bin_center": 90.5,
      "maximum_bin_content": 43126.48915713103,
      "mean": 87.35025552074283,
      "rms": 7.459886920201022
    }
  },
  "sample": {
    "fitOutputBinRoot": "/eos/home-p/pelai/HZa/root_TnP//hza_elid_nongap_2024_sf//DY_MC_LO_2024_hza_elid_nongap_2024_sf.nominalFit-bin13_el_sc_eta_0p80To1p57_el_et_20p00To35p00.root",
    "fitOutputRoot": "/eos/home-p/pelai/HZa/root_TnP//hza_elid_nongap_2024_sf//DY_MC_LO_2024_hza_elid_nongap_2024_sf.nominalFit.root",
    "histFile": "/eos/home-p/pelai/HZa/root_TnP//hza_elid_nongap_2024_sf//DY_MC_LO_2024_hza_elid_nongap_2024_sf.root",
    "isMC": true,
    "mcRefHistFile": "/eos/home-p/pelai/HZa/root_TnP//hza_elid_nongap_2024_sf//DY_MC_LO_2024_hza_elid_nongap_2024_sf.root",
    "mcTruth": true,
    "name": "DY_MC_LO_2024"
  },
  "workspace": {
    "effective_parsed": [
      {
        "max": 5.0,
        "min": -5.0,
        "name": "meanP",
        "raw": "meanP[-0.0,-5.0,5.0]",
        "tokens": [
          "-0.0",
          "-5.0",
          "5.0"
        ],
        "value": -0.0
      },
      {
        "max": 5.0,
        "min": 0.5,
        "name": "sigmaP",
        "raw": "sigmaP[0.9,0.5,5.0]",
        "tokens": [
          "0.9",
          "0.5",
          "5.0"
        ],
        "value": 0.9
      },
      {
        "max": 90.0,
        "min": 45.0,
        "name": "acmsP",
        "raw": "acmsP[65.,45.,90.]",
        "tokens": [
          "65.",
          "45.",
          "90."
        ],
        "value": 65.0
      },
      {
        "max": 0.1,
        "min": 0.005,
        "name": "betaP",
        "raw": "betaP[0.05,0.005,0.10]",
        "tokens": [
          "0.05",
          "0.005",
          "0.10"
        ],
        "value": 0.05
      },
      {
        "max": 2.0,
        "min": -2.0,
        "name": "gammaP",
        "raw": "gammaP[0.1, -2, 2]",
        "tokens": [
          "0.1",
          "-2",
          "2"
        ],
        "value": 0.1
      },
      {
        "max": 90.0,
        "min": 82.0,
        "name": "peakP",
        "raw": "peakP[87.0,82.0,90.0]",
        "tokens": [
          "87.0",
          "82.0",
          "90.0"
        ],
        "value": 87.0
      },
      {
        "max": 90.0,
        "min": 82.0,
        "name": "peakF",
        "raw": "peakF[87.0,82.0,90.0]",
        "tokens": [
          "87.0",
          "82.0",
          "90.0"
        ],
        "value": 87.0
      },
      {
        "max": 1.0,
        "min": -5.0,
        "name": "meanF",
        "raw": "meanF[-2.0,-5.0,1.0]",
        "tokens": [
          "-2.0",
          "-5.0",
          "1.0"
        ],
        "value": -2.0
      },
      {
        "max": 3.6,
        "min": 0.8,
        "name": "sigmaF",
        "raw": "sigmaF[2.4,0.8,3.6]",