{
  "bin": {
    "cut": "tag_Ele_pt > 40 && abs(tag_sc_eta) < 2.17 && (tag_Ele_q + el_q) == 0 && el_sc_eta >= 2.000000 && el_sc_eta < 2.500000 && el_et >= 20.000000 && el_et < 35.000000",
    "index": 15,
    "name": "bin15_el_sc_eta_2p00To2p50_el_et_20p00To35p00",
    "title": "; 2.000 < el_sc_eta < 2.500; 20.000 < el_et < 35.000",
    "vars": {
      "el_et": {
        "max": 35,
        "min": 20
      },
      "el_sc_eta": {
        "max": 2.5,
        "min": 2.0
      }
    }
  },
  "created_at_utc": "2026-07-10T17:48:48.339573+00:00",
  "derived": {
    "efficiency": 0.9374585131154217,
    "efficiency_error": 1.4108399696316572e-06,
    "nSigF": {
      "error": 78.0728735551238,
      "isConstant": false,
      "max": 173813024.559814,
      "min": 0.5,
      "name": "nSigF",
      "value": 115160912.98186837
    },
    "nSigP": {
      "error": 41521.59464120865,
      "isConstant": false,
      "max": 2603132751.977417,
      "min": 0.5,
      "name": "nSigP",
      "value": 1726191423.1786132
    }
  },
  "fit_metadata": {
    "bin_index": 15,
    "fail_hist_uses_pass_hist": false,
    "fit_range": {
      "max": 120.0,
      "min": 60.0
    },
    "truth_fail_template_uses_pass_hist": false,
    "truth_template_source": "/eos/cms/store/group/phys_susy/NPS-25-014/root_TnP_local//hza_elid_nongap_2024_sf//DY_MC_LO_2024_hza_elid_nongap_2024_sf.root"
  },
  "fit_result": {
    "fail": {
      "covQual": -1,
      "edm": 449568858.62311023,
      "floatParsFinal": [
        {
          "error": 3.3472072051843327e-06,
          "isConstant": false,
          "max": 2.0,
          "min": -5.0,
          "name": "meanF",
          "value": -0.006906485799800244
        },
        {
          "error": 78.0728735551238,
          "isConstant": false,
          "max": 173813024.559814,
          "min": 0.5,
          "name": "nSigF",
          "value": 115160912.98186837
        },
        {
          "error": 2.842741042563546e-10,
          "isConstant": false,
          "max": 5.0,
          "min": 0.8,
          "name": "sigmaF",
          "value": 0.8000000008492323
        }
      ],
      "floatParsInit": [
        {
          "error": 0.0,
          "isConstant": false,
          "max": 2.0,
          "min": -5.0,
          "name": "meanF",
          "value": -1.6
        },
        {
          "error": 0.0,
          "isConstant": false,
          "max": 173813024.559814,
          "min": 0.5,
          "name": "nSigF",
          "value": 104287814.735889
        },
        {
          "error": 0.0,
          "isConstant": false,
          "max": 5.0,
          "min": 0.8,
          "name": "sigmaF",
          "value": 2.8
        }
      ],
      "minNll": -1625792315.897758,
      "numInvalidNLL": 0,
      "status": -1
    },
    "fail_quality": "check",
    "pass": {
      "covQual": -1,
      "edm": 1.9917175722478526e-05,
      "floatParsFinal": [
        {
          "error": 0.00010573978927075345,
          "isConstant": false,
          "max": 5.0,
          "min": -5.0,
          "name": "meanP",
          "value": -0.0015362907268459125
        },
        {
          "error": 41521.59464120865,
          "isConstant": false,
          "max": 2603132751.977417,
          "min": 0.5,
          "name": "nSigP",
          "value": 1726191423.1786132
        },
        {
          "error": 4.7233612554542503e-07,
          "isConstant": false,
          "max": 3.5,
          "min": 0.5,
          "name": "sigmaP",
          "value": 0.5000000000000251
        }
      ],
      "floatParsInit": [
        {
          "error": 0.0,
          "isConstant": false,
          "max": 5.0,
          "min": -5.0,
          "name": "meanP",
          "value": -0.2
        },
        {
          "error": 0.0,
          "isConstant": false,
          "max": 2603132751.977417,
          "min": 0.5,
          "name": "nSigP",
          "value": 1561879651.18645
        },
        {
          "error": 0.0,
          "isConstant": false,
          "max": 3.5,
          "min": 0.5,
          "name": "sigmaP",
          "value": 1.4
        }
      ],
      "minNll": -29566719194.59417,
      "numInvalidNLL": 0,
      "status": 240
    },
    "pass_quality": "check",
    "root_read_error": null
  },
  "fit_type": "nominalFit",
  "histograms": {
    "fail": {
      "entries": 8364.0,
      "fit_window": {
        "bin1": 11,
        "bin2": 70,
        "max": 120.0,
        "min": 60.0
      },
      "integral_fit_window": 115160598.97387695,
      "integral_fit_window_error": 1475039.2658703735,
      "integral_full": 115875349.70654297,
      "integral_full_error": 1479443.256185398,
      "maximum_bin_center": 91.5,
      "maximum_bin_content": 9089891.860839844,
      "mean": 87.64044277234066,
      "rms": 8.806452070656698
    },
    "pass": {
      "entries": 134179.0,
      "fit_window": {
        "bin1": 11,
        "bin2": 70,
        "max": 120.0,
        "min": 60.0
      },
      "integral_fit_window": 1726191410.4787598,
      "integral_fit_window_error": 5499982.642887898,
      "integral_full": 1735421834.6516113,
      "integral_full_error": 5514420.887727578,
      "maximum_bin_center": 91.5,
      "maximum_bin_content": 172537657.2619629,
      "mean": 89.49047113836414,
      "rms": 6.967248809889549
    }
  },
  "sample": {
    "fitOutputBinRoot": "/eos/cms/store/group/phys_susy/NPS-25-014/root_TnP_local//hza_elid_nongap_2024_sf//DY_MC_LO_2024_hza_elid_nongap_2024_sf.nominalFit-bin15_el_sc_eta_2p00To2p50_el_et_20p00To35p00.root",
    "fitOutputRoot": "/eos/cms/store/group/phys_susy/NPS-25-014/root_TnP_local//hza_elid_nongap_2024_sf//DY_MC_LO_2024_hza_elid_nongap_2024_sf.nominalFit.root",
    "histFile": "/eos/cms/store/group/phys_susy/NPS-25-014/root_TnP_local//hza_elid_nongap_2024_sf//DY_MC_LO_2024_hza_elid_nongap_2024_sf.root",
    "isMC": true,
    "mcRefHistFile": "/eos/cms/store/group/phys_susy/NPS-25-014/root_TnP_local//hza_elid_nongap_2024_sf//DY_MC_LO_2024_hza_elid_nongap_2024_sf.root",
    "mcTruth": true,
    "name": "DY_MC_LO_2024"
  },
  "workspace": {
    "effective_parsed": [
      {
        "max": 90.0,
        "min": 82.0,
        "name": "peakF",
        "raw": "peakF[87.0,82.0,90.0]",
        "tokens": [
          "87.0",
          "82.0",
          "90.0"
        ],
        "value": 87.0
      },
      {
        "max": 5.0,
        "min": -5.0,
        "name": "meanP",
        "raw": "meanP[-0.2,-5.0,5.0]",
        "tokens": [
          "-0.2",
          "-5.0",
          "5.0"
        ],
        "value": -0.2
      },
      {
        "max": 3.5,
        "min": 0.5,
        "name": "sigmaP",
        "raw": "sigmaP[1.4,0.5,3.5]",
        "tokens": [
          "1.4",
          "0.5",
          "3.5"
        ],
        "value": 1.4
      },
      {
        "max": 115.0,
        "min": 65.0,
        "name": "acmsP",
        "raw": "acmsP[92.,65.,115.]",
        "tokens": [
          "92.",
          "65.",
          "115."
        ],
        "value": 92.0
      },
      {
        "max": 0.1,
        "min": 0.002,
        "name": "betaP",
        "raw": "betaP[0.045,0.002,0.10]",
        "tokens": [
          "0.045",
          "0.002",
          "0.10"
        ],
        "value": 0.045
      },
      {
        "max": 1.0,
        "min": -0.1,
        "name": "gammaP",
        "raw": "gammaP[0.06,-0.1,1.0]",
        "tokens": [
          "0.06",
          "-0.1",
          "1.0"
        ],
        "value": 0.06
      },
      {
        "max": 93.0,
        "min": 85.0,
        "name": "peakP",
        "raw": "peakP[89.5,85.0,93.0]",
        "tokens": [
          "89.5",
          "85.0",
          "93.0"
        ],
        "value": 89.5
      },
      {
        "max": 2.0,
        "min": -5.0,
        "name": "meanF",
        "raw": "meanF[-1.6,-5.0,2.0]",
        "tokens": [
          "-1.6",
          "-5.0",
          "2.0"
        ],
        "value": -1.6
      },
      {
        "max": 5.0,
        "min": 0.8,