{
  "bin": {
    "cut": "tag_Ele_pt > 40 && abs(tag_sc_eta) < 2.17 && (tag_Ele_q + el_q) == 0 && el_sc_eta >= -1.566000 && el_sc_eta < -0.800000 && el_et >= 35.000000 && el_et < 50.000000",
    "index": 18,
    "name": "bin18_el_sc_eta_m1p57Tom0p80_el_et_35p00To50p00",
    "title": "; -1.566 < el_sc_eta < -0.800; 35.000 < el_et < 50.000",
    "vars": {
      "el_et": {
        "max": 50,
        "min": 35
      },
      "el_sc_eta": {
        "max": -0.8,
        "min": -1.566
      }
    }
  },
  "created_at_utc": "2026-04-20T11:34:40.138838+00:00",
  "derived": {
    "efficiency": 0.973335317294883,
    "efficiency_error": 0.00010612829360941578,
    "nSigF": {
      "error": 155.13134773867205,
      "isConstant": false,
      "max": 57810.349544,
      "min": 0.5,
      "name": "nSigF",
      "value": 38453.14232519126
    },
    "nSigP": {
      "error": 936.924636821961,
      "isConstant": false,
      "max": 2110303.013451,
      "min": 0.5,
      "name": "nSigP",
      "value": 1403646.9850396137
    }
  },
  "fit_metadata": {
    "bin_index": 18,
    "fail_hist_uses_pass_hist": false,
    "fit_range": {
      "max": 120.0,
      "min": 60.0
    },
    "truth_fail_template_uses_pass_hist": false,
    "truth_template_source": "/eos/home-p/pelai/HZa/root_TnP//hza_elid_nongap_2024_sf//DY_MC_LO_2024_hza_elid_nongap_2024_sf.root"
  },
  "fit_result": {
    "fail": {
      "covQual": -1,
      "edm": 0.4545099374764711,
      "floatParsFinal": [
        {
          "error": 0.015538144520359953,
          "isConstant": false,
          "max": 5.0,
          "min": -5.0,
          "name": "meanF",
          "value": 0.0022475829717469864
        },
        {
          "error": 155.13134773867205,
          "isConstant": false,
          "max": 57810.349544,
          "min": 0.5,
          "name": "nSigF",
          "value": 38453.14232519126
        },
        {
          "error": 0.004564778685688137,
          "isConstant": false,
          "max": 1.5000000003263048,
          "min": 0.4000000000870146,
          "name": "sigmaF",
          "value": 0.4000000039531947
        }
      ],
      "floatParsInit": [
        {
          "error": 0.0,
          "isConstant": false,
          "max": 5.0,
          "min": -5.0,
          "name": "meanF",
          "value": -0.0
        },
        {
          "error": 0.0,
          "isConstant": false,
          "max": 57810.349544,
          "min": 0.5,
          "name": "nSigF",
          "value": 34686.209727
        },
        {
          "error": 0.0,
          "isConstant": false,
          "max": 1.5000000003263048,
          "min": 0.4000000000870146,
          "name": "sigmaF",
          "value": 0.5000000001087682
        }
      ],
      "minNll": -254965.1067333784,
      "numInvalidNLL": 0,
      "status": 160
    },
    "fail_quality": "check",
    "pass": {
      "covQual": -1,
      "edm": 0.15303574935868114,
      "floatParsFinal": [
        {
          "error": 0.002253604737631143,
          "isConstant": false,
          "max": 5.0,
          "min": -5.0,
          "name": "meanP",
          "value": 0.0025040933624067563
        },
        {
          "error": 936.924636821961,
          "isConstant": false,
          "max": 2110303.013451,
          "min": 0.5,
          "name": "nSigP",
          "value": 1403646.9850396137
        },
        {
          "error": 0.00020085276765496873,
          "isConstant": false,
          "max": 5.0,
          "min": 0.5,
          "name": "sigmaP",
          "value": 0.5000000001087682
        }
      ],
      "floatParsInit": [
        {
          "error": 0.0,
          "isConstant": false,
          "max": 5.0,
          "min": -5.0,
          "name": "meanP",
          "value": -0.0
        },
        {
          "error": 0.0,
          "isConstant": false,
          "max": 2110303.013451,
          "min": 0.5,
          "name": "nSigP",
          "value": 1266181.808071
        },
        {
          "error": 0.0,
          "isConstant": false,
          "max": 5.0,
          "min": 0.5,
          "name": "sigmaP",
          "value": 0.9
        }
      ],
      "minNll": -14571768.204426019,
      "numInvalidNLL": 0,
      "status": 160
    },
    "pass_quality": "check",
    "root_read_error": null
  },
  "fit_type": "nominalFit",
  "histograms": {
    "fail": {
      "entries": 34110.0,
      "fit_window": {
        "bin1": 11,
        "bin2": 70,
        "max": 120.0,
        "min": 60.0
      },
      "integral_fit_window": 38453.23750477192,
      "integral_fit_window_error": 247.87715008389608,
      "integral_full": 38540.233029487346,
      "integral_full_error": 248.1484193464102,
      "maximum_bin_center": 90.5,
      "maximum_bin_content": 4427.700400077178,
      "mean": 90.58104184474894,
      "rms": 5.216561401333875
    },
    "pass": {
      "entries": 1246888.0,
      "fit_window": {
        "bin1": 11,
        "bin2": 70,
        "max": 120.0,
        "min": 60.0
      },
      "integral_fit_window": 1403642.9267937564,
      "integral_fit_window_error": 1498.1444191410887,
      "integral_full": 1406868.6756341143,
      "integral_full_error": 1499.8666027948325,
      "maximum_bin_center": 90.5,
      "maximum_bin_content": 186515.65910875172,
      "mean": 91.01901541880385,
      "rms": 4.649636298361558
    }
  },
  "sample": {
    "fitOutputBinRoot": "/eos/home-p/pelai/HZa/root_TnP//hza_elid_nongap_2024_sf//DY_MC_LO_2024_hza_elid_nongap_2024_sf.nominalFit-bin18_el_sc_eta_m1p57Tom0p80_el_et_35p00To50p00.root",
    "fitOutputRoot": "/eos/home-p/pelai/HZa/root_TnP//hza_elid_nongap_2024_sf//DY_MC_LO_2024_hza_elid_nongap_2024_sf.nominalFit.root",
    "histFile": "/eos/home-p/pelai/HZa/root_TnP//hza_elid_nongap_2024_sf//DY_MC_LO_2024_hza_elid_nongap_2024_sf.root",
    "isMC": true,
    "mcRefHistFile": "/eos/home-p/pelai/HZa/root_TnP//hza_elid_nongap_2024_sf//DY_MC_LO_2024_hza_elid_nongap_2024_sf.root",
    "mcTruth": true,
    "name": "DY_MC_LO_2024"
  },
  "workspace": {
    "effective_parsed": [
      {
        "max": 5.0,
        "min": -5.0,
        "name": "meanP",
        "raw": "meanP[-0.0,-5.0,5.0]",
        "tokens": [
          "-0.0",
          "-5.0",
          "5.0"
        ],
        "value": -0.0
      },
      {
        "max": 5.0,
        "min": 0.5,
        "name": "sigmaP",
        "raw": "sigmaP[0.9,0.5,5.0]",
        "tokens": [
          "0.9",
          "0.5",
          "5.0"
        ],
        "value": 0.9
      },
      {
        "max": 5.0,
        "min": -5.0,
        "name": "meanF",
        "raw": "meanF[-0.0,-5.0,5.0]",
        "tokens": [
          "-0.0",
          "-5.0",
          "5.0"
        ],
        "value": -0.0
      },
      {
        "max": 5.0,
        "min": 0.5,
        "name": "sigmaF",
        "raw": "sigmaF[0.9,0.5,5.0]",
        "tokens": [
          "0.9",
          "0.5",
          "5.0"
        ],
        "value": 0.9
      },
      {
        "max": 80.0,
        "min": 50.0,
        "name": "acmsP",
        "raw": "acmsP[60.,50.,80.]",
        "tokens": [
          "60.",
          "50.",
          "80."
        ],
        "value": 60.0
      },
      {
        "max": 0.08,
        "min": 0.01,
        "name": "betaP",
        "raw": "betaP[0.05,0.01,0.08]",
        "tokens": [
          "0.05",
          "0.01",
          "0.08"
        ],
        "value": 0.05
      },
      {
        "max": 2.0,
        "min": -2.0,
        "name": "gammaP",
        "raw": "gammaP[0.1, -2, 2]",
        "tokens": [
          "0.1",
          "-2",
          "2"
        ],
        "value": 0.1
      },
      {
        "max": 90.0,
        "min": 82.0,
        "name": "peakP",
        "raw": "peakP[87.0,82.0,90.0]",
        "tokens": [
          "87.0",
          "82.0",
          "90.0"
        ],
        "value": 87.0
      },
      {
        "max": 80.0,
        "min": 50.0,
        "name": "acmsF",
        "raw": "acmsF[60.,50.,80.]",