{
  "bin": {
    "cut": "tag_Ele_pt > 40 && abs(tag_sc_eta) < 2.17 && (tag_Ele_q + el_q) == 0 && el_sc_eta >= -0.800000 && el_sc_eta < 0.000000 && el_et >= 20.000000 && el_et < 35.000000",
    "index": 11,
    "name": "bin11_el_sc_eta_m0p80To0p00_el_et_20p00To35p00",
    "title": "; -0.800 < el_sc_eta < 0.000; 20.000 < el_et < 35.000",
    "vars": {
      "el_et": {
        "max": 35,
        "min": 20
      },
      "el_sc_eta": {
        "max": 0.0,
        "min": -0.8
      }
    }
  },
  "created_at_utc": "2026-04-20T17:36:36.943699+00:00",
  "derived": {
    "efficiency": 0.9527126492027731,
    "efficiency_error": 0.00021049744321709497,
    "nSigF": {
      "error": 137.41400797624738,
      "isConstant": false,
      "max": 45488.85492,
      "min": 0.5,
      "name": "nSigF",
      "value": 30129.367599010064
    },
    "nSigP": {
      "error": 616.1886529681506,
      "isConstant": false,
      "max": 914955.086746,
      "min": 0.5,
      "name": "nSigP",
      "value": 607025.5393909799
    }
  },
  "fit_metadata": {
    "bin_index": 11,
    "fail_hist_uses_pass_hist": false,
    "fit_range": {
      "max": 120.0,
      "min": 60.0
    },
    "truth_fail_template_uses_pass_hist": false,
    "truth_template_source": "/eos/home-p/pelai/HZa/root_TnP//hza_elid_nongap_2024_sf//DY_MC_LO_2024_hza_elid_nongap_2024_sf.root"
  },
  "fit_result": {
    "fail": {
      "covQual": -1,
      "edm": 0.08345328660748647,
      "floatParsFinal": [
        {
          "error": 0.020911396557251827,
          "isConstant": false,
          "max": 5.0,
          "min": -5.0,
          "name": "meanF",
          "value": -0.00178531648603375
        },
        {
          "error": 137.41400797624738,
          "isConstant": false,
          "max": 45488.85492,
          "min": 0.5,
          "name": "nSigF",
          "value": 30129.367599010064
        },
        {
          "error": 0.00606298209816028,
          "isConstant": false,
          "max": 1.5000001117836153,
          "min": 0.4000000298089641,
          "name": "sigmaF",
          "value": 0.4000000324373102
        }
      ],
      "floatParsInit": [
        {
          "error": 0.0,
          "isConstant": false,
          "max": 5.0,
          "min": -5.0,
          "name": "meanF",
          "value": -0.0
        },
        {
          "error": 0.0,
          "isConstant": false,
          "max": 45488.85492,
          "min": 0.5,
          "name": "nSigF",
          "value": 27293.312952
        },
        {
          "error": 0.0,
          "isConstant": false,
          "max": 1.5000001117836153,
          "min": 0.4000000298089641,
          "name": "sigmaF",
          "value": 0.5000000372612051
        }
      ],
      "minNll": -178152.11533174425,
      "numInvalidNLL": 0,
      "status": 160
    },
    "fail_quality": "check",
    "pass": {
      "covQual": -1,
      "edm": 0.5116080257474817,
      "floatParsFinal": [
        {
          "error": 0.0035532460452909476,
          "isConstant": false,
          "max": 5.0,
          "min": -5.0,
          "name": "meanP",
          "value": -0.006299972029386147
        },
        {
          "error": 616.1886529681506,
          "isConstant": false,
          "max": 914955.086746,
          "min": 0.5,
          "name": "nSigP",
          "value": 607025.5393909799
        },
        {
          "error": 0.00036662623199656963,
          "isConstant": false,
          "max": 5.0,
          "min": 0.5,
          "name": "sigmaP",
          "value": 0.5000000372612051
        }
      ],
      "floatParsInit": [
        {
          "error": 0.0,
          "isConstant": false,
          "max": 5.0,
          "min": -5.0,
          "name": "meanP",
          "value": -0.0
        },
        {
          "error": 0.0,
          "isConstant": false,
          "max": 914955.086746,
          "min": 0.5,
          "name": "nSigP",
          "value": 548973.052048
        },
        {
          "error": 0.0,
          "isConstant": false,
          "max": 5.0,
          "min": 0.5,
          "name": "sigmaP",
          "value": 0.9
        }
      ],
      "minNll": -5633082.251320021,
      "numInvalidNLL": 0,
      "status": 160
    },
    "pass_quality": "check",
    "root_read_error": null
  },
  "fit_type": "nominalFit",
  "histograms": {
    "fail": {
      "entries": 26736.0,
      "fit_window": {
        "bin1": 11,
        "bin2": 70,
        "max": 120.0,
        "min": 60.0
      },
      "integral_fit_window": 30129.362879892145,
      "integral_fit_window_error": 219.26283060480765,
      "integral_full": 30325.90328024022,
      "integral_full_error": 219.96707662412655,
      "maximum_bin_center": 90.5,
      "maximum_bin_content": 2640.1798756024455,
      "mean": 85.98505399706647,
      "rms": 8.780195859531872
    },
    "pass": {
      "entries": 540393.0,
      "fit_window": {
        "bin1": 11,
        "bin2": 70,
        "max": 120.0,
        "min": 60.0
      },
      "integral_fit_window": 607022.9035089576,
      "integral_fit_window_error": 985.131034910189,
      "integral_full": 609970.0578308888,
      "integral_full_error": 987.5304953718932,
      "maximum_bin_center": 90.5,
      "maximum_bin_content": 78029.76864079689,
      "mean": 88.50427924429681,
      "rms": 6.749087673254635
    }
  },
  "sample": {
    "fitOutputBinRoot": "/eos/home-p/pelai/HZa/root_TnP//hza_elid_nongap_2024_sf//DY_MC_LO_2024_hza_elid_nongap_2024_sf.nominalFit-bin11_el_sc_eta_m0p80To0p00_el_et_20p00To35p00.root",
    "fitOutputRoot": "/eos/home-p/pelai/HZa/root_TnP//hza_elid_nongap_2024_sf//DY_MC_LO_2024_hza_elid_nongap_2024_sf.nominalFit.root",
    "histFile": "/eos/home-p/pelai/HZa/root_TnP//hza_elid_nongap_2024_sf//DY_MC_LO_2024_hza_elid_nongap_2024_sf.root",
    "isMC": true,
    "mcRefHistFile": "/eos/home-p/pelai/HZa/root_TnP//hza_elid_nongap_2024_sf//DY_MC_LO_2024_hza_elid_nongap_2024_sf.root",
    "mcTruth": true,
    "name": "DY_MC_LO_2024"
  },
  "workspace": {
    "effective_parsed": [
      {
        "max": 5.0,
        "min": -5.0,
        "name": "meanP",
        "raw": "meanP[-0.0,-5.0,5.0]",
        "tokens": [
          "-0.0",
          "-5.0",
          "5.0"
        ],
        "value": -0.0
      },
      {
        "max": 5.0,
        "min": 0.5,
        "name": "sigmaP",
        "raw": "sigmaP[0.9,0.5,5.0]",
        "tokens": [
          "0.9",
          "0.5",
          "5.0"
        ],
        "value": 0.9
      },
      {
        "max": 5.0,
        "min": -5.0,
        "name": "meanF",
        "raw": "meanF[-0.0,-5.0,5.0]",
        "tokens": [
          "-0.0",
          "-5.0",
          "5.0"
        ],
        "value": -0.0
      },
      {
        "max": 5.0,
        "min": 0.5,
        "name": "sigmaF",
        "raw": "sigmaF[0.9,0.5,5.0]",
        "tokens": [
          "0.9",
          "0.5",
          "5.0"
        ],
        "value": 0.9
      },
      {
        "max": 80.0,
        "min": 50.0,
        "name": "acmsP",
        "raw": "acmsP[60.,50.,80.]",
        "tokens": [
          "60.",
          "50.",
          "80."
        ],
        "value": 60.0
      },
      {
        "max": 0.08,
        "min": 0.01,
        "name": "betaP",
        "raw": "betaP[0.05,0.01,0.08]",
        "tokens": [
          "0.05",
          "0.01",
          "0.08"
        ],
        "value": 0.05
      },
      {
        "max": 2.0,
        "min": -2.0,
        "name": "gammaP",
        "raw": "gammaP[0.1, -2, 2]",
        "tokens": [
          "0.1",
          "-2",
          "2"
        ],
        "value": 0.1
      },
      {
        "max": 90.0,
        "min": 82.0,
        "name": "peakP",
        "raw": "peakP[87.0,82.0,90.0]",
        "tokens": [
          "87.0",
          "82.0",
          "90.0"
        ],
        "value": 87.0
      },
      {
        "max": 80.0,
        "min": 50.0,
        "name": "acmsF",
        "raw": "acmsF[60.,50.,80.]",