{
  "bin": {
    "cut": "tag_Ele_pt > 40 && abs(tag_sc_eta) < 2.17 && (tag_Ele_q + el_q) == 0 && el_sc_eta >= -2.500000 && el_sc_eta < -2.000000 && el_et >= 50.000000 && el_et < 100.000000",
    "index": 24,
    "name": "bin24_el_sc_eta_m2p50Tom2p00_el_et_50p00To100p00",
    "title": "; -2.500 < el_sc_eta < -2.000; 50.000 < el_et < 100.000",
    "vars": {
      "el_et": {
        "max": 100,
        "min": 50
      },
      "el_sc_eta": {
        "max": -2.0,
        "min": -2.5
      }
    }
  },
  "created_at_utc": "2026-07-10T17:48:56.149035+00:00",
  "derived": {
    "efficiency": 0.9649292822629182,
    "efficiency_error": 5.820437937307282e-08,
    "nSigF": {
      "error": 31.04019676335156,
      "isConstant": false,
      "max": 29416665.630615,
      "min": 0.5,
      "name": "nSigF",
      "value": 18391201.437839165
    },
    "nSigP": {
      "error": 167.5518496632576,
      "isConstant": false,
      "max": 811044393.660645,
      "min": 0.5,
      "name": "nSigP",
      "value": 506012136.290072
    }
  },
  "fit_metadata": {
    "bin_index": 24,
    "fail_hist_uses_pass_hist": false,
    "fit_range": {
      "max": 120.0,
      "min": 60.0
    },
    "truth_fail_template_uses_pass_hist": false,
    "truth_template_source": "/eos/cms/store/group/phys_susy/NPS-25-014/root_TnP_local//hza_elid_nongap_2024_sf//DY_MC_LO_2024_hza_elid_nongap_2024_sf.root"
  },
  "fit_result": {
    "fail": {
      "covQual": -1,
      "edm": 36889.56030145512,
      "floatParsFinal": [
        {
          "error": 4.811956992423205e-06,
          "isConstant": false,
          "max": 5.0,
          "min": -5.0,
          "name": "meanF",
          "value": 0.00643187366536857
        },
        {
          "error": 31.04019676335156,
          "isConstant": false,
          "max": 29416665.630615,
          "min": 0.5,
          "name": "nSigF",
          "value": 18391201.437839165
        },
        {
          "error": 1.723451381607788e-10,
          "isConstant": false,
          "max": 5.0,
          "min": 0.5,
          "name": "sigmaF",
          "value": 0.5000000001592746
        }
      ],
      "floatParsInit": [
        {
          "error": 0.0,
          "isConstant": false,
          "max": 5.0,
          "min": -5.0,
          "name": "meanF",
          "value": -0.0
        },
        {
          "error": 0.0,
          "isConstant": false,
          "max": 29416665.630615,
          "min": 0.5,
          "name": "nSigF",
          "value": 17649999.378369
        },
        {
          "error": 0.0,
          "isConstant": false,
          "max": 5.0,
          "min": 0.5,
          "name": "sigmaF",
          "value": 0.9
        }
      ],
      "minNll": -228031297.51496604,
      "numInvalidNLL": 0,
      "status": -1
    },
    "fail_quality": "check",
    "pass": {
      "covQual": -1,
      "edm": 4763396131.050902,
      "floatParsFinal": [
        {
          "error": 1.4817285660662094e-06,
          "isConstant": false,
          "max": 5.0,
          "min": -5.0,
          "name": "meanP",
          "value": 0.019303523242928833
        },
        {
          "error": 167.5518496632576,
          "isConstant": false,
          "max": 811044393.660645,
          "min": 0.5,
          "name": "nSigP",
          "value": 506012136.290072
        },
        {
          "error": 4.106856521524094e-10,
          "isConstant": false,
          "max": 5.0,
          "min": 0.5,
          "name": "sigmaP",
          "value": 0.5000000013098505
        }
      ],
      "floatParsInit": [
        {
          "error": 0.0,
          "isConstant": false,
          "max": 5.0,
          "min": -5.0,
          "name": "meanP",
          "value": -0.0
        },
        {
          "error": 0.0,
          "isConstant": false,
          "max": 811044393.660645,
          "min": 0.5,
          "name": "nSigP",
          "value": 486626636.196387
        },
        {
          "error": 0.0,
          "isConstant": false,
          "max": 5.0,
          "min": 0.5,
          "name": "sigmaP",
          "value": 0.9
        }
      ],
      "minNll": -7954883310.956427,
      "numInvalidNLL": 0,
      "status": -1
    },
    "pass_quality": "check",
    "root_read_error": null
  },
  "fit_type": "nominalFit",
  "histograms": {
    "fail": {
      "entries": 1365.0,
      "fit_window": {
        "bin1": 11,
        "bin2": 70,
        "max": 120.0,
        "min": 60.0
      },
      "integral_fit_window": 18391156.866210938,
      "integral_fit_window_error": 592496.5058025377,
      "integral_full": 19611110.420410156,
      "integral_full_error": 611296.0627180579,
      "maximum_bin_center": 93.5,
      "maximum_bin_content": 1562548.1193847656,
      "mean": 99.38761901201634,
      "rms": 10.18698109025626
    },
    "pass": {
      "entries": 41359.0,
      "fit_window": {
        "bin1": 11,
        "bin2": 70,
        "max": 120.0,
        "min": 60.0
      },
      "integral_fit_window": 506011235.6755371,
      "integral_fit_window_error": 3020030.5868449844,
      "integral_full": 540696262.4404297,
      "integral_full_error": 3117920.878992186,
      "maximum_bin_center": 92.5,
      "maximum_bin_content": 46239744.31982422,
      "mean": 98.10199701780455,
      "rms": 10.598926056083018
    }
  },
  "sample": {
    "fitOutputBinRoot": "/eos/cms/store/group/phys_susy/NPS-25-014/root_TnP_local//hza_elid_nongap_2024_sf//DY_MC_LO_2024_hza_elid_nongap_2024_sf.nominalFit-bin24_el_sc_eta_m2p50Tom2p00_el_et_50p00To100p00.root",
    "fitOutputRoot": "/eos/cms/store/group/phys_susy/NPS-25-014/root_TnP_local//hza_elid_nongap_2024_sf//DY_MC_LO_2024_hza_elid_nongap_2024_sf.nominalFit.root",
    "histFile": "/eos/cms/store/group/phys_susy/NPS-25-014/root_TnP_local//hza_elid_nongap_2024_sf//DY_MC_LO_2024_hza_elid_nongap_2024_sf.root",
    "isMC": true,
    "mcRefHistFile": "/eos/cms/store/group/phys_susy/NPS-25-014/root_TnP_local//hza_elid_nongap_2024_sf//DY_MC_LO_2024_hza_elid_nongap_2024_sf.root",
    "mcTruth": true,
    "name": "DY_MC_LO_2024"
  },
  "workspace": {
    "effective_parsed": [
      {
        "max": 5.0,
        "min": -5.0,
        "name": "meanP",
        "raw": "meanP[-0.0,-5.0,5.0]",
        "tokens": [
          "-0.0",
          "-5.0",
          "5.0"
        ],
        "value": -0.0
      },
      {
        "max": 5.0,
        "min": 0.5,
        "name": "sigmaP",
        "raw": "sigmaP[0.9,0.5,5.0]",
        "tokens": [
          "0.9",
          "0.5",
          "5.0"
        ],
        "value": 0.9
      },
      {
        "max": 5.0,
        "min": -5.0,
        "name": "meanF",
        "raw": "meanF[-0.0,-5.0,5.0]",
        "tokens": [
          "-0.0",
          "-5.0",
          "5.0"
        ],
        "value": -0.0
      },
      {
        "max": 5.0,
        "min": 0.5,
        "name": "sigmaF",
        "raw": "sigmaF[0.9,0.5,5.0]",
        "tokens": [
          "0.9",
          "0.5",
          "5.0"
        ],
        "value": 0.9
      },
      {
        "max": 90.0,
        "min": 45.0,
        "name": "acmsP",
        "raw": "acmsP[65.,45.,90.]",
        "tokens": [
          "65.",
          "45.",
          "90."
        ],
        "value": 65.0
      },
      {
        "max": 0.1,
        "min": 0.005,
        "name": "betaP",
        "raw": "betaP[0.05,0.005,0.10]",
        "tokens": [
          "0.05",
          "0.005",
          "0.10"
        ],
        "value": 0.05
      },
      {
        "max": 2.0,
        "min": -2.0,
        "name": "gammaP",
        "raw": "gammaP[0.1, -2, 2]",
        "tokens": [
          "0.1",
          "-2",
          "2"
        ],
        "value": 0.1
      },
      {
        "max": 90.0,
        "min": 82.0,
        "name": "peakP",
        "raw": "peakP[87.0,82.0,90.0]",
        "tokens": [
          "87.0",
          "82.0",
          "90.0"
        ],
        "value": 87.0
      },
      {
        "max": 90.0,
        "min": 45.0,
        "name": "acmsF",