{
  "bin": {
    "cut": "tag_Ele_pt > 40 && abs(tag_sc_eta) < 2.17 && (tag_Ele_q + el_q) == 0 && el_sc_eta >= 0.000000 && el_sc_eta < 0.800000 && el_et >= 35.000000 && el_et < 50.000000",
    "index": 28,
    "name": "bin28_el_sc_eta_0p00To0p80_el_et_35p00To50p00",
    "title": "; 0.000 < el_sc_eta < 0.800; 35.000 < el_et < 50.000",
    "vars": {
      "el_et": {
        "max": 50,
        "min": 35
      },
      "el_sc_eta": {
        "max": 0.8,
        "min": 0.0
      }
    }
  },
  "created_at_utc": "2026-04-19T15:00:35.486219+00:00",
  "derived": {
    "efficiency": 0.9861432563316237,
    "efficiency_error": 6.521208780516528e-05,
    "nSigF": {
      "error": 131.8632841046201,
      "isConstant": false,
      "max": 41923.911685,
      "min": 0.5,
      "name": "nSigF",
      "value": 27824.609235880525
    },
    "nSigP": {
      "error": 1112.7946102351416,
      "isConstant": false,
      "max": 2977600.870955,
      "min": 0.5,
      "name": "nSigP",
      "value": 1980194.7279032918
    }
  },
  "fit_metadata": {
    "bin_index": 28,
    "fail_hist_uses_pass_hist": false,
    "fit_range": {
      "max": 120.0,
      "min": 60.0
    },
    "truth_fail_template_uses_pass_hist": false,
    "truth_template_source": "/eos/home-p/pelai/HZa/root_TnP//hza_elid_nongap_2024_sf//DY_MC_LO_2024_hza_elid_nongap_2024_sf.root"
  },
  "fit_result": {
    "fail": {
      "covQual": -1,
      "edm": 0.14055029151279652,
      "floatParsFinal": [
        {
          "error": 0.016403847403064553,
          "isConstant": false,
          "max": 5.0,
          "min": -5.0,
          "name": "meanF",
          "value": 0.004601366450982525
        },
        {
          "error": 131.8632841046201,
          "isConstant": false,
          "max": 41923.911685,
          "min": 0.5,
          "name": "nSigF",
          "value": 27824.609235880525
        },
        {
          "error": 0.005711167438258974,
          "isConstant": false,
          "max": 1.5000000021544704,
          "min": 0.40000000057452545,
          "name": "sigmaF",
          "value": 0.40000003234637116
        }
      ],
      "floatParsInit": [
        {
          "error": 0.0,
          "isConstant": false,
          "max": 5.0,
          "min": -5.0,
          "name": "meanF",
          "value": -0.0
        },
        {
          "error": 0.0,
          "isConstant": false,
          "max": 41923.911685,
          "min": 0.5,
          "name": "nSigF",
          "value": 25154.347011
        },
        {
          "error": 0.0,
          "isConstant": false,
          "max": 1.5000000021544704,
          "min": 0.40000000057452545,
          "name": "sigmaF",
          "value": 0.5000000007181568
        }
      ],
      "minNll": -176366.74707884932,
      "numInvalidNLL": 0,
      "status": 160
    },
    "fail_quality": "check",
    "pass": {
      "covQual": -1,
      "edm": 0.626748069071151,
      "floatParsFinal": [
        {
          "error": 0.0015689056368644039,
          "isConstant": false,
          "max": 5.0,
          "min": -5.0,
          "name": "meanP",
          "value": 0.003341613520262854
        },
        {
          "error": 1112.7946102351416,
          "isConstant": false,
          "max": 2977600.870955,
          "min": 0.5,
          "name": "nSigP",
          "value": 1980194.7279032918
        },
        {
          "error": 6.045852722413869e-05,
          "isConstant": false,
          "max": 5.0,
          "min": 0.5,
          "name": "sigmaP",
          "value": 0.5000000007181568
        }
      ],
      "floatParsInit": [
        {
          "error": 0.0,
          "isConstant": false,
          "max": 5.0,
          "min": -5.0,
          "name": "meanP",
          "value": -0.0
        },
        {
          "error": 0.0,
          "isConstant": false,
          "max": 2977600.870955,
          "min": 0.5,
          "name": "nSigP",
          "value": 1786560.522573
        },
        {
          "error": 0.0,
          "isConstant": false,
          "max": 5.0,
          "min": 0.5,
          "name": "sigmaP",
          "value": 0.9
        }
      ],
      "minNll": -21478934.582645953,
      "numInvalidNLL": 0,
      "status": 160
    },
    "pass_quality": "check",
    "root_read_error": null
  },
  "fit_type": "nominalFit",
  "histograms": {
    "fail": {
      "entries": 24643.0,
      "fit_window": {
        "bin1": 11,
        "bin2": 70,
        "max": 120.0,
        "min": 60.0
      },
      "integral_fit_window": 27823.898295504674,
      "integral_fit_window_error": 211.0146762966349,
      "integral_full": 27949.274456744963,
      "integral_full_error": 211.4788047978753,
      "maximum_bin_center": 90.5,
      "maximum_bin_content": 3659.6501147273093,
      "mean": 90.96440322395935,
      "rms": 5.526389975663353
    },
    "pass": {
      "entries": 1758465.0,
      "fit_window": {
        "bin1": 11,
        "bin2": 70,
        "max": 120.0,
        "min": 60.0
      },
      "integral_fit_window": 1980189.036865544,
      "integral_fit_window_error": 1779.4807087512593,
      "integral_full": 1985067.2473032402,
      "integral_full_error": 1781.658339454929,
      "maximum_bin_center": 90.5,
      "maximum_bin_content": 324143.95225697226,
      "mean": 91.19391131045626,
      "rms": 4.4508236659881115
    }
  },
  "sample": {
    "fitOutputBinRoot": "/eos/home-p/pelai/HZa/root_TnP//hza_elid_nongap_2024_sf//DY_MC_LO_2024_hza_elid_nongap_2024_sf.nominalFit-bin28_el_sc_eta_0p00To0p80_el_et_35p00To50p00.root",
    "fitOutputRoot": "/eos/home-p/pelai/HZa/root_TnP//hza_elid_nongap_2024_sf//DY_MC_LO_2024_hza_elid_nongap_2024_sf.nominalFit.root",
    "histFile": "/eos/home-p/pelai/HZa/root_TnP//hza_elid_nongap_2024_sf//DY_MC_LO_2024_hza_elid_nongap_2024_sf.root",
    "isMC": true,
    "mcRefHistFile": "/eos/home-p/pelai/HZa/root_TnP//hza_elid_nongap_2024_sf//DY_MC_LO_2024_hza_elid_nongap_2024_sf.root",
    "mcTruth": true,
    "name": "DY_MC_LO_2024"
  },
  "workspace": {
    "effective_parsed": [
      {
        "max": 5.0,
        "min": -5.0,
        "name": "meanP",
        "raw": "meanP[-0.0,-5.0,5.0]",
        "tokens": [
          "-0.0",
          "-5.0",
          "5.0"
        ],
        "value": -0.0
      },
      {
        "max": 5.0,
        "min": 0.5,
        "name": "sigmaP",
        "raw": "sigmaP[0.9,0.5,5.0]",
        "tokens": [
          "0.9",
          "0.5",
          "5.0"
        ],
        "value": 0.9
      },
      {
        "max": 5.0,
        "min": -5.0,
        "name": "meanF",
        "raw": "meanF[-0.0,-5.0,5.0]",
        "tokens": [
          "-0.0",
          "-5.0",
          "5.0"
        ],
        "value": -0.0
      },
      {
        "max": 5.0,
        "min": 0.5,
        "name": "sigmaF",
        "raw": "sigmaF[0.9,0.5,5.0]",
        "tokens": [
          "0.9",
          "0.5",
          "5.0"
        ],
        "value": 0.9
      },
      {
        "max": 80.0,
        "min": 50.0,
        "name": "acmsP",
        "raw": "acmsP[60.,50.,80.]",
        "tokens": [
          "60.",
          "50.",
          "80."
        ],
        "value": 60.0
      },
      {
        "max": 0.08,
        "min": 0.01,
        "name": "betaP",
        "raw": "betaP[0.05,0.01,0.08]",
        "tokens": [
          "0.05",
          "0.01",
          "0.08"
        ],
        "value": 0.05
      },
      {
        "max": 2.0,
        "min": -2.0,
        "name": "gammaP",
        "raw": "gammaP[0.1, -2, 2]",
        "tokens": [
          "0.1",
          "-2",
          "2"
        ],
        "value": 0.1
      },
      {
        "max": 90.0,
        "min": 82.0,
        "name": "peakP",
        "raw": "peakP[87.0,82.0,90.0]",
        "tokens": [
          "87.0",
          "82.0",
          "90.0"
        ],
        "value": 87.0
      },
      {
        "max": 80.0,
        "min": 50.0,
        "name": "acmsF",
        "raw": "acmsF[60.,50.,80.]",