{
  "bin": {
    "cut": "tag_Ele_pt > 40 && abs(tag_sc_eta) < 2.17 && (tag_Ele_q + el_q) == 0 && el_sc_eta >= 0.800000 && el_sc_eta < 1.566000 && el_et >= 35.000000 && el_et < 50.000000",
    "index": 21,
    "name": "bin21_el_sc_eta_0p80To1p57_el_et_35p00To50p00",
    "title": "; 0.800 < el_sc_eta < 1.566; 35.000 < el_et < 50.000",
    "vars": {
      "el_et": {
        "max": 50,
        "min": 35
      },
      "el_sc_eta": {
        "max": 1.566,
        "min": 0.8
      }
    }
  },
  "created_at_utc": "2026-04-20T17:36:40.301378+00:00",
  "derived": {
    "efficiency": 0.9761053363520857,
    "efficiency_error": 9.878857824609408e-05,
    "nSigF": {
      "error": 149.12688106168935,
      "isConstant": false,
      "max": 53626.373762,
      "min": 0.5,
      "name": "nSigF",
      "value": 35637.58826290989
    },
    "nSigP": {
      "error": 954.0371633270988,
      "isConstant": false,
      "max": 2188543.365043,
      "min": 0.5,
      "name": "nSigP",
      "value": 1455807.8988143113
    }
  },
  "fit_metadata": {
    "bin_index": 21,
    "fail_hist_uses_pass_hist": false,
    "fit_range": {
      "max": 120.0,
      "min": 60.0
    },
    "truth_fail_template_uses_pass_hist": false,
    "truth_template_source": "/eos/home-p/pelai/HZa/root_TnP//hza_elid_nongap_2024_sf//DY_MC_LO_2024_hza_elid_nongap_2024_sf.root"
  },
  "fit_result": {
    "fail": {
      "covQual": -1,
      "edm": 0.015109440565634255,
      "floatParsFinal": [
        {
          "error": 0.016198779870395974,
          "isConstant": false,
          "max": 5.0,
          "min": -5.0,
          "name": "meanF",
          "value": 0.0026835763101393795
        },
        {
          "error": 149.12688106168935,
          "isConstant": false,
          "max": 53626.373762,
          "min": 0.5,
          "name": "nSigF",
          "value": 35637.58826290989
        },
        {
          "error": 0.00565521526592816,
          "isConstant": false,
          "max": 1.5000000001665623,
          "min": 0.40000000004441666,
          "name": "sigmaF",
          "value": 0.400000010593389
        }
      ],
      "floatParsInit": [
        {
          "error": 0.0,
          "isConstant": false,
          "max": 5.0,
          "min": -5.0,
          "name": "meanF",
          "value": -0.0
        },
        {
          "error": 0.0,
          "isConstant": false,
          "max": 53626.373762,
          "min": 0.5,
          "name": "nSigF",
          "value": 32175.824257
        },
        {
          "error": 0.0,
          "isConstant": false,
          "max": 1.5000000001665623,
          "min": 0.40000000004441666,
          "name": "sigmaF",
          "value": 0.5000000000555208
        }
      ],
      "minNll": -233390.6581593061,
      "numInvalidNLL": 0,
      "status": 160
    },
    "fail_quality": "check",
    "pass": {
      "covQual": -1,
      "edm": 0.1025142198732495,
      "floatParsFinal": [
        {
          "error": 0.0022083482782560004,
          "isConstant": false,
          "max": 5.0,
          "min": -5.0,
          "name": "meanP",
          "value": 0.002307635001610464
        },
        {
          "error": 954.0371633270988,
          "isConstant": false,
          "max": 2188543.365043,
          "min": 0.5,
          "name": "nSigP",
          "value": 1455807.8988143113
        },
        {
          "error": 0.0001940919400846841,
          "isConstant": false,
          "max": 5.0,
          "min": 0.5,
          "name": "sigmaP",
          "value": 0.5000000000555208
        }
      ],
      "floatParsInit": [
        {
          "error": 0.0,
          "isConstant": false,
          "max": 5.0,
          "min": -5.0,
          "name": "meanP",
          "value": -0.0
        },
        {
          "error": 0.0,
          "isConstant": false,
          "max": 2188543.365043,
          "min": 0.5,
          "name": "nSigP",
          "value": 1313126.019026
        },
        {
          "error": 0.0,
          "isConstant": false,
          "max": 5.0,
          "min": 0.5,
          "name": "sigmaP",
          "value": 0.9
        }
      ],
      "minNll": -15168996.878749998,
      "numInvalidNLL": 0,
      "status": 160
    },
    "pass_quality": "check",
    "root_read_error": null
  },
  "fit_type": "nominalFit",
  "histograms": {
    "fail": {
      "entries": 31636.0,
      "fit_window": {
        "bin1": 11,
        "bin2": 70,
        "max": 120.0,
        "min": 60.0
      },
      "integral_fit_window": 35637.75642564455,
      "integral_fit_window_error": 238.97695741289309,
      "integral_full": 35750.915841490976,
      "integral_full_error": 239.37032273214047,
      "maximum_bin_center": 90.5,
      "maximum_bin_content": 4063.063776189615,
      "mean": 90.60784534015022,
      "rms": 5.291985184672974
    },
    "pass": {
      "entries": 1292355.0,
      "fit_window": {
        "bin1": 11,
        "bin2": 70,
        "max": 120.0,
        "min": 60.0
      },
      "integral_fit_window": 1455801.2833310529,
      "integral_fit_window_error": 1525.9467780131106,
      "integral_full": 1459028.9100286744,
      "integral_full_error": 1527.6365410856436,
      "maximum_bin_center": 90.5,
      "maximum_bin_content": 192627.25418181246,
      "mean": 91.04167820460063,
      "rms": 4.631392778586936
    }
  },
  "sample": {
    "fitOutputBinRoot": "/eos/home-p/pelai/HZa/root_TnP//hza_elid_nongap_2024_sf//DY_MC_LO_2024_hza_elid_nongap_2024_sf.nominalFit-bin21_el_sc_eta_0p80To1p57_el_et_35p00To50p00.root",
    "fitOutputRoot": "/eos/home-p/pelai/HZa/root_TnP//hza_elid_nongap_2024_sf//DY_MC_LO_2024_hza_elid_nongap_2024_sf.nominalFit.root",
    "histFile": "/eos/home-p/pelai/HZa/root_TnP//hza_elid_nongap_2024_sf//DY_MC_LO_2024_hza_elid_nongap_2024_sf.root",
    "isMC": true,
    "mcRefHistFile": "/eos/home-p/pelai/HZa/root_TnP//hza_elid_nongap_2024_sf//DY_MC_LO_2024_hza_elid_nongap_2024_sf.root",
    "mcTruth": true,
    "name": "DY_MC_LO_2024"
  },
  "workspace": {
    "effective_parsed": [
      {
        "max": 5.0,
        "min": -5.0,
        "name": "meanP",
        "raw": "meanP[-0.0,-5.0,5.0]",
        "tokens": [
          "-0.0",
          "-5.0",
          "5.0"
        ],
        "value": -0.0
      },
      {
        "max": 5.0,
        "min": 0.5,
        "name": "sigmaP",
        "raw": "sigmaP[0.9,0.5,5.0]",
        "tokens": [
          "0.9",
          "0.5",
          "5.0"
        ],
        "value": 0.9
      },
      {
        "max": 5.0,
        "min": -5.0,
        "name": "meanF",
        "raw": "meanF[-0.0,-5.0,5.0]",
        "tokens": [
          "-0.0",
          "-5.0",
          "5.0"
        ],
        "value": -0.0
      },
      {
        "max": 5.0,
        "min": 0.5,
        "name": "sigmaF",
        "raw": "sigmaF[0.9,0.5,5.0]",
        "tokens": [
          "0.9",
          "0.5",
          "5.0"
        ],
        "value": 0.9
      },
      {
        "max": 80.0,
        "min": 50.0,
        "name": "acmsP",
        "raw": "acmsP[60.,50.,80.]",
        "tokens": [
          "60.",
          "50.",
          "80."
        ],
        "value": 60.0
      },
      {
        "max": 0.08,
        "min": 0.01,
        "name": "betaP",
        "raw": "betaP[0.05,0.01,0.08]",
        "tokens": [
          "0.05",
          "0.01",
          "0.08"
        ],
        "value": 0.05
      },
      {
        "max": 2.0,
        "min": -2.0,
        "name": "gammaP",
        "raw": "gammaP[0.1, -2, 2]",
        "tokens": [
          "0.1",
          "-2",
          "2"
        ],
        "value": 0.1
      },
      {
        "max": 90.0,
        "min": 82.0,
        "name": "peakP",
        "raw": "peakP[87.0,82.0,90.0]",
        "tokens": [
          "87.0",
          "82.0",
          "90.0"
        ],
        "value": 87.0
      },
      {
        "max": 80.0,
        "min": 50.0,
        "name": "acmsF",
        "raw": "acmsF[60.,50.,80.]",