{
  "bin": {
    "cut": "tag_Ele_pt > 40 && abs(tag_sc_eta) < 2.17 && (tag_Ele_q + el_q) == 0 && el_sc_eta >= -2.000000 && el_sc_eta < -1.566000 && el_et >= 50.000000 && el_et < 100.000000",
    "index": 25,
    "name": "bin25_el_sc_eta_m2p00Tom1p57_el_et_50p00To100p00",
    "title": "; -2.000 < el_sc_eta < -1.566; 50.000 < el_et < 100.000",
    "vars": {
      "el_et": {
        "max": 100,
        "min": 50
      },
      "el_sc_eta": {
        "max": -1.566,
        "min": -2.0
      }
    }
  },
  "created_at_utc": "2026-04-20T11:34:41.955557+00:00",
  "derived": {
    "efficiency": 0.9734690850458467,
    "efficiency_error": 0.00047157845810346847,
    "nSigF": {
      "error": 34.59642552308651,
      "isConstant": false,
      "max": 3000.72459,
      "min": 0.5,
      "name": "nSigF",
      "value": 1920.5562449403549
    },
    "nSigP": {
      "error": 210.22570228444238,
      "isConstant": false,
      "max": 111767.690629,
      "min": 0.5,
      "name": "nSigP",
      "value": 70468.81473073727
    }
  },
  "fit_metadata": {
    "bin_index": 25,
    "fail_hist_uses_pass_hist": false,
    "fit_range": {
      "max": 120.0,
      "min": 60.0
    },
    "truth_fail_template_uses_pass_hist": false,
    "truth_template_source": "/eos/home-p/pelai/HZa/root_TnP//hza_elid_nongap_2024_sf//DY_MC_LO_2024_hza_elid_nongap_2024_sf.root"
  },
  "fit_result": {
    "fail": {
      "covQual": -1,
      "edm": 0.03816819145735258,
      "floatParsFinal": [
        {
          "error": 0.049009720160297476,
          "isConstant": false,
          "max": 5.0,
          "min": -5.0,
          "name": "meanF",
          "value": 0.006355154772896832
        },
        {
          "error": 34.59642552308651,
          "isConstant": false,
          "max": 3000.72459,
          "min": 0.5,
          "name": "nSigF",
          "value": 1920.5562449403549
        },
        {
          "error": 0.006517507909727355,
          "isConstant": false,
          "max": 1.5000000036324823,
          "min": 0.40000000096866195,
          "name": "sigmaF",
          "value": 0.40000010740547226
        }
      ],
      "floatParsInit": [
        {
          "error": 0.0,
          "isConstant": false,
          "max": 5.0,
          "min": -5.0,
          "name": "meanF",
          "value": -0.0
        },
        {
          "error": 0.0,
          "isConstant": false,
          "max": 3000.72459,
          "min": 0.5,
          "name": "nSigF",
          "value": 1800.434754
        },
        {
          "error": 0.0,
          "isConstant": false,
          "max": 1.5000000036324823,
          "min": 0.40000000096866195,
          "name": "sigmaF",
          "value": 0.5000000012108274
        }
      ],
      "minNll": -6227.683768430095,
      "numInvalidNLL": 0,
      "status": 160
    },
    "fail_quality": "check",
    "pass": {
      "covQual": -1,
      "edm": 0.10837435807409311,
      "floatParsFinal": [
        {
          "error": 0.012915648333744034,
          "isConstant": false,
          "max": 5.0,
          "min": -5.0,
          "name": "meanP",
          "value": 0.016890629969647186
        },
        {
          "error": 210.22570228444238,
          "isConstant": false,
          "max": 111767.690629,
          "min": 0.5,
          "name": "nSigP",
          "value": 70468.81473073727
        },
        {
          "error": 0.0028656209093276264,
          "isConstant": false,
          "max": 5.0,
          "min": 0.5,
          "name": "sigmaP",
          "value": 0.5000000012108274
        }
      ],
      "floatParsInit": [
        {
          "error": 0.0,
          "isConstant": false,
          "max": 5.0,
          "min": -5.0,
          "name": "meanP",
          "value": -0.0
        },
        {
          "error": 0.0,
          "isConstant": false,
          "max": 111767.690629,
          "min": 0.5,
          "name": "nSigP",
          "value": 67060.614377
        },
        {
          "error": 0.0,
          "isConstant": false,
          "max": 5.0,
          "min": 0.5,
          "name": "sigmaP",
          "value": 0.9
        }
      ],
      "minNll": -484556.9836229503,
      "numInvalidNLL": 0,
      "status": 160
    },
    "pass_quality": "check",
    "root_read_error": null
  },
  "fit_type": "nominalFit",
  "histograms": {
    "fail": {
      "entries": 1772.0,
      "fit_window": {
        "bin1": 11,
        "bin2": 70,
        "max": 120.0,
        "min": 60.0
      },
      "integral_fit_window": 1921.328181649281,
      "integral_fit_window_error": 55.509362215197854,
      "integral_full": 2000.4830600618232,
      "integral_full_error": 56.49488484587492,
      "maximum_bin_center": 92.5,
      "maximum_bin_content": 192.22273165584545,
      "mean": 98.25487634139189,
      "rms": 9.314115897393155
    },
    "pass": {
      "entries": 66359.0,
      "fit_window": {
        "bin1": 11,
        "bin2": 70,
        "max": 120.0,
        "min": 60.0
      },
      "integral_fit_window": 70469.32028037202,
      "integral_fit_window_error": 335.2071142091212,
      "integral_full": 74511.79375257653,
      "integral_full_error": 344.69099182721106,
      "maximum_bin_center": 91.5,
      "maximum_bin_content": 6674.733986333435,
      "mean": 97.48901424829245,
      "rms": 10.228157679906705
    }
  },
  "sample": {
    "fitOutputBinRoot": "/eos/home-p/pelai/HZa/root_TnP//hza_elid_nongap_2024_sf//DY_MC_LO_2024_hza_elid_nongap_2024_sf.nominalFit-bin25_el_sc_eta_m2p00Tom1p57_el_et_50p00To100p00.root",
    "fitOutputRoot": "/eos/home-p/pelai/HZa/root_TnP//hza_elid_nongap_2024_sf//DY_MC_LO_2024_hza_elid_nongap_2024_sf.nominalFit.root",
    "histFile": "/eos/home-p/pelai/HZa/root_TnP//hza_elid_nongap_2024_sf//DY_MC_LO_2024_hza_elid_nongap_2024_sf.root",
    "isMC": true,
    "mcRefHistFile": "/eos/home-p/pelai/HZa/root_TnP//hza_elid_nongap_2024_sf//DY_MC_LO_2024_hza_elid_nongap_2024_sf.root",
    "mcTruth": true,
    "name": "DY_MC_LO_2024"
  },
  "workspace": {
    "effective_parsed": [
      {
        "max": 5.0,
        "min": -5.0,
        "name": "meanP",
        "raw": "meanP[-0.0,-5.0,5.0]",
        "tokens": [
          "-0.0",
          "-5.0",
          "5.0"
        ],
        "value": -0.0
      },
      {
        "max": 5.0,
        "min": 0.5,
        "name": "sigmaP",
        "raw": "sigmaP[0.9,0.5,5.0]",
        "tokens": [
          "0.9",
          "0.5",
          "5.0"
        ],
        "value": 0.9
      },
      {
        "max": 5.0,
        "min": -5.0,
        "name": "meanF",
        "raw": "meanF[-0.0,-5.0,5.0]",
        "tokens": [
          "-0.0",
          "-5.0",
          "5.0"
        ],
        "value": -0.0
      },
      {
        "max": 5.0,
        "min": 0.5,
        "name": "sigmaF",
        "raw": "sigmaF[0.9,0.5,5.0]",
        "tokens": [
          "0.9",
          "0.5",
          "5.0"
        ],
        "value": 0.9
      },
      {
        "max": 80.0,
        "min": 50.0,
        "name": "acmsP",
        "raw": "acmsP[60.,50.,80.]",
        "tokens": [
          "60.",
          "50.",
          "80."
        ],
        "value": 60.0
      },
      {
        "max": 0.08,
        "min": 0.01,
        "name": "betaP",
        "raw": "betaP[0.05,0.01,0.08]",
        "tokens": [
          "0.05",
          "0.01",
          "0.08"
        ],
        "value": 0.05
      },
      {
        "max": 2.0,
        "min": -2.0,
        "name": "gammaP",
        "raw": "gammaP[0.1, -2, 2]",
        "tokens": [
          "0.1",
          "-2",
          "2"
        ],
        "value": 0.1
      },
      {
        "max": 90.0,
        "min": 82.0,
        "name": "peakP",
        "raw": "peakP[87.0,82.0,90.0]",
        "tokens": [
          "87.0",
          "82.0",
          "90.0"
        ],
        "value": 87.0
      },
      {
        "max": 80.0,
        "min": 50.0,
        "name": "acmsF",
        "raw": "acmsF[60.,50.,80.]",