{
  "bin": {
    "cut": "tag_Ele_pt > 40 && abs(tag_sc_eta) < 2.17 && (tag_Ele_q + el_q) == 0 && el_sc_eta >= 0.800000 && el_sc_eta < 1.566000 && el_et >= 50.000000 && el_et < 100.000000",
    "index": 29,
    "name": "bin29_el_sc_eta_0p80To1p57_el_et_50p00To100p00",
    "title": "; 0.800 < el_sc_eta < 1.566; 50.000 < el_et < 100.000",
    "vars": {
      "el_et": {
        "max": 100,
        "min": 50
      },
      "el_sc_eta": {
        "max": 1.566,
        "min": 0.8
      }
    }
  },
  "created_at_utc": "2026-04-22T18:09:52.548470+00:00",
  "derived": {
    "efficiency": 0.9811768914079584,
    "efficiency_error": 0.00025370077825188973,
    "nSigF": {
      "error": 45.73074144747147,
      "isConstant": false,
      "max": 5358.052626,
      "min": 0.5,
      "name": "nSigF",
      "value": 3361.104410838176
    },
    "nSigP": {
      "error": 331.4009006540291,
      "isConstant": false,
      "max": 277630.075789,
      "min": 0.5,
      "name": "nSigP",
      "value": 175201.55937038563
    }
  },
  "fit_metadata": {
    "bin_index": 29,
    "fail_hist_uses_pass_hist": false,
    "fit_range": {
      "max": 120.0,
      "min": 60.0
    },
    "truth_fail_template_uses_pass_hist": false,
    "truth_template_source": "/eos/home-p/pelai/HZa/root_TnP//hza_elid_nongap_2024_sf//DY_MC_LO_2024_hza_elid_nongap_2024_sf.root"
  },
  "fit_result": {
    "fail": {
      "covQual": -1,
      "edm": 0.002374875905648926,
      "floatParsFinal": [
        {
          "error": 0.04837213656255779,
          "isConstant": false,
          "max": 5.0,
          "min": -5.0,
          "name": "meanF",
          "value": 0.01020160347183019
        },
        {
          "error": 45.73074144747147,
          "isConstant": false,
          "max": 5358.052626,
          "min": 0.5,
          "name": "nSigF",
          "value": 3361.104410838176
        },
        {
          "error": 0.006826038420229136,
          "isConstant": false,
          "max": 1.500004262137573,
          "min": 0.40000113657001957,
          "name": "sigmaF",
          "value": 0.40000121772452785
        }
      ],
      "floatParsInit": [
        {
          "error": 0.0,
          "isConstant": false,
          "max": 5.0,
          "min": -5.0,
          "name": "meanF",
          "value": -0.0
        },
        {
          "error": 0.0,
          "isConstant": false,
          "max": 5358.052626,
          "min": 0.5,
          "name": "nSigF",
          "value": 3214.831576
        },
        {
          "error": 0.0,
          "isConstant": false,
          "max": 1.500004262137573,
          "min": 0.40000113657001957,
          "name": "sigmaF",
          "value": 0.5000014207125244
        }
      ],
      "minNll": -12341.733535331254,
      "numInvalidNLL": 0,
      "status": 160
    },
    "fail_quality": "check",
    "pass": {
      "covQual": -1,
      "edm": 0.1966728401109225,
      "floatParsFinal": [
        {
          "error": 0.008120844052934562,
          "isConstant": false,
          "max": 5.0,
          "min": -5.0,
          "name": "meanP",
          "value": 0.018489077457192415
        },
        {
          "error": 331.4009006540291,
          "isConstant": false,
          "max": 277630.075789,
          "min": 0.5,
          "name": "nSigP",
          "value": 175201.55937038563
        },
        {
          "error": 0.001687954068305464,
          "isConstant": false,
          "max": 5.0,
          "min": 0.5,
          "name": "sigmaP",
          "value": 0.5000014207125244
        }
      ],
      "floatParsInit": [
        {
          "error": 0.0,
          "isConstant": false,
          "max": 5.0,
          "min": -5.0,
          "name": "meanP",
          "value": -0.0
        },
        {
          "error": 0.0,
          "isConstant": false,
          "max": 277630.075789,
          "min": 0.5,
          "name": "nSigP",
          "value": 166578.045474
        },
        {
          "error": 0.0,
          "isConstant": false,
          "max": 5.0,
          "min": 0.5,
          "name": "sigmaP",
          "value": 0.9
        }
      ],
      "minNll": -1363187.3327222615,
      "numInvalidNLL": 0,
      "status": 160
    },
    "pass_quality": "check",
    "root_read_error": null
  },
  "fit_type": "nominalFit",
  "histograms": {
    "fail": {
      "entries": 3158.0,
      "fit_window": {
        "bin1": 11,
        "bin2": 70,
        "max": 120.0,
        "min": 60.0
      },
      "integral_fit_window": 3361.686593675135,
      "integral_fit_window_error": 73.50237226641947,
      "integral_full": 3572.0350839036028,
      "integral_full_error": 75.8517120803483,
      "maximum_bin_center": 93.5,
      "maximum_bin_content": 264.848338470041,
      "mean": 98.29360491468186,
      "rms": 10.831730441627245
    },
    "pass": {
      "entries": 164197.0,
      "fit_window": {
        "bin1": 11,
        "bin2": 70,
        "max": 120.0,
        "min": 60.0
      },
      "integral_fit_window": 175203.30154550265,
      "integral_fit_window_error": 528.6697355039646,
      "integral_full": 185086.71719286384,
      "integral_full_error": 543.4349467607091,
      "maximum_bin_center": 91.5,
      "maximum_bin_content": 17352.767834732524,
      "mean": 97.4063907130632,
      "rms": 10.259025533097372
    }
  },
  "sample": {
    "fitOutputBinRoot": "/eos/home-p/pelai/HZa/root_TnP//hza_elid_nongap_2024_sf//DY_MC_LO_2024_hza_elid_nongap_2024_sf.nominalFit-bin29_el_sc_eta_0p80To1p57_el_et_50p00To100p00.root",
    "fitOutputRoot": "/eos/home-p/pelai/HZa/root_TnP//hza_elid_nongap_2024_sf//DY_MC_LO_2024_hza_elid_nongap_2024_sf.nominalFit.root",
    "histFile": "/eos/home-p/pelai/HZa/root_TnP//hza_elid_nongap_2024_sf//DY_MC_LO_2024_hza_elid_nongap_2024_sf.root",
    "isMC": true,
    "mcRefHistFile": "/eos/home-p/pelai/HZa/root_TnP//hza_elid_nongap_2024_sf//DY_MC_LO_2024_hza_elid_nongap_2024_sf.root",
    "mcTruth": true,
    "name": "DY_MC_LO_2024"
  },
  "workspace": {
    "effective_parsed": [
      {
        "max": 5.0,
        "min": -5.0,
        "name": "meanP",
        "raw": "meanP[-0.0,-5.0,5.0]",
        "tokens": [
          "-0.0",
          "-5.0",
          "5.0"
        ],
        "value": -0.0
      },
      {
        "max": 5.0,
        "min": 0.5,
        "name": "sigmaP",
        "raw": "sigmaP[0.9,0.5,5.0]",
        "tokens": [
          "0.9",
          "0.5",
          "5.0"
        ],
        "value": 0.9
      },
      {
        "max": 5.0,
        "min": -5.0,
        "name": "meanF",
        "raw": "meanF[-0.0,-5.0,5.0]",
        "tokens": [
          "-0.0",
          "-5.0",
          "5.0"
        ],
        "value": -0.0
      },
      {
        "max": 5.0,
        "min": 0.5,
        "name": "sigmaF",
        "raw": "sigmaF[0.9,0.5,5.0]",
        "tokens": [
          "0.9",
          "0.5",
          "5.0"
        ],
        "value": 0.9
      },
      {
        "max": 90.0,
        "min": 45.0,
        "name": "acmsP",
        "raw": "acmsP[65.,45.,90.]",
        "tokens": [
          "65.",
          "45.",
          "90."
        ],
        "value": 65.0
      },
      {
        "max": 0.1,
        "min": 0.005,
        "name": "betaP",
        "raw": "betaP[0.05,0.005,0.10]",
        "tokens": [
          "0.05",
          "0.005",
          "0.10"
        ],
        "value": 0.05
      },
      {
        "max": 2.0,
        "min": -2.0,
        "name": "gammaP",
        "raw": "gammaP[0.1, -2, 2]",
        "tokens": [
          "0.1",
          "-2",
          "2"
        ],
        "value": 0.1
      },
      {
        "max": 90.0,
        "min": 82.0,
        "name": "peakP",
        "raw": "peakP[87.0,82.0,90.0]",
        "tokens": [
          "87.0",
          "82.0",
          "90.0"
        ],
        "value": 87.0
      },
      {
        "max": 90.0,
        "min": 45.0,
        "name": "acmsF",
        "raw": "acmsF[65.,45.,90.]",