{
  "bin": {
    "cut": "tag_Ele_pt > 40 && abs(tag_sc_eta) < 2.17 && (tag_Ele_q + el_q) == 0 && el_sc_eta >= 2.000000 && el_sc_eta < 2.500000 && el_et >= 35.000000 && el_et < 50.000000",
    "index": 23,
    "name": "bin23_el_sc_eta_2p00To2p50_el_et_35p00To50p00",
    "title": "; 2.000 < el_sc_eta < 2.500; 35.000 < el_et < 50.000",
    "vars": {
      "el_et": {
        "max": 50,
        "min": 35
      },
      "el_sc_eta": {
        "max": 2.5,
        "min": 2.0
      }
    }
  },
  "created_at_utc": "2026-07-10T17:48:52.593750+00:00",
  "derived": {
    "efficiency": 0.9527462516530182,
    "efficiency_error": 6.704353336592459e-07,
    "nSigF": {
      "error": 108.78883005678654,
      "isConstant": false,
      "max": 336993017.460205,
      "min": 0.5,
      "name": "nSigF",
      "value": 223890574.57023185
    },
    "nSigP": {
      "error": 67187.55955696106,
      "isConstant": false,
      "max": 6799212478.255005,
      "min": 0.5,
      "name": "nSigP",
      "value": 4514158414.183312
    }
  },
  "fit_metadata": {
    "bin_index": 23,
    "fail_hist_uses_pass_hist": false,
    "fit_range": {
      "max": 120.0,
      "min": 60.0
    },
    "truth_fail_template_uses_pass_hist": false,
    "truth_template_source": "/eos/cms/store/group/phys_susy/NPS-25-014/root_TnP_local//hza_elid_nongap_2024_sf//DY_MC_LO_2024_hza_elid_nongap_2024_sf.root"
  },
  "fit_result": {
    "fail": {
      "covQual": -1,
      "edm": 1571966107.220164,
      "floatParsFinal": [
        {
          "error": 1.8350422088531104e-06,
          "isConstant": false,
          "max": 5.0,
          "min": -5.0,
          "name": "meanF",
          "value": 0.002109839448452888
        },
        {
          "error": 108.78883005678654,
          "isConstant": false,
          "max": 336993017.460205,
          "min": 0.5,
          "name": "nSigF",
          "value": 223890574.57023185
        },
        {
          "error": 1.39447453584296e-10,
          "isConstant": false,
          "max": 5.0,
          "min": 0.5,
          "name": "sigmaF",
          "value": 0.5000000001211771
        }
      ],
      "floatParsInit": [
        {
          "error": 0.0,
          "isConstant": false,
          "max": 5.0,
          "min": -5.0,
          "name": "meanF",
          "value": -0.0
        },
        {
          "error": 0.0,
          "isConstant": false,
          "max": 336993017.460205,
          "min": 0.5,
          "name": "nSigF",
          "value": 202195810.476123
        },
        {
          "error": 0.0,
          "isConstant": false,
          "max": 5.0,
          "min": 0.5,
          "name": "sigmaF",
          "value": 0.9
        }
      ],
      "minNll": -3430696223.684643,
      "numInvalidNLL": 0,
      "status": -1
    },
    "fail_quality": "check",
    "pass": {
      "covQual": -1,
      "edm": 7.154917432288486e-06,
      "floatParsFinal": [
        {
          "error": 5.364265762564102e-05,
          "isConstant": false,
          "max": 5.0,
          "min": -5.0,
          "name": "meanP",
          "value": 0.006248414137818514
        },
        {
          "error": 67187.55955696106,
          "isConstant": false,
          "max": 6799212478.255005,
          "min": 0.5,
          "name": "nSigP",
          "value": 4514158414.183312
        },
        {
          "error": 1.2193720883013626e-07,
          "isConstant": false,
          "max": 5.0,
          "min": 0.5,
          "name": "sigmaP",
          "value": 0.5
        }
      ],
      "floatParsInit": [
        {
          "error": 0.0,
          "isConstant": false,
          "max": 5.0,
          "min": -5.0,
          "name": "meanP",
          "value": -0.0
        },
        {
          "error": 0.0,
          "isConstant": false,
          "max": 6799212478.255005,
          "min": 0.5,
          "name": "nSigP",
          "value": 4079527486.953003
        },
        {
          "error": 0.0,
          "isConstant": false,
          "max": 5.0,
          "min": 0.5,
          "name": "sigmaP",
          "value": 0.9
        }
      ],
      "minNll": -83048671155.07764,
      "numInvalidNLL": 0,
      "status": 90
    },
    "pass_quality": "check",
    "root_read_error": null
  },
  "fit_type": "nominalFit",
  "histograms": {
    "fail": {
      "entries": 15994.0,
      "fit_window": {
        "bin1": 11,
        "bin2": 70,
        "max": 120.0,
        "min": 60.0
      },
      "integral_fit_window": 223890037.7241211,
      "integral_fit_window_error": 2058032.005104089,
      "integral_full": 224662011.64013672,
      "integral_full_error": 2061132.1323637133,
      "maximum_bin_center": 91.5,
      "maximum_bin_content": 24850384.33569336,
      "mean": 91.59711542978206,
      "rms": 5.237943468470412
    },
    "pass": {
      "entries": 348766.0,
      "fit_window": {
        "bin1": 11,
        "bin2": 70,
        "max": 120.0,
        "min": 60.0
      },
      "integral_fit_window": 4514158668.149658,
      "integral_fit_window_error": 8931744.801963175,
      "integral_full": 4532808318.83667,
      "integral_full_error": 8950300.340117378,
      "maximum_bin_center": 91.5,
      "maximum_bin_content": 548497804.3459473,
      "mean": 91.77061933846684,
      "rms": 5.127476575622353
    }
  },
  "sample": {
    "fitOutputBinRoot": "/eos/cms/store/group/phys_susy/NPS-25-014/root_TnP_local//hza_elid_nongap_2024_sf//DY_MC_LO_2024_hza_elid_nongap_2024_sf.nominalFit-bin23_el_sc_eta_2p00To2p50_el_et_35p00To50p00.root",
    "fitOutputRoot": "/eos/cms/store/group/phys_susy/NPS-25-014/root_TnP_local//hza_elid_nongap_2024_sf//DY_MC_LO_2024_hza_elid_nongap_2024_sf.nominalFit.root",
    "histFile": "/eos/cms/store/group/phys_susy/NPS-25-014/root_TnP_local//hza_elid_nongap_2024_sf//DY_MC_LO_2024_hza_elid_nongap_2024_sf.root",
    "isMC": true,
    "mcRefHistFile": "/eos/cms/store/group/phys_susy/NPS-25-014/root_TnP_local//hza_elid_nongap_2024_sf//DY_MC_LO_2024_hza_elid_nongap_2024_sf.root",
    "mcTruth": true,
    "name": "DY_MC_LO_2024"
  },
  "workspace": {
    "effective_parsed": [
      {
        "max": 5.0,
        "min": -5.0,
        "name": "meanP",
        "raw": "meanP[-0.0,-5.0,5.0]",
        "tokens": [
          "-0.0",
          "-5.0",
          "5.0"
        ],
        "value": -0.0
      },
      {
        "max": 5.0,
        "min": 0.5,
        "name": "sigmaP",
        "raw": "sigmaP[0.9,0.5,5.0]",
        "tokens": [
          "0.9",
          "0.5",
          "5.0"
        ],
        "value": 0.9
      },
      {
        "max": 5.0,
        "min": -5.0,
        "name": "meanF",
        "raw": "meanF[-0.0,-5.0,5.0]",
        "tokens": [
          "-0.0",
          "-5.0",
          "5.0"
        ],
        "value": -0.0
      },
      {
        "max": 5.0,
        "min": 0.5,
        "name": "sigmaF",
        "raw": "sigmaF[0.9,0.5,5.0]",
        "tokens": [
          "0.9",
          "0.5",
          "5.0"
        ],
        "value": 0.9
      },
      {
        "max": 90.0,
        "min": 45.0,
        "name": "acmsP",
        "raw": "acmsP[65.,45.,90.]",
        "tokens": [
          "65.",
          "45.",
          "90."
        ],
        "value": 65.0
      },
      {
        "max": 0.1,
        "min": 0.005,
        "name": "betaP",
        "raw": "betaP[0.05,0.005,0.10]",
        "tokens": [
          "0.05",
          "0.005",
          "0.10"
        ],
        "value": 0.05
      },
      {
        "max": 2.0,
        "min": -2.0,
        "name": "gammaP",
        "raw": "gammaP[0.1, -2, 2]",
        "tokens": [
          "0.1",
          "-2",
          "2"
        ],
        "value": 0.1
      },
      {
        "max": 90.0,
        "min": 82.0,
        "name": "peakP",
        "raw": "peakP[87.0,82.0,90.0]",
        "tokens": [
          "87.0",
          "82.0",
          "90.0"
        ],
        "value": 87.0
      },
      {
        "max": 90.0,
        "min": 45.0,
        "name": "acmsF",