{
  "bin": {
    "cut": "tag_Ele_pt > 40 && abs(tag_sc_eta) < 2.17 && (tag_Ele_q + el_q) == 0 && el_sc_eta >= -2.000000 && el_sc_eta < -1.566000 && el_et >= 50.000000 && el_et < 100.000000",
    "index": 25,
    "name": "bin25_el_sc_eta_m2p00Tom1p57_el_et_50p00To100p00",
    "title": "; -2.000 < el_sc_eta < -1.566; 50.000 < el_et < 100.000",
    "vars": {
      "el_et": {
        "max": 100,
        "min": 50
      },
      "el_sc_eta": {
        "max": -1.566,
        "min": -2.0
      }
    }
  },
  "created_at_utc": "2026-07-10T17:48:57.668232+00:00",
  "derived": {
    "efficiency": 0.9720051380512269,
    "efficiency_error": 4.187113154965194e-08,
    "nSigF": {
      "error": 35.292705569416285,
      "isConstant": false,
      "max": 36947963.09436,
      "min": 0.5,
      "name": "nSigF",
      "value": 23279014.354035813
    },
    "nSigP": {
      "error": 212.7274051308632,
      "isConstant": false,
      "max": 1282210796.637817,
      "min": 0.5,
      "name": "nSigP",
      "value": 808266945.6379591
    }
  },
  "fit_metadata": {
    "bin_index": 25,
    "fail_hist_uses_pass_hist": false,
    "fit_range": {
      "max": 120.0,
      "min": 60.0
    },
    "truth_fail_template_uses_pass_hist": false,
    "truth_template_source": "/eos/cms/store/group/phys_susy/NPS-25-014/root_TnP_local//hza_elid_nongap_2024_sf//DY_MC_LO_2024_hza_elid_nongap_2024_sf.root"
  },
  "fit_result": {
    "fail": {
      "covQual": -1,
      "edm": 61771.21938050404,
      "floatParsFinal": [
        {
          "error": 4.218494838781339e-06,
          "isConstant": false,
          "max": 5.0,
          "min": -5.0,
          "name": "meanF",
          "value": 0.018096967514759754
        },
        {
          "error": 35.292705569416285,
          "isConstant": false,
          "max": 36947963.09436,
          "min": 0.5,
          "name": "nSigF",
          "value": 23279014.354035813
        },
        {
          "error": 1.1435991043029503e-10,
          "isConstant": false,
          "max": 5.0,
          "min": 0.5,
          "name": "sigmaF",
          "value": 0.5000000000868857
        }
      ],
      "floatParsInit": [
        {
          "error": 0.0,
          "isConstant": false,
          "max": 5.0,
          "min": -5.0,
          "name": "meanF",
          "value": -0.0
        },
        {
          "error": 0.0,
          "isConstant": false,
          "max": 36947963.09436,
          "min": 0.5,
          "name": "nSigF",
          "value": 22168777.856616
        },
        {
          "error": 0.0,
          "isConstant": false,
          "max": 5.0,
          "min": 0.5,
          "name": "sigmaF",
          "value": 0.9
        }
      ],
      "minNll": -294683362.4955827,
      "numInvalidNLL": 0,
      "status": -1
    },
    "fail_quality": "check",
    "pass": {
      "covQual": -1,
      "edm": 980611457.9295074,
      "floatParsFinal": [
        {
          "error": 1.1503555326086712e-06,
          "isConstant": false,
          "max": 5.0,
          "min": -5.0,
          "name": "meanP",
          "value": 0.016450839988494614
        },
        {
          "error": 212.7274051308632,
          "isConstant": false,
          "max": 1282210796.637817,
          "min": 0.5,
          "name": "nSigP",
          "value": 808266945.6379591
        },
        {
          "error": 2.0833534897235495e-10,
          "isConstant": false,
          "max": 5.0,
          "min": 0.5,
          "name": "sigmaP",
          "value": 0.500000000498807
        }
      ],
      "floatParsInit": [
        {
          "error": 0.0,
          "isConstant": false,
          "max": 5.0,
          "min": -5.0,
          "name": "meanP",
          "value": -0.0
        },
        {
          "error": 0.0,
          "isConstant": false,
          "max": 1282210796.637817,
          "min": 0.5,
          "name": "nSigP",
          "value": 769326477.98269
        },
        {
          "error": 0.0,
          "isConstant": false,
          "max": 5.0,
          "min": 0.5,
          "name": "sigmaP",
          "value": 0.9
        }
      ],
      "minNll": -13113961351.81147,
      "numInvalidNLL": 0,
      "status": -1
    },
    "pass_quality": "check",
    "root_read_error": null
  },
  "fit_type": "nominalFit",
  "histograms": {
    "fail": {
      "entries": 1731.0,
      "fit_window": {
        "bin1": 11,
        "bin2": 70,
        "max": 120.0,
        "min": 60.0
      },
      "integral_fit_window": 23278991.729492188,
      "integral_fit_window_error": 659597.5653912339,
      "integral_full": 24631975.396240234,
      "integral_full_error": 683893.0321222371,
      "maximum_bin_center": 92.5,
      "maximum_bin_content": 2258369.1774902344,
      "mean": 98.65169247242679,
      "rms": 9.689640166783489
    },
    "pass": {
      "entries": 64912.0,
      "fit_window": {
        "bin1": 11,
        "bin2": 70,
        "max": 120.0,
        "min": 60.0
      },
      "integral_fit_window": 808264595.7055664,
      "integral_fit_window_error": 3799554.219742885,
      "integral_full": 854807197.7585449,
      "integral_full_error": 3914017.0403220365,
      "maximum_bin_center": 92.5,
      "maximum_bin_content": 77485394.93041992,
      "mean": 97.53690500091824,
      "rms": 10.211219376003372
    }
  },
  "sample": {
    "fitOutputBinRoot": "/eos/cms/store/group/phys_susy/NPS-25-014/root_TnP_local//hza_elid_nongap_2024_sf//DY_MC_LO_2024_hza_elid_nongap_2024_sf.nominalFit-bin25_el_sc_eta_m2p00Tom1p57_el_et_50p00To100p00.root",
    "fitOutputRoot": "/eos/cms/store/group/phys_susy/NPS-25-014/root_TnP_local//hza_elid_nongap_2024_sf//DY_MC_LO_2024_hza_elid_nongap_2024_sf.nominalFit.root",
    "histFile": "/eos/cms/store/group/phys_susy/NPS-25-014/root_TnP_local//hza_elid_nongap_2024_sf//DY_MC_LO_2024_hza_elid_nongap_2024_sf.root",
    "isMC": true,
    "mcRefHistFile": "/eos/cms/store/group/phys_susy/NPS-25-014/root_TnP_local//hza_elid_nongap_2024_sf//DY_MC_LO_2024_hza_elid_nongap_2024_sf.root",
    "mcTruth": true,
    "name": "DY_MC_LO_2024"
  },
  "workspace": {
    "effective_parsed": [
      {
        "max": 5.0,
        "min": -5.0,
        "name": "meanP",
        "raw": "meanP[-0.0,-5.0,5.0]",
        "tokens": [
          "-0.0",
          "-5.0",
          "5.0"
        ],
        "value": -0.0
      },
      {
        "max": 5.0,
        "min": 0.5,
        "name": "sigmaP",
        "raw": "sigmaP[0.9,0.5,5.0]",
        "tokens": [
          "0.9",
          "0.5",
          "5.0"
        ],
        "value": 0.9
      },
      {
        "max": 5.0,
        "min": -5.0,
        "name": "meanF",
        "raw": "meanF[-0.0,-5.0,5.0]",
        "tokens": [
          "-0.0",
          "-5.0",
          "5.0"
        ],
        "value": -0.0
      },
      {
        "max": 5.0,
        "min": 0.5,
        "name": "sigmaF",
        "raw": "sigmaF[0.9,0.5,5.0]",
        "tokens": [
          "0.9",
          "0.5",
          "5.0"
        ],
        "value": 0.9
      },
      {
        "max": 90.0,
        "min": 45.0,
        "name": "acmsP",
        "raw": "acmsP[65.,45.,90.]",
        "tokens": [
          "65.",
          "45.",
          "90."
        ],
        "value": 65.0
      },
      {
        "max": 0.1,
        "min": 0.005,
        "name": "betaP",
        "raw": "betaP[0.05,0.005,0.10]",
        "tokens": [
          "0.05",
          "0.005",
          "0.10"
        ],
        "value": 0.05
      },
      {
        "max": 2.0,
        "min": -2.0,
        "name": "gammaP",
        "raw": "gammaP[0.1, -2, 2]",
        "tokens": [
          "0.1",
          "-2",
          "2"
        ],
        "value": 0.1
      },
      {
        "max": 90.0,
        "min": 82.0,
        "name": "peakP",
        "raw": "peakP[87.0,82.0,90.0]",
        "tokens": [
          "87.0",
          "82.0",
          "90.0"
        ],
        "value": 87.0
      },
      {
        "max": 90.0,
        "min": 45.0,
        "name": "acmsF",