{
  "bin": {
    "cut": "tag_Ele_pt > 40 && abs(tag_sc_eta) < 2.17 && (tag_Ele_q + el_q) == 0 && el_sc_eta >= 1.566000 && el_sc_eta < 2.000000 && el_et >= 35.000000 && el_et < 50.000000",
    "index": 22,
    "name": "bin22_el_sc_eta_1p57To2p00_el_et_35p00To50p00",
    "title": "; 1.566 < el_sc_eta < 2.000; 35.000 < el_et < 50.000",
    "vars": {
      "el_et": {
        "max": 50,
        "min": 35
      },
      "el_sc_eta": {
        "max": 2.0,
        "min": 1.566
      }
    }
  },
  "created_at_utc": "2026-04-22T18:09:51.484233+00:00",
  "derived": {
    "efficiency": 0.971481154499301,
    "efficiency_error": 0.0001720338137571314,
    "nSigF": {
      "error": 102.50554480569008,
      "isConstant": false,
      "max": 25187.215916,
      "min": 0.5,
      "name": "nSigF",
      "value": 16747.996733950265
    },
    "nSigP": {
      "error": 597.3145261895843,
      "isConstant": false,
      "max": 858172.654538,
      "min": 0.5,
      "name": "nSigP",
      "value": 570512.6879084093
    }
  },
  "fit_metadata": {
    "bin_index": 22,
    "fail_hist_uses_pass_hist": false,
    "fit_range": {
      "max": 120.0,
      "min": 60.0
    },
    "truth_fail_template_uses_pass_hist": false,
    "truth_template_source": "/eos/home-p/pelai/HZa/root_TnP//hza_elid_nongap_2024_sf//DY_MC_LO_2024_hza_elid_nongap_2024_sf.root"
  },
  "fit_result": {
    "fail": {
      "covQual": -1,
      "edm": 0.06780994897383404,
      "floatParsFinal": [
        {
          "error": 0.02262542666569667,
          "isConstant": false,
          "max": 5.0,
          "min": -5.0,
          "name": "meanF",
          "value": 0.001400810570864941
        },
        {
          "error": 102.50554480569008,
          "isConstant": false,
          "max": 25187.215916,
          "min": 0.5,
          "name": "nSigF",
          "value": 16747.996733950265
        },
        {
          "error": 0.007190281883424687,
          "isConstant": false,
          "max": 1.500000100549859,
          "min": 0.4000000268132958,
          "name": "sigmaF",
          "value": 0.4000023295820178
        }
      ],
      "floatParsInit": [
        {
          "error": 0.0,
          "isConstant": false,
          "max": 5.0,
          "min": -5.0,
          "name": "meanF",
          "value": -0.0
        },
        {
          "error": 0.0,
          "isConstant": false,
          "max": 25187.215916,
          "min": 0.5,
          "name": "nSigF",
          "value": 15112.32955
        },
        {
          "error": 0.0,
          "isConstant": false,
          "max": 1.500000100549859,
          "min": 0.4000000268132958,
          "name": "sigmaF",
          "value": 0.5000000335166197
        }
      ],
      "minNll": -97583.68100961467,
      "numInvalidNLL": 0,
      "status": 160
    },
    "fail_quality": "check",
    "pass": {
      "covQual": -1,
      "edm": 0.2781418205115817,
      "floatParsFinal": [
        {
          "error": 0.0037726317815822696,
          "isConstant": false,
          "max": 5.0,
          "min": -5.0,
          "name": "meanP",
          "value": 0.0025407082692492367
        },
        {
          "error": 597.3145261895843,
          "isConstant": false,
          "max": 858172.654538,
          "min": 0.5,
          "name": "nSigP",
          "value": 570512.6879084093
        },
        {
          "error": 0.0006513728658368301,
          "isConstant": false,
          "max": 5.0,
          "min": 0.5,
          "name": "sigmaP",
          "value": 0.5000000335166197
        }
      ],
      "floatParsInit": [
        {
          "error": 0.0,
          "isConstant": false,
          "max": 5.0,
          "min": -5.0,
          "name": "meanP",
          "value": -0.0
        },
        {
          "error": 0.0,
          "isConstant": false,
          "max": 858172.654538,
          "min": 0.5,
          "name": "nSigP",
          "value": 514903.592723
        },
        {
          "error": 0.0,
          "isConstant": false,
          "max": 5.0,
          "min": 0.5,
          "name": "sigmaP",
          "value": 0.9
        }
      ],
      "minNll": -5383119.890037397,
      "numInvalidNLL": 0,
      "status": 160
    },
    "pass_quality": "check",
    "root_read_error": null
  },
  "fit_type": "nominalFit",
  "histograms": {
    "fail": {
      "entries": 14902.0,
      "fit_window": {
        "bin1": 11,
        "bin2": 70,
        "max": 120.0,
        "min": 60.0
      },
      "integral_fit_window": 16746.954576899072,
      "integral_fit_window_error": 163.38968844089763,
      "integral_full": 16791.477277359805,
      "integral_full_error": 163.617457298465,
      "maximum_bin_center": 90.5,
      "maximum_bin_content": 1932.5475639597719,
      "mean": 90.75432099163903,
      "rms": 5.1330628216151455
    },
    "pass": {
      "entries": 506639.0,
      "fit_window": {
        "bin1": 11,
        "bin2": 70,
        "max": 120.0,
        "min": 60.0
      },
      "integral_fit_window": 570495.916183037,
      "integral_fit_window_error": 955.137050300017,
      "integral_full": 572115.1030251314,
      "integral_full_error": 956.5106120879914,
      "maximum_bin_center": 90.5,
      "maximum_bin_content": 69604.45499011078,
      "mean": 91.12784470625344,
      "rms": 4.860963745495544
    }
  },
  "sample": {
    "fitOutputBinRoot": "/eos/home-p/pelai/HZa/root_TnP//hza_elid_nongap_2024_sf//DY_MC_LO_2024_hza_elid_nongap_2024_sf.nominalFit-bin22_el_sc_eta_1p57To2p00_el_et_35p00To50p00.root",
    "fitOutputRoot": "/eos/home-p/pelai/HZa/root_TnP//hza_elid_nongap_2024_sf//DY_MC_LO_2024_hza_elid_nongap_2024_sf.nominalFit.root",
    "histFile": "/eos/home-p/pelai/HZa/root_TnP//hza_elid_nongap_2024_sf//DY_MC_LO_2024_hza_elid_nongap_2024_sf.root",
    "isMC": true,
    "mcRefHistFile": "/eos/home-p/pelai/HZa/root_TnP//hza_elid_nongap_2024_sf//DY_MC_LO_2024_hza_elid_nongap_2024_sf.root",
    "mcTruth": true,
    "name": "DY_MC_LO_2024"
  },
  "workspace": {
    "effective_parsed": [
      {
        "max": 5.0,
        "min": -5.0,
        "name": "meanP",
        "raw": "meanP[-0.0,-5.0,5.0]",
        "tokens": [
          "-0.0",
          "-5.0",
          "5.0"
        ],
        "value": -0.0
      },
      {
        "max": 5.0,
        "min": 0.5,
        "name": "sigmaP",
        "raw": "sigmaP[0.9,0.5,5.0]",
        "tokens": [
          "0.9",
          "0.5",
          "5.0"
        ],
        "value": 0.9
      },
      {
        "max": 5.0,
        "min": -5.0,
        "name": "meanF",
        "raw": "meanF[-0.0,-5.0,5.0]",
        "tokens": [
          "-0.0",
          "-5.0",
          "5.0"
        ],
        "value": -0.0
      },
      {
        "max": 5.0,
        "min": 0.5,
        "name": "sigmaF",
        "raw": "sigmaF[0.9,0.5,5.0]",
        "tokens": [
          "0.9",
          "0.5",
          "5.0"
        ],
        "value": 0.9
      },
      {
        "max": 90.0,
        "min": 45.0,
        "name": "acmsP",
        "raw": "acmsP[65.,45.,90.]",
        "tokens": [
          "65.",
          "45.",
          "90."
        ],
        "value": 65.0
      },
      {
        "max": 0.1,
        "min": 0.005,
        "name": "betaP",
        "raw": "betaP[0.05,0.005,0.10]",
        "tokens": [
          "0.05",
          "0.005",
          "0.10"
        ],
        "value": 0.05
      },
      {
        "max": 2.0,
        "min": -2.0,
        "name": "gammaP",
        "raw": "gammaP[0.1, -2, 2]",
        "tokens": [
          "0.1",
          "-2",
          "2"
        ],
        "value": 0.1
      },
      {
        "max": 90.0,
        "min": 82.0,
        "name": "peakP",
        "raw": "peakP[87.0,82.0,90.0]",
        "tokens": [
          "87.0",
          "82.0",
          "90.0"
        ],
        "value": 87.0
      },
      {
        "max": 90.0,
        "min": 45.0,
        "name": "acmsF",
        "raw": "acmsF[65.,45.,90.]",