{
  "bin": {
    "cut": "tag_Ele_pt > 40 && abs(tag_sc_eta) < 2.17 && (tag_Ele_q + el_q) == 0 && el_sc_eta >= -2.500000 && el_sc_eta < -2.000000 && el_et >= 50.000000 && el_et < 100.000000",
    "index": 24,
    "name": "bin24_el_sc_eta_m2p50Tom2p00_el_et_50p00To100p00",
    "title": "; -2.500 < el_sc_eta < -2.000; 50.000 < el_et < 100.000",
    "vars": {
      "el_et": {
        "max": 100,
        "min": 50
      },
      "el_sc_eta": {
        "max": -2.0,
        "min": -2.5
      }
    }
  },
  "created_at_utc": "2026-04-21T16:06:54.190818+00:00",
  "derived": {
    "efficiency": 0.968616614504301,
    "efficiency_error": 0.0006449959942976672,
    "nSigF": {
      "error": 30.207089147484226,
      "isConstant": false,
      "max": 2331.174046,
      "min": 0.5,
      "name": "nSigF",
      "value": 1446.3135507906484
    },
    "nSigP": {
      "error": 167.0125959887191,
      "isConstant": false,
      "max": 71629.595842,
      "min": 0.5,
      "name": "nSigP",
      "value": 44639.01242491912
    }
  },
  "fit_metadata": {
    "bin_index": 24,
    "fail_hist_uses_pass_hist": false,
    "fit_range": {
      "max": 120.0,
      "min": 60.0
    },
    "truth_fail_template_uses_pass_hist": false,
    "truth_template_source": "/eos/home-p/pelai/HZa/root_TnP//hza_elid_nongap_2024_sf//DY_MC_LO_2024_hza_elid_nongap_2024_sf.root"
  },
  "fit_result": {
    "fail": {
      "covQual": -1,
      "edm": 0.002315231210331175,
      "floatParsFinal": [
        {
          "error": 0.05069519273509515,
          "isConstant": false,
          "max": 5.0,
          "min": -5.0,
          "name": "meanF",
          "value": 0.006975684516752345
        },
        {
          "error": 30.207089147484226,
          "isConstant": false,
          "max": 2331.174046,
          "min": 0.5,
          "name": "nSigF",
          "value": 1446.3135507906484
        },
        {
          "error": 0.0058394368987117196,
          "isConstant": false,
          "max": 1.5000068403640505,
          "min": 0.4000018240970802,
          "name": "sigmaF",
          "value": 0.40000200041594824
        }
      ],
      "floatParsInit": [
        {
          "error": 0.0,
          "isConstant": false,
          "max": 5.0,
          "min": -5.0,
          "name": "meanF",
          "value": -0.0
        },
        {
          "error": 0.0,
          "isConstant": false,
          "max": 2331.174046,
          "min": 0.5,
          "name": "nSigF",
          "value": 1398.704427
        },
        {
          "error": 0.0,
          "isConstant": false,
          "max": 1.5000068403640505,
          "min": 0.4000018240970802,
          "name": "sigmaF",
          "value": 0.5000022801213502
        }
      ],
      "minNll": -4251.943701860961,
      "numInvalidNLL": 0,
      "status": 160
    },
    "fail_quality": "check",
    "pass": {
      "covQual": -1,
      "edm": 79.0618741578857,
      "floatParsFinal": [
        {
          "error": 0.017073537949138906,
          "isConstant": false,
          "max": 5.0,
          "min": -5.0,
          "name": "meanP",
          "value": 0.020674207251255794
        },
        {
          "error": 167.0125959887191,
          "isConstant": false,
          "max": 71629.595842,
          "min": 0.5,
          "name": "nSigP",
          "value": 44639.01242491912
        },
        {
          "error": 0.0054838009063120086,
          "isConstant": false,
          "max": 5.0,
          "min": 0.5,
          "name": "sigmaP",
          "value": 0.5000022801213502
        }
      ],
      "floatParsInit": [
        {
          "error": 0.0,
          "isConstant": false,
          "max": 5.0,
          "min": -5.0,
          "name": "meanP",
          "value": -0.0
        },
        {
          "error": 0.0,
          "isConstant": false,
          "max": 71629.595842,
          "min": 0.5,
          "name": "nSigP",
          "value": 42977.757505
        },
        {
          "error": 0.0,
          "isConstant": false,
          "max": 5.0,
          "min": 0.5,
          "name": "sigmaP",
          "value": 0.9
        }
      ],
      "minNll": -284911.5114478086,
      "numInvalidNLL": 0,
      "status": 213
    },
    "pass_quality": "check",
    "root_read_error": null
  },
  "fit_type": "nominalFit",
  "histograms": {
    "fail": {
      "entries": 1396.0,
      "fit_window": {
        "bin1": 11,
        "bin2": 70,
        "max": 120.0,
        "min": 60.0
      },
      "integral_fit_window": 1446.7430912328919,
      "integral_fit_window_error": 47.882131637537995,
      "integral_full": 1554.116030461281,
      "integral_full_error": 49.594739255354895,
      "maximum_bin_center": 93.5,
      "maximum_bin_content": 122.27139345371253,
      "mean": 99.36869196504746,
      "rms": 10.682456766614662
    },
    "pass": {
      "entries": 42371.0,
      "fit_window": {
        "bin1": 11,
        "bin2": 70,
        "max": 120.0,
        "min": 60.0
      },
      "integral_fit_window": 44638.08852974944,
      "integral_fit_window_error": 267.28208530225305,
      "integral_full": 47753.06389474637,
      "integral_full_error": 276.45526732017163,
      "maximum_bin_center": 91.5,
      "maximum_bin_content": 4075.5044397009933,
      "mean": 98.12112013568226,
      "rms": 10.672694360647071
    }
  },
  "sample": {
    "fitOutputBinRoot": "/eos/home-p/pelai/HZa/root_TnP//hza_elid_nongap_2024_sf//DY_MC_LO_2024_hza_elid_nongap_2024_sf.nominalFit-bin24_el_sc_eta_m2p50Tom2p00_el_et_50p00To100p00.root",
    "fitOutputRoot": "/eos/home-p/pelai/HZa/root_TnP//hza_elid_nongap_2024_sf//DY_MC_LO_2024_hza_elid_nongap_2024_sf.nominalFit.root",
    "histFile": "/eos/home-p/pelai/HZa/root_TnP//hza_elid_nongap_2024_sf//DY_MC_LO_2024_hza_elid_nongap_2024_sf.root",
    "isMC": true,
    "mcRefHistFile": "/eos/home-p/pelai/HZa/root_TnP//hza_elid_nongap_2024_sf//DY_MC_LO_2024_hza_elid_nongap_2024_sf.root",
    "mcTruth": true,
    "name": "DY_MC_LO_2024"
  },
  "workspace": {
    "effective_parsed": [
      {
        "max": 5.0,
        "min": -5.0,
        "name": "meanP",
        "raw": "meanP[-0.0,-5.0,5.0]",
        "tokens": [
          "-0.0",
          "-5.0",
          "5.0"
        ],
        "value": -0.0
      },
      {
        "max": 5.0,
        "min": 0.5,
        "name": "sigmaP",
        "raw": "sigmaP[0.9,0.5,5.0]",
        "tokens": [
          "0.9",
          "0.5",
          "5.0"
        ],
        "value": 0.9
      },
      {
        "max": 5.0,
        "min": -5.0,
        "name": "meanF",
        "raw": "meanF[-0.0,-5.0,5.0]",
        "tokens": [
          "-0.0",
          "-5.0",
          "5.0"
        ],
        "value": -0.0
      },
      {
        "max": 5.0,
        "min": 0.5,
        "name": "sigmaF",
        "raw": "sigmaF[0.9,0.5,5.0]",
        "tokens": [
          "0.9",
          "0.5",
          "5.0"
        ],
        "value": 0.9
      },
      {
        "max": 90.0,
        "min": 45.0,
        "name": "acmsP",
        "raw": "acmsP[65.,45.,90.]",
        "tokens": [
          "65.",
          "45.",
          "90."
        ],
        "value": 65.0
      },
      {
        "max": 0.1,
        "min": 0.005,
        "name": "betaP",
        "raw": "betaP[0.05,0.005,0.10]",
        "tokens": [
          "0.05",
          "0.005",
          "0.10"
        ],
        "value": 0.05
      },
      {
        "max": 2.0,
        "min": -2.0,
        "name": "gammaP",
        "raw": "gammaP[0.1, -2, 2]",
        "tokens": [
          "0.1",
          "-2",
          "2"
        ],
        "value": 0.1
      },
      {
        "max": 90.0,
        "min": 82.0,
        "name": "peakP",
        "raw": "peakP[87.0,82.0,90.0]",
        "tokens": [
          "87.0",
          "82.0",
          "90.0"
        ],
        "value": 87.0
      },
      {
        "max": 90.0,
        "min": 45.0,
        "name": "acmsF",
        "raw": "acmsF[65.,45.,90.]",