{
  "bin": {
    "cut": "tag_Ele_pt > 40 && abs(tag_sc_eta) < 2.17 && (tag_Ele_q + el_q) == 0 && el_sc_eta >= 2.000000 && el_sc_eta < 2.500000 && el_et >= 35.000000 && el_et < 50.000000",
    "index": 23,
    "name": "bin23_el_sc_eta_2p00To2p50_el_et_35p00To50p00",
    "title": "; 2.000 < el_sc_eta < 2.500; 35.000 < el_et < 50.000",
    "vars": {
      "el_et": {
        "max": 50,
        "min": 35
      },
      "el_sc_eta": {
        "max": 2.5,
        "min": 2.0
      }
    }
  },
  "created_at_utc": "2026-04-22T06:46:41.690915+00:00",
  "derived": {
    "efficiency": 0.9561659888630849,
    "efficiency_error": 0.0002490491408909414,
    "nSigF": {
      "error": 106.89791739039356,
      "isConstant": false,
      "max": 27698.732897,
      "min": 0.5,
      "name": "nSigF",
      "value": 18400.19179598163
    },
    "nSigP": {
      "error": 500.8430432813184,
      "isConstant": false,
      "max": 604566.4766,
      "min": 0.5,
      "name": "nSigP",
      "value": 401369.55591222557
    }
  },
  "fit_metadata": {
    "bin_index": 23,
    "fail_hist_uses_pass_hist": false,
    "fit_range": {
      "max": 120.0,
      "min": 60.0
    },
    "truth_fail_template_uses_pass_hist": false,
    "truth_template_source": "/eos/home-p/pelai/HZa/root_TnP//hza_elid_nongap_2024_sf//DY_MC_LO_2024_hza_elid_nongap_2024_sf.root"
  },
  "fit_result": {
    "fail": {
      "covQual": -1,
      "edm": 0.26062065780246413,
      "floatParsFinal": [
        {
          "error": 0.020949405329957482,
          "isConstant": false,
          "max": 5.0,
          "min": -5.0,
          "name": "meanF",
          "value": 0.0024487723323431965
        },
        {
          "error": 106.89791739039356,
          "isConstant": false,
          "max": 27698.732897,
          "min": 0.5,
          "name": "nSigF",
          "value": 18400.19179598163
        },
        {
          "error": 0.004392359944924873,
          "isConstant": false,
          "max": 1.5000000607822426,
          "min": 0.40000001620859804,
          "name": "sigmaF",
          "value": 0.400001599857722
        }
      ],
      "floatParsInit": [
        {
          "error": 0.0,
          "isConstant": false,
          "max": 5.0,
          "min": -5.0,
          "name": "meanF",
          "value": -0.0
        },
        {
          "error": 0.0,
          "isConstant": false,
          "max": 27698.732897,
          "min": 0.5,
          "name": "nSigF",
          "value": 16619.239738
        },
        {
          "error": 0.0,
          "isConstant": false,
          "max": 1.5000000607822426,
          "min": 0.40000001620859804,
          "name": "sigmaF",
          "value": 0.5000000202607475
        }
      ],
      "minNll": -109126.09439122994,
      "numInvalidNLL": 0,
      "status": 160
    },
    "fail_quality": "check",
    "pass": {
      "covQual": -1,
      "edm": 0.256392805026415,
      "floatParsFinal": [
        {
          "error": 0.004478475814621241,
          "isConstant": false,
          "max": 5.0,
          "min": -5.0,
          "name": "meanP",
          "value": 0.006455892513200112
        },
        {
          "error": 500.8430432813184,
          "isConstant": false,
          "max": 604566.4766,
          "min": 0.5,
          "name": "nSigP",
          "value": 401369.55591222557
        },
        {
          "error": 0.0007785996489013125,
          "isConstant": false,
          "max": 5.0,
          "min": 0.5,
          "name": "sigmaP",
          "value": 0.5000000202607475
        }
      ],
      "floatParsInit": [
        {
          "error": 0.0,
          "isConstant": false,
          "max": 5.0,
          "min": -5.0,
          "name": "meanP",
          "value": -0.0
        },
        {
          "error": 0.0,
          "isConstant": false,
          "max": 604566.4766,
          "min": 0.5,
          "name": "nSigP",
          "value": 362739.88596
        },
        {
          "error": 0.0,
          "isConstant": false,
          "max": 5.0,
          "min": 0.5,
          "name": "sigmaP",
          "value": 0.9
        }
      ],
      "minNll": -3640863.865098902,
      "numInvalidNLL": 0,
      "status": 160
    },
    "pass_quality": "check",
    "root_read_error": null
  },
  "fit_type": "nominalFit",
  "histograms": {
    "fail": {
      "entries": 16340.0,
      "fit_window": {
        "bin1": 11,
        "bin2": 70,
        "max": 120.0,
        "min": 60.0
      },
      "integral_fit_window": 18401.069442588876,
      "integral_fit_window_error": 172.12856273512858,
      "integral_full": 18465.821931037084,
      "integral_full_error": 172.4483087562299,
      "maximum_bin_center": 91.5,
      "maximum_bin_content": 2070.6645090154725,
      "mean": 91.45791791817291,
      "rms": 5.215014839508051
    },
    "pass": {
      "entries": 356727.0,
      "fit_window": {
        "bin1": 11,
        "bin2": 70,
        "max": 120.0,
        "min": 60.0
      },
      "integral_fit_window": 401369.0724696739,
      "integral_fit_window_error": 801.3889110768843,
      "integral_full": 403044.31773311784,
      "integral_full_error": 803.0951410304967,
      "maximum_bin_center": 90.5,
      "maximum_bin_content": 48730.37028891542,
      "mean": 91.72583688512991,
      "rms": 5.1392827181542655
    }
  },
  "sample": {
    "fitOutputBinRoot": "/eos/home-p/pelai/HZa/root_TnP//hza_elid_nongap_2024_sf//DY_MC_LO_2024_hza_elid_nongap_2024_sf.nominalFit-bin23_el_sc_eta_2p00To2p50_el_et_35p00To50p00.root",
    "fitOutputRoot": "/eos/home-p/pelai/HZa/root_TnP//hza_elid_nongap_2024_sf//DY_MC_LO_2024_hza_elid_nongap_2024_sf.nominalFit.root",
    "histFile": "/eos/home-p/pelai/HZa/root_TnP//hza_elid_nongap_2024_sf//DY_MC_LO_2024_hza_elid_nongap_2024_sf.root",
    "isMC": true,
    "mcRefHistFile": "/eos/home-p/pelai/HZa/root_TnP//hza_elid_nongap_2024_sf//DY_MC_LO_2024_hza_elid_nongap_2024_sf.root",
    "mcTruth": true,
    "name": "DY_MC_LO_2024"
  },
  "workspace": {
    "effective_parsed": [
      {
        "max": 5.0,
        "min": -5.0,
        "name": "meanP",
        "raw": "meanP[-0.0,-5.0,5.0]",
        "tokens": [
          "-0.0",
          "-5.0",
          "5.0"
        ],
        "value": -0.0
      },
      {
        "max": 5.0,
        "min": 0.5,
        "name": "sigmaP",
        "raw": "sigmaP[0.9,0.5,5.0]",
        "tokens": [
          "0.9",
          "0.5",
          "5.0"
        ],
        "value": 0.9
      },
      {
        "max": 5.0,
        "min": -5.0,
        "name": "meanF",
        "raw": "meanF[-0.0,-5.0,5.0]",
        "tokens": [
          "-0.0",
          "-5.0",
          "5.0"
        ],
        "value": -0.0
      },
      {
        "max": 5.0,
        "min": 0.5,
        "name": "sigmaF",
        "raw": "sigmaF[0.9,0.5,5.0]",
        "tokens": [
          "0.9",
          "0.5",
          "5.0"
        ],
        "value": 0.9
      },
      {
        "max": 90.0,
        "min": 45.0,
        "name": "acmsP",
        "raw": "acmsP[65.,45.,90.]",
        "tokens": [
          "65.",
          "45.",
          "90."
        ],
        "value": 65.0
      },
      {
        "max": 0.1,
        "min": 0.005,
        "name": "betaP",
        "raw": "betaP[0.05,0.005,0.10]",
        "tokens": [
          "0.05",
          "0.005",
          "0.10"
        ],
        "value": 0.05
      },
      {
        "max": 2.0,
        "min": -2.0,
        "name": "gammaP",
        "raw": "gammaP[0.1, -2, 2]",
        "tokens": [
          "0.1",
          "-2",
          "2"
        ],
        "value": 0.1
      },
      {
        "max": 90.0,
        "min": 82.0,
        "name": "peakP",
        "raw": "peakP[87.0,82.0,90.0]",
        "tokens": [
          "87.0",
          "82.0",
          "90.0"
        ],
        "value": 87.0
      },
      {
        "max": 90.0,
        "min": 45.0,
        "name": "acmsF",
        "raw": "acmsF[65.,45.,90.]",