{
  "bin": {
    "cut": "tag_Ele_pt > 40 && abs(tag_sc_eta) < 2.17 && (tag_Ele_q + el_q) == 0 && el_sc_eta >= -1.566000 && el_sc_eta < -0.800000 && el_et >= 50.000000 && el_et < 100.000000",
    "index": 26,
    "name": "bin26_el_sc_eta_m1p57Tom0p80_el_et_50p00To100p00",
    "title": "; -1.566 < el_sc_eta < -0.800; 50.000 < el_et < 100.000",
    "vars": {
      "el_et": {
        "max": 100,
        "min": 50
      },
      "el_sc_eta": {
        "max": -0.8,
        "min": -1.566
      }
    }
  },
  "created_at_utc": "2026-04-20T13:32:11.981077+00:00",
  "derived": {
    "efficiency": 0.9796916732781034,
    "efficiency_error": 0.00027007585453545785,
    "nSigF": {
      "error": 47.12421524205661,
      "isConstant": false,
      "max": 5581.319815,
      "min": 0.5,
      "name": "nSigF",
      "value": 3506.9002143991834
    },
    "nSigP": {
      "error": 325.30142695471295,
      "isConstant": false,
      "max": 268080.771847,
      "min": 0.5,
      "name": "nSigP",
      "value": 169175.97328979816
    }
  },
  "fit_metadata": {
    "bin_index": 26,
    "fail_hist_uses_pass_hist": false,
    "fit_range": {
      "max": 120.0,
      "min": 60.0
    },
    "truth_fail_template_uses_pass_hist": false,
    "truth_template_source": "/eos/home-p/pelai/HZa/root_TnP//hza_elid_nongap_2024_sf//DY_MC_LO_2024_hza_elid_nongap_2024_sf.root"
  },
  "fit_result": {
    "fail": {
      "covQual": -1,
      "edm": 0.03966014457696973,
      "floatParsFinal": [
        {
          "error": 0.05255670822073988,
          "isConstant": false,
          "max": 5.0,
          "min": -5.0,
          "name": "meanF",
          "value": 0.010609826096628083
        },
        {
          "error": 47.12421524205661,
          "isConstant": false,
          "max": 5581.319815,
          "min": 0.5,
          "name": "nSigF",
          "value": 3506.9002143991834
        },
        {
          "error": 0.01168509549602298,
          "isConstant": false,
          "max": 1.5000000081652254,
          "min": 0.4000000021773935,
          "name": "sigmaF",
          "value": 0.4000003818876423
        }
      ],
      "floatParsInit": [
        {
          "error": 0.0,
          "isConstant": false,
          "max": 5.0,
          "min": -5.0,
          "name": "meanF",
          "value": -0.0
        },
        {
          "error": 0.0,
          "isConstant": false,
          "max": 5581.319815,
          "min": 0.5,
          "name": "nSigF",
          "value": 3348.791889
        },
        {
          "error": 0.0,
          "isConstant": false,
          "max": 1.5000000081652254,
          "min": 0.4000000021773935,
          "name": "sigmaF",
          "value": 0.5000000027217418
        }
      ],
      "minNll": -13109.088868996474,
      "numInvalidNLL": 0,
      "status": 160
    },
    "fail_quality": "check",
    "pass": {
      "covQual": -1,
      "edm": 0.3539361706613313,
      "floatParsFinal": [
        {
          "error": 0.008303782618396482,
          "isConstant": false,
          "max": 5.0,
          "min": -5.0,
          "name": "meanP",
          "value": 0.017256721869435054
        },
        {
          "error": 325.30142695471295,
          "isConstant": false,
          "max": 268080.771847,
          "min": 0.5,
          "name": "nSigP",
          "value": 169175.97328979816
        },
        {
          "error": 0.0018337016342899748,
          "isConstant": false,
          "max": 5.0,
          "min": 0.5,
          "name": "sigmaP",
          "value": 0.5000000027217418
        }
      ],
      "floatParsInit": [
        {
          "error": 0.0,
          "isConstant": false,
          "max": 5.0,
          "min": -5.0,
          "name": "meanP",
          "value": -0.0
        },
        {
          "error": 0.0,
          "isConstant": false,
          "max": 268080.771847,
          "min": 0.5,
          "name": "nSigP",
          "value": 160848.463108
        },
        {
          "error": 0.0,
          "isConstant": false,
          "max": 5.0,
          "min": 0.5,
          "name": "sigmaP",
          "value": 0.9
        }
      ],
      "minNll": -1309679.353905445,
      "numInvalidNLL": 0,
      "status": 170
    },
    "pass_quality": "check",
    "root_read_error": null
  },
  "fit_type": "nominalFit",
  "histograms": {
    "fail": {
      "entries": 3346.0,
      "fit_window": {
        "bin1": 11,
        "bin2": 70,
        "max": 120.0,
        "min": 60.0
      },
      "integral_fit_window": 3507.2705100328094,
      "integral_fit_window_error": 74.42222845465821,
      "integral_full": 3720.879876517558,
      "integral_full_error": 76.8383502339112,
      "maximum_bin_center": 92.5,
      "maximum_bin_content": 292.202713552761,
      "mean": 98.32385424969424,
      "rms": 10.570837605138935
    },
    "pass": {
      "entries": 158513.0,
      "fit_window": {
        "bin1": 11,
        "bin2": 70,
        "max": 120.0,
        "min": 60.0
      },
      "integral_fit_window": 169176.10531335624,
      "integral_fit_window_error": 520.0603025713107,
      "integral_full": 178720.51456441186,
      "integral_full_error": 534.534286420628,
      "maximum_bin_center": 91.5,
      "maximum_bin_content": 16841.954360539712,
      "mean": 97.45339539507337,
      "rms": 10.304421413655362
    }
  },
  "sample": {
    "fitOutputBinRoot": "/eos/home-p/pelai/HZa/root_TnP//hza_elid_nongap_2024_sf//DY_MC_LO_2024_hza_elid_nongap_2024_sf.nominalFit-bin26_el_sc_eta_m1p57Tom0p80_el_et_50p00To100p00.root",
    "fitOutputRoot": "/eos/home-p/pelai/HZa/root_TnP//hza_elid_nongap_2024_sf//DY_MC_LO_2024_hza_elid_nongap_2024_sf.nominalFit.root",
    "histFile": "/eos/home-p/pelai/HZa/root_TnP//hza_elid_nongap_2024_sf//DY_MC_LO_2024_hza_elid_nongap_2024_sf.root",
    "isMC": true,
    "mcRefHistFile": "/eos/home-p/pelai/HZa/root_TnP//hza_elid_nongap_2024_sf//DY_MC_LO_2024_hza_elid_nongap_2024_sf.root",
    "mcTruth": true,
    "name": "DY_MC_LO_2024"
  },
  "workspace": {
    "effective_parsed": [
      {
        "max": 5.0,
        "min": -5.0,
        "name": "meanP",
        "raw": "meanP[-0.0,-5.0,5.0]",
        "tokens": [
          "-0.0",
          "-5.0",
          "5.0"
        ],
        "value": -0.0
      },
      {
        "max": 5.0,
        "min": 0.5,
        "name": "sigmaP",
        "raw": "sigmaP[0.9,0.5,5.0]",
        "tokens": [
          "0.9",
          "0.5",
          "5.0"
        ],
        "value": 0.9
      },
      {
        "max": 5.0,
        "min": -5.0,
        "name": "meanF",
        "raw": "meanF[-0.0,-5.0,5.0]",
        "tokens": [
          "-0.0",
          "-5.0",
          "5.0"
        ],
        "value": -0.0
      },
      {
        "max": 5.0,
        "min": 0.5,
        "name": "sigmaF",
        "raw": "sigmaF[0.9,0.5,5.0]",
        "tokens": [
          "0.9",
          "0.5",
          "5.0"
        ],
        "value": 0.9
      },
      {
        "max": 80.0,
        "min": 50.0,
        "name": "acmsP",
        "raw": "acmsP[60.,50.,80.]",
        "tokens": [
          "60.",
          "50.",
          "80."
        ],
        "value": 60.0
      },
      {
        "max": 0.08,
        "min": 0.01,
        "name": "betaP",
        "raw": "betaP[0.05,0.01,0.08]",
        "tokens": [
          "0.05",
          "0.01",
          "0.08"
        ],
        "value": 0.05
      },
      {
        "max": 2.0,
        "min": -2.0,
        "name": "gammaP",
        "raw": "gammaP[0.1, -2, 2]",
        "tokens": [
          "0.1",
          "-2",
          "2"
        ],
        "value": 0.1
      },
      {
        "max": 90.0,
        "min": 82.0,
        "name": "peakP",
        "raw": "peakP[87.0,82.0,90.0]",
        "tokens": [
          "87.0",
          "82.0",
          "90.0"
        ],
        "value": 87.0
      },
      {
        "max": 80.0,
        "min": 50.0,
        "name": "acmsF",
        "raw": "acmsF[60.,50.,80.]",