{
  "bin": {
    "cut": "tag_Ele_pt > 40 && abs(tag_sc_eta) < 2.17 && (tag_Ele_q + el_q) == 0 && el_sc_eta >= -1.566000 && el_sc_eta < -0.800000 && el_et >= 50.000000 && el_et < 100.000000",
    "index": 26,
    "name": "bin26_el_sc_eta_m1p57Tom0p80_el_et_50p00To100p00",
    "title": "; -1.566 < el_sc_eta < -0.800; 50.000 < el_et < 100.000",
    "vars": {
      "el_et": {
        "max": 100,
        "min": 50
      },
      "el_sc_eta": {
        "max": -0.8,
        "min": -1.566
      }
    }
  },
  "created_at_utc": "2026-04-22T18:09:52.496152+00:00",
  "derived": {
    "efficiency": 0.9796917013657699,
    "efficiency_error": 0.0002700760540846067,
    "nSigF": {
      "error": 47.124249391798,
      "isConstant": false,
      "max": 5581.319815,
      "min": 0.5,
      "name": "nSigF",
      "value": 3506.8952645962186
    },
    "nSigP": {
      "error": 325.301426974067,
      "isConstant": false,
      "max": 268080.771847,
      "min": 0.5,
      "name": "nSigP",
      "value": 169175.97333795865
    }
  },
  "fit_metadata": {
    "bin_index": 26,
    "fail_hist_uses_pass_hist": false,
    "fit_range": {
      "max": 120.0,
      "min": 60.0
    },
    "truth_fail_template_uses_pass_hist": false,
    "truth_template_source": "/eos/home-p/pelai/HZa/root_TnP//hza_elid_nongap_2024_sf//DY_MC_LO_2024_hza_elid_nongap_2024_sf.root"
  },
  "fit_result": {
    "fail": {
      "covQual": -1,
      "edm": 0.03965562105203816,
      "floatParsFinal": [
        {
          "error": 0.05255551161344041,
          "isConstant": false,
          "max": 5.0,
          "min": -5.0,
          "name": "meanF",
          "value": 0.0106089534162912
        },
        {
          "error": 47.124249391798,
          "isConstant": false,
          "max": 5581.319815,
          "min": 0.5,
          "name": "nSigF",
          "value": 3506.8952645962186
        },
        {
          "error": 0.011684688764822149,
          "isConstant": false,
          "max": 1.5000000081647848,
          "min": 0.400000002177276,
          "name": "sigmaF",
          "value": 0.4000003831779367
        }
      ],
      "floatParsInit": [
        {
          "error": 0.0,
          "isConstant": false,
          "max": 5.0,
          "min": -5.0,
          "name": "meanF",
          "value": -0.0
        },
        {
          "error": 0.0,
          "isConstant": false,
          "max": 5581.319815,
          "min": 0.5,
          "name": "nSigF",
          "value": 3348.791889
        },
        {
          "error": 0.0,
          "isConstant": false,
          "max": 1.5000000081647848,
          "min": 0.400000002177276,
          "name": "sigmaF",
          "value": 0.500000002721595
        }
      ],
      "minNll": -13109.093979762636,
      "numInvalidNLL": 0,
      "status": 160
    },
    "fail_quality": "check",
    "pass": {
      "covQual": -1,
      "edm": 0.35393744781639136,
      "floatParsFinal": [
        {
          "error": 0.008303782886463829,
          "isConstant": false,
          "max": 5.0,
          "min": -5.0,
          "name": "meanP",
          "value": 0.017256918984720926
        },
        {
          "error": 325.301426974067,
          "isConstant": false,
          "max": 268080.771847,
          "min": 0.5,
          "name": "nSigP",
          "value": 169175.97333795865
        },
        {
          "error": 0.0018336955178514525,
          "isConstant": false,
          "max": 5.0,
          "min": 0.5,
          "name": "sigmaP",
          "value": 0.500000002721595
        }
      ],
      "floatParsInit": [
        {
          "error": 0.0,
          "isConstant": false,
          "max": 5.0,
          "min": -5.0,
          "name": "meanP",
          "value": -0.0
        },
        {
          "error": 0.0,
          "isConstant": false,
          "max": 268080.771847,
          "min": 0.5,
          "name": "nSigP",
          "value": 160848.463108
        },
        {
          "error": 0.0,
          "isConstant": false,
          "max": 5.0,
          "min": 0.5,
          "name": "sigmaP",
          "value": 0.9
        }
      ],
      "minNll": -1309679.353842212,
      "numInvalidNLL": 0,
      "status": 170
    },
    "pass_quality": "check",
    "root_read_error": null
  },
  "fit_type": "nominalFit",
  "histograms": {
    "fail": {
      "entries": 3346.0,
      "fit_window": {
        "bin1": 11,
        "bin2": 70,
        "max": 120.0,
        "min": 60.0
      },
      "integral_fit_window": 3507.2705100328094,
      "integral_fit_window_error": 74.42222845465821,
      "integral_full": 3720.879876517558,
      "integral_full_error": 76.8383502339112,
      "maximum_bin_center": 92.5,
      "maximum_bin_content": 292.202713552761,
      "mean": 98.32385424969424,
      "rms": 10.570837605138935
    },
    "pass": {
      "entries": 158513.0,
      "fit_window": {
        "bin1": 11,
        "bin2": 70,
        "max": 120.0,
        "min": 60.0
      },
      "integral_fit_window": 169176.10531335624,
      "integral_fit_window_error": 520.0603025713107,
      "integral_full": 178720.51456441186,
      "integral_full_error": 534.534286420628,
      "maximum_bin_center": 91.5,
      "maximum_bin_content": 16841.954360539712,
      "mean": 97.45339539507337,
      "rms": 10.304421413655362
    }
  },
  "sample": {
    "fitOutputBinRoot": "/eos/home-p/pelai/HZa/root_TnP//hza_elid_nongap_2024_sf//DY_MC_LO_2024_hza_elid_nongap_2024_sf.nominalFit-bin26_el_sc_eta_m1p57Tom0p80_el_et_50p00To100p00.root",
    "fitOutputRoot": "/eos/home-p/pelai/HZa/root_TnP//hza_elid_nongap_2024_sf//DY_MC_LO_2024_hza_elid_nongap_2024_sf.nominalFit.root",
    "histFile": "/eos/home-p/pelai/HZa/root_TnP//hza_elid_nongap_2024_sf//DY_MC_LO_2024_hza_elid_nongap_2024_sf.root",
    "isMC": true,
    "mcRefHistFile": "/eos/home-p/pelai/HZa/root_TnP//hza_elid_nongap_2024_sf//DY_MC_LO_2024_hza_elid_nongap_2024_sf.root",
    "mcTruth": true,
    "name": "DY_MC_LO_2024"
  },
  "workspace": {
    "effective_parsed": [
      {
        "max": 5.0,
        "min": -5.0,
        "name": "meanP",
        "raw": "meanP[-0.0,-5.0,5.0]",
        "tokens": [
          "-0.0",
          "-5.0",
          "5.0"
        ],
        "value": -0.0
      },
      {
        "max": 5.0,
        "min": 0.5,
        "name": "sigmaP",
        "raw": "sigmaP[0.9,0.5,5.0]",
        "tokens": [
          "0.9",
          "0.5",
          "5.0"
        ],
        "value": 0.9
      },
      {
        "max": 5.0,
        "min": -5.0,
        "name": "meanF",
        "raw": "meanF[-0.0,-5.0,5.0]",
        "tokens": [
          "-0.0",
          "-5.0",
          "5.0"
        ],
        "value": -0.0
      },
      {
        "max": 5.0,
        "min": 0.5,
        "name": "sigmaF",
        "raw": "sigmaF[0.9,0.5,5.0]",
        "tokens": [
          "0.9",
          "0.5",
          "5.0"
        ],
        "value": 0.9
      },
      {
        "max": 90.0,
        "min": 45.0,
        "name": "acmsP",
        "raw": "acmsP[65.,45.,90.]",
        "tokens": [
          "65.",
          "45.",
          "90."
        ],
        "value": 65.0
      },
      {
        "max": 0.1,
        "min": 0.005,
        "name": "betaP",
        "raw": "betaP[0.05,0.005,0.10]",
        "tokens": [
          "0.05",
          "0.005",
          "0.10"
        ],
        "value": 0.05
      },
      {
        "max": 2.0,
        "min": -2.0,
        "name": "gammaP",
        "raw": "gammaP[0.1, -2, 2]",
        "tokens": [
          "0.1",
          "-2",
          "2"
        ],
        "value": 0.1
      },
      {
        "max": 90.0,
        "min": 82.0,
        "name": "peakP",
        "raw": "peakP[87.0,82.0,90.0]",
        "tokens": [
          "87.0",
          "82.0",
          "90.0"
        ],
        "value": 87.0
      },
      {
        "max": 90.0,
        "min": 45.0,
        "name": "acmsF",
        "raw": "acmsF[65.,45.,90.]",