{
  "bin": {
    "cut": "tag_Ele_pt > 40 && abs(tag_sc_eta) < 2.17 && (tag_Ele_q + el_q) == 0 && el_sc_eta >= -0.800000 && el_sc_eta < 0.000000 && el_et >= 50.000000 && el_et < 100.000000",
    "index": 27,
    "name": "bin27_el_sc_eta_m0p80To0p00_el_et_50p00To100p00",
    "title": "; -0.800 < el_sc_eta < 0.000; 50.000 < el_et < 100.000",
    "vars": {
      "el_et": {
        "max": 100,
        "min": 50
      },
      "el_sc_eta": {
        "max": 0.0,
        "min": -0.8
      }
    }
  },
  "created_at_utc": "2026-04-20T17:36:40.623479+00:00",
  "derived": {
    "efficiency": 0.9881293966327737,
    "efficiency_error": 0.00018355811182883914,
    "nSigF": {
      "error": 40.30011441174793,
      "isConstant": false,
      "max": 4141.2823,
      "min": 0.5,
      "name": "nSigF",
      "value": 2590.6367214586458
    },
    "nSigP": {
      "error": 367.2658431220043,
      "isConstant": false,
      "max": 342886.140068,
      "min": 0.5,
      "name": "nSigP",
      "value": 215649.0467483101
    }
  },
  "fit_metadata": {
    "bin_index": 27,
    "fail_hist_uses_pass_hist": false,
    "fit_range": {
      "max": 120.0,
      "min": 60.0
    },
    "truth_fail_template_uses_pass_hist": false,
    "truth_template_source": "/eos/home-p/pelai/HZa/root_TnP//hza_elid_nongap_2024_sf//DY_MC_LO_2024_hza_elid_nongap_2024_sf.root"
  },
  "fit_result": {
    "fail": {
      "covQual": -1,
      "edm": 0.010151210599605609,
      "floatParsFinal": [
        {
          "error": 0.050089864758339875,
          "isConstant": false,
          "max": 5.0,
          "min": -5.0,
          "name": "meanF",
          "value": 0.016611112026994057
        },
        {
          "error": 40.30011441174793,
          "isConstant": false,
          "max": 4141.2823,
          "min": 0.5,
          "name": "nSigF",
          "value": 2590.6367214586458
        },
        {
          "error": 0.008016481014372856,
          "isConstant": false,
          "max": 1.500000005007565,
          "min": 0.4000000013353507,
          "name": "sigmaF",
          "value": 0.4000004052673064
        }
      ],
      "floatParsInit": [
        {
          "error": 0.0,
          "isConstant": false,
          "max": 5.0,
          "min": -5.0,
          "name": "meanF",
          "value": -0.0
        },
        {
          "error": 0.0,
          "isConstant": false,
          "max": 4141.2823,
          "min": 0.5,
          "name": "nSigF",
          "value": 2484.76938
        },
        {
          "error": 0.0,
          "isConstant": false,
          "max": 1.500000005007565,
          "min": 0.4000000013353507,
          "name": "sigmaF",
          "value": 0.5000000016691883
        }
      ],
      "minNll": -8707.102607486086,
      "numInvalidNLL": 0,
      "status": 160
    },
    "fail_quality": "check",
    "pass": {
      "covQual": -1,
      "edm": 1.068703544908491,
      "floatParsFinal": [
        {
          "error": 0.005880640131560089,
          "isConstant": false,
          "max": 5.0,
          "min": -5.0,
          "name": "meanP",
          "value": 0.01830068043808719
        },
        {
          "error": 367.2658431220043,
          "isConstant": false,
          "max": 342886.140068,
          "min": 0.5,
          "name": "nSigP",
          "value": 215649.0467483101
        },
        {
          "error": 0.0006302939779918026,
          "isConstant": false,
          "max": 5.0,
          "min": 0.5,
          "name": "sigmaP",
          "value": 0.5000000016691883
        }
      ],
      "floatParsInit": [
        {
          "error": 0.0,
          "isConstant": false,
          "max": 5.0,
          "min": -5.0,
          "name": "meanP",
          "value": -0.0
        },
        {
          "error": 0.0,
          "isConstant": false,
          "max": 342886.140068,
          "min": 0.5,
          "name": "nSigP",
          "value": 205731.684041
        },
        {
          "error": 0.0,
          "isConstant": false,
          "max": 5.0,
          "min": 0.5,
          "name": "sigmaP",
          "value": 0.9
        }
      ],
      "minNll": -1737138.3357044393,
      "numInvalidNLL": 0,
      "status": 160
    },
    "pass_quality": "check",
    "root_read_error": null
  },
  "fit_type": "nominalFit",
  "histograms": {
    "fail": {
      "entries": 2427.0,
      "fit_window": {
        "bin1": 11,
        "bin2": 70,
        "max": 120.0,
        "min": 60.0
      },
      "integral_fit_window": 2590.704571023731,
      "integral_fit_window_error": 64.28990905324908,
      "integral_full": 2760.854866848152,
      "integral_full_error": 66.4079762700643,
      "maximum_bin_center": 91.5,
      "maximum_bin_content": 235.51692856613252,
      "mean": 98.50362712087404,
      "rms": 11.263033887954105
    },
    "pass": {
      "entries": 202652.0,
      "fit_window": {
        "bin1": 11,
        "bin2": 70,
        "max": 120.0,
        "min": 60.0
      },
      "integral_fit_window": 215650.79050770585,
      "integral_fit_window_error": 587.1745558211776,
      "integral_full": 228590.76004550225,
      "integral_full_error": 604.4507769729553,
      "maximum_bin_center": 91.5,
      "maximum_bin_content": 26718.32803619075,
      "mean": 97.1893820022163,
      "rms": 10.48385257202698
    }
  },
  "sample": {
    "fitOutputBinRoot": "/eos/home-p/pelai/HZa/root_TnP//hza_elid_nongap_2024_sf//DY_MC_LO_2024_hza_elid_nongap_2024_sf.nominalFit-bin27_el_sc_eta_m0p80To0p00_el_et_50p00To100p00.root",
    "fitOutputRoot": "/eos/home-p/pelai/HZa/root_TnP//hza_elid_nongap_2024_sf//DY_MC_LO_2024_hza_elid_nongap_2024_sf.nominalFit.root",
    "histFile": "/eos/home-p/pelai/HZa/root_TnP//hza_elid_nongap_2024_sf//DY_MC_LO_2024_hza_elid_nongap_2024_sf.root",
    "isMC": true,
    "mcRefHistFile": "/eos/home-p/pelai/HZa/root_TnP//hza_elid_nongap_2024_sf//DY_MC_LO_2024_hza_elid_nongap_2024_sf.root",
    "mcTruth": true,
    "name": "DY_MC_LO_2024"
  },
  "workspace": {
    "effective_parsed": [
      {
        "max": 5.0,
        "min": -5.0,
        "name": "meanP",
        "raw": "meanP[-0.0,-5.0,5.0]",
        "tokens": [
          "-0.0",
          "-5.0",
          "5.0"
        ],
        "value": -0.0
      },
      {
        "max": 5.0,
        "min": 0.5,
        "name": "sigmaP",
        "raw": "sigmaP[0.9,0.5,5.0]",
        "tokens": [
          "0.9",
          "0.5",
          "5.0"
        ],
        "value": 0.9
      },
      {
        "max": 5.0,
        "min": -5.0,
        "name": "meanF",
        "raw": "meanF[-0.0,-5.0,5.0]",
        "tokens": [
          "-0.0",
          "-5.0",
          "5.0"
        ],
        "value": -0.0
      },
      {
        "max": 5.0,
        "min": 0.5,
        "name": "sigmaF",
        "raw": "sigmaF[0.9,0.5,5.0]",
        "tokens": [
          "0.9",
          "0.5",
          "5.0"
        ],
        "value": 0.9
      },
      {
        "max": 80.0,
        "min": 50.0,
        "name": "acmsP",
        "raw": "acmsP[60.,50.,80.]",
        "tokens": [
          "60.",
          "50.",
          "80."
        ],
        "value": 60.0
      },
      {
        "max": 0.08,
        "min": 0.01,
        "name": "betaP",
        "raw": "betaP[0.05,0.01,0.08]",
        "tokens": [
          "0.05",
          "0.01",
          "0.08"
        ],
        "value": 0.05
      },
      {
        "max": 2.0,
        "min": -2.0,
        "name": "gammaP",
        "raw": "gammaP[0.1, -2, 2]",
        "tokens": [
          "0.1",
          "-2",
          "2"
        ],
        "value": 0.1
      },
      {
        "max": 90.0,
        "min": 82.0,
        "name": "peakP",
        "raw": "peakP[87.0,82.0,90.0]",
        "tokens": [
          "87.0",
          "82.0",
          "90.0"
        ],
        "value": 87.0
      },
      {
        "max": 80.0,
        "min": 50.0,
        "name": "acmsF",
        "raw": "acmsF[60.,50.,80.]",