{
  "bin": {
    "cut": "tag_Ele_pt > 40 && abs(tag_sc_eta) < 2.17 && (tag_Ele_q + el_q) == 0 && el_sc_eta >= 2.000000 && el_sc_eta < 2.500000 && el_et >= 50.000000 && el_et < 100.000000",
    "index": 31,
    "name": "bin31_el_sc_eta_2p00To2p50_el_et_50p00To100p00",
    "title": "; 2.000 < el_sc_eta < 2.500; 50.000 < el_et < 100.000",
    "vars": {
      "el_et": {
        "max": 100,
        "min": 50
      },
      "el_sc_eta": {
        "max": 2.5,
        "min": 2.0
      }
    }
  },
  "created_at_utc": "2026-07-10T17:48:58.568376+00:00",
  "derived": {
    "efficiency": 0.9638741853468022,
    "efficiency_error": 5.7332592082516636e-08,
    "nSigF": {
      "error": 32.26186607033014,
      "isConstant": false,
      "max": 31777372.981201,
      "min": 0.5,
      "name": "nSigF",
      "value": 19981697.802869495
    },
    "nSigP": {
      "error": 172.05097100138664,
      "isConstant": false,
      "max": 852329485.594482,
      "min": 0.5,
      "name": "nSigP",
      "value": 533132411.72491944
    }
  },
  "fit_metadata": {
    "bin_index": 31,
    "fail_hist_uses_pass_hist": false,
    "fit_range": {
      "max": 120.0,
      "min": 60.0
    },
    "truth_fail_template_uses_pass_hist": false,
    "truth_template_source": "/eos/cms/store/group/phys_susy/NPS-25-014/root_TnP_local//hza_elid_nongap_2024_sf//DY_MC_LO_2024_hza_elid_nongap_2024_sf.root"
  },
  "fit_result": {
    "fail": {
      "covQual": -1,
      "edm": 831662.269225794,
      "floatParsFinal": [
        {
          "error": 4.975308804500145e-06,
          "isConstant": false,
          "max": 5.0,
          "min": -5.0,
          "name": "meanF",
          "value": 0.019193410449344306
        },
        {
          "error": 32.26186607033014,
          "isConstant": false,
          "max": 31777372.981201,
          "min": 0.5,
          "name": "nSigF",
          "value": 19981697.802869495
        },
        {
          "error": 4.2721437498727255e-11,
          "isConstant": false,
          "max": 5.0,
          "min": 0.5,
          "name": "sigmaF",
          "value": 0.5000000000000462
        }
      ],
      "floatParsInit": [
        {
          "error": 0.0,
          "isConstant": false,
          "max": 5.0,
          "min": -5.0,
          "name": "meanF",
          "value": -0.0
        },
        {
          "error": 0.0,
          "isConstant": false,
          "max": 31777372.981201,
          "min": 0.5,
          "name": "nSigF",
          "value": 19066423.788721
        },
        {
          "error": 0.0,
          "isConstant": false,
          "max": 5.0,
          "min": 0.5,
          "name": "sigmaF",
          "value": 0.9
        }
      ],
      "minNll": -248241870.53182197,
      "numInvalidNLL": 0,
      "status": -1
    },
    "fail_quality": "check",
    "pass": {
      "covQual": -1,
      "edm": 36360921.9669575,
      "floatParsFinal": [
        {
          "error": 1.5035514984163e-06,
          "isConstant": false,
          "max": 5.0,
          "min": -5.0,
          "name": "meanP",
          "value": 0.01784536738701803
        },
        {
          "error": 172.05097100138664,
          "isConstant": false,
          "max": 852329485.594482,
          "min": 0.5,
          "name": "nSigP",
          "value": 533132411.72491944
        },
        {
          "error": 5.178470430244886e-10,
          "isConstant": false,
          "max": 5.0,
          "min": 0.5,
          "name": "sigmaP",
          "value": 0.5000000013925463
        }
      ],
      "floatParsInit": [
        {
          "error": 0.0,
          "isConstant": false,
          "max": 5.0,
          "min": -5.0,
          "name": "meanP",
          "value": -0.0
        },
        {
          "error": 0.0,
          "isConstant": false,
          "max": 852329485.594482,
          "min": 0.5,
          "name": "nSigP",
          "value": 511397691.356689
        },
        {
          "error": 0.0,
          "isConstant": false,
          "max": 5.0,
          "min": 0.5,
          "name": "sigmaP",
          "value": 0.9
        }
      ],
      "minNll": -8408633426.95545,
      "numInvalidNLL": 0,
      "status": -1
    },
    "pass_quality": "check",
    "root_read_error": null
  },
  "fit_type": "nominalFit",
  "histograms": {
    "fail": {
      "entries": 1484.0,
      "fit_window": {
        "bin1": 11,
        "bin2": 70,
        "max": 120.0,
        "min": 60.0
      },
      "integral_fit_window": 19981697.98876953,
      "integral_fit_window_error": 619373.8342117768,
      "integral_full": 21184915.32080078,
      "integral_full_error": 634802.1036572851,
      "maximum_bin_center": 93.5,
      "maximum_bin_content": 1541997.9450683594,
      "mean": 99.43444651883992,
      "rms": 10.183428227270834
    },
    "pass": {
      "entries": 43297.0,
      "fit_window": {
        "bin1": 11,
        "bin2": 70,
        "max": 120.0,
        "min": 60.0
      },
      "integral_fit_window": 533131427.01464844,
      "integral_fit_window_error": 3098695.712079979,
      "integral_full": 568219657.0629883,
      "integral_full_error": 3194262.6914057983,
      "maximum_bin_center": 92.5,
      "maximum_bin_content": 48360960.5,
      "mean": 98.0860458556204,
      "rms": 10.522333400762454
    }
  },
  "sample": {
    "fitOutputBinRoot": "/eos/cms/store/group/phys_susy/NPS-25-014/root_TnP_local//hza_elid_nongap_2024_sf//DY_MC_LO_2024_hza_elid_nongap_2024_sf.nominalFit-bin31_el_sc_eta_2p00To2p50_el_et_50p00To100p00.root",
    "fitOutputRoot": "/eos/cms/store/group/phys_susy/NPS-25-014/root_TnP_local//hza_elid_nongap_2024_sf//DY_MC_LO_2024_hza_elid_nongap_2024_sf.nominalFit.root",
    "histFile": "/eos/cms/store/group/phys_susy/NPS-25-014/root_TnP_local//hza_elid_nongap_2024_sf//DY_MC_LO_2024_hza_elid_nongap_2024_sf.root",
    "isMC": true,
    "mcRefHistFile": "/eos/cms/store/group/phys_susy/NPS-25-014/root_TnP_local//hza_elid_nongap_2024_sf//DY_MC_LO_2024_hza_elid_nongap_2024_sf.root",
    "mcTruth": true,
    "name": "DY_MC_LO_2024"
  },
  "workspace": {
    "effective_parsed": [
      {
        "max": 5.0,
        "min": -5.0,
        "name": "meanP",
        "raw": "meanP[-0.0,-5.0,5.0]",
        "tokens": [
          "-0.0",
          "-5.0",
          "5.0"
        ],
        "value": -0.0
      },
      {
        "max": 5.0,
        "min": 0.5,
        "name": "sigmaP",
        "raw": "sigmaP[0.9,0.5,5.0]",
        "tokens": [
          "0.9",
          "0.5",
          "5.0"
        ],
        "value": 0.9
      },
      {
        "max": 5.0,
        "min": -5.0,
        "name": "meanF",
        "raw": "meanF[-0.0,-5.0,5.0]",
        "tokens": [
          "-0.0",
          "-5.0",
          "5.0"
        ],
        "value": -0.0
      },
      {
        "max": 5.0,
        "min": 0.5,
        "name": "sigmaF",
        "raw": "sigmaF[0.9,0.5,5.0]",
        "tokens": [
          "0.9",
          "0.5",
          "5.0"
        ],
        "value": 0.9
      },
      {
        "max": 90.0,
        "min": 45.0,
        "name": "acmsP",
        "raw": "acmsP[65.,45.,90.]",
        "tokens": [
          "65.",
          "45.",
          "90."
        ],
        "value": 65.0
      },
      {
        "max": 0.1,
        "min": 0.005,
        "name": "betaP",
        "raw": "betaP[0.05,0.005,0.10]",
        "tokens": [
          "0.05",
          "0.005",
          "0.10"
        ],
        "value": 0.05
      },
      {
        "max": 2.0,
        "min": -2.0,
        "name": "gammaP",
        "raw": "gammaP[0.1, -2, 2]",
        "tokens": [
          "0.1",
          "-2",
          "2"
        ],
        "value": 0.1
      },
      {
        "max": 90.0,
        "min": 82.0,
        "name": "peakP",
        "raw": "peakP[87.0,82.0,90.0]",
        "tokens": [
          "87.0",
          "82.0",
          "90.0"
        ],
        "value": 87.0
      },
      {
        "max": 90.0,
        "min": 45.0,
        "name": "acmsF",