{
  "bin": {
    "cut": "tag_Ele_pt > 40 && abs(tag_sc_eta) < 2.17 && (tag_Ele_q + el_q) == 0 && el_sc_eta >= 2.000000 && el_sc_eta < 2.500000 && el_et >= 50.000000 && el_et < 100.000000",
    "index": 31,
    "name": "bin31_el_sc_eta_2p00To2p50_el_et_50p00To100p00",
    "title": "; 2.000 < el_sc_eta < 2.500; 50.000 < el_et < 100.000",
    "vars": {
      "el_et": {
        "max": 100,
        "min": 50
      },
      "el_sc_eta": {
        "max": 2.5,
        "min": 2.0
      }
    }
  },
  "created_at_utc": "2026-04-20T17:36:41.269142+00:00",
  "derived": {
    "efficiency": 0.966489874209992,
    "efficiency_error": 0.0006464535230850219,
    "nSigF": {
      "error": 31.8142599688382,
      "isConstant": false,
      "max": 2561.025241,
      "min": 0.5,
      "name": "nSigF",
      "value": 1621.274277095585
    },
    "nSigP": {
      "error": 170.82471420356887,
      "isConstant": false,
      "max": 74964.85935,
      "min": 0.5,
      "name": "nSigP",
      "value": 46760.34885542693
    }
  },
  "fit_metadata": {
    "bin_index": 31,
    "fail_hist_uses_pass_hist": false,
    "fit_range": {
      "max": 120.0,
      "min": 60.0
    },
    "truth_fail_template_uses_pass_hist": false,
    "truth_template_source": "/eos/home-p/pelai/HZa/root_TnP//hza_elid_nongap_2024_sf//DY_MC_LO_2024_hza_elid_nongap_2024_sf.root"
  },
  "fit_result": {
    "fail": {
      "covQual": -1,
      "edm": 0.30171331505840115,
      "floatParsFinal": [
        {
          "error": 0.05228525458030475,
          "isConstant": false,
          "max": 5.0,
          "min": -5.0,
          "name": "meanF",
          "value": 0.012689963205084531
        },
        {
          "error": 31.8142599688382,
          "isConstant": false,
          "max": 2561.025241,
          "min": 0.5,
          "name": "nSigF",
          "value": 1621.274277095585
        },
        {
          "error": 0.006206227403683345,
          "isConstant": false,
          "max": 1.5000000184271562,
          "min": 0.4000000049139083,
          "name": "sigmaF",
          "value": 0.40000007446155594
        }
      ],
      "floatParsInit": [
        {
          "error": 0.0,
          "isConstant": false,
          "max": 5.0,
          "min": -5.0,
          "name": "meanF",
          "value": -0.0
        },
        {
          "error": 0.0,
          "isConstant": false,
          "max": 2561.025241,
          "min": 0.5,
          "name": "nSigF",
          "value": 1536.615145
        },
        {
          "error": 0.0,
          "isConstant": false,
          "max": 1.5000000184271562,
          "min": 0.4000000049139083,
          "name": "sigmaF",
          "value": 0.5000000061423854
        }
      ],
      "minNll": -4883.106078714015,
      "numInvalidNLL": 0,
      "status": 160
    },
    "fail_quality": "check",
    "pass": {
      "covQual": -1,
      "edm": 0.0764809063447913,
      "floatParsFinal": [
        {
          "error": 0.016836953881658623,
          "isConstant": false,
          "max": 5.0,
          "min": -5.0,
          "name": "meanP",
          "value": 0.017224384557056105
        },
        {
          "error": 170.82471420356887,
          "isConstant": false,
          "max": 74964.85935,
          "min": 0.5,
          "name": "nSigP",
          "value": 46760.34885542693
        },
        {
          "error": 0.004167059621477509,
          "isConstant": false,
          "max": 5.0,
          "min": 0.5,
          "name": "sigmaP",
          "value": 0.5000000061423854
        }
      ],
      "floatParsInit": [
        {
          "error": 0.0,
          "isConstant": false,
          "max": 5.0,
          "min": -5.0,
          "name": "meanP",
          "value": -0.0
        },
        {
          "error": 0.0,
          "isConstant": false,
          "max": 74964.85935,
          "min": 0.5,
          "name": "nSigP",
          "value": 44978.91561
        },
        {
          "error": 0.0,
          "isConstant": false,
          "max": 5.0,
          "min": 0.5,
          "name": "sigmaP",
          "value": 0.9
        }
      ],
      "minNll": -300515.60205270443,
      "numInvalidNLL": 0,
      "status": 160
    },
    "pass_quality": "check",
    "root_read_error": null
  },
  "fit_type": "nominalFit",
  "histograms": {
    "fail": {
      "entries": 1518.0,
      "fit_window": {
        "bin1": 11,
        "bin2": 70,
        "max": 120.0,
        "min": 60.0
      },
      "integral_fit_window": 1621.6643570901601,
      "integral_fit_window_error": 50.95995754954794,
      "integral_full": 1707.3501606263774,
      "integral_full_error": 52.11703756011324,
      "maximum_bin_center": 94.5,
      "maximum_bin_content": 133.10640943476687,
      "mean": 99.2850208592837,
      "rms": 9.96387125659044
    },
    "pass": {
      "entries": 44270.0,
      "fit_window": {
        "bin1": 11,
        "bin2": 70,
        "max": 120.0,
        "min": 60.0
      },
      "integral_fit_window": 46761.0408904089,
      "integral_fit_window_error": 273.73460551187844,
      "integral_full": 49976.57290011846,
      "integral_full_error": 283.1282211914973,
      "maximum_bin_center": 92.5,
      "maximum_bin_content": 4207.134925544586,
      "mean": 98.11136584583784,
      "rms": 10.679482454905774
    }
  },
  "sample": {
    "fitOutputBinRoot": "/eos/home-p/pelai/HZa/root_TnP//hza_elid_nongap_2024_sf//DY_MC_LO_2024_hza_elid_nongap_2024_sf.nominalFit-bin31_el_sc_eta_2p00To2p50_el_et_50p00To100p00.root",
    "fitOutputRoot": "/eos/home-p/pelai/HZa/root_TnP//hza_elid_nongap_2024_sf//DY_MC_LO_2024_hza_elid_nongap_2024_sf.nominalFit.root",
    "histFile": "/eos/home-p/pelai/HZa/root_TnP//hza_elid_nongap_2024_sf//DY_MC_LO_2024_hza_elid_nongap_2024_sf.root",
    "isMC": true,
    "mcRefHistFile": "/eos/home-p/pelai/HZa/root_TnP//hza_elid_nongap_2024_sf//DY_MC_LO_2024_hza_elid_nongap_2024_sf.root",
    "mcTruth": true,
    "name": "DY_MC_LO_2024"
  },
  "workspace": {
    "effective_parsed": [
      {
        "max": 5.0,
        "min": -5.0,
        "name": "meanP",
        "raw": "meanP[-0.0,-5.0,5.0]",
        "tokens": [
          "-0.0",
          "-5.0",
          "5.0"
        ],
        "value": -0.0
      },
      {
        "max": 5.0,
        "min": 0.5,
        "name": "sigmaP",
        "raw": "sigmaP[0.9,0.5,5.0]",
        "tokens": [
          "0.9",
          "0.5",
          "5.0"
        ],
        "value": 0.9
      },
      {
        "max": 5.0,
        "min": -5.0,
        "name": "meanF",
        "raw": "meanF[-0.0,-5.0,5.0]",
        "tokens": [
          "-0.0",
          "-5.0",
          "5.0"
        ],
        "value": -0.0
      },
      {
        "max": 5.0,
        "min": 0.5,
        "name": "sigmaF",
        "raw": "sigmaF[0.9,0.5,5.0]",
        "tokens": [
          "0.9",
          "0.5",
          "5.0"
        ],
        "value": 0.9
      },
      {
        "max": 80.0,
        "min": 50.0,
        "name": "acmsP",
        "raw": "acmsP[60.,50.,80.]",
        "tokens": [
          "60.",
          "50.",
          "80."
        ],
        "value": 60.0
      },
      {
        "max": 0.08,
        "min": 0.01,
        "name": "betaP",
        "raw": "betaP[0.05,0.01,0.08]",
        "tokens": [
          "0.05",
          "0.01",
          "0.08"
        ],
        "value": 0.05
      },
      {
        "max": 2.0,
        "min": -2.0,
        "name": "gammaP",
        "raw": "gammaP[0.1, -2, 2]",
        "tokens": [
          "0.1",
          "-2",
          "2"
        ],
        "value": 0.1
      },
      {
        "max": 90.0,
        "min": 82.0,
        "name": "peakP",
        "raw": "peakP[87.0,82.0,90.0]",
        "tokens": [
          "87.0",
          "82.0",
          "90.0"
        ],
        "value": 87.0
      },
      {
        "max": 80.0,
        "min": 50.0,
        "name": "acmsF",
        "raw": "acmsF[60.,50.,80.]",