{
  "bin": {
    "cut": "tag_Ele_pt > 40 && abs(tag_sc_eta) < 2.17 && (tag_Ele_q + el_q) == 0 && el_sc_eta >= 0.800000 && el_sc_eta < 1.566000 && el_et >= 100.000000 && el_et < 500.000000",
    "index": 45,
    "name": "bin45_el_sc_eta_0p80To1p57_el_et_100p00To500p00",
    "title": "; 0.800 < el_sc_eta < 1.566; 100.000 < el_et < 500.000",
    "vars": {
      "el_et": {
        "max": 500,
        "min": 100
      },
      "el_sc_eta": {
        "max": 1.566,
        "min": 0.8
      }
    }
  },
  "created_at_utc": "2026-04-19T15:00:43.112713+00:00",
  "derived": {
    "efficiency": 0.9776107063522289,
    "efficiency_error": 0.0010870512416997085,
    "nSigF": {
      "error": 12.134806422676732,
      "isConstant": false,
      "max": 383.548305,
      "min": 0.5,
      "name": "nSigF",
      "value": 247.27426875427966
    },
    "nSigP": {
      "error": 82.4051675297178,
      "isConstant": false,
      "max": 16471.954914,
      "min": 0.5,
      "name": "nSigP",
      "value": 10797.034347873112
    }
  },
  "fit_metadata": {
    "bin_index": 45,
    "fail_hist_uses_pass_hist": false,
    "fit_range": {
      "max": 120.0,
      "min": 60.0
    },
    "truth_fail_template_uses_pass_hist": true,
    "truth_template_source": "/eos/home-p/pelai/HZa/root_TnP//hza_elid_nongap_2024_sf//DY_MC_LO_2024_hza_elid_nongap_2024_sf.root"
  },
  "fit_result": {
    "fail": {
      "covQual": -1,
      "edm": 0.0013432579680521667,
      "floatParsFinal": [
        {
          "error": 0.2917586020672527,
          "isConstant": false,
          "max": 5.0,
          "min": -5.0,
          "name": "meanF",
          "value": -0.08456289499706582
        },
        {
          "error": 12.134806422676732,
          "isConstant": false,
          "max": 383.548305,
          "min": 0.5,
          "name": "nSigF",
          "value": 247.27426875427966
        },
        {
          "error": 0.016054956885825256,
          "isConstant": false,
          "max": 1.5000002981392728,
          "min": 0.4000000795038061,
          "name": "sigmaF",
          "value": 1.500000225767934
        }
      ],
      "floatParsInit": [
        {
          "error": 0.0,
          "isConstant": false,
          "max": 5.0,
          "min": -5.0,
          "name": "meanF",
          "value": -0.0
        },
        {
          "error": 0.0,
          "isConstant": false,
          "max": 383.548305,
          "min": 0.5,
          "name": "nSigF",
          "value": 230.128983
        },
        {
          "error": 0.0,
          "isConstant": false,
          "max": 1.5000002981392728,
          "min": 0.4000000795038061,
          "name": "sigmaF",
          "value": 0.5000000993797576
        }
      ],
      "minNll": -156.154410307744,
      "numInvalidNLL": 0,
      "status": 160
    },
    "fail_quality": "check",
    "pass": {
      "covQual": -1,
      "edm": 0.008788380290616737,
      "floatParsFinal": [
        {
          "error": 0.021049603562380614,
          "isConstant": false,
          "max": 5.0,
          "min": -5.0,
          "name": "meanP",
          "value": 0.0054914159202459345
        },
        {
          "error": 82.4051675297178,
          "isConstant": false,
          "max": 16471.954914,
          "min": 0.5,
          "name": "nSigP",
          "value": 10797.034347873112
        },
        {
          "error": 0.003831412724689509,
          "isConstant": false,
          "max": 5.0,
          "min": 0.5,
          "name": "sigmaP",
          "value": 0.5000000993797576
        }
      ],
      "floatParsInit": [
        {
          "error": 0.0,
          "isConstant": false,
          "max": 5.0,
          "min": -5.0,
          "name": "meanP",
          "value": -0.0
        },
        {
          "error": 0.0,
          "isConstant": false,
          "max": 16471.954914,
          "min": 0.5,
          "name": "nSigP",
          "value": 9883.172948
        },
        {
          "error": 0.0,
          "isConstant": false,
          "max": 5.0,
          "min": 0.5,
          "name": "sigmaP",
          "value": 0.9
        }
      ],
      "minNll": -58134.37349771548,
      "numInvalidNLL": 0,
      "status": 160
    },
    "pass_quality": "check",
    "root_read_error": null
  },
  "fit_type": "nominalFit",
  "histograms": {
    "fail": {
      "entries": 221.0,
      "fit_window": {
        "bin1": 11,
        "bin2": 70,
        "max": 120.0,
        "min": 60.0
      },
      "integral_fit_window": 248.45807866106213,
      "integral_fit_window_error": 20.445940389936535,
      "integral_full": 255.69887014196806,
      "integral_full_error": 20.75023270335314,
      "maximum_bin_center": 92.5,
      "maximum_bin_content": 24.051838636457745,
      "mean": 91.52375257106202,
      "rms": 11.663294606463905
    },
    "pass": {
      "entries": 9845.0,
      "fit_window": {
        "bin1": 11,
        "bin2": 70,
        "max": 120.0,
        "min": 60.0
      },
      "integral_fit_window": 10797.169848465963,
      "integral_fit_window_error": 131.02788335584356,
      "integral_full": 10981.30327601925,
      "integral_full_error": 132.06774493167242,
      "maximum_bin_center": 90.5,
      "maximum_bin_content": 1712.1010650527805,
      "mean": 91.14795257766826,
      "rms": 7.610510211898146
    }
  },
  "sample": {
    "fitOutputBinRoot": "/eos/home-p/pelai/HZa/root_TnP//hza_elid_nongap_2024_sf//DY_MC_LO_2024_hza_elid_nongap_2024_sf.nominalFit-bin45_el_sc_eta_0p80To1p57_el_et_100p00To500p00.root",
    "fitOutputRoot": "/eos/home-p/pelai/HZa/root_TnP//hza_elid_nongap_2024_sf//DY_MC_LO_2024_hza_elid_nongap_2024_sf.nominalFit.root",
    "histFile": "/eos/home-p/pelai/HZa/root_TnP//hza_elid_nongap_2024_sf//DY_MC_LO_2024_hza_elid_nongap_2024_sf.root",
    "isMC": true,
    "mcRefHistFile": "/eos/home-p/pelai/HZa/root_TnP//hza_elid_nongap_2024_sf//DY_MC_LO_2024_hza_elid_nongap_2024_sf.root",
    "mcTruth": true,
    "name": "DY_MC_LO_2024"
  },
  "workspace": {
    "effective_parsed": [
      {
        "max": 5.0,
        "min": -5.0,
        "name": "meanP",
        "raw": "meanP[-0.0,-5.0,5.0]",
        "tokens": [
          "-0.0",
          "-5.0",
          "5.0"
        ],
        "value": -0.0
      },
      {
        "max": 5.0,
        "min": 0.5,
        "name": "sigmaP",
        "raw": "sigmaP[0.9,0.5,5.0]",
        "tokens": [
          "0.9",
          "0.5",
          "5.0"
        ],
        "value": 0.9
      },
      {
        "max": 5.0,
        "min": -5.0,
        "name": "meanF",
        "raw": "meanF[-0.0,-5.0,5.0]",
        "tokens": [
          "-0.0",
          "-5.0",
          "5.0"
        ],
        "value": -0.0
      },
      {
        "max": 5.0,
        "min": 0.5,
        "name": "sigmaF",
        "raw": "sigmaF[0.9,0.5,5.0]",
        "tokens": [
          "0.9",
          "0.5",
          "5.0"
        ],
        "value": 0.9
      },
      {
        "max": 80.0,
        "min": 50.0,
        "name": "acmsP",
        "raw": "acmsP[60.,50.,80.]",
        "tokens": [
          "60.",
          "50.",
          "80."
        ],
        "value": 60.0
      },
      {
        "max": 0.08,
        "min": 0.01,
        "name": "betaP",
        "raw": "betaP[0.05,0.01,0.08]",
        "tokens": [
          "0.05",
          "0.01",
          "0.08"
        ],
        "value": 0.05
      },
      {
        "max": 2.0,
        "min": -2.0,
        "name": "gammaP",
        "raw": "gammaP[0.1, -2, 2]",
        "tokens": [
          "0.1",
          "-2",
          "2"
        ],
        "value": 0.1
      },
      {
        "max": 90.0,
        "min": 82.0,
        "name": "peakP",
        "raw": "peakP[87.0,82.0,90.0]",
        "tokens": [
          "87.0",
          "82.0",
          "90.0"
        ],
        "value": 87.0
      },
      {
        "max": 80.0,
        "min": 50.0,
        "name": "acmsF",
        "raw": "acmsF[60.,50.,80.]",