{
  "bin": {
    "cut": "tag_Ele_pt > 40 && abs(tag_sc_eta) < 2.17 && (tag_Ele_q + el_q) == 0 && el_sc_eta >= -2.500000 && el_sc_eta < -2.000000 && el_et >= 100.000000 && el_et < 500.000000",
    "index": 40,
    "name": "bin40_el_sc_eta_m2p50Tom2p00_el_et_100p00To500p00",
    "title": "; -2.500 < el_sc_eta < -2.000; 100.000 < el_et < 500.000",
    "vars": {
      "el_et": {
        "max": 500,
        "min": 100
      },
      "el_sc_eta": {
        "max": -2.0,
        "min": -2.5
      }
    }
  },
  "created_at_utc": "2026-04-19T15:00:42.055659+00:00",
  "derived": {
    "efficiency": 0.974934972308746,
    "efficiency_error": 0.0027841243804033636,
    "nSigF": {
      "error": 6.035853151424561,
      "isConstant": false,
      "max": 87.212968,
      "min": 0.5,
      "name": "nSigF",
      "value": 53.60150279852322
    },
    "nSigP": {
      "error": 36.130971030489945,
      "isConstant": false,
      "max": 3173.582143,
      "min": 0.5,
      "name": "nSigP",
      "value": 2084.896146546847
    }
  },
  "fit_metadata": {
    "bin_index": 40,
    "fail_hist_uses_pass_hist": false,
    "fit_range": {
      "max": 120.0,
      "min": 60.0
    },
    "truth_fail_template_uses_pass_hist": true,
    "truth_template_source": "/eos/home-p/pelai/HZa/root_TnP//hza_elid_nongap_2024_sf//DY_MC_LO_2024_hza_elid_nongap_2024_sf.root"
  },
  "fit_result": {
    "fail": {
      "covQual": -1,
      "edm": 0.2679636837057322,
      "floatParsFinal": [
        {
          "error": 0.5693526119828123,
          "isConstant": false,
          "max": 5.0,
          "min": -5.0,
          "name": "meanF",
          "value": -0.10448275815347863
        },
        {
          "error": 6.035853151424561,
          "isConstant": false,
          "max": 87.212968,
          "min": 0.5,
          "name": "nSigF",
          "value": 53.60150279852322
        },
        {
          "error": 0.11142434954434499,
          "isConstant": false,
          "max": 1.5000015371158872,
          "min": 0.40000040989756996,
          "name": "sigmaF",
          "value": 1.500001536797725
        }
      ],
      "floatParsInit": [
        {
          "error": 0.0,
          "isConstant": false,
          "max": 5.0,
          "min": -5.0,
          "name": "meanF",
          "value": -0.0
        },
        {
          "error": 0.0,
          "isConstant": false,
          "max": 87.212968,
          "min": 0.5,
          "name": "nSigF",
          "value": 52.327781
        },
        {
          "error": 0.0,
          "isConstant": false,
          "max": 1.5000015371158872,
          "min": 0.40000040989756996,
          "name": "sigmaF",
          "value": 0.5000005123719624
        }
      ],
      "minNll": 36.83596196920831,
      "numInvalidNLL": 0,
      "status": 160
    },
    "fail_quality": "check",
    "pass": {
      "covQual": -1,
      "edm": 0.364256153425823,
      "floatParsFinal": [
        {
          "error": 0.04319183532361626,
          "isConstant": false,
          "max": 5.0,
          "min": -5.0,
          "name": "meanP",
          "value": 0.01353873365158087
        },
        {
          "error": 36.130971030489945,
          "isConstant": false,
          "max": 3173.582143,
          "min": 0.5,
          "name": "nSigP",
          "value": 2084.896146546847
        },
        {
          "error": 0.005550569705546071,
          "isConstant": false,
          "max": 5.0,
          "min": 0.5,
          "name": "sigmaP",
          "value": 0.5000005123719624
        }
      ],
      "floatParsInit": [
        {
          "error": 0.0,
          "isConstant": false,
          "max": 5.0,
          "min": -5.0,
          "name": "meanP",
          "value": -0.0
        },
        {
          "error": 0.0,
          "isConstant": false,
          "max": 3173.582143,
          "min": 0.5,
          "name": "nSigP",
          "value": 1904.149286
        },
        {
          "error": 0.0,
          "isConstant": false,
          "max": 5.0,
          "min": 0.5,
          "name": "sigmaP",
          "value": 0.9
        }
      ],
      "minNll": -7688.6122827808995,
      "numInvalidNLL": 0,
      "status": 160
    },
    "pass_quality": "check",
    "root_read_error": null
  },
  "fit_type": "nominalFit",
  "histograms": {
    "fail": {
      "entries": 53.0,
      "fit_window": {
        "bin1": 11,
        "bin2": 70,
        "max": 120.0,
        "min": 60.0
      },
      "integral_fit_window": 54.336872489152356,
      "integral_fit_window_error": 8.958441900448797,
      "integral_full": 58.14197872156679,
      "integral_full_error": 9.319995448183148,
      "maximum_bin_center": 91.5,
      "maximum_bin_content": 7.098273656397176,
      "mean": 92.74160882620478,
      "rms": 11.56998458920661
    },
    "pass": {
      "entries": 1909.0,
      "fit_window": {
        "bin1": 11,
        "bin2": 70,
        "max": 120.0,
        "min": 60.0
      },
      "integral_fit_window": 2085.3001541406366,
      "integral_fit_window_error": 57.710497811988276,
      "integral_full": 2115.7214286181725,
      "integral_full_error": 58.12711562325781,
      "maximum_bin_center": 90.5,
      "maximum_bin_content": 284.58408228391767,
      "mean": 91.59607111932567,
      "rms": 7.897856057133637
    }
  },
  "sample": {
    "fitOutputBinRoot": "/eos/home-p/pelai/HZa/root_TnP//hza_elid_nongap_2024_sf//DY_MC_LO_2024_hza_elid_nongap_2024_sf.nominalFit-bin40_el_sc_eta_m2p50Tom2p00_el_et_100p00To500p00.root",
    "fitOutputRoot": "/eos/home-p/pelai/HZa/root_TnP//hza_elid_nongap_2024_sf//DY_MC_LO_2024_hza_elid_nongap_2024_sf.nominalFit.root",
    "histFile": "/eos/home-p/pelai/HZa/root_TnP//hza_elid_nongap_2024_sf//DY_MC_LO_2024_hza_elid_nongap_2024_sf.root",
    "isMC": true,
    "mcRefHistFile": "/eos/home-p/pelai/HZa/root_TnP//hza_elid_nongap_2024_sf//DY_MC_LO_2024_hza_elid_nongap_2024_sf.root",
    "mcTruth": true,
    "name": "DY_MC_LO_2024"
  },
  "workspace": {
    "effective_parsed": [
      {
        "max": 5.0,
        "min": -5.0,
        "name": "meanP",
        "raw": "meanP[-0.0,-5.0,5.0]",
        "tokens": [
          "-0.0",
          "-5.0",
          "5.0"
        ],
        "value": -0.0
      },
      {
        "max": 5.0,
        "min": 0.5,
        "name": "sigmaP",
        "raw": "sigmaP[0.9,0.5,5.0]",
        "tokens": [
          "0.9",
          "0.5",
          "5.0"
        ],
        "value": 0.9
      },
      {
        "max": 5.0,
        "min": -5.0,
        "name": "meanF",
        "raw": "meanF[-0.0,-5.0,5.0]",
        "tokens": [
          "-0.0",
          "-5.0",
          "5.0"
        ],
        "value": -0.0
      },
      {
        "max": 5.0,
        "min": 0.5,
        "name": "sigmaF",
        "raw": "sigmaF[0.9,0.5,5.0]",
        "tokens": [
          "0.9",
          "0.5",
          "5.0"
        ],
        "value": 0.9
      },
      {
        "max": 80.0,
        "min": 50.0,
        "name": "acmsP",
        "raw": "acmsP[60.,50.,80.]",
        "tokens": [
          "60.",
          "50.",
          "80."
        ],
        "value": 60.0
      },
      {
        "max": 0.08,
        "min": 0.01,
        "name": "betaP",
        "raw": "betaP[0.05,0.01,0.08]",
        "tokens": [
          "0.05",
          "0.01",
          "0.08"
        ],
        "value": 0.05
      },
      {
        "max": 2.0,
        "min": -2.0,
        "name": "gammaP",
        "raw": "gammaP[0.1, -2, 2]",
        "tokens": [
          "0.1",
          "-2",
          "2"
        ],
        "value": 0.1
      },
      {
        "max": 90.0,
        "min": 82.0,
        "name": "peakP",
        "raw": "peakP[87.0,82.0,90.0]",
        "tokens": [
          "87.0",
          "82.0",
          "90.0"
        ],
        "value": 87.0
      },
      {
        "max": 80.0,
        "min": 50.0,
        "name": "acmsF",
        "raw": "acmsF[60.,50.,80.]",