{
  "bin": {
    "cut": "tag_Ele_pt > 40 && abs(tag_sc_eta) < 2.17 && (tag_Ele_q + el_q) == 0 && el_sc_eta >= -0.800000 && el_sc_eta < 0.000000 && el_et >= 100.000000 && el_et < 500.000000",
    "index": 43,
    "name": "bin43_el_sc_eta_m0p80To0p00_el_et_100p00To500p00",
    "title": "; -0.800 < el_sc_eta < 0.000; 100.000 < el_et < 500.000",
    "vars": {
      "el_et": {
        "max": 500,
        "min": 100
      },
      "el_sc_eta": {
        "max": 0.0,
        "min": -0.8
      }
    }
  },
  "created_at_utc": "2026-04-20T04:52:35.878520+00:00",
  "derived": {
    "efficiency": 0.9857300716630182,
    "efficiency_error": 0.00076462905391788,
    "nSigF": {
      "error": 11.585555134201428,
      "isConstant": false,
      "max": 325.322804,
      "min": 0.5,
      "name": "nSigF",
      "value": 214.67069226508008
    },
    "nSigP": {
      "error": 96.38261217749823,
      "isConstant": false,
      "max": 22682.083313,
      "min": 0.5,
      "name": "nSigP",
      "value": 14828.901160071504
    }
  },
  "fit_metadata": {
    "bin_index": 43,
    "fail_hist_uses_pass_hist": false,
    "fit_range": {
      "max": 120.0,
      "min": 60.0
    },
    "truth_fail_template_uses_pass_hist": true,
    "truth_template_source": "/eos/home-p/pelai/HZa/root_TnP//hza_elid_nongap_2024_sf//DY_MC_LO_2024_hza_elid_nongap_2024_sf.root"
  },
  "fit_result": {
    "fail": {
      "covQual": -1,
      "edm": 0.3220963088222964,
      "floatParsFinal": [
        {
          "error": 0.21933459515498255,
          "isConstant": false,
          "max": 5.0,
          "min": -5.0,
          "name": "meanF",
          "value": -0.28815675950902087
        },
        {
          "error": 11.585555134201428,
          "isConstant": false,
          "max": 325.322804,
          "min": 0.5,
          "name": "nSigF",
          "value": 214.67069226508008
        },
        {
          "error": 0.030951327826472697,
          "isConstant": false,
          "max": 1.5000000121888402,
          "min": 0.40000000325035745,
          "name": "sigmaF",
          "value": 1.4999997848645357
        }
      ],
      "floatParsInit": [
        {
          "error": 0.0,
          "isConstant": false,
          "max": 5.0,
          "min": -5.0,
          "name": "meanF",
          "value": -0.0
        },
        {
          "error": 0.0,
          "isConstant": false,
          "max": 325.322804,
          "min": 0.5,
          "name": "nSigF",
          "value": 195.193683
        },
        {
          "error": 0.0,
          "isConstant": false,
          "max": 1.5000000121888402,
          "min": 0.40000000325035745,
          "name": "sigmaF",
          "value": 0.5000000040629468
        }
      ],
      "minNll": -215.0547533914671,
      "numInvalidNLL": 0,
      "status": 160
    },
    "fail_quality": "check",
    "pass": {
      "covQual": -1,
      "edm": 0.6999198328564395,
      "floatParsFinal": [
        {
          "error": 0.01613164676572909,
          "isConstant": false,
          "max": 5.0,
          "min": -5.0,
          "name": "meanP",
          "value": 0.0025252491701133195
        },
        {
          "error": 96.38261217749823,
          "isConstant": false,
          "max": 22682.083313,
          "min": 0.5,
          "name": "nSigP",
          "value": 14828.901160071504
        },
        {
          "error": 0.002750753814454443,
          "isConstant": false,
          "max": 5.0,
          "min": 0.5,
          "name": "sigmaP",
          "value": 0.5000000040629468
        }
      ],
      "floatParsInit": [
        {
          "error": 0.0,
          "isConstant": false,
          "max": 5.0,
          "min": -5.0,
          "name": "meanP",
          "value": -0.0
        },
        {
          "error": 0.0,
          "isConstant": false,
          "max": 22682.083313,
          "min": 0.5,
          "name": "nSigP",
          "value": 13609.249988
        },
        {
          "error": 0.0,
          "isConstant": false,
          "max": 5.0,
          "min": 0.5,
          "name": "sigmaP",
          "value": 0.9
        }
      ],
      "minNll": -86018.18675629143,
      "numInvalidNLL": 0,
      "status": 160
    },
    "pass_quality": "check",
    "root_read_error": null
  },
  "fit_type": "nominalFit",
  "histograms": {
    "fail": {
      "entries": 194.0,
      "fit_window": {
        "bin1": 11,
        "bin2": 70,
        "max": 120.0,
        "min": 60.0
      },
      "integral_fit_window": 215.48588385212423,
      "integral_fit_window_error": 18.561000809344247,
      "integral_full": 216.88186948655496,
      "integral_full_error": 18.579998462658967,
      "maximum_bin_center": 90.5,
      "maximum_bin_content": 26.718742597169395,
      "mean": 91.39534814781888,
      "rms": 8.53997947190843
    },
    "pass": {
      "entries": 13400.0,
      "fit_window": {
        "bin1": 11,
        "bin2": 70,
        "max": 120.0,
        "min": 60.0
      },
      "integral_fit_window": 14828.965534884761,
      "integral_fit_window_error": 153.85834232864985,
      "integral_full": 15121.388875379693,
      "integral_full_error": 155.38909641030588,
      "maximum_bin_center": 90.5,
      "maximum_bin_content": 2557.497971441127,
      "mean": 91.42682313261123,
      "rms": 7.496916968581173
    }
  },
  "sample": {
    "fitOutputBinRoot": "/eos/home-p/pelai/HZa/root_TnP//hza_elid_nongap_2024_sf//DY_MC_LO_2024_hza_elid_nongap_2024_sf.nominalFit-bin43_el_sc_eta_m0p80To0p00_el_et_100p00To500p00.root",
    "fitOutputRoot": "/eos/home-p/pelai/HZa/root_TnP//hza_elid_nongap_2024_sf//DY_MC_LO_2024_hza_elid_nongap_2024_sf.nominalFit.root",
    "histFile": "/eos/home-p/pelai/HZa/root_TnP//hza_elid_nongap_2024_sf//DY_MC_LO_2024_hza_elid_nongap_2024_sf.root",
    "isMC": true,
    "mcRefHistFile": "/eos/home-p/pelai/HZa/root_TnP//hza_elid_nongap_2024_sf//DY_MC_LO_2024_hza_elid_nongap_2024_sf.root",
    "mcTruth": true,
    "name": "DY_MC_LO_2024"
  },
  "workspace": {
    "effective_parsed": [
      {
        "max": 5.0,
        "min": -5.0,
        "name": "meanP",
        "raw": "meanP[-0.0,-5.0,5.0]",
        "tokens": [
          "-0.0",
          "-5.0",
          "5.0"
        ],
        "value": -0.0
      },
      {
        "max": 5.0,
        "min": 0.5,
        "name": "sigmaP",
        "raw": "sigmaP[0.9,0.5,5.0]",
        "tokens": [
          "0.9",
          "0.5",
          "5.0"
        ],
        "value": 0.9
      },
      {
        "max": 5.0,
        "min": -5.0,
        "name": "meanF",
        "raw": "meanF[-0.0,-5.0,5.0]",
        "tokens": [
          "-0.0",
          "-5.0",
          "5.0"
        ],
        "value": -0.0
      },
      {
        "max": 5.0,
        "min": 0.5,
        "name": "sigmaF",
        "raw": "sigmaF[0.9,0.5,5.0]",
        "tokens": [
          "0.9",
          "0.5",
          "5.0"
        ],
        "value": 0.9
      },
      {
        "max": 80.0,
        "min": 50.0,
        "name": "acmsP",
        "raw": "acmsP[60.,50.,80.]",
        "tokens": [
          "60.",
          "50.",
          "80."
        ],
        "value": 60.0
      },
      {
        "max": 0.08,
        "min": 0.01,
        "name": "betaP",
        "raw": "betaP[0.05,0.01,0.08]",
        "tokens": [
          "0.05",
          "0.01",
          "0.08"
        ],
        "value": 0.05
      },
      {
        "max": 2.0,
        "min": -2.0,
        "name": "gammaP",
        "raw": "gammaP[0.1, -2, 2]",
        "tokens": [
          "0.1",
          "-2",
          "2"
        ],
        "value": 0.1
      },
      {
        "max": 90.0,
        "min": 82.0,
        "name": "peakP",
        "raw": "peakP[87.0,82.0,90.0]",
        "tokens": [
          "87.0",
          "82.0",
          "90.0"
        ],
        "value": 87.0
      },
      {
        "max": 80.0,
        "min": 50.0,
        "name": "acmsF",
        "raw": "acmsF[60.,50.,80.]",