{
  "bin": {
    "cut": "tag_Ele_pt > 40 && abs(tag_sc_eta) < 2.17 && (tag_Ele_q + el_q) == 0 && el_sc_eta >= 0.000000 && el_sc_eta < 0.800000 && el_et >= 100.000000 && el_et < 500.000000",
    "index": 44,
    "name": "bin44_el_sc_eta_0p00To0p80_el_et_100p00To500p00",
    "title": "; 0.000 < el_sc_eta < 0.800; 100.000 < el_et < 500.000",
    "vars": {
      "el_et": {
        "max": 500,
        "min": 100
      },
      "el_sc_eta": {
        "max": 0.8,
        "min": 0.0
      }
    }
  },
  "created_at_utc": "2026-04-20T04:52:35.747405+00:00",
  "derived": {
    "efficiency": 0.9874646334695919,
    "efficiency_error": 0.0007055256581504583,
    "nSigF": {
      "error": 10.940429773175197,
      "isConstant": false,
      "max": 311.758266,
      "min": 0.5,
      "name": "nSigF",
      "value": 193.16893807211991
    },
    "nSigP": {
      "error": 97.42059388940379,
      "isConstant": false,
      "max": 23298.50316,
      "min": 0.5,
      "name": "nSigP",
      "value": 15216.746488296496
    }
  },
  "fit_metadata": {
    "bin_index": 44,
    "fail_hist_uses_pass_hist": false,
    "fit_range": {
      "max": 120.0,
      "min": 60.0
    },
    "truth_fail_template_uses_pass_hist": true,
    "truth_template_source": "/eos/home-p/pelai/HZa/root_TnP//hza_elid_nongap_2024_sf//DY_MC_LO_2024_hza_elid_nongap_2024_sf.root"
  },
  "fit_result": {
    "fail": {
      "covQual": -1,
      "edm": 0.016518000881532543,
      "floatParsFinal": [
        {
          "error": 0.21560854925566764,
          "isConstant": false,
          "max": 5.0,
          "min": -5.0,
          "name": "meanF",
          "value": -0.10308534583590134
        },
        {
          "error": 10.940429773175197,
          "isConstant": false,
          "max": 311.758266,
          "min": 0.5,
          "name": "nSigF",
          "value": 193.16893807211991
        },
        {
          "error": 0.0402096119103601,
          "isConstant": false,
          "max": 1.5000000327151084,
          "min": 0.4000000087240289,
          "name": "sigmaF",
          "value": 1.4999997065178856
        }
      ],
      "floatParsInit": [
        {
          "error": 0.0,
          "isConstant": false,
          "max": 5.0,
          "min": -5.0,
          "name": "meanF",
          "value": -0.0
        },
        {
          "error": 0.0,
          "isConstant": false,
          "max": 311.758266,
          "min": 0.5,
          "name": "nSigF",
          "value": 187.05496
        },
        {
          "error": 0.0,
          "isConstant": false,
          "max": 1.5000000327151084,
          "min": 0.4000000087240289,
          "name": "sigmaF",
          "value": 0.5000000109050361
        }
      ],
      "minNll": -222.24889724300374,
      "numInvalidNLL": 0,
      "status": 160
    },
    "fail_quality": "check",
    "pass": {
      "covQual": -1,
      "edm": 0.528029996704816,
      "floatParsFinal": [
        {
          "error": 0.015892242323929384,
          "isConstant": false,
          "max": 5.0,
          "min": -5.0,
          "name": "meanP",
          "value": 0.0020960642325151824
        },
        {
          "error": 97.42059388940379,
          "isConstant": false,
          "max": 23298.50316,
          "min": 0.5,
          "name": "nSigP",
          "value": 15216.746488296496
        },
        {
          "error": 0.0023245482684721708,
          "isConstant": false,
          "max": 5.0,
          "min": 0.5,
          "name": "sigmaP",
          "value": 0.5000000109050361
        }
      ],
      "floatParsInit": [
        {
          "error": 0.0,
          "isConstant": false,
          "max": 5.0,
          "min": -5.0,
          "name": "meanP",
          "value": -0.0
        },
        {
          "error": 0.0,
          "isConstant": false,
          "max": 23298.50316,
          "min": 0.5,
          "name": "nSigP",
          "value": 13979.101896
        },
        {
          "error": 0.0,
          "isConstant": false,
          "max": 5.0,
          "min": 0.5,
          "name": "sigmaP",
          "value": 0.9
        }
      ],
      "minNll": -88307.0377297575,
      "numInvalidNLL": 0,
      "status": 160
    },
    "pass_quality": "check",
    "root_read_error": null
  },
  "fit_type": "nominalFit",
  "histograms": {
    "fail": {
      "entries": 184.0,
      "fit_window": {
        "bin1": 11,
        "bin2": 70,
        "max": 120.0,
        "min": 60.0
      },
      "integral_fit_window": 193.81432805679682,
      "integral_fit_window_error": 17.660192239885497,
      "integral_full": 207.8388442007094,
      "integral_full_error": 18.319359510692024,
      "maximum_bin_center": 91.5,
      "maximum_bin_content": 29.314914031059505,
      "mean": 91.8872514457378,
      "rms": 10.867118314995194
    },
    "pass": {
      "entries": 13788.0,
      "fit_window": {
        "bin1": 11,
        "bin2": 70,
        "max": 120.0,
        "min": 60.0
      },
      "integral_fit_window": 15216.741830560233,
      "integral_fit_window_error": 156.20069978155553,
      "integral_full": 15532.335440125693,
      "integral_full_error": 157.8708733703907,
      "maximum_bin_center": 90.5,
      "maximum_bin_content": 2659.3358024145373,
      "mean": 91.31312334497557,
      "rms": 7.7054835444205825
    }
  },
  "sample": {
    "fitOutputBinRoot": "/eos/home-p/pelai/HZa/root_TnP//hza_elid_nongap_2024_sf//DY_MC_LO_2024_hza_elid_nongap_2024_sf.nominalFit-bin44_el_sc_eta_0p00To0p80_el_et_100p00To500p00.root",
    "fitOutputRoot": "/eos/home-p/pelai/HZa/root_TnP//hza_elid_nongap_2024_sf//DY_MC_LO_2024_hza_elid_nongap_2024_sf.nominalFit.root",
    "histFile": "/eos/home-p/pelai/HZa/root_TnP//hza_elid_nongap_2024_sf//DY_MC_LO_2024_hza_elid_nongap_2024_sf.root",
    "isMC": true,
    "mcRefHistFile": "/eos/home-p/pelai/HZa/root_TnP//hza_elid_nongap_2024_sf//DY_MC_LO_2024_hza_elid_nongap_2024_sf.root",
    "mcTruth": true,
    "name": "DY_MC_LO_2024"
  },
  "workspace": {
    "effective_parsed": [
      {
        "max": 5.0,
        "min": -5.0,
        "name": "meanP",
        "raw": "meanP[-0.0,-5.0,5.0]",
        "tokens": [
          "-0.0",
          "-5.0",
          "5.0"
        ],
        "value": -0.0
      },
      {
        "max": 5.0,
        "min": 0.5,
        "name": "sigmaP",
        "raw": "sigmaP[0.9,0.5,5.0]",
        "tokens": [
          "0.9",
          "0.5",
          "5.0"
        ],
        "value": 0.9
      },
      {
        "max": 5.0,
        "min": -5.0,
        "name": "meanF",
        "raw": "meanF[-0.0,-5.0,5.0]",
        "tokens": [
          "-0.0",
          "-5.0",
          "5.0"
        ],
        "value": -0.0
      },
      {
        "max": 5.0,
        "min": 0.5,
        "name": "sigmaF",
        "raw": "sigmaF[0.9,0.5,5.0]",
        "tokens": [
          "0.9",
          "0.5",
          "5.0"
        ],
        "value": 0.9
      },
      {
        "max": 80.0,
        "min": 50.0,
        "name": "acmsP",
        "raw": "acmsP[60.,50.,80.]",
        "tokens": [
          "60.",
          "50.",
          "80."
        ],
        "value": 60.0
      },
      {
        "max": 0.08,
        "min": 0.01,
        "name": "betaP",
        "raw": "betaP[0.05,0.01,0.08]",
        "tokens": [
          "0.05",
          "0.01",
          "0.08"
        ],
        "value": 0.05
      },
      {
        "max": 2.0,
        "min": -2.0,
        "name": "gammaP",
        "raw": "gammaP[0.1, -2, 2]",
        "tokens": [
          "0.1",
          "-2",
          "2"
        ],
        "value": 0.1
      },
      {
        "max": 90.0,
        "min": 82.0,
        "name": "peakP",
        "raw": "peakP[87.0,82.0,90.0]",
        "tokens": [
          "87.0",
          "82.0",
          "90.0"
        ],
        "value": 87.0
      },
      {
        "max": 80.0,
        "min": 50.0,
        "name": "acmsF",
        "raw": "acmsF[60.,50.,80.]",