{
  "bin": {
    "cut": "tag_Ele_pt > 40 && abs(tag_sc_eta) < 2.17 && (tag_Ele_q + el_q) == 0 && el_sc_eta >= -2.000000 && el_sc_eta < -1.566000 && el_et >= 20.000000 && el_et < 35.000000",
    "index": 9,
    "name": "bin09_el_sc_eta_m2p00Tom1p57_el_et_20p00To35p00",
    "title": "; -2.000 < el_sc_eta < -1.566; 20.000 < el_et < 35.000",
    "vars": {
      "el_et": {
        "max": 35,
        "min": 20
      },
      "el_sc_eta": {
        "max": -1.566,
        "min": -2.0
      }
    }
  },
  "created_at_utc": "2026-05-01T19:14:04.773741+00:00",
  "derived": {
    "efficiency": 0.9526703299619097,
    "efficiency_error": 0.0003829394991989174,
    "nSigF": {
      "error": 75.22481266031446,
      "isConstant": false,
      "max": 13722.943166,
      "min": 0.5,
      "name": "nSigF",
      "value": 9075.468134000383
    },
    "nSigP": {
      "error": 338.03990575489297,
      "isConstant": false,
      "max": 275680.06914,
      "min": 0.5,
      "name": "nSigP",
      "value": 182674.61435540972
    }
  },
  "fit_metadata": {
    "bin_index": 9,
    "fail_hist_uses_pass_hist": false,
    "fit_range": {
      "max": 120.0,
      "min": 60.0
    },
    "truth_fail_template_uses_pass_hist": false,
    "truth_template_source": "/eos/home-p/pelai/HZa/root_TnP//hza_elid_nongap_2025_sf//DY_MC_LO_2025_hza_elid_nongap_2025_sf.root"
  },
  "fit_result": {
    "fail": {
      "covQual": -1,
      "edm": 0.022115149590291722,
      "floatParsFinal": [
        {
          "error": 0.04134555788225036,
          "isConstant": false,
          "max": 1.0,
          "min": -5.0,
          "name": "meanF",
          "value": -0.00284502969520517
        },
        {
          "error": 75.22481266031446,
          "isConstant": false,
          "max": 13722.943166,
          "min": 0.5,
          "name": "nSigF",
          "value": 9075.468134000383
        },
        {
          "error": 0.007765405918224416,
          "isConstant": false,
          "max": 1.5000000027218041,
          "min": 0.40000000072581443,
          "name": "sigmaF",
          "value": 0.40000202752660835
        }
      ],
      "floatParsInit": [
        {
          "error": 0.0,
          "isConstant": false,
          "max": 1.0,
          "min": -5.0,
          "name": "meanF",
          "value": -2.2
        },
        {
          "error": 0.0,
          "isConstant": false,
          "max": 13722.943166,
          "min": 0.5,
          "name": "nSigF",
          "value": 8233.7659
        },
        {
          "error": 0.0,
          "isConstant": false,
          "max": 1.5000000027218041,
          "min": 0.40000000072581443,
          "name": "sigmaF",
          "value": 0.8
        }
      ],
      "minNll": -41711.15007244063,
      "numInvalidNLL": 0,
      "status": 160
    },
    "fail_quality": "check",
    "pass": {
      "covQual": -1,
      "edm": 0.06412172257270328,
      "floatParsFinal": [
        {
          "error": 0.008483081679087512,
          "isConstant": false,
          "max": 5.0,
          "min": -5.0,
          "name": "meanP",
          "value": -0.005652826691188828
        },
        {
          "error": 338.03990575489297,
          "isConstant": false,
          "max": 275680.06914,
          "min": 0.5,
          "name": "nSigP",
          "value": 182674.61435540972
        },
        {
          "error": 0.002283333150420508,
          "isConstant": false,
          "max": 5.0,
          "min": 0.5,
          "name": "sigmaP",
          "value": 0.500000000907268
        }
      ],
      "floatParsInit": [
        {
          "error": 0.0,
          "isConstant": false,
          "max": 5.0,
          "min": -5.0,
          "name": "meanP",
          "value": -0.0
        },
        {
          "error": 0.0,
          "isConstant": false,
          "max": 275680.06914,
          "min": 0.5,
          "name": "nSigP",
          "value": 165408.041484
        },
        {
          "error": 0.0,
          "isConstant": false,
          "max": 5.0,
          "min": 0.5,
          "name": "sigmaP",
          "value": 0.9
        }
      ],
      "minNll": -1446188.130623158,
      "numInvalidNLL": 0,
      "status": 160
    },
    "pass_quality": "check",
    "root_read_error": null
  },
  "fit_type": "nominalFit",
  "histograms": {
    "fail": {
      "entries": 8065.0,
      "fit_window": {
        "bin1": 11,
        "bin2": 70,
        "max": 120.0,
        "min": 60.0
      },
      "integral_fit_window": 9077.360942363632,
      "integral_fit_window_error": 120.64407688413448,
      "integral_full": 9148.628777478652,
      "integral_full_error": 121.17188805236803,
      "maximum_bin_center": 90.5,
      "maximum_bin_content": 584.6111876567595,
      "mean": 85.31988497235646,
      "rms": 9.330253736386585
    },
    "pass": {
      "entries": 162624.0,
      "fit_window": {
        "bin1": 11,
        "bin2": 70,
        "max": 120.0,
        "min": 60.0
      },
      "integral_fit_window": 182675.92889273557,
      "integral_fit_window_error": 540.3939126915342,
      "integral_full": 183786.71276009476,
      "integral_full_error": 542.0611461842319,
      "maximum_bin_center": 90.5,
      "maximum_bin_content": 17300.853564417142,
      "mean": 88.00424822509125,
      "rms": 7.27506917333744
    }
  },
  "sample": {
    "fitOutputBinRoot": "/eos/home-p/pelai/HZa/root_TnP//hza_elid_nongap_2025_sf//DY_MC_LO_2025_hza_elid_nongap_2025_sf.nominalFit-bin09_el_sc_eta_m2p00Tom1p57_el_et_20p00To35p00.root",
    "fitOutputRoot": "/eos/home-p/pelai/HZa/root_TnP//hza_elid_nongap_2025_sf//DY_MC_LO_2025_hza_elid_nongap_2025_sf.nominalFit.root",
    "histFile": "/eos/home-p/pelai/HZa/root_TnP//hza_elid_nongap_2025_sf//DY_MC_LO_2025_hza_elid_nongap_2025_sf.root",
    "isMC": true,
    "mcRefHistFile": "/eos/home-p/pelai/HZa/root_TnP//hza_elid_nongap_2025_sf//DY_MC_LO_2025_hza_elid_nongap_2025_sf.root",
    "mcTruth": true,
    "name": "DY_MC_LO_2025"
  },
  "workspace": {
    "effective_parsed": [
      {
        "max": 5.0,
        "min": -5.0,
        "name": "meanP",
        "raw": "meanP[-0.0,-5.0,5.0]",
        "tokens": [
          "-0.0",
          "-5.0",
          "5.0"
        ],
        "value": -0.0
      },
      {
        "max": 5.0,
        "min": 0.5,
        "name": "sigmaP",
        "raw": "sigmaP[0.9,0.5,5.0]",
        "tokens": [
          "0.9",
          "0.5",
          "5.0"
        ],
        "value": 0.9
      },
      {
        "max": 90.0,
        "min": 45.0,
        "name": "acmsP",
        "raw": "acmsP[65.,45.,90.]",
        "tokens": [
          "65.",
          "45.",
          "90."
        ],
        "value": 65.0
      },
      {
        "max": 0.1,
        "min": 0.005,
        "name": "betaP",
        "raw": "betaP[0.05,0.005,0.10]",
        "tokens": [
          "0.05",
          "0.005",
          "0.10"
        ],
        "value": 0.05
      },
      {
        "max": 2.0,
        "min": -2.0,
        "name": "gammaP",
        "raw": "gammaP[0.1, -2, 2]",
        "tokens": [
          "0.1",
          "-2",
          "2"
        ],
        "value": 0.1
      },
      {
        "max": 90.0,
        "min": 82.0,
        "name": "peakP",
        "raw": "peakP[87.0,82.0,90.0]",
        "tokens": [
          "87.0",
          "82.0",
          "90.0"
        ],
        "value": 87.0
      },
      {
        "max": 90.0,
        "min": 82.0,
        "name": "peakF",
        "raw": "peakF[87.0,82.0,90.0]",
        "tokens": [
          "87.0",
          "82.0",
          "90.0"
        ],
        "value": 87.0
      },
      {
        "max": 1.0,
        "min": -5.0,
        "name": "meanF",
        "raw": "meanF[-2.2,-5.0,1.0]",
        "tokens": [
          "-2.2",
          "-5.0",
          "1.0"
        ],
        "value": -2.2
      },
      {
        "max": 3.6,
        "min": 0.8,
        "name": "sigmaF",
        "raw": "sigmaF[2.4,0.8,3.6]",