{
  "bin": {
    "cut": "tag_Ele_pt > 40 && abs(tag_sc_eta) < 2.17 && (tag_Ele_q + el_q) == 0 && el_sc_eta >= 2.000000 && el_sc_eta < 2.500000 && el_et >= 15.000000 && el_et < 20.000000",
    "index": 7,
    "name": "bin07_el_sc_eta_2p00To2p50_el_et_15p00To20p00",
    "title": "; 2.000 < el_sc_eta < 2.500; 15.000 < el_et < 20.000",
    "vars": {
      "el_et": {
        "max": 20,
        "min": 15
      },
      "el_sc_eta": {
        "max": 2.5,
        "min": 2.0
      }
    }
  },
  "created_at_utc": "2026-07-10T18:22:23.171055+00:00",
  "derived": {
    "efficiency": 0.8719769685652813,
    "efficiency_error": 7.602434336787146e-06,
    "nSigF": {
      "error": 41.666117595508695,
      "isConstant": false,
      "max": 51748049.005737,
      "min": 0.5,
      "name": "nSigF",
      "value": 31664361.802424084
    },
    "nSigP": {
      "error": 14684.7351731807,
      "isConstant": false,
      "max": 336936700.667358,
      "min": 0.5,
      "name": "nSigP",
      "value": 215668961.33147082
    }
  },
  "fit_metadata": {
    "bin_index": 7,
    "fail_hist_uses_pass_hist": false,
    "fit_range": {
      "max": 120.0,
      "min": 60.0
    },
    "truth_fail_template_uses_pass_hist": false,
    "truth_template_source": "/eos/cms/store/group/phys_susy/NPS-25-014/root_TnP_local//hza_elid_nongap_2025_sf//DY_MC_LO_2025_hza_elid_nongap_2025_sf.root"
  },
  "fit_result": {
    "fail": {
      "covQual": -1,
      "edm": 451143.7603269934,
      "floatParsFinal": [
        {
          "error": 6.403184972914033e-06,
          "isConstant": false,
          "max": 1.0,
          "min": -5.0,
          "name": "meanF",
          "value": -0.021109262384286787
        },
        {
          "error": 41.666117595508695,
          "isConstant": false,
          "max": 51748049.005737,
          "min": 0.5,
          "name": "nSigF",
          "value": 31664361.802424084
        },
        {
          "error": 3.578514151669765e-10,
          "isConstant": false,
          "max": 3.8,
          "min": 0.8,
          "name": "sigmaF",
          "value": 0.8000000005895791
        }
      ],
      "floatParsInit": [
        {
          "error": 0.0,
          "isConstant": false,
          "max": 1.0,
          "min": -5.0,
          "name": "meanF",
          "value": -2.6
        },
        {
          "error": 0.0,
          "isConstant": false,
          "max": 51748049.005737,
          "min": 0.5,
          "name": "nSigF",
          "value": 31048829.403442
        },
        {
          "error": 0.0,
          "isConstant": false,
          "max": 3.8,
          "min": 0.8,
          "name": "sigmaF",
          "value": 2.2
        }
      ],
      "minNll": -399669887.6087195,
      "numInvalidNLL": 0,
      "status": -1
    },
    "fail_quality": "check",
    "pass": {
      "covQual": -1,
      "edm": 1.5990531916837667,
      "floatParsFinal": [
        {
          "error": 6.940984550674045e-06,
          "isConstant": false,
          "max": 2.0,
          "min": -5.0,
          "name": "meanP",
          "value": -0.039862744411994555
        },
        {
          "error": 14684.7351731807,
          "isConstant": false,
          "max": 336936700.667358,
          "min": 0.5,
          "name": "nSigP",
          "value": 215668961.33147082
        },
        {
          "error": 2.3234201267374743e-06,
          "isConstant": false,
          "max": 6.0,
          "min": 1.0,
          "name": "sigmaP",
          "value": 1.000001304814918
        }
      ],
      "floatParsInit": [
        {
          "error": 0.0,
          "isConstant": false,
          "max": 2.0,
          "min": -5.0,
          "name": "meanP",
          "value": -2.2
        },
        {
          "error": 0.0,
          "isConstant": false,
          "max": 336936700.667358,
          "min": 0.5,
          "name": "nSigP",
          "value": 202162020.400415
        },
        {
          "error": 0.0,
          "isConstant": false,
          "max": 6.0,
          "min": 1.0,
          "name": "sigmaP",
          "value": 3.0
        }
      ],
      "minNll": -3196368854.310084,
      "numInvalidNLL": 0,
      "status": -1
    },
    "pass_quality": "check",
    "root_read_error": null
  },
  "fit_type": "nominalFit",
  "histograms": {
    "fail": {
      "entries": 2555.0,
      "fit_window": {
        "bin1": 11,
        "bin2": 70,
        "max": 120.0,
        "min": 60.0
      },
      "integral_fit_window": 31664270.89501953,
      "integral_fit_window_error": 759954.9919624728,
      "integral_full": 34498699.3371582,
      "integral_full_error": 790874.839782831,
      "maximum_bin_center": 88.5,
      "maximum_bin_content": 1823133.9567871094,
      "mean": 83.2277755168235,
      "rms": 13.227754943437304
    },
    "pass": {
      "entries": 17481.0,
      "fit_window": {
        "bin1": 11,
        "bin2": 70,
        "max": 120.0,
        "min": 60.0
      },
      "integral_fit_window": 215688403.01586914,
      "integral_fit_window_error": 1966094.7445980294,
      "integral_full": 224624467.11157227,
      "integral_full_error": 2004281.6785653709,
      "maximum_bin_center": 91.5,
      "maximum_bin_content": 17062504.185058594,
      "mean": 87.22368352544586,
      "rms": 10.508233015080288
    }
  },
  "sample": {
    "fitOutputBinRoot": "/eos/cms/store/group/phys_susy/NPS-25-014/root_TnP_local//hza_elid_nongap_2025_sf//DY_MC_LO_2025_hza_elid_nongap_2025_sf.nominalFit-bin07_el_sc_eta_2p00To2p50_el_et_15p00To20p00.root",
    "fitOutputRoot": "/eos/cms/store/group/phys_susy/NPS-25-014/root_TnP_local//hza_elid_nongap_2025_sf//DY_MC_LO_2025_hza_elid_nongap_2025_sf.nominalFit.root",
    "histFile": "/eos/cms/store/group/phys_susy/NPS-25-014/root_TnP_local//hza_elid_nongap_2025_sf//DY_MC_LO_2025_hza_elid_nongap_2025_sf.root",
    "isMC": true,
    "mcRefHistFile": "/eos/cms/store/group/phys_susy/NPS-25-014/root_TnP_local//hza_elid_nongap_2025_sf//DY_MC_LO_2025_hza_elid_nongap_2025_sf.root",
    "mcTruth": true,
    "name": "DY_MC_LO_2025"
  },
  "workspace": {
    "effective_parsed": [
      {
        "max": 90.0,
        "min": 82.0,
        "name": "peakP",
        "raw": "peakP[87.0,82.0,90.0]",
        "tokens": [
          "87.0",
          "82.0",
          "90.0"
        ],
        "value": 87.0
      },
      {
        "max": 90.0,
        "min": 82.0,
        "name": "peakF",
        "raw": "peakF[87.0,82.0,90.0]",
        "tokens": [
          "87.0",
          "82.0",
          "90.0"
        ],
        "value": 87.0
      },
      {
        "max": 2.0,
        "min": -5.0,
        "name": "meanP",
        "raw": "meanP[-2.2,-5.0,2.0]",
        "tokens": [
          "-2.2",
          "-5.0",
          "2.0"
        ],
        "value": -2.2
      },
      {
        "max": 6.0,
        "min": 1.0,
        "name": "sigmaP",
        "raw": "sigmaP[3.0,1.0,6.0]",
        "tokens": [
          "3.0",
          "1.0",
          "6.0"
        ],
        "value": 3.0
      },
      {
        "max": 1.0,
        "min": -5.0,
        "name": "meanF",
        "raw": "meanF[-2.6,-5.0,1.0]",
        "tokens": [
          "-2.6",
          "-5.0",
          "1.0"
        ],
        "value": -2.6
      },
      {
        "max": 3.8,
        "min": 0.8,
        "name": "sigmaF",
        "raw": "sigmaF[2.2,0.8,3.8]",
        "tokens": [
          "2.2",
          "0.8",
          "3.8"
        ],
        "value": 2.2
      },
      {
        "max": 95.0,
        "min": 45.0,
        "name": "acmsP",
        "raw": "acmsP[75.,45.,95.]",
        "tokens": [
          "75.",
          "45.",
          "95."
        ],
        "value": 75.0
      },
      {
        "max": 0.12,
        "min": 0.002,
        "name": "betaP",
        "raw": "betaP[0.04,0.002,0.12]",
        "tokens": [
          "0.04",
          "0.002",
          "0.12"
        ],
        "value": 0.04
      },
      {
        "max": 0.8,
        "min": -0.1,
        "name": "gammaP",