{
  "bin": {
    "cut": "tag_Ele_pt > 40 && abs(tag_sc_eta) < 2.17 && (tag_Ele_q + el_q) == 0 && el_sc_eta >= -0.800000 && el_sc_eta < 0.000000 && el_et >= 15.000000 && el_et < 20.000000",
    "index": 3,
    "name": "bin03_el_sc_eta_m0p80To0p00_el_et_15p00To20p00",
    "title": "; -0.800 < el_sc_eta < 0.000; 15.000 < el_et < 20.000",
    "vars": {
      "el_et": {
        "max": 20,
        "min": 15
      },
      "el_sc_eta": {
        "max": 0.0,
        "min": -0.8
      }
    }
  },
  "created_at_utc": "2026-04-27T07:33:19.316737+00:00",
  "derived": {
    "efficiency": 0.8651397494500676,
    "efficiency_error": 0.0011228098106697648,
    "nSigF": {
      "error": 70.1727720150825,
      "isConstant": false,
      "max": 13331.297424,
      "min": 0.5,
      "name": "nSigF",
      "value": 7836.009729162393
    },
    "nSigP": {
      "error": 177.14256193303663,
      "isConstant": false,
      "max": 82501.05294,
      "min": 0.5,
      "name": "nSigP",
      "value": 50268.655635233335
    }
  },
  "fit_metadata": {
    "bin_index": 3,
    "fail_hist_uses_pass_hist": false,
    "fit_range": {
      "max": 120.0,
      "min": 60.0
    },
    "truth_fail_template_uses_pass_hist": false,
    "truth_template_source": "/eos/home-p/pelai/HZa/root_TnP//hza_elid_nongap_2025_sf//DY_MC_LO_2025_hza_elid_nongap_2025_sf.root"
  },
  "fit_result": {
    "fail": {
      "covQual": -1,
      "edm": 0.14504076433307247,
      "floatParsFinal": [
        {
          "error": 0.03501898337923581,
          "isConstant": false,
          "max": 1.0,
          "min": -5.0,
          "name": "meanF",
          "value": -0.014223718764117876
        },
        {
          "error": 70.1727720150825,
          "isConstant": false,
          "max": 13331.297424,
          "min": 0.5,
          "name": "nSigF",
          "value": 7836.009729162393
        },
        {
          "error": 0.004714432733834012,
          "isConstant": false,
          "max": 1.5000010674316777,
          "min": 0.4000002846484474,
          "name": "sigmaF",
          "value": 0.4000002847466268
        }
      ],
      "floatParsInit": [
        {
          "error": 0.0,
          "isConstant": false,
          "max": 1.0,
          "min": -5.0,
          "name": "meanF",
          "value": -2.2
        },
        {
          "error": 0.0,
          "isConstant": false,
          "max": 13331.297424,
          "min": 0.5,
          "name": "nSigF",
          "value": 7998.778455
        },
        {
          "error": 0.0,
          "isConstant": false,
          "max": 1.5000010674316777,
          "min": 0.4000002846484474,
          "name": "sigmaF",
          "value": 0.8
        }
      ],
      "minNll": -34883.4302958981,
      "numInvalidNLL": 0,
      "status": 160
    },
    "fail_quality": "check",
    "pass": {
      "covQual": -1,
      "edm": 0.9645641363755572,
      "floatParsFinal": [
        {
          "error": 0.014125626898334964,
          "isConstant": false,
          "max": 5.0,
          "min": -5.0,
          "name": "meanP",
          "value": -0.009467769029670059
        },
        {
          "error": 177.14256193303663,
          "isConstant": false,
          "max": 82501.05294,
          "min": 0.5,
          "name": "nSigP",
          "value": 50268.655635233335
        },
        {
          "error": 0.00435420502789452,
          "isConstant": false,
          "max": 5.0,
          "min": 0.5,
          "name": "sigmaP",
          "value": 0.5000003558105592
        }
      ],
      "floatParsInit": [
        {
          "error": 0.0,
          "isConstant": false,
          "max": 5.0,
          "min": -5.0,
          "name": "meanP",
          "value": -0.4
        },
        {
          "error": 0.0,
          "isConstant": false,
          "max": 82501.05294,
          "min": 0.5,
          "name": "nSigP",
          "value": 49500.631764
        },
        {
          "error": 0.0,
          "isConstant": false,
          "max": 5.0,
          "min": 0.5,
          "name": "sigmaP",
          "value": 0.9
        }
      ],
      "minNll": -329180.68534839293,
      "numInvalidNLL": 0,
      "status": 160
    },
    "pass_quality": "check",
    "root_read_error": null
  },
  "fit_type": "nominalFit",
  "histograms": {
    "fail": {
      "entries": 7904.0,
      "fit_window": {
        "bin1": 11,
        "bin2": 70,
        "max": 120.0,
        "min": 60.0
      },
      "integral_fit_window": 7836.524476508479,
      "integral_fit_window_error": 111.67210724080202,
      "integral_full": 8887.53161621195,
      "integral_full_error": 118.97114167184843,
      "maximum_bin_center": 91.5,
      "maximum_bin_content": 626.0765273630196,
      "mean": 80.28870223391488,
      "rms": 13.190826673509157
    },
    "pass": {
      "entries": 48865.0,
      "fit_window": {
        "bin1": 11,
        "bin2": 70,
        "max": 120.0,
        "min": 60.0
      },
      "integral_fit_window": 50272.255589582994,
      "integral_fit_window_error": 283.7745706439956,
      "integral_full": 55000.7019602868,
      "integral_full_error": 296.68151583983183,
      "maximum_bin_center": 90.5,
      "maximum_bin_content": 5226.213586460546,
      "mean": 83.6202297368014,
      "rms": 12.090975005264525
    }
  },
  "sample": {
    "fitOutputBinRoot": "/eos/home-p/pelai/HZa/root_TnP//hza_elid_nongap_2025_sf//DY_MC_LO_2025_hza_elid_nongap_2025_sf.nominalFit-bin03_el_sc_eta_m0p80To0p00_el_et_15p00To20p00.root",
    "fitOutputRoot": "/eos/home-p/pelai/HZa/root_TnP//hza_elid_nongap_2025_sf//DY_MC_LO_2025_hza_elid_nongap_2025_sf.nominalFit.root",
    "histFile": "/eos/home-p/pelai/HZa/root_TnP//hza_elid_nongap_2025_sf//DY_MC_LO_2025_hza_elid_nongap_2025_sf.root",
    "isMC": true,
    "mcRefHistFile": "/eos/home-p/pelai/HZa/root_TnP//hza_elid_nongap_2025_sf//DY_MC_LO_2025_hza_elid_nongap_2025_sf.root",
    "mcTruth": true,
    "name": "DY_MC_LO_2025"
  },
  "workspace": {
    "effective_parsed": [
      {
        "max": 5.0,
        "min": 0.5,
        "name": "sigmaP",
        "raw": "sigmaP[0.9,0.5,5.0]",
        "tokens": [
          "0.9",
          "0.5",
          "5.0"
        ],
        "value": 0.9
      },
      {
        "max": 90.0,
        "min": 82.0,
        "name": "peakP",
        "raw": "peakP[87.0,82.0,90.0]",
        "tokens": [
          "87.0",
          "82.0",
          "90.0"
        ],
        "value": 87.0
      },
      {
        "max": 90.0,
        "min": 82.0,
        "name": "peakF",
        "raw": "peakF[87.0,82.0,90.0]",
        "tokens": [
          "87.0",
          "82.0",
          "90.0"
        ],
        "value": 87.0
      },
      {
        "max": 5.0,
        "min": -5.0,
        "name": "meanP",
        "raw": "meanP[-0.4,-5.0,5.0]",
        "tokens": [
          "-0.4",
          "-5.0",
          "5.0"
        ],
        "value": -0.4
      },
      {
        "max": 1.0,
        "min": -5.0,
        "name": "meanF",
        "raw": "meanF[-2.2,-5.0,1.0]",
        "tokens": [
          "-2.2",
          "-5.0",
          "1.0"
        ],
        "value": -2.2
      },
      {
        "max": 4.0,
        "min": 0.8,
        "name": "sigmaF",
        "raw": "sigmaF[2.8,0.8,4.0]",
        "tokens": [
          "2.8",
          "0.8",
          "4.0"
        ],
        "value": 2.8
      },
      {
        "max": 100.0,
        "min": 40.0,
        "name": "acmsP",
        "raw": "acmsP[75.,40.,100.]",
        "tokens": [
          "75.",
          "40.",
          "100."
        ],
        "value": 75.0
      },
      {
        "max": 0.12,
        "min": 0.002,
        "name": "betaP",
        "raw": "betaP[0.05,0.002,0.12]",
        "tokens": [
          "0.05",
          "0.002",
          "0.12"
        ],
        "value": 0.05
      },
      {
        "max": 2.0,
        "min": 0.002,
        "name": "gammaP",
        "raw": "gammaP[0.08,0.002,2.]",