{
  "bin": {
    "cut": "tag_Ele_pt > 40 && abs(tag_sc_eta) < 2.17 && (tag_Ele_q + el_q) == 0 && el_sc_eta >= 0.000000 && el_sc_eta < 0.800000 && el_et >= 15.000000 && el_et < 20.000000",
    "index": 4,
    "name": "bin04_el_sc_eta_0p00To0p80_el_et_15p00To20p00",
    "title": "; 0.000 < el_sc_eta < 0.800; 15.000 < el_et < 20.000",
    "vars": {
      "el_et": {
        "max": 20,
        "min": 15
      },
      "el_sc_eta": {
        "max": 0.8,
        "min": 0.0
      }
    }
  },
  "created_at_utc": "2026-04-27T07:33:17.548396+00:00",
  "derived": {
    "efficiency": 0.8694758226801345,
    "efficiency_error": 0.0011033296008174998,
    "nSigF": {
      "error": 69.34530857922482,
      "isConstant": false,
      "max": 12734.462519,
      "min": 0.5,
      "name": "nSigF",
      "value": 7647.43970438653
    },
    "nSigP": {
      "error": 178.6134246440124,
      "isConstant": false,
      "max": 82957.066503,
      "min": 0.5,
      "name": "nSigP",
      "value": 50942.776004428415
    }
  },
  "fit_metadata": {
    "bin_index": 4,
    "fail_hist_uses_pass_hist": false,
    "fit_range": {
      "max": 120.0,
      "min": 60.0
    },
    "truth_fail_template_uses_pass_hist": false,
    "truth_template_source": "/eos/home-p/pelai/HZa/root_TnP//hza_elid_nongap_2025_sf//DY_MC_LO_2025_hza_elid_nongap_2025_sf.root"
  },
  "fit_result": {
    "fail": {
      "covQual": -1,
      "edm": 0.2604296788000474,
      "floatParsFinal": [
        {
          "error": 0.03702498227577289,
          "isConstant": false,
          "max": 5.0,
          "min": -5.0,
          "name": "meanF",
          "value": -0.013456761700123998
        },
        {
          "error": 69.34530857922482,
          "isConstant": false,
          "max": 12734.462519,
          "min": 0.5,
          "name": "nSigF",
          "value": 7647.43970438653
        },
        {
          "error": 0.006353740985760331,
          "isConstant": false,
          "max": 1.5000000250044385,
          "min": 0.4000000066678503,
          "name": "sigmaF",
          "value": 0.40000193740494705
        }
      ],
      "floatParsInit": [
        {
          "error": 0.0,
          "isConstant": false,
          "max": 5.0,
          "min": -5.0,
          "name": "meanF",
          "value": -0.0
        },
        {
          "error": 0.0,
          "isConstant": false,
          "max": 12734.462519,
          "min": 0.5,
          "name": "nSigF",
          "value": 7640.677512
        },
        {
          "error": 0.0,
          "isConstant": false,
          "max": 1.5000000250044385,
          "min": 0.4000000066678503,
          "name": "sigmaF",
          "value": 0.5000000083348128
        }
      ],
      "minNll": -34082.3090632088,
      "numInvalidNLL": 0,
      "status": 160
    },
    "fail_quality": "check",
    "pass": {
      "covQual": -1,
      "edm": 0.17251117093084656,
      "floatParsFinal": [
        {
          "error": 0.013316812254522414,
          "isConstant": false,
          "max": 5.0,
          "min": -5.0,
          "name": "meanP",
          "value": -0.008367282849890856
        },
        {
          "error": 178.6134246440124,
          "isConstant": false,
          "max": 82957.066503,
          "min": 0.5,
          "name": "nSigP",
          "value": 50942.776004428415
        },
        {
          "error": 0.0027457718275218923,
          "isConstant": false,
          "max": 5.0,
          "min": 0.5,
          "name": "sigmaP",
          "value": 0.5000000083348128
        }
      ],
      "floatParsInit": [
        {
          "error": 0.0,
          "isConstant": false,
          "max": 5.0,
          "min": -5.0,
          "name": "meanP",
          "value": -0.0
        },
        {
          "error": 0.0,
          "isConstant": false,
          "max": 82957.066503,
          "min": 0.5,
          "name": "nSigP",
          "value": 49774.239902
        },
        {
          "error": 0.0,
          "isConstant": false,
          "max": 5.0,
          "min": 0.5,
          "name": "sigmaP",
          "value": 0.9
        }
      ],
      "minNll": -336329.3095543392,
      "numInvalidNLL": 0,
      "status": 160
    },
    "pass_quality": "check",
    "root_read_error": null
  },
  "fit_type": "nominalFit",
  "histograms": {
    "fail": {
      "entries": 7602.0,
      "fit_window": {
        "bin1": 11,
        "bin2": 70,
        "max": 120.0,
        "min": 60.0
      },
      "integral_fit_window": 7648.421976163154,
      "integral_fit_window_error": 110.28448576911579,
      "integral_full": 8489.64167948807,
      "integral_full_error": 116.24034686225822,
      "maximum_bin_center": 90.5,
      "maximum_bin_content": 623.5465276563461,
      "mean": 81.34472883696132,
      "rms": 12.765311774509966
    },
    "pass": {
      "entries": 49092.0,
      "fit_window": {
        "bin1": 11,
        "bin2": 70,
        "max": 120.0,
        "min": 60.0
      },
      "integral_fit_window": 50942.39050605829,
      "integral_fit_window_error": 285.2150705816823,
      "integral_full": 55304.71100201045,
      "integral_full_error": 297.26731363449466,
      "maximum_bin_center": 90.5,
      "maximum_bin_content": 5633.55475505881,
      "mean": 84.05954139901567,
      "rms": 11.803097032520705
    }
  },
  "sample": {
    "fitOutputBinRoot": "/eos/home-p/pelai/HZa/root_TnP//hza_elid_nongap_2025_sf//DY_MC_LO_2025_hza_elid_nongap_2025_sf.nominalFit-bin04_el_sc_eta_0p00To0p80_el_et_15p00To20p00.root",
    "fitOutputRoot": "/eos/home-p/pelai/HZa/root_TnP//hza_elid_nongap_2025_sf//DY_MC_LO_2025_hza_elid_nongap_2025_sf.nominalFit.root",
    "histFile": "/eos/home-p/pelai/HZa/root_TnP//hza_elid_nongap_2025_sf//DY_MC_LO_2025_hza_elid_nongap_2025_sf.root",
    "isMC": true,
    "mcRefHistFile": "/eos/home-p/pelai/HZa/root_TnP//hza_elid_nongap_2025_sf//DY_MC_LO_2025_hza_elid_nongap_2025_sf.root",
    "mcTruth": true,
    "name": "DY_MC_LO_2025"
  },
  "workspace": {
    "effective_parsed": [
      {
        "max": 5.0,
        "min": -5.0,
        "name": "meanP",
        "raw": "meanP[-0.0,-5.0,5.0]",
        "tokens": [
          "-0.0",
          "-5.0",
          "5.0"
        ],
        "value": -0.0
      },
      {
        "max": 5.0,
        "min": 0.5,
        "name": "sigmaP",
        "raw": "sigmaP[0.9,0.5,5.0]",
        "tokens": [
          "0.9",
          "0.5",
          "5.0"
        ],
        "value": 0.9
      },
      {
        "max": 5.0,
        "min": -5.0,
        "name": "meanF",
        "raw": "meanF[-0.0,-5.0,5.0]",
        "tokens": [
          "-0.0",
          "-5.0",
          "5.0"
        ],
        "value": -0.0
      },
      {
        "max": 5.0,
        "min": 0.5,
        "name": "sigmaF",
        "raw": "sigmaF[0.9,0.5,5.0]",
        "tokens": [
          "0.9",
          "0.5",
          "5.0"
        ],
        "value": 0.9
      },
      {
        "max": 90.0,
        "min": 45.0,
        "name": "acmsP",
        "raw": "acmsP[65.,45.,90.]",
        "tokens": [
          "65.",
          "45.",
          "90."
        ],
        "value": 65.0
      },
      {
        "max": 0.1,
        "min": 0.005,
        "name": "betaP",
        "raw": "betaP[0.05,0.005,0.10]",
        "tokens": [
          "0.05",
          "0.005",
          "0.10"
        ],
        "value": 0.05
      },
      {
        "max": 2.0,
        "min": -2.0,
        "name": "gammaP",
        "raw": "gammaP[0.1, -2, 2]",
        "tokens": [
          "0.1",
          "-2",
          "2"
        ],
        "value": 0.1
      },
      {
        "max": 90.0,
        "min": 82.0,
        "name": "peakP",
        "raw": "peakP[87.0,82.0,90.0]",
        "tokens": [
          "87.0",
          "82.0",
          "90.0"
        ],
        "value": 87.0
      },
      {
        "max": 90.0,
        "min": 45.0,
        "name": "acmsF",
        "raw": "acmsF[65.,45.,90.]",