{
  "bin": {
    "cut": "tag_Ele_pt > 40 && abs(tag_sc_eta) < 2.17 && (tag_Ele_q + el_q) == 0 && el_sc_eta >= 1.566000 && el_sc_eta < 2.000000 && el_et >= 15.000000 && el_et < 20.000000",
    "index": 6,
    "name": "bin06_el_sc_eta_1p57To2p00_el_et_15p00To20p00",
    "title": "; 1.566 < el_sc_eta < 2.000; 15.000 < el_et < 20.000",
    "vars": {
      "el_et": {
        "max": 20,
        "min": 15
      },
      "el_sc_eta": {
        "max": 2.0,
        "min": 1.566
      }
    }
  },
  "created_at_utc": "2026-07-10T18:22:26.415863+00:00",
  "derived": {
    "efficiency": 0.8835389443472177,
    "efficiency_error": 1.4309562943175247e-07,
    "nSigF": {
      "error": 41.929784923791885,
      "isConstant": false,
      "max": 62671714.671387,
      "min": 0.5,
      "name": "nSigF",
      "value": 32072047.121361677
    },
    "nSigP": {
      "error": 115.34592033922672,
      "isConstant": false,
      "max": 402155982.378296,
      "min": 0.5,
      "name": "nSigP",
      "value": 243316553.31328905
    }
  },
  "fit_metadata": {
    "bin_index": 6,
    "fail_hist_uses_pass_hist": false,
    "fit_range": {
      "max": 120.0,
      "min": 60.0
    },
    "truth_fail_template_uses_pass_hist": false,
    "truth_template_source": "/eos/cms/store/group/phys_susy/NPS-25-014/root_TnP_local//hza_elid_nongap_2025_sf//DY_MC_LO_2025_hza_elid_nongap_2025_sf.root"
  },
  "fit_result": {
    "fail": {
      "covQual": -1,
      "edm": 38915412.7360151,
      "floatParsFinal": [
        {
          "error": 7.651842585776336e-06,
          "isConstant": false,
          "max": 1.0,
          "min": -5.0,
          "name": "meanF",
          "value": -0.05177739177338481
        },
        {
          "error": 41.929784923791885,
          "isConstant": false,
          "max": 62671714.671387,
          "min": 0.5,
          "name": "nSigF",
          "value": 32072047.121361677
        },
        {
          "error": 5.682650461302785e-10,
          "isConstant": false,
          "max": 4.5,
          "min": 0.8,
          "name": "sigmaF",
          "value": 0.8000000010391051
        }
      ],
      "floatParsInit": [
        {
          "error": 0.0,
          "isConstant": false,
          "max": 1.0,
          "min": -5.0,
          "name": "meanF",
          "value": -2.2
        },
        {
          "error": 0.0,
          "isConstant": false,
          "max": 62671714.671387,
          "min": 0.5,
          "name": "nSigF",
          "value": 37603028.802832
        },
        {
          "error": 0.0,
          "isConstant": false,
          "max": 4.5,
          "min": 0.8,
          "name": "sigmaF",
          "value": 3.2
        }
      ],
      "minNll": -403070600.4677404,
      "numInvalidNLL": 0,
      "status": -1
    },
    "fail_quality": "check",
    "pass": {
      "covQual": -1,
      "edm": 2143610296.6207504,
      "floatParsFinal": [
        {
          "error": 2.3312751977755397e-06,
          "isConstant": false,
          "max": 5.0,
          "min": -5.0,
          "name": "meanP",
          "value": -0.011075728894203607
        },
        {
          "error": 115.34592033922672,
          "isConstant": false,
          "max": 402155982.378296,
          "min": 0.5,
          "name": "nSigP",
          "value": 243316553.31328905
        },
        {
          "error": 1.0290834850934516e-10,
          "isConstant": false,
          "max": 5.0,
          "min": 0.5,
          "name": "sigmaP",
          "value": 0.5000000001316163
        }
      ],
      "floatParsInit": [
        {
          "error": 0.0,
          "isConstant": false,
          "max": 5.0,
          "min": -5.0,
          "name": "meanP",
          "value": -0.0
        },
        {
          "error": 0.0,
          "isConstant": false,
          "max": 402155982.378296,
          "min": 0.5,
          "name": "nSigP",
          "value": 241293589.426978
        },
        {
          "error": 0.0,
          "isConstant": false,
          "max": 5.0,
          "min": 0.5,
          "name": "sigmaP",
          "value": 0.9
        }
      ],
      "minNll": -3608893087.744704,
      "numInvalidNLL": 0,
      "status": -1
    },
    "pass_quality": "check",
    "root_read_error": null
  },
  "fit_type": "nominalFit",
  "histograms": {
    "fail": {
      "entries": 3076.0,
      "fit_window": {
        "bin1": 11,
        "bin2": 70,
        "max": 120.0,
        "min": 60.0
      },
      "integral_fit_window": 32072006.606445312,
      "integral_fit_window_error": 764897.319844062,
      "integral_full": 41781143.11425781,
      "integral_full_error": 879491.0564715114,
      "maximum_bin_center": 55.5,
      "maximum_bin_content": 1448428.7524414062,
      "mean": 74.78022755447525,
      "rms": 14.819311429907447
    },
    "pass": {
      "entries": 20781.0,
      "fit_window": {
        "bin1": 11,
        "bin2": 70,
        "max": 120.0,
        "min": 60.0
      },
      "integral_fit_window": 243315904.20092773,
      "integral_fit_window_error": 2109451.63982803,
      "integral_full": 268103988.25219727,
      "integral_full_error": 2206601.2910314817,
      "maximum_bin_center": 90.5,
      "maximum_bin_content": 17919388.48779297,
      "mean": 83.1248228097476,
      "rms": 12.583576185389717
    }
  },
  "sample": {
    "fitOutputBinRoot": "/eos/cms/store/group/phys_susy/NPS-25-014/root_TnP_local//hza_elid_nongap_2025_sf//DY_MC_LO_2025_hza_elid_nongap_2025_sf.nominalFit-bin06_el_sc_eta_1p57To2p00_el_et_15p00To20p00.root",
    "fitOutputRoot": "/eos/cms/store/group/phys_susy/NPS-25-014/root_TnP_local//hza_elid_nongap_2025_sf//DY_MC_LO_2025_hza_elid_nongap_2025_sf.nominalFit.root",
    "histFile": "/eos/cms/store/group/phys_susy/NPS-25-014/root_TnP_local//hza_elid_nongap_2025_sf//DY_MC_LO_2025_hza_elid_nongap_2025_sf.root",
    "isMC": true,
    "mcRefHistFile": "/eos/cms/store/group/phys_susy/NPS-25-014/root_TnP_local//hza_elid_nongap_2025_sf//DY_MC_LO_2025_hza_elid_nongap_2025_sf.root",
    "mcTruth": true,
    "name": "DY_MC_LO_2025"
  },
  "workspace": {
    "effective_parsed": [
      {
        "max": 5.0,
        "min": -5.0,
        "name": "meanP",
        "raw": "meanP[-0.0,-5.0,5.0]",
        "tokens": [
          "-0.0",
          "-5.0",
          "5.0"
        ],
        "value": -0.0
      },
      {
        "max": 5.0,
        "min": 0.5,
        "name": "sigmaP",
        "raw": "sigmaP[0.9,0.5,5.0]",
        "tokens": [
          "0.9",
          "0.5",
          "5.0"
        ],
        "value": 0.9
      },
      {
        "max": 90.0,
        "min": 45.0,
        "name": "acmsP",
        "raw": "acmsP[65.,45.,90.]",
        "tokens": [
          "65.",
          "45.",
          "90."
        ],
        "value": 65.0
      },
      {
        "max": 0.1,
        "min": 0.005,
        "name": "betaP",
        "raw": "betaP[0.05,0.005,0.10]",
        "tokens": [
          "0.05",
          "0.005",
          "0.10"
        ],
        "value": 0.05
      },
      {
        "max": 2.0,
        "min": -2.0,
        "name": "gammaP",
        "raw": "gammaP[0.1, -2, 2]",
        "tokens": [
          "0.1",
          "-2",
          "2"
        ],
        "value": 0.1
      },
      {
        "max": 90.0,
        "min": 82.0,
        "name": "peakP",
        "raw": "peakP[87.0,82.0,90.0]",
        "tokens": [
          "87.0",
          "82.0",
          "90.0"
        ],
        "value": 87.0
      },
      {
        "max": 90.0,
        "min": 82.0,
        "name": "peakF",
        "raw": "peakF[87.0,82.0,90.0]",
        "tokens": [
          "87.0",
          "82.0",
          "90.0"
        ],
        "value": 87.0
      },
      {
        "max": 1.0,
        "min": -5.0,
        "name": "meanF",
        "raw": "meanF[-2.2,-5.0,1.0]",
        "tokens": [
          "-2.2",
          "-5.0",
          "1.0"
        ],
        "value": -2.2
      },
      {
        "max": 4.5,
        "min": 0.8,
        "name": "sigmaF",