{
  "bin": {
    "cut": "tag_Ele_pt > 40 && abs(tag_sc_eta) < 2.17 && (tag_Ele_q + el_q) == 0 && el_sc_eta >= 1.566000 && el_sc_eta < 2.000000 && el_et >= 15.000000 && el_et < 20.000000",
    "index": 6,
    "name": "bin06_el_sc_eta_1p57To2p00_el_et_15p00To20p00",
    "title": "; 1.566 < el_sc_eta < 2.000; 15.000 < el_et < 20.000",
    "vars": {
      "el_et": {
        "max": 20,
        "min": 15
      },
      "el_sc_eta": {
        "max": 2.0,
        "min": 1.566
      }
    }
  },
  "created_at_utc": "2026-05-01T19:14:02.655152+00:00",
  "derived": {
    "efficiency": 0.8912316708696402,
    "efficiency_error": 0.0015831219162153998,
    "nSigF": {
      "error": 41.06487874508798,
      "isConstant": false,
      "max": 5272.476558,
      "min": 0.5,
      "name": "nSigF",
      "value": 2662.256767942594
    },
    "nSigP": {
      "error": 117.03931113816543,
      "isConstant": false,
      "max": 36151.24057,
      "min": 0.5,
      "name": "nSigP",
      "value": 21814.139892999538
    }
  },
  "fit_metadata": {
    "bin_index": 6,
    "fail_hist_uses_pass_hist": false,
    "fit_range": {
      "max": 120.0,
      "min": 60.0
    },
    "truth_fail_template_uses_pass_hist": false,
    "truth_template_source": "/eos/home-p/pelai/HZa/root_TnP//hza_elid_nongap_2025_sf//DY_MC_LO_2025_hza_elid_nongap_2025_sf.root"
  },
  "fit_result": {
    "fail": {
      "covQual": -1,
      "edm": 0.002155568532621587,
      "floatParsFinal": [
        {
          "error": 0.06205262153090718,
          "isConstant": false,
          "max": 1.0,
          "min": -5.0,
          "name": "meanF",
          "value": -0.029003594815595335
        },
        {
          "error": 41.06487874508798,
          "isConstant": false,
          "max": 5272.476558,
          "min": 0.5,
          "name": "nSigF",
          "value": 2662.256767942594
        },
        {
          "error": 0.00808542699415371,
          "isConstant": false,
          "max": 1.5000015126117685,
          "min": 0.4000004033631383,
          "name": "sigmaF",
          "value": 0.4000009237770285
        }
      ],
      "floatParsInit": [
        {
          "error": 0.0,
          "isConstant": false,
          "max": 1.0,
          "min": -5.0,
          "name": "meanF",
          "value": -2.2
        },
        {
          "error": 0.0,
          "isConstant": false,
          "max": 5272.476558,
          "min": 0.5,
          "name": "nSigF",
          "value": 3163.485935
        },
        {
          "error": 0.0,
          "isConstant": false,
          "max": 1.5000015126117685,
          "min": 0.4000004033631383,
          "name": "sigmaF",
          "value": 0.8
        }
      ],
      "minNll": -8439.03571760366,
      "numInvalidNLL": 0,
      "status": 160
    },
    "fail_quality": "check",
    "pass": {
      "covQual": -1,
      "edm": 0.03543778872891461,
      "floatParsFinal": [
        {
          "error": 0.02931358021732633,
          "isConstant": false,
          "max": 5.0,
          "min": -5.0,
          "name": "meanP",
          "value": -0.005473124018390507
        },
        {
          "error": 117.03931113816543,
          "isConstant": false,
          "max": 36151.24057,
          "min": 0.5,
          "name": "nSigP",
          "value": 21814.139892999538
        },
        {
          "error": 0.007612850711883834,
          "isConstant": false,
          "max": 5.0,
          "min": 0.5,
          "name": "sigmaP",
          "value": 0.5000005042039228
        }
      ],
      "floatParsInit": [
        {
          "error": 0.0,
          "isConstant": false,
          "max": 5.0,
          "min": -5.0,
          "name": "meanP",
          "value": -0.0
        },
        {
          "error": 0.0,
          "isConstant": false,
          "max": 36151.24057,
          "min": 0.5,
          "name": "nSigP",
          "value": 21690.744342
        },
        {
          "error": 0.0,
          "isConstant": false,
          "max": 5.0,
          "min": 0.5,
          "name": "sigmaP",
          "value": 0.9
        }
      ],
      "minNll": -120267.08956022756,
      "numInvalidNLL": 0,
      "status": 160
    },
    "pass_quality": "check",
    "root_read_error": null
  },
  "fit_type": "nominalFit",
  "histograms": {
    "fail": {
      "entries": 3133.0,
      "fit_window": {
        "bin1": 11,
        "bin2": 70,
        "max": 120.0,
        "min": 60.0
      },
      "integral_fit_window": 2662.915310687982,
      "integral_fit_window_error": 64.83946523491011,
      "integral_full": 3514.9843722314363,
      "integral_full_error": 74.70988057315014,
      "maximum_bin_center": 55.5,
      "maximum_bin_content": 134.60064113497012,
      "mean": 74.57183428239836,
      "rms": 14.998673149296057
    },
    "pass": {
      "entries": 21254.0,
      "fit_window": {
        "bin1": 11,
        "bin2": 70,
        "max": 120.0,
        "min": 60.0
      },
      "integral_fit_window": 21815.01782504377,
      "integral_fit_window_error": 186.38549539093825,
      "integral_full": 24100.827046429877,
      "integral_full_error": 196.0052731861511,
      "maximum_bin_center": 90.5,
      "maximum_bin_content": 1616.8744399556697,
      "mean": 83.07864251819683,
      "rms": 12.656993247575366
    }
  },
  "sample": {
    "fitOutputBinRoot": "/eos/home-p/pelai/HZa/root_TnP//hza_elid_nongap_2025_sf//DY_MC_LO_2025_hza_elid_nongap_2025_sf.nominalFit-bin06_el_sc_eta_1p57To2p00_el_et_15p00To20p00.root",
    "fitOutputRoot": "/eos/home-p/pelai/HZa/root_TnP//hza_elid_nongap_2025_sf//DY_MC_LO_2025_hza_elid_nongap_2025_sf.nominalFit.root",
    "histFile": "/eos/home-p/pelai/HZa/root_TnP//hza_elid_nongap_2025_sf//DY_MC_LO_2025_hza_elid_nongap_2025_sf.root",
    "isMC": true,
    "mcRefHistFile": "/eos/home-p/pelai/HZa/root_TnP//hza_elid_nongap_2025_sf//DY_MC_LO_2025_hza_elid_nongap_2025_sf.root",
    "mcTruth": true,
    "name": "DY_MC_LO_2025"
  },
  "workspace": {
    "effective_parsed": [
      {
        "max": 5.0,
        "min": -5.0,
        "name": "meanP",
        "raw": "meanP[-0.0,-5.0,5.0]",
        "tokens": [
          "-0.0",
          "-5.0",
          "5.0"
        ],
        "value": -0.0
      },
      {
        "max": 5.0,
        "min": 0.5,
        "name": "sigmaP",
        "raw": "sigmaP[0.9,0.5,5.0]",
        "tokens": [
          "0.9",
          "0.5",
          "5.0"
        ],
        "value": 0.9
      },
      {
        "max": 90.0,
        "min": 45.0,
        "name": "acmsP",
        "raw": "acmsP[65.,45.,90.]",
        "tokens": [
          "65.",
          "45.",
          "90."
        ],
        "value": 65.0
      },
      {
        "max": 0.1,
        "min": 0.005,
        "name": "betaP",
        "raw": "betaP[0.05,0.005,0.10]",
        "tokens": [
          "0.05",
          "0.005",
          "0.10"
        ],
        "value": 0.05
      },
      {
        "max": 2.0,
        "min": -2.0,
        "name": "gammaP",
        "raw": "gammaP[0.1, -2, 2]",
        "tokens": [
          "0.1",
          "-2",
          "2"
        ],
        "value": 0.1
      },
      {
        "max": 90.0,
        "min": 82.0,
        "name": "peakP",
        "raw": "peakP[87.0,82.0,90.0]",
        "tokens": [
          "87.0",
          "82.0",
          "90.0"
        ],
        "value": 87.0
      },
      {
        "max": 90.0,
        "min": 82.0,
        "name": "peakF",
        "raw": "peakF[87.0,82.0,90.0]",
        "tokens": [
          "87.0",
          "82.0",
          "90.0"
        ],
        "value": 87.0
      },
      {
        "max": 1.0,
        "min": -5.0,
        "name": "meanF",
        "raw": "meanF[-2.2,-5.0,1.0]",
        "tokens": [
          "-2.2",
          "-5.0",
          "1.0"
        ],
        "value": -2.2
      },
      {
        "max": 4.5,
        "min": 0.8,
        "name": "sigmaF",
        "raw": "sigmaF[3.2,0.8,4.5]",