{
  "bin": {
    "cut": "tag_Ele_pt > 40 && abs(tag_sc_eta) < 2.17 && (tag_Ele_q + el_q) == 0 && el_sc_eta >= -1.566000 && el_sc_eta < -0.800000 && el_et >= 15.000000 && el_et < 20.000000",
    "index": 2,
    "name": "bin02_el_sc_eta_m1p57Tom0p80_el_et_15p00To20p00",
    "title": "; -1.566 < el_sc_eta < -0.800; 15.000 < el_et < 20.000",
    "vars": {
      "el_et": {
        "max": 20,
        "min": 15
      },
      "el_sc_eta": {
        "max": -0.8,
        "min": -1.566
      }
    }
  },
  "created_at_utc": "2026-05-01T19:14:05.272714+00:00",
  "derived": {
    "efficiency": 0.8566908173630657,
    "efficiency_error": 0.001261157862244639,
    "nSigF": {
      "error": 65.46638485005997,
      "isConstant": false,
      "max": 12403.50239,
      "min": 0.5,
      "name": "nSigF",
      "value": 6884.372200273838
    },
    "nSigP": {
      "error": 159.88215882474833,
      "isConstant": false,
      "max": 68474.424894,
      "min": 0.5,
      "name": "nSigP",
      "value": 41154.22570112515
    }
  },
  "fit_metadata": {
    "bin_index": 2,
    "fail_hist_uses_pass_hist": false,
    "fit_range": {
      "max": 120.0,
      "min": 60.0
    },
    "truth_fail_template_uses_pass_hist": false,
    "truth_template_source": "/eos/home-p/pelai/HZa/root_TnP//hza_elid_nongap_2025_sf//DY_MC_LO_2025_hza_elid_nongap_2025_sf.root"
  },
  "fit_result": {
    "fail": {
      "covQual": -1,
      "edm": 0.3284905578417704,
      "floatParsFinal": [
        {
          "error": 0.047170652549469505,
          "isConstant": false,
          "max": 1.0,
          "min": -5.0,
          "name": "meanF",
          "value": -0.02401190188887803
        },
        {
          "error": 65.46638485005997,
          "isConstant": false,
          "max": 12403.50239,
          "min": 0.5,
          "name": "nSigF",
          "value": 6884.372200273838
        },
        {
          "error": 0.007451771502549498,
          "isConstant": false,
          "max": 1.5000000031113598,
          "min": 0.400000000829696,
          "name": "sigmaF",
          "value": 0.4000000018296797
        }
      ],
      "floatParsInit": [
        {
          "error": 0.0,
          "isConstant": false,
          "max": 1.0,
          "min": -5.0,
          "name": "meanF",
          "value": -2.5
        },
        {
          "error": 0.0,
          "isConstant": false,
          "max": 12403.50239,
          "min": 0.5,
          "name": "nSigF",
          "value": 7442.101434
        },
        {
          "error": 0.0,
          "isConstant": false,
          "max": 1.5000000031113598,
          "min": 0.400000000829696,
          "name": "sigmaF",
          "value": 0.8
        }
      ],
      "minNll": -28966.77845571132,
      "numInvalidNLL": 0,
      "status": 160
    },
    "fail_quality": "check",
    "pass": {
      "covQual": -1,
      "edm": 0.0001090347663983123,
      "floatParsFinal": [
        {
          "error": 0.01889294529243246,
          "isConstant": false,
          "max": 5.0,
          "min": -5.0,
          "name": "meanP",
          "value": -0.008290741319845196
        },
        {
          "error": 159.88215882474833,
          "isConstant": false,
          "max": 68474.424894,
          "min": 0.5,
          "name": "nSigP",
          "value": 41154.22570112515
        },
        {
          "error": 0.004736316321201028,
          "isConstant": false,
          "max": 5.0,
          "min": 0.5,
          "name": "sigmaP",
          "value": 0.50000000103712
        }
      ],
      "floatParsInit": [
        {
          "error": 0.0,
          "isConstant": false,
          "max": 5.0,
          "min": -5.0,
          "name": "meanP",
          "value": -0.0
        },
        {
          "error": 0.0,
          "isConstant": false,
          "max": 68474.424894,
          "min": 0.5,
          "name": "nSigP",
          "value": 41084.654936
        },
        {
          "error": 0.0,
          "isConstant": false,
          "max": 5.0,
          "min": 0.5,
          "name": "sigmaP",
          "value": 0.9
        }
      ],
      "minNll": -255474.40436481117,
      "numInvalidNLL": 0,
      "status": 160
    },
    "pass_quality": "check",
    "root_read_error": null
  },
  "fit_type": "nominalFit",
  "histograms": {
    "fail": {
      "entries": 7234.0,
      "fit_window": {
        "bin1": 11,
        "bin2": 70,
        "max": 120.0,
        "min": 60.0
      },
      "integral_fit_window": 6884.865948863068,
      "integral_fit_window_error": 105.16093664017656,
      "integral_full": 8269.001593372244,
      "integral_full_error": 115.22323411548288,
      "maximum_bin_center": 89.5,
      "maximum_bin_content": 415.40360021814337,
      "mean": 77.69382404227211,
      "rms": 14.081883836411295
    },
    "pass": {
      "entries": 40266.0,
      "fit_window": {
        "bin1": 11,
        "bin2": 70,
        "max": 120.0,
        "min": 60.0
      },
      "integral_fit_window": 41154.77495628506,
      "integral_fit_window_error": 257.4055649726322,
      "integral_full": 45649.61659610456,
      "integral_full_error": 270.94271057063656,
      "maximum_bin_center": 90.5,
      "maximum_bin_content": 3355.12888960615,
      "mean": 82.58610511749063,
      "rms": 12.650482084464324
    }
  },
  "sample": {
    "fitOutputBinRoot": "/eos/home-p/pelai/HZa/root_TnP//hza_elid_nongap_2025_sf//DY_MC_LO_2025_hza_elid_nongap_2025_sf.nominalFit-bin02_el_sc_eta_m1p57Tom0p80_el_et_15p00To20p00.root",
    "fitOutputRoot": "/eos/home-p/pelai/HZa/root_TnP//hza_elid_nongap_2025_sf//DY_MC_LO_2025_hza_elid_nongap_2025_sf.nominalFit.root",
    "histFile": "/eos/home-p/pelai/HZa/root_TnP//hza_elid_nongap_2025_sf//DY_MC_LO_2025_hza_elid_nongap_2025_sf.root",
    "isMC": true,
    "mcRefHistFile": "/eos/home-p/pelai/HZa/root_TnP//hza_elid_nongap_2025_sf//DY_MC_LO_2025_hza_elid_nongap_2025_sf.root",
    "mcTruth": true,
    "name": "DY_MC_LO_2025"
  },
  "workspace": {
    "effective_parsed": [
      {
        "max": 5.0,
        "min": -5.0,
        "name": "meanP",
        "raw": "meanP[-0.0,-5.0,5.0]",
        "tokens": [
          "-0.0",
          "-5.0",
          "5.0"
        ],
        "value": -0.0
      },
      {
        "max": 5.0,
        "min": 0.5,
        "name": "sigmaP",
        "raw": "sigmaP[0.9,0.5,5.0]",
        "tokens": [
          "0.9",
          "0.5",
          "5.0"
        ],
        "value": 0.9
      },
      {
        "max": 90.0,
        "min": 45.0,
        "name": "acmsP",
        "raw": "acmsP[65.,45.,90.]",
        "tokens": [
          "65.",
          "45.",
          "90."
        ],
        "value": 65.0
      },
      {
        "max": 0.1,
        "min": 0.005,
        "name": "betaP",
        "raw": "betaP[0.05,0.005,0.10]",
        "tokens": [
          "0.05",
          "0.005",
          "0.10"
        ],
        "value": 0.05
      },
      {
        "max": 2.0,
        "min": -2.0,
        "name": "gammaP",
        "raw": "gammaP[0.1, -2, 2]",
        "tokens": [
          "0.1",
          "-2",
          "2"
        ],
        "value": 0.1
      },
      {
        "max": 90.0,
        "min": 82.0,
        "name": "peakP",
        "raw": "peakP[87.0,82.0,90.0]",
        "tokens": [
          "87.0",
          "82.0",
          "90.0"
        ],
        "value": 87.0
      },
      {
        "max": 90.0,
        "min": 82.0,
        "name": "peakF",
        "raw": "peakF[87.0,82.0,90.0]",
        "tokens": [
          "87.0",
          "82.0",
          "90.0"
        ],
        "value": 87.0
      },
      {
        "max": 1.0,
        "min": -5.0,
        "name": "meanF",
        "raw": "meanF[-2.5,-5.0,1.0]",
        "tokens": [
          "-2.5",
          "-5.0",
          "1.0"
        ],
        "value": -2.5
      },
      {
        "max": 4.2,
        "min": 0.8,
        "name": "sigmaF",
        "raw": "sigmaF[3.0,0.8,4.2]",