{
  "bin": {
    "cut": "tag_Ele_pt > 40 && abs(tag_sc_eta) < 2.17 && (tag_Ele_q + el_q) == 0 && el_sc_eta >= -2.500000 && el_sc_eta < -2.000000 && el_et >= 15.000000 && el_et < 20.000000",
    "index": 0,
    "name": "bin00_el_sc_eta_m2p50Tom2p00_el_et_15p00To20p00",
    "title": "; -2.500 < el_sc_eta < -2.000; 15.000 < el_et < 20.000",
    "vars": {
      "el_et": {
        "max": 20,
        "min": 15
      },
      "el_sc_eta": {
        "max": -2.0,
        "min": -2.5
      }
    }
  },
  "created_at_utc": "2026-04-27T07:33:19.135261+00:00",
  "derived": {
    "efficiency": 0.8784620519788018,
    "efficiency_error": 0.0017892240732746843,
    "nSigF": {
      "error": 40.06617860445135,
      "isConstant": false,
      "max": 4326.167171,
      "min": 0.5,
      "name": "nSigF",
      "value": 2549.726212295661
    },
    "nSigP": {
      "error": 107.32230933126993,
      "isConstant": false,
      "max": 29180.768022,
      "min": 0.5,
      "name": "nSigP",
      "value": 18429.122400904103
    }
  },
  "fit_metadata": {
    "bin_index": 0,
    "fail_hist_uses_pass_hist": false,
    "fit_range": {
      "max": 120.0,
      "min": 60.0
    },
    "truth_fail_template_uses_pass_hist": false,
    "truth_template_source": "/eos/home-p/pelai/HZa/root_TnP//hza_elid_nongap_2025_sf//DY_MC_LO_2025_hza_elid_nongap_2025_sf.root"
  },
  "fit_result": {
    "fail": {
      "covQual": -1,
      "edm": 0.48776788094808743,
      "floatParsFinal": [
        {
          "error": 0.05173313918972955,
          "isConstant": false,
          "max": 1.0,
          "min": -5.0,
          "name": "meanF",
          "value": -0.020413959673923898
        },
        {
          "error": 40.06617860445135,
          "isConstant": false,
          "max": 4326.167171,
          "min": 0.5,
          "name": "nSigF",
          "value": 2549.726212295661
        },
        {
          "error": 0.005872010920847243,
          "isConstant": false,
          "max": 1.5000010658881782,
          "min": 0.4000002842368475,
          "name": "sigmaF",
          "value": 0.40000037009406486
        }
      ],
      "floatParsInit": [
        {
          "error": 0.0,
          "isConstant": false,
          "max": 1.0,
          "min": -5.0,
          "name": "meanF",
          "value": -2.5
        },
        {
          "error": 0.0,
          "isConstant": false,
          "max": 4326.167171,
          "min": 0.5,
          "name": "nSigF",
          "value": 2595.700303
        },
        {
          "error": 0.0,
          "isConstant": false,
          "max": 1.5000010658881782,
          "min": 0.4000002842368475,
          "name": "sigmaF",
          "value": 0.8
        }
      ],
      "minNll": -8137.098728545703,
      "numInvalidNLL": 0,
      "status": 160
    },
    "fail_quality": "check",
    "pass": {
      "covQual": -1,
      "edm": 0.8487425234475527,
      "floatParsFinal": [
        {
          "error": 0.02986026438062117,
          "isConstant": false,
          "max": 5.0,
          "min": -5.0,
          "name": "meanP",
          "value": -0.004902147833552917
        },
        {
          "error": 107.32230933126993,
          "isConstant": false,
          "max": 29180.768022,
          "min": 0.5,
          "name": "nSigP",
          "value": 18429.122400904103
        },
        {
          "error": 0.008284876984249567,
          "isConstant": false,
          "max": 5.0,
          "min": 0.5,
          "name": "sigmaP",
          "value": 0.5000003552960594
        }
      ],
      "floatParsInit": [
        {
          "error": 0.0,
          "isConstant": false,
          "max": 5.0,
          "min": -5.0,
          "name": "meanP",
          "value": -2.2
        },
        {
          "error": 0.0,
          "isConstant": false,
          "max": 29180.768022,
          "min": 0.5,
          "name": "nSigP",
          "value": 17508.460813
        },
        {
          "error": 0.0,
          "isConstant": false,
          "max": 5.0,
          "min": 0.5,
          "name": "sigmaP",
          "value": 0.9
        }
      ],
      "minNll": -100313.71584997734,
      "numInvalidNLL": 0,
      "status": 160
    },
    "pass_quality": "check",
    "root_read_error": null
  },
  "fit_type": "nominalFit",
  "histograms": {
    "fail": {
      "entries": 2622.0,
      "fit_window": {
        "bin1": 11,
        "bin2": 70,
        "max": 120.0,
        "min": 60.0
      },
      "integral_fit_window": 2550.301672432302,
      "integral_fit_window_error": 63.64560721297024,
      "integral_full": 2884.1114473603625,
      "integral_full_error": 67.56939735833524,
      "maximum_bin_center": 88.5,
      "maximum_bin_content": 141.76089881912372,
      "mean": 82.02765038870986,
      "rms": 14.08986480559708
    },
    "pass": {
      "entries": 17266.0,
      "fit_window": {
        "bin1": 11,
        "bin2": 70,
        "max": 120.0,
        "min": 60.0
      },
      "integral_fit_window": 18428.68739887532,
      "integral_fit_window_error": 171.7220166954337,
      "integral_full": 19453.84534796212,
      "integral_full_error": 176.513160318657,
      "maximum_bin_center": 91.5,
      "maximum_bin_content": 1509.2784748776126,
      "mean": 86.55431522552853,
      "rms": 11.042047721793658
    }
  },
  "sample": {
    "fitOutputBinRoot": "/eos/home-p/pelai/HZa/root_TnP//hza_elid_nongap_2025_sf//DY_MC_LO_2025_hza_elid_nongap_2025_sf.nominalFit-bin00_el_sc_eta_m2p50Tom2p00_el_et_15p00To20p00.root",
    "fitOutputRoot": "/eos/home-p/pelai/HZa/root_TnP//hza_elid_nongap_2025_sf//DY_MC_LO_2025_hza_elid_nongap_2025_sf.nominalFit.root",
    "histFile": "/eos/home-p/pelai/HZa/root_TnP//hza_elid_nongap_2025_sf//DY_MC_LO_2025_hza_elid_nongap_2025_sf.root",
    "isMC": true,
    "mcRefHistFile": "/eos/home-p/pelai/HZa/root_TnP//hza_elid_nongap_2025_sf//DY_MC_LO_2025_hza_elid_nongap_2025_sf.root",
    "mcTruth": true,
    "name": "DY_MC_LO_2025"
  },
  "workspace": {
    "effective_parsed": [
      {
        "max": 5.0,
        "min": 0.5,
        "name": "sigmaP",
        "raw": "sigmaP[0.9,0.5,5.0]",
        "tokens": [
          "0.9",
          "0.5",
          "5.0"
        ],
        "value": 0.9
      },
      {
        "max": 90.0,
        "min": 82.0,
        "name": "peakP",
        "raw": "peakP[87.0,82.0,90.0]",
        "tokens": [
          "87.0",
          "82.0",
          "90.0"
        ],
        "value": 87.0
      },
      {
        "max": 90.0,
        "min": 82.0,
        "name": "peakF",
        "raw": "peakF[87.0,82.0,90.0]",
        "tokens": [
          "87.0",
          "82.0",
          "90.0"
        ],
        "value": 87.0
      },
      {
        "max": 5.0,
        "min": -5.0,
        "name": "meanP",
        "raw": "meanP[-2.2,-5.0,5.0]",
        "tokens": [
          "-2.2",
          "-5.0",
          "5.0"
        ],
        "value": -2.2
      },
      {
        "max": 1.0,
        "min": -5.0,
        "name": "meanF",
        "raw": "meanF[-2.5,-5.0,1.0]",
        "tokens": [
          "-2.5",
          "-5.0",
          "1.0"
        ],
        "value": -2.5
      },
      {
        "max": 4.6,
        "min": 0.8,
        "name": "sigmaF",
        "raw": "sigmaF[3.2,0.8,4.6]",
        "tokens": [
          "3.2",
          "0.8",
          "4.6"
        ],
        "value": 3.2
      },
      {
        "max": 100.0,
        "min": 40.0,
        "name": "acmsP",
        "raw": "acmsP[75.,40.,100.]",
        "tokens": [
          "75.",
          "40.",
          "100."
        ],
        "value": 75.0
      },
      {
        "max": 0.12,
        "min": 0.002,
        "name": "betaP",
        "raw": "betaP[0.05,0.002,0.12]",
        "tokens": [
          "0.05",
          "0.002",
          "0.12"
        ],
        "value": 0.05
      },
      {
        "max": 2.0,
        "min": 0.002,
        "name": "gammaP",
        "raw": "gammaP[0.08,0.002,2.]",