{
  "bin": {
    "cut": "tag_Ele_pt > 40 && abs(tag_sc_eta) < 2.17 && (tag_Ele_q + el_q) == 0 && el_sc_eta >= 2.000000 && el_sc_eta < 2.500000 && el_et >= 20.000000 && el_et < 35.000000",
    "index": 15,
    "name": "bin15_el_sc_eta_2p00To2p50_el_et_20p00To35p00",
    "title": "; 2.000 < el_sc_eta < 2.500; 20.000 < el_et < 35.000",
    "vars": {
      "el_et": {
        "max": 35,
        "min": 20
      },
      "el_sc_eta": {
        "max": 2.5,
        "min": 2.0
      }
    }
  },
  "created_at_utc": "2026-07-10T18:22:25.224925+00:00",
  "derived": {
    "efficiency": 0.9374585965038197,
    "efficiency_error": 1.4108280290689773e-06,
    "nSigF": {
      "error": 78.07299395650625,
      "isConstant": false,
      "max": 173813024.559814,
      "min": 0.5,
      "name": "nSigF",
      "value": 115160747.64736955
    },
    "nSigP": {
      "error": 41521.29400098324,
      "isConstant": false,
      "max": 2603132751.977417,
      "min": 0.5,
      "name": "nSigP",
      "value": 1726191400.0447257
    }
  },
  "fit_metadata": {
    "bin_index": 15,
    "fail_hist_uses_pass_hist": false,
    "fit_range": {
      "max": 120.0,
      "min": 60.0
    },
    "truth_fail_template_uses_pass_hist": false,
    "truth_template_source": "/eos/cms/store/group/phys_susy/NPS-25-014/root_TnP_local//hza_elid_nongap_2025_sf//DY_MC_LO_2025_hza_elid_nongap_2025_sf.root"
  },
  "fit_result": {
    "fail": {
      "covQual": -1,
      "edm": 438614637.9149574,
      "floatParsFinal": [
        {
          "error": 3.3064074238531305e-06,
          "isConstant": false,
          "max": 1.0,
          "min": -5.0,
          "name": "meanF",
          "value": -0.00689935723447288
        },
        {
          "error": 78.07299395650625,
          "isConstant": false,
          "max": 173813024.559814,
          "min": 0.5,
          "name": "nSigF",
          "value": 115160747.64736955
        },
        {
          "error": 4.2335013272776223e-10,
          "isConstant": false,
          "max": 4.8,
          "min": 0.8,
          "name": "sigmaF",
          "value": 0.8000000018834437
        }
      ],
      "floatParsInit": [
        {
          "error": 0.0,
          "isConstant": false,
          "max": 1.0,
          "min": -5.0,
          "name": "meanF",
          "value": -2.8
        },
        {
          "error": 0.0,
          "isConstant": false,
          "max": 173813024.559814,
          "min": 0.5,
          "name": "nSigF",
          "value": 104287814.735889
        },
        {
          "error": 0.0,
          "isConstant": false,
          "max": 4.8,
          "min": 0.8,
          "name": "sigmaF",
          "value": 2.8
        }
      ],
      "minNll": -1625792315.8966093,
      "numInvalidNLL": 0,
      "status": -1
    },
    "fail_quality": "check",
    "pass": {
      "covQual": -1,
      "edm": 3.945224851389581e-06,
      "floatParsFinal": [
        {
          "error": 0.00010741389714441496,
          "isConstant": false,
          "max": 2.0,
          "min": -5.0,
          "name": "meanP",
          "value": -0.01045986728036219
        },
        {
          "error": 41521.29400098324,
          "isConstant": false,
          "max": 2603132751.977417,
          "min": 0.5,
          "name": "nSigP",
          "value": 1726191400.0447257
        },
        {
          "error": 1.7129800250481608e-07,
          "isConstant": false,
          "max": 5.0,
          "min": 0.8,
          "name": "sigmaP",
          "value": 0.800000000001031
        }
      ],
      "floatParsInit": [
        {
          "error": 0.0,
          "isConstant": false,
          "max": 2.0,
          "min": -5.0,
          "name": "meanP",
          "value": -1.6
        },
        {
          "error": 0.0,
          "isConstant": false,
          "max": 2603132751.977417,
          "min": 0.5,
          "name": "nSigP",
          "value": 1561879651.18645
        },
        {
          "error": 0.0,
          "isConstant": false,
          "max": 5.0,
          "min": 0.8,
          "name": "sigmaP",
          "value": 2.4
        }
      ],
      "minNll": -29566155017.313602,
      "numInvalidNLL": 0,
      "status": 240
    },
    "pass_quality": "check",
    "root_read_error": null
  },
  "fit_type": "nominalFit",
  "histograms": {
    "fail": {
      "entries": 8364.0,
      "fit_window": {
        "bin1": 11,
        "bin2": 70,
        "max": 120.0,
        "min": 60.0
      },
      "integral_fit_window": 115160598.97387695,
      "integral_fit_window_error": 1475039.2658703735,
      "integral_full": 115875349.70654297,
      "integral_full_error": 1479443.256185398,
      "maximum_bin_center": 91.5,
      "maximum_bin_content": 9089891.860839844,
      "mean": 87.64044277234066,
      "rms": 8.806452070656698
    },
    "pass": {
      "entries": 134179.0,
      "fit_window": {
        "bin1": 11,
        "bin2": 70,
        "max": 120.0,
        "min": 60.0
      },
      "integral_fit_window": 1726191410.4787598,
      "integral_fit_window_error": 5499982.642887898,
      "integral_full": 1735421834.6516113,
      "integral_full_error": 5514420.887727578,
      "maximum_bin_center": 91.5,
      "maximum_bin_content": 172537657.2619629,
      "mean": 89.49047113836414,
      "rms": 6.967248809889549
    }
  },
  "sample": {
    "fitOutputBinRoot": "/eos/cms/store/group/phys_susy/NPS-25-014/root_TnP_local//hza_elid_nongap_2025_sf//DY_MC_LO_2025_hza_elid_nongap_2025_sf.nominalFit-bin15_el_sc_eta_2p00To2p50_el_et_20p00To35p00.root",
    "fitOutputRoot": "/eos/cms/store/group/phys_susy/NPS-25-014/root_TnP_local//hza_elid_nongap_2025_sf//DY_MC_LO_2025_hza_elid_nongap_2025_sf.nominalFit.root",
    "histFile": "/eos/cms/store/group/phys_susy/NPS-25-014/root_TnP_local//hza_elid_nongap_2025_sf//DY_MC_LO_2025_hza_elid_nongap_2025_sf.root",
    "isMC": true,
    "mcRefHistFile": "/eos/cms/store/group/phys_susy/NPS-25-014/root_TnP_local//hza_elid_nongap_2025_sf//DY_MC_LO_2025_hza_elid_nongap_2025_sf.root",
    "mcTruth": true,
    "name": "DY_MC_LO_2025"
  },
  "workspace": {
    "effective_parsed": [
      {
        "max": 90.0,
        "min": 82.0,
        "name": "peakP",
        "raw": "peakP[87.0,82.0,90.0]",
        "tokens": [
          "87.0",
          "82.0",
          "90.0"
        ],
        "value": 87.0
      },
      {
        "max": 90.0,
        "min": 82.0,
        "name": "peakF",
        "raw": "peakF[87.0,82.0,90.0]",
        "tokens": [
          "87.0",
          "82.0",
          "90.0"
        ],
        "value": 87.0
      },
      {
        "max": 2.0,
        "min": -5.0,
        "name": "meanP",
        "raw": "meanP[-1.6,-5.0,2.0]",
        "tokens": [
          "-1.6",
          "-5.0",
          "2.0"
        ],
        "value": -1.6
      },
      {
        "max": 5.0,
        "min": 0.8,
        "name": "sigmaP",
        "raw": "sigmaP[2.4,0.8,5.0]",
        "tokens": [
          "2.4",
          "0.8",
          "5.0"
        ],
        "value": 2.4
      },
      {
        "max": 1.0,
        "min": -5.0,
        "name": "meanF",
        "raw": "meanF[-2.8,-5.0,1.0]",
        "tokens": [
          "-2.8",
          "-5.0",
          "1.0"
        ],
        "value": -2.8
      },
      {
        "max": 4.8,
        "min": 0.8,
        "name": "sigmaF",
        "raw": "sigmaF[2.8,0.8,4.8]",
        "tokens": [
          "2.8",
          "0.8",
          "4.8"
        ],
        "value": 2.8
      },
      {
        "max": 95.0,
        "min": 60.0,
        "name": "acmsP",
        "raw": "acmsP[82.,60.,95.]",
        "tokens": [
          "82.",
          "60.",
          "95."
        ],
        "value": 82.0
      },
      {
        "max": 0.09,
        "min": 0.002,
        "name": "betaP",
        "raw": "betaP[0.035,0.002,0.09]",
        "tokens": [
          "0.035",
          "0.002",
          "0.09"
        ],
        "value": 0.035
      },
      {
        "max": 0.7,
        "min": -0.1,