{
  "bin": {
    "cut": "tag_Ele_pt > 40 && abs(tag_sc_eta) < 2.17 && (tag_Ele_q + el_q) == 0 && el_sc_eta >= -1.566000 && el_sc_eta < -0.800000 && el_et >= 20.000000 && el_et < 35.000000",
    "index": 10,
    "name": "bin10_el_sc_eta_m1p57Tom0p80_el_et_20p00To35p00",
    "title": "; -1.566 < el_sc_eta < -0.800; 20.000 < el_et < 35.000",
    "vars": {
      "el_et": {
        "max": 35,
        "min": 20
      },
      "el_sc_eta": {
        "max": -0.8,
        "min": -1.566
      }
    }
  },
  "created_at_utc": "2026-07-10T18:22:18.024816+00:00",
  "derived": {
    "efficiency": 0.9374018483371753,
    "efficiency_error": 3.371809925129308e-06,
    "nSigF": {
      "error": 17974.327638089657,
      "isConstant": false,
      "max": 489113457.845947,
      "min": 0.5,
      "name": "nSigF",
      "value": 323082972.0850736
    },
    "nSigP": {
      "error": 69556.2564253807,
      "isConstant": false,
      "max": 7297943206.471069,
      "min": 0.5,
      "name": "nSigP",
      "value": 4838139260.566626
    }
  },
  "fit_metadata": {
    "bin_index": 10,
    "fail_hist_uses_pass_hist": false,
    "fit_range": {
      "max": 120.0,
      "min": 60.0
    },
    "truth_fail_template_uses_pass_hist": false,
    "truth_template_source": "/eos/cms/store/group/phys_susy/NPS-25-014/root_TnP_local//hza_elid_nongap_2025_sf//DY_MC_LO_2025_hza_elid_nongap_2025_sf.root"
  },
  "fit_result": {
    "fail": {
      "covQual": -1,
      "edm": 2.736122872082158e-07,
      "floatParsFinal": [
        {
          "error": 0.0003512491748272062,
          "isConstant": false,
          "max": 1.0,
          "min": -5.0,
          "name": "meanF",
          "value": -0.027733319887425445
        },
        {
          "error": 17974.327638089657,
          "isConstant": false,
          "max": 489113457.845947,
          "min": 0.5,
          "name": "nSigF",
          "value": 323082972.0850736
        },
        {
          "error": 1.050105322086825e-06,
          "isConstant": false,
          "max": 3.6,
          "min": 0.8,
          "name": "sigmaF",
          "value": 0.8000000000000032
        }
      ],
      "floatParsInit": [
        {
          "error": 0.0,
          "isConstant": false,
          "max": 1.0,
          "min": -5.0,
          "name": "meanF",
          "value": -2.0
        },
        {
          "error": 0.0,
          "isConstant": false,
          "max": 489113457.845947,
          "min": 0.5,
          "name": "nSigF",
          "value": 293468074.707568
        },
        {
          "error": 0.0,
          "isConstant": false,
          "max": 3.6,
          "min": 0.8,
          "name": "sigmaF",
          "value": 2.4
        }
      ],
      "minNll": -4863055068.9849205,
      "numInvalidNLL": 0,
      "status": 240
    },
    "fail_quality": "check",
    "pass": {
      "covQual": -1,
      "edm": 2.0196635805924593e-05,
      "floatParsFinal": [
        {
          "error": 6.35463551250659e-05,
          "isConstant": false,
          "max": 5.0,
          "min": -5.0,
          "name": "meanP",
          "value": -0.00845834514140087
        },
        {
          "error": 69556.2564253807,
          "isConstant": false,
          "max": 7297943206.471069,
          "min": 0.5,
          "name": "nSigP",
          "value": 4838139260.566626
        },
        {
          "error": 1.66008372604054e-07,
          "isConstant": false,
          "max": 5.0,
          "min": 0.5,
          "name": "sigmaP",
          "value": 0.5000000000056279
        }
      ],
      "floatParsInit": [
        {
          "error": 0.0,
          "isConstant": false,
          "max": 5.0,
          "min": -5.0,
          "name": "meanP",
          "value": -0.0
        },
        {
          "error": 0.0,
          "isConstant": false,
          "max": 7297943206.471069,
          "min": 0.5,
          "name": "nSigP",
          "value": 4378765923.882642
        },
        {
          "error": 0.0,
          "isConstant": false,
          "max": 5.0,
          "min": 0.5,
          "name": "sigmaP",
          "value": 0.9
        }
      ],
      "minNll": -87499641823.3919,
      "numInvalidNLL": 0,
      "status": 240
    },
    "pass_quality": "check",
    "root_read_error": null
  },
  "fit_type": "nominalFit",
  "histograms": {
    "fail": {
      "entries": 24097.0,
      "fit_window": {
        "bin1": 11,
        "bin2": 70,
        "max": 120.0,
        "min": 60.0
      },
      "integral_fit_window": 323082971.17041016,
      "integral_fit_window_error": 2437094.6677408316,
      "integral_full": 326075638.56396484,
      "integral_full_error": 2448139.3299930994,
      "maximum_bin_center": 90.5,
      "maximum_bin_content": 20206659.46826172,
      "mean": 84.48979211210495,
      "rms": 9.494821525156093
    },
    "pass": {
      "entries": 374398.0,
      "fit_window": {
        "bin1": 11,
        "bin2": 70,
        "max": 120.0,
        "min": 60.0
      },
      "integral_fit_window": 4838139082.963135,
      "integral_fit_window_error": 9247075.725882731,
      "integral_full": 4865295470.980713,
      "integral_full_error": 9273682.621784363,
      "maximum_bin_center": 90.5,
      "maximum_bin_content": 480483085.16308594,
      "mean": 87.45768498685347,
      "rms": 7.433464507145297
    }
  },
  "sample": {
    "fitOutputBinRoot": "/eos/cms/store/group/phys_susy/NPS-25-014/root_TnP_local//hza_elid_nongap_2025_sf//DY_MC_LO_2025_hza_elid_nongap_2025_sf.nominalFit-bin10_el_sc_eta_m1p57Tom0p80_el_et_20p00To35p00.root",
    "fitOutputRoot": "/eos/cms/store/group/phys_susy/NPS-25-014/root_TnP_local//hza_elid_nongap_2025_sf//DY_MC_LO_2025_hza_elid_nongap_2025_sf.nominalFit.root",
    "histFile": "/eos/cms/store/group/phys_susy/NPS-25-014/root_TnP_local//hza_elid_nongap_2025_sf//DY_MC_LO_2025_hza_elid_nongap_2025_sf.root",
    "isMC": true,
    "mcRefHistFile": "/eos/cms/store/group/phys_susy/NPS-25-014/root_TnP_local//hza_elid_nongap_2025_sf//DY_MC_LO_2025_hza_elid_nongap_2025_sf.root",
    "mcTruth": true,
    "name": "DY_MC_LO_2025"
  },
  "workspace": {
    "effective_parsed": [
      {
        "max": 5.0,
        "min": -5.0,
        "name": "meanP",
        "raw": "meanP[-0.0,-5.0,5.0]",
        "tokens": [
          "-0.0",
          "-5.0",
          "5.0"
        ],
        "value": -0.0
      },
      {
        "max": 5.0,
        "min": 0.5,
        "name": "sigmaP",
        "raw": "sigmaP[0.9,0.5,5.0]",
        "tokens": [
          "0.9",
          "0.5",
          "5.0"
        ],
        "value": 0.9
      },
      {
        "max": 90.0,
        "min": 45.0,
        "name": "acmsP",
        "raw": "acmsP[65.,45.,90.]",
        "tokens": [
          "65.",
          "45.",
          "90."
        ],
        "value": 65.0
      },
      {
        "max": 0.1,
        "min": 0.005,
        "name": "betaP",
        "raw": "betaP[0.05,0.005,0.10]",
        "tokens": [
          "0.05",
          "0.005",
          "0.10"
        ],
        "value": 0.05
      },
      {
        "max": 2.0,
        "min": -2.0,
        "name": "gammaP",
        "raw": "gammaP[0.1, -2, 2]",
        "tokens": [
          "0.1",
          "-2",
          "2"
        ],
        "value": 0.1
      },
      {
        "max": 90.0,
        "min": 82.0,
        "name": "peakP",
        "raw": "peakP[87.0,82.0,90.0]",
        "tokens": [
          "87.0",
          "82.0",
          "90.0"
        ],
        "value": 87.0
      },
      {
        "max": 90.0,
        "min": 82.0,
        "name": "peakF",
        "raw": "peakF[87.0,82.0,90.0]",
        "tokens": [
          "87.0",
          "82.0",
          "90.0"
        ],
        "value": 87.0
      },
      {
        "max": 1.0,
        "min": -5.0,
        "name": "meanF",
        "raw": "meanF[-2.0,-5.0,1.0]",
        "tokens": [
          "-2.0",
          "-5.0",
          "1.0"
        ],
        "value": -2.0
      },
      {
        "max": 3.6,
        "min": 0.8,