{
  "bin": {
    "cut": "tag_Ele_pt > 40 && abs(tag_sc_eta) < 2.17 && (tag_Ele_q + el_q) == 0 && el_sc_eta >= -0.800000 && el_sc_eta < 0.000000 && el_et >= 20.000000 && el_et < 35.000000",
    "index": 11,
    "name": "bin11_el_sc_eta_m0p80To0p00_el_et_20p00To35p00",
    "title": "; -0.800 < el_sc_eta < 0.000; 20.000 < el_et < 35.000",
    "vars": {
      "el_et": {
        "max": 35,
        "min": 20
      },
      "el_sc_eta": {
        "max": 0.0,
        "min": -0.8
      }
    }
  },
  "created_at_utc": "2026-07-10T18:22:16.339179+00:00",
  "derived": {
    "efficiency": 0.9510486131699022,
    "efficiency_error": 2.5413138854157606e-06,
    "nSigF": {
      "error": 18784.768694341183,
      "isConstant": false,
      "max": 532643395.568481,
      "min": 0.5,
      "name": "nSigF",
      "value": 352869355.24864095
    },
    "nSigP": {
      "error": 82799.09488582611,
      "isConstant": false,
      "max": 10332724881.90271,
      "min": 0.5,
      "name": "nSigP",
      "value": 6855697717.087683
    }
  },
  "fit_metadata": {
    "bin_index": 11,
    "fail_hist_uses_pass_hist": false,
    "fit_range": {
      "max": 120.0,
      "min": 60.0
    },
    "truth_fail_template_uses_pass_hist": false,
    "truth_template_source": "/eos/cms/store/group/phys_susy/NPS-25-014/root_TnP_local//hza_elid_nongap_2025_sf//DY_MC_LO_2025_hza_elid_nongap_2025_sf.root"
  },
  "fit_result": {
    "fail": {
      "covQual": -1,
      "edm": 7.521361653214491e-08,
      "floatParsFinal": [
        {
          "error": 0.00026410030431778253,
          "isConstant": false,
          "max": 1.0,
          "min": -5.0,
          "name": "meanF",
          "value": -0.023611206271844765
        },
        {
          "error": 18784.768694341183,
          "isConstant": false,
          "max": 532643395.568481,
          "min": 0.5,
          "name": "nSigF",
          "value": 352869355.24864095
        },
        {
          "error": 6.076906173269059e-07,
          "isConstant": false,
          "max": 3.6,
          "min": 0.8,
          "name": "sigmaF",
          "value": 0.8000000000000533
        }
      ],
      "floatParsInit": [
        {
          "error": 0.0,
          "isConstant": false,
          "max": 1.0,
          "min": -5.0,
          "name": "meanF",
          "value": -1.8
        },
        {
          "error": 0.0,
          "isConstant": false,
          "max": 532643395.568481,
          "min": 0.5,
          "name": "nSigF",
          "value": 319586037.341089
        },
        {
          "error": 0.0,
          "isConstant": false,
          "max": 3.6,
          "min": 0.8,
          "name": "sigmaF",
          "value": 2.4
        }
      ],
      "minNll": -5390970087.214683,
      "numInvalidNLL": 0,
      "status": 270
    },
    "fail_quality": "check",
    "pass": {
      "covQual": -1,
      "edm": 2.4135348021103115e-05,
      "floatParsFinal": [
        {
          "error": 4.242019430567012e-05,
          "isConstant": false,
          "max": 5.0,
          "min": -5.0,
          "name": "meanP",
          "value": -0.006002040501839723
        },
        {
          "error": 82799.09488582611,
          "isConstant": false,
          "max": 10332724881.90271,
          "min": 0.5,
          "name": "nSigP",
          "value": 6855697717.087683
        },
        {
          "error": 5.402190156322817e-08,
          "isConstant": false,
          "max": 5.0,
          "min": 0.5,
          "name": "sigmaP",
          "value": 0.5000000000000038
        }
      ],
      "floatParsInit": [
        {
          "error": 0.0,
          "isConstant": false,
          "max": 5.0,
          "min": -5.0,
          "name": "meanP",
          "value": -0.0
        },
        {
          "error": 0.0,
          "isConstant": false,
          "max": 10332724881.90271,
          "min": 0.5,
          "name": "nSigP",
          "value": 6199634929.141626
        },
        {
          "error": 0.0,
          "isConstant": false,
          "max": 5.0,
          "min": 0.5,
          "name": "sigmaP",
          "value": 0.9
        }
      ],
      "minNll": -127612060666.13646,
      "numInvalidNLL": 0,
      "status": 240
    },
    "pass_quality": "check",
    "root_read_error": null
  },
  "fit_type": "nominalFit",
  "histograms": {
    "fail": {
      "entries": 26195.0,
      "fit_window": {
        "bin1": 11,
        "bin2": 70,
        "max": 120.0,
        "min": 60.0
      },
      "integral_fit_window": 352869354.55615234,
      "integral_fit_window_error": 2540692.5732885734,
      "integral_full": 355095597.0456543,
      "integral_full_error": 2548657.3649421046,
      "maximum_bin_center": 90.5,
      "maximum_bin_content": 30773382.822998047,
      "mean": 86.04153757710304,
      "rms": 8.752176620332209
    },
    "pass": {
      "entries": 528272.0,
      "fit_window": {
        "bin1": 11,
        "bin2": 70,
        "max": 120.0,
        "min": 60.0
      },
      "integral_fit_window": 6855697146.374512,
      "integral_fit_window_error": 11019491.785036895,
      "integral_full": 6888483254.601807,
      "integral_full_error": 11045216.457808059,
      "maximum_bin_center": 90.5,
      "maximum_bin_content": 878051465.7919922,
      "mean": 88.53033483192141,
      "rms": 6.717294250063342
    }
  },
  "sample": {
    "fitOutputBinRoot": "/eos/cms/store/group/phys_susy/NPS-25-014/root_TnP_local//hza_elid_nongap_2025_sf//DY_MC_LO_2025_hza_elid_nongap_2025_sf.nominalFit-bin11_el_sc_eta_m0p80To0p00_el_et_20p00To35p00.root",
    "fitOutputRoot": "/eos/cms/store/group/phys_susy/NPS-25-014/root_TnP_local//hza_elid_nongap_2025_sf//DY_MC_LO_2025_hza_elid_nongap_2025_sf.nominalFit.root",
    "histFile": "/eos/cms/store/group/phys_susy/NPS-25-014/root_TnP_local//hza_elid_nongap_2025_sf//DY_MC_LO_2025_hza_elid_nongap_2025_sf.root",
    "isMC": true,
    "mcRefHistFile": "/eos/cms/store/group/phys_susy/NPS-25-014/root_TnP_local//hza_elid_nongap_2025_sf//DY_MC_LO_2025_hza_elid_nongap_2025_sf.root",
    "mcTruth": true,
    "name": "DY_MC_LO_2025"
  },
  "workspace": {
    "effective_parsed": [
      {
        "max": 5.0,
        "min": -5.0,
        "name": "meanP",
        "raw": "meanP[-0.0,-5.0,5.0]",
        "tokens": [
          "-0.0",
          "-5.0",
          "5.0"
        ],
        "value": -0.0
      },
      {
        "max": 5.0,
        "min": 0.5,
        "name": "sigmaP",
        "raw": "sigmaP[0.9,0.5,5.0]",
        "tokens": [
          "0.9",
          "0.5",
          "5.0"
        ],
        "value": 0.9
      },
      {
        "max": 90.0,
        "min": 45.0,
        "name": "acmsP",
        "raw": "acmsP[65.,45.,90.]",
        "tokens": [
          "65.",
          "45.",
          "90."
        ],
        "value": 65.0
      },
      {
        "max": 0.1,
        "min": 0.005,
        "name": "betaP",
        "raw": "betaP[0.05,0.005,0.10]",
        "tokens": [
          "0.05",
          "0.005",
          "0.10"
        ],
        "value": 0.05
      },
      {
        "max": 2.0,
        "min": -2.0,
        "name": "gammaP",
        "raw": "gammaP[0.1, -2, 2]",
        "tokens": [
          "0.1",
          "-2",
          "2"
        ],
        "value": 0.1
      },
      {
        "max": 90.0,
        "min": 82.0,
        "name": "peakP",
        "raw": "peakP[87.0,82.0,90.0]",
        "tokens": [
          "87.0",
          "82.0",
          "90.0"
        ],
        "value": 87.0
      },
      {
        "max": 90.0,
        "min": 82.0,
        "name": "peakF",
        "raw": "peakF[87.0,82.0,90.0]",
        "tokens": [
          "87.0",
          "82.0",
          "90.0"
        ],
        "value": 87.0
      },
      {
        "max": 1.0,
        "min": -5.0,
        "name": "meanF",
        "raw": "meanF[-1.8,-5.0,1.0]",
        "tokens": [
          "-1.8",
          "-5.0",
          "1.0"
        ],
        "value": -1.8
      },
      {
        "max": 3.6,
        "min": 0.8,