{
  "bin": {
    "cut": "tag_Ele_pt > 40 && abs(tag_sc_eta) < 2.17 && (tag_Ele_q + el_q) == 0 && el_sc_eta >= 0.000000 && el_sc_eta < 0.800000 && el_et >= 20.000000 && el_et < 35.000000",
    "index": 12,
    "name": "bin12_el_sc_eta_0p00To0p80_el_et_20p00To35p00",
    "title": "; 0.000 < el_sc_eta < 0.800; 20.000 < el_et < 35.000",
    "vars": {
      "el_et": {
        "max": 35,
        "min": 20
      },
      "el_sc_eta": {
        "max": 0.8,
        "min": 0.0
      }
    }
  },
  "created_at_utc": "2026-07-10T18:22:18.607303+00:00",
  "derived": {
    "efficiency": 0.9539643034601029,
    "efficiency_error": 5.28974346789075e-07,
    "nSigF": {
      "error": 132.89772793650627,
      "isConstant": false,
      "max": 502372651.072632,
      "min": 0.5,
      "name": "nSigF",
      "value": 332978214.101949
    },
    "nSigP": {
      "error": 83065.83645391464,
      "isConstant": false,
      "max": 10400016556.45166,
      "min": 0.5,
      "name": "nSigP",
      "value": 6900065687.240366
    }
  },
  "fit_metadata": {
    "bin_index": 12,
    "fail_hist_uses_pass_hist": false,
    "fit_range": {
      "max": 120.0,
      "min": 60.0
    },
    "truth_fail_template_uses_pass_hist": false,
    "truth_template_source": "/eos/cms/store/group/phys_susy/NPS-25-014/root_TnP_local//hza_elid_nongap_2025_sf//DY_MC_LO_2025_hza_elid_nongap_2025_sf.root"
  },
  "fit_result": {
    "fail": {
      "covQual": -1,
      "edm": 1408754878.4784062,
      "floatParsFinal": [
        {
          "error": 1.94249150586856e-06,
          "isConstant": false,
          "max": 1.0,
          "min": -5.0,
          "name": "meanF",
          "value": -0.02512908658684765
        },
        {
          "error": 132.89772793650627,
          "isConstant": false,
          "max": 502372651.072632,
          "min": 0.5,
          "name": "nSigF",
          "value": 332978214.101949
        },
        {
          "error": 3.092908706925357e-10,
          "isConstant": false,
          "max": 3.6,
          "min": 0.8,
          "name": "sigmaF",
          "value": 0.800000000872643
        }
      ],
      "floatParsInit": [
        {
          "error": 0.0,
          "isConstant": false,
          "max": 1.0,
          "min": -5.0,
          "name": "meanF",
          "value": -1.8
        },
        {
          "error": 0.0,
          "isConstant": false,
          "max": 502372651.072632,
          "min": 0.5,
          "name": "nSigF",
          "value": 301423590.643579
        },
        {
          "error": 0.0,
          "isConstant": false,
          "max": 3.6,
          "min": 0.8,
          "name": "sigmaF",
          "value": 2.4
        }
      ],
      "minNll": -5072859482.275088,
      "numInvalidNLL": 0,
      "status": -1
    },
    "fail_quality": "check",
    "pass": {
      "covQual": -1,
      "edm": 0.0004898444934484566,
      "floatParsFinal": [
        {
          "error": 4.2081439486807426e-05,
          "isConstant": false,
          "max": 5.0,
          "min": -5.0,
          "name": "meanP",
          "value": -0.005661282030617443
        },
        {
          "error": 83065.83645391464,
          "isConstant": false,
          "max": 10400016556.45166,
          "min": 0.5,
          "name": "nSigP",
          "value": 6900065687.240366
        },
        {
          "error": 5.4063417742611364e-08,
          "isConstant": false,
          "max": 5.0,
          "min": 0.5,
          "name": "sigmaP",
          "value": 0.5000000000457047
        }
      ],
      "floatParsInit": [
        {
          "error": 0.0,
          "isConstant": false,
          "max": 5.0,
          "min": -5.0,
          "name": "meanP",
          "value": -0.0
        },
        {
          "error": 0.0,
          "isConstant": false,
          "max": 10400016556.45166,
          "min": 0.5,
          "name": "nSigP",
          "value": 6240009933.870996
        },
        {
          "error": 0.0,
          "isConstant": false,
          "max": 5.0,
          "min": 0.5,
          "name": "sigmaP",
          "value": 0.9
        }
      ],
      "minNll": -128533263713.62207,
      "numInvalidNLL": 0,
      "status": 240
    },
    "pass_quality": "check",
    "root_read_error": null
  },
  "fit_type": "nominalFit",
  "histograms": {
    "fail": {
      "entries": 24810.0,
      "fit_window": {
        "bin1": 11,
        "bin2": 70,
        "max": 120.0,
        "min": 60.0
      },
      "integral_fit_window": 332977506.1533203,
      "integral_fit_window_error": 2505521.4683686467,
      "integral_full": 334915100.7150879,
      "integral_full_error": 2512904.4176567844,
      "maximum_bin_center": 90.5,
      "maximum_bin_content": 29329843.188232422,
      "mean": 86.32154252162165,
      "rms": 8.705872864507961
    },
    "pass": {
      "entries": 530932.0,
      "fit_window": {
        "bin1": 11,
        "bin2": 70,
        "max": 120.0,
        "min": 60.0
      },
      "integral_fit_window": 6900064718.314453,
      "integral_fit_window_error": 11076272.53119437,
      "integral_full": 6933344370.967773,
      "integral_full_error": 11102916.255547702,
      "maximum_bin_center": 90.5,
      "maximum_bin_content": 886588951.8344727,
      "mean": 88.60530337631143,
      "rms": 6.688405805859944
    }
  },
  "sample": {
    "fitOutputBinRoot": "/eos/cms/store/group/phys_susy/NPS-25-014/root_TnP_local//hza_elid_nongap_2025_sf//DY_MC_LO_2025_hza_elid_nongap_2025_sf.nominalFit-bin12_el_sc_eta_0p00To0p80_el_et_20p00To35p00.root",
    "fitOutputRoot": "/eos/cms/store/group/phys_susy/NPS-25-014/root_TnP_local//hza_elid_nongap_2025_sf//DY_MC_LO_2025_hza_elid_nongap_2025_sf.nominalFit.root",
    "histFile": "/eos/cms/store/group/phys_susy/NPS-25-014/root_TnP_local//hza_elid_nongap_2025_sf//DY_MC_LO_2025_hza_elid_nongap_2025_sf.root",
    "isMC": true,
    "mcRefHistFile": "/eos/cms/store/group/phys_susy/NPS-25-014/root_TnP_local//hza_elid_nongap_2025_sf//DY_MC_LO_2025_hza_elid_nongap_2025_sf.root",
    "mcTruth": true,
    "name": "DY_MC_LO_2025"
  },
  "workspace": {
    "effective_parsed": [
      {
        "max": 5.0,
        "min": -5.0,
        "name": "meanP",
        "raw": "meanP[-0.0,-5.0,5.0]",
        "tokens": [
          "-0.0",
          "-5.0",
          "5.0"
        ],
        "value": -0.0
      },
      {
        "max": 5.0,
        "min": 0.5,
        "name": "sigmaP",
        "raw": "sigmaP[0.9,0.5,5.0]",
        "tokens": [
          "0.9",
          "0.5",
          "5.0"
        ],
        "value": 0.9
      },
      {
        "max": 90.0,
        "min": 45.0,
        "name": "acmsP",
        "raw": "acmsP[65.,45.,90.]",
        "tokens": [
          "65.",
          "45.",
          "90."
        ],
        "value": 65.0
      },
      {
        "max": 0.1,
        "min": 0.005,
        "name": "betaP",
        "raw": "betaP[0.05,0.005,0.10]",
        "tokens": [
          "0.05",
          "0.005",
          "0.10"
        ],
        "value": 0.05
      },
      {
        "max": 2.0,
        "min": -2.0,
        "name": "gammaP",
        "raw": "gammaP[0.1, -2, 2]",
        "tokens": [
          "0.1",
          "-2",
          "2"
        ],
        "value": 0.1
      },
      {
        "max": 90.0,
        "min": 82.0,
        "name": "peakP",
        "raw": "peakP[87.0,82.0,90.0]",
        "tokens": [
          "87.0",
          "82.0",
          "90.0"
        ],
        "value": 87.0
      },
      {
        "max": 90.0,
        "min": 82.0,
        "name": "peakF",
        "raw": "peakF[87.0,82.0,90.0]",
        "tokens": [
          "87.0",
          "82.0",
          "90.0"
        ],
        "value": 87.0
      },
      {
        "max": 1.0,
        "min": -5.0,
        "name": "meanF",
        "raw": "meanF[-1.8,-5.0,1.0]",
        "tokens": [
          "-1.8",
          "-5.0",
          "1.0"
        ],
        "value": -1.8
      },
      {
        "max": 3.6,
        "min": 0.8,
        "name": "sigmaF",