{
  "bin": {
    "cut": "tag_Ele_pt > 40 && abs(tag_sc_eta) < 2.17 && (tag_Ele_q + el_q) == 0 && el_sc_eta >= 0.000000 && el_sc_eta < 0.800000 && el_et >= 35.000000 && el_et < 50.000000",
    "index": 20,
    "name": "bin20_el_sc_eta_0p00To0p80_el_et_35p00To50p00",
    "title": "; 0.000 < el_sc_eta < 0.800; 35.000 < el_et < 50.000",
    "vars": {
      "el_et": {
        "max": 50,
        "min": 35
      },
      "el_sc_eta": {
        "max": 0.8,
        "min": 0.0
      }
    }
  },
  "created_at_utc": "2026-07-10T18:22:29.432672+00:00",
  "derived": {
    "efficiency": 0.9853574550086556,
    "efficiency_error": 9.655663058149953e-08,
    "nSigF": {
      "error": 130.83254063129425,
      "isConstant": false,
      "max": 501497497.826294,
      "min": 0.5,
      "name": "nSigF",
      "value": 332950831.2169025
    },
    "nSigP": {
      "error": 149685.2896747589,
      "isConstant": false,
      "max": 33690865424.357666,
      "min": 0.5,
      "name": "nSigP",
      "value": 22405639448.937176
    }
  },
  "fit_metadata": {
    "bin_index": 20,
    "fail_hist_uses_pass_hist": false,
    "fit_range": {
      "max": 120.0,
      "min": 60.0
    },
    "truth_fail_template_uses_pass_hist": false,
    "truth_template_source": "/eos/cms/store/group/phys_susy/NPS-25-014/root_TnP_local//hza_elid_nongap_2025_sf//DY_MC_LO_2025_hza_elid_nongap_2025_sf.root"
  },
  "fit_result": {
    "fail": {
      "covQual": -1,
      "edm": 2408272.4371997877,
      "floatParsFinal": [
        {
          "error": 1.3250850900980993e-06,
          "isConstant": false,
          "max": 5.0,
          "min": -5.0,
          "name": "meanF",
          "value": 0.002025213218801447
        },
        {
          "error": 130.83254063129425,
          "isConstant": false,
          "max": 501497497.826294,
          "min": 0.5,
          "name": "nSigF",
          "value": 332950831.2169025
        },
        {
          "error": 3.6854908014305465e-11,
          "isConstant": false,
          "max": 5.0,
          "min": 0.5,
          "name": "sigmaF",
          "value": 0.5000000000265343
        }
      ],
      "floatParsInit": [
        {
          "error": 0.0,
          "isConstant": false,
          "max": 5.0,
          "min": -5.0,
          "name": "meanF",
          "value": -0.0
        },
        {
          "error": 0.0,
          "isConstant": false,
          "max": 501497497.826294,
          "min": 0.5,
          "name": "nSigF",
          "value": 300898498.695776
        },
        {
          "error": 0.0,
          "isConstant": false,
          "max": 5.0,
          "min": 0.5,
          "name": "sigmaF",
          "value": 0.9
        }
      ],
      "minNll": -5234799260.926755,
      "numInvalidNLL": 0,
      "status": -1
    },
    "fail_quality": "check",
    "pass": {
      "covQual": -1,
      "edm": 1.3894436761785668e-05,
      "floatParsFinal": [
        {
          "error": 1.8796929833531095e-05,
          "isConstant": false,
          "max": 5.0,
          "min": -5.0,
          "name": "meanP",
          "value": 0.0036275150343687557
        },
        {
          "error": 149685.2896747589,
          "isConstant": false,
          "max": 33690865424.357666,
          "min": 0.5,
          "name": "nSigP",
          "value": 22405639448.937176
        },
        {
          "error": 8.786252503334424e-09,
          "isConstant": false,
          "max": 5.0,
          "min": 0.5,
          "name": "sigmaP",
          "value": 0.5000000000000052
        }
      ],
      "floatParsInit": [
        {
          "error": 0.0,
          "isConstant": false,
          "max": 5.0,
          "min": -5.0,
          "name": "meanP",
          "value": -0.0
        },
        {
          "error": 0.0,
          "isConstant": false,
          "max": 33690865424.357666,
          "min": 0.5,
          "name": "nSigP",
          "value": 20214519254.6146
        },
        {
          "error": 0.0,
          "isConstant": false,
          "max": 5.0,
          "min": 0.5,
          "name": "sigmaP",
          "value": 0.9
        }
      ],
      "minNll": -452065267837.72034,
      "numInvalidNLL": 0,
      "status": 240
    },
    "pass_quality": "check",
    "root_read_error": null
  },
  "fit_type": "nominalFit",
  "histograms": {
    "fail": {
      "entries": 24093.0,
      "fit_window": {
        "bin1": 11,
        "bin2": 70,
        "max": 120.0,
        "min": 60.0
      },
      "integral_fit_window": 332949398.7416992,
      "integral_fit_window_error": 2544865.175985101,
      "integral_full": 334331665.2175293,
      "integral_full_error": 2549513.1021667887,
      "maximum_bin_center": 90.5,
      "maximum_bin_content": 41775532.78588867,
      "mean": 90.93734666107954,
      "rms": 5.498603349227771
    },
    "pass": {
      "entries": 1719513.0,
      "fit_window": {
        "bin1": 11,
        "bin2": 70,
        "max": 120.0,
        "min": 60.0
      },
      "integral_fit_window": 22405638676.947266,
      "integral_fit_window_error": 19948890.13556458,
      "integral_full": 22460576949.571777,
      "integral_full_error": 19972373.542376153,
      "maximum_bin_center": 90.5,
      "maximum_bin_content": 3646298910.046631,
      "mean": 91.2116133336224,
      "rms": 4.465990870025838
    }
  },
  "sample": {
    "fitOutputBinRoot": "/eos/cms/store/group/phys_susy/NPS-25-014/root_TnP_local//hza_elid_nongap_2025_sf//DY_MC_LO_2025_hza_elid_nongap_2025_sf.nominalFit-bin20_el_sc_eta_0p00To0p80_el_et_35p00To50p00.root",
    "fitOutputRoot": "/eos/cms/store/group/phys_susy/NPS-25-014/root_TnP_local//hza_elid_nongap_2025_sf//DY_MC_LO_2025_hza_elid_nongap_2025_sf.nominalFit.root",
    "histFile": "/eos/cms/store/group/phys_susy/NPS-25-014/root_TnP_local//hza_elid_nongap_2025_sf//DY_MC_LO_2025_hza_elid_nongap_2025_sf.root",
    "isMC": true,
    "mcRefHistFile": "/eos/cms/store/group/phys_susy/NPS-25-014/root_TnP_local//hza_elid_nongap_2025_sf//DY_MC_LO_2025_hza_elid_nongap_2025_sf.root",
    "mcTruth": true,
    "name": "DY_MC_LO_2025"
  },
  "workspace": {
    "effective_parsed": [
      {
        "max": 5.0,
        "min": -5.0,
        "name": "meanP",
        "raw": "meanP[-0.0,-5.0,5.0]",
        "tokens": [
          "-0.0",
          "-5.0",
          "5.0"
        ],
        "value": -0.0
      },
      {
        "max": 5.0,
        "min": 0.5,
        "name": "sigmaP",
        "raw": "sigmaP[0.9,0.5,5.0]",
        "tokens": [
          "0.9",
          "0.5",
          "5.0"
        ],
        "value": 0.9
      },
      {
        "max": 5.0,
        "min": -5.0,
        "name": "meanF",
        "raw": "meanF[-0.0,-5.0,5.0]",
        "tokens": [
          "-0.0",
          "-5.0",
          "5.0"
        ],
        "value": -0.0
      },
      {
        "max": 5.0,
        "min": 0.5,
        "name": "sigmaF",
        "raw": "sigmaF[0.9,0.5,5.0]",
        "tokens": [
          "0.9",
          "0.5",
          "5.0"
        ],
        "value": 0.9
      },
      {
        "max": 90.0,
        "min": 45.0,
        "name": "acmsP",
        "raw": "acmsP[65.,45.,90.]",
        "tokens": [
          "65.",
          "45.",
          "90."
        ],
        "value": 65.0
      },
      {
        "max": 0.1,
        "min": 0.005,
        "name": "betaP",
        "raw": "betaP[0.05,0.005,0.10]",
        "tokens": [
          "0.05",
          "0.005",
          "0.10"
        ],
        "value": 0.05
      },
      {
        "max": 2.0,
        "min": -2.0,
        "name": "gammaP",
        "raw": "gammaP[0.1, -2, 2]",
        "tokens": [
          "0.1",
          "-2",
          "2"
        ],
        "value": 0.1
      },
      {
        "max": 90.0,
        "min": 82.0,
        "name": "peakP",
        "raw": "peakP[87.0,82.0,90.0]",
        "tokens": [
          "87.0",
          "82.0",
          "90.0"
        ],
        "value": 87.0
      },
      {
        "max": 90.0,
        "min": 45.0,