{
  "bin": {
    "cut": "tag_Ele_pt > 40 && abs(tag_sc_eta) < 2.17 && (tag_Ele_q + el_q) == 0 && el_sc_eta >= 0.800000 && el_sc_eta < 1.566000 && el_et >= 35.000000 && el_et < 50.000000",
    "index": 21,
    "name": "bin21_el_sc_eta_0p80To1p57_el_et_35p00To50p00",
    "title": "; 0.800 < el_sc_eta < 1.566; 35.000 < el_et < 50.000",
    "vars": {
      "el_et": {
        "max": 50,
        "min": 35
      },
      "el_sc_eta": {
        "max": 1.566,
        "min": 0.8
      }
    }
  },
  "created_at_utc": "2026-04-27T07:33:23.097273+00:00",
  "derived": {
    "efficiency": 0.976024106214939,
    "efficiency_error": 9.895039049449119e-05,
    "nSigF": {
      "error": 149.37643769169154,
      "isConstant": false,
      "max": 53816.591725,
      "min": 0.5,
      "name": "nSigF",
      "value": 35758.502634496595
    },
    "nSigP": {
      "error": 953.9542377096368,
      "isConstant": false,
      "max": 2188425.059344,
      "min": 0.5,
      "name": "nSigP",
      "value": 1455677.1433132302
    }
  },
  "fit_metadata": {
    "bin_index": 21,
    "fail_hist_uses_pass_hist": false,
    "fit_range": {
      "max": 120.0,
      "min": 60.0
    },
    "truth_fail_template_uses_pass_hist": false,
    "truth_template_source": "/eos/home-p/pelai/HZa/root_TnP//hza_elid_nongap_2025_sf//DY_MC_LO_2025_hza_elid_nongap_2025_sf.root"
  },
  "fit_result": {
    "fail": {
      "covQual": -1,
      "edm": 0.08026609321354647,
      "floatParsFinal": [
        {
          "error": 0.01616151461118953,
          "isConstant": false,
          "max": 5.0,
          "min": -5.0,
          "name": "meanF",
          "value": 0.0028559127523308803
        },
        {
          "error": 149.37643769169154,
          "isConstant": false,
          "max": 53816.591725,
          "min": 0.5,
          "name": "nSigF",
          "value": 35758.502634496595
        },
        {
          "error": 0.006218546401933894,
          "isConstant": false,
          "max": 1.5000000000073135,
          "min": 0.4000000000019503,
          "name": "sigmaF",
          "value": 0.4000000046504076
        }
      ],
      "floatParsInit": [
        {
          "error": 0.0,
          "isConstant": false,
          "max": 5.0,
          "min": -5.0,
          "name": "meanF",
          "value": -0.0
        },
        {
          "error": 0.0,
          "isConstant": false,
          "max": 53816.591725,
          "min": 0.5,
          "name": "nSigF",
          "value": 32289.955035
        },
        {
          "error": 0.0,
          "isConstant": false,
          "max": 1.5000000000073135,
          "min": 0.4000000000019503,
          "name": "sigmaF",
          "value": 0.5000000000024378
        }
      ],
      "minNll": -234345.521610824,
      "numInvalidNLL": 0,
      "status": 160
    },
    "fail_quality": "check",
    "pass": {
      "covQual": -1,
      "edm": 0.458505049536102,
      "floatParsFinal": [
        {
          "error": 0.0022058914289537768,
          "isConstant": false,
          "max": 5.0,
          "min": -5.0,
          "name": "meanP",
          "value": 0.0023366490098322146
        },
        {
          "error": 953.9542377096368,
          "isConstant": false,
          "max": 2188425.059344,
          "min": 0.5,
          "name": "nSigP",
          "value": 1455677.1433132302
        },
        {
          "error": 0.00019025247875847917,
          "isConstant": false,
          "max": 5.0,
          "min": 0.5,
          "name": "sigmaP",
          "value": 0.5000000000024378
        }
      ],
      "floatParsInit": [
        {
          "error": 0.0,
          "isConstant": false,
          "max": 5.0,
          "min": -5.0,
          "name": "meanP",
          "value": -0.0
        },
        {
          "error": 0.0,
          "isConstant": false,
          "max": 2188425.059344,
          "min": 0.5,
          "name": "nSigP",
          "value": 1313055.035606
        },
        {
          "error": 0.0,
          "isConstant": false,
          "max": 5.0,
          "min": 0.5,
          "name": "sigmaP",
          "value": 0.9
        }
      ],
      "minNll": -15168363.063660929,
      "numInvalidNLL": 0,
      "status": 160
    },
    "pass_quality": "check",
    "root_read_error": null
  },
  "fit_type": "nominalFit",
  "histograms": {
    "fail": {
      "entries": 31639.0,
      "fit_window": {
        "bin1": 11,
        "bin2": 70,
        "max": 120.0,
        "min": 60.0
      },
      "integral_fit_window": 35758.652413783675,
      "integral_fit_window_error": 239.38710061315652,
      "integral_full": 35877.727816368104,
      "integral_full_error": 239.79449442927725,
      "maximum_bin_center": 90.5,
      "maximum_bin_content": 4089.3714210322123,
      "mean": 90.63998860778516,
      "rms": 5.313922685751138
    },
    "pass": {
      "entries": 1292143.0,
      "fit_window": {
        "bin1": 11,
        "bin2": 70,
        "max": 120.0,
        "min": 60.0
      },
      "integral_fit_window": 1455671.3467616949,
      "integral_fit_window_error": 1525.9421067330488,
      "integral_full": 1458950.039562498,
      "integral_full_error": 1527.6672408290863,
      "maximum_bin_center": 90.5,
      "maximum_bin_content": 193387.7460223852,
      "mean": 91.04382267094397,
      "rms": 4.635778099155063
    }
  },
  "sample": {
    "fitOutputBinRoot": "/eos/home-p/pelai/HZa/root_TnP//hza_elid_nongap_2025_sf//DY_MC_LO_2025_hza_elid_nongap_2025_sf.nominalFit-bin21_el_sc_eta_0p80To1p57_el_et_35p00To50p00.root",
    "fitOutputRoot": "/eos/home-p/pelai/HZa/root_TnP//hza_elid_nongap_2025_sf//DY_MC_LO_2025_hza_elid_nongap_2025_sf.nominalFit.root",
    "histFile": "/eos/home-p/pelai/HZa/root_TnP//hza_elid_nongap_2025_sf//DY_MC_LO_2025_hza_elid_nongap_2025_sf.root",
    "isMC": true,
    "mcRefHistFile": "/eos/home-p/pelai/HZa/root_TnP//hza_elid_nongap_2025_sf//DY_MC_LO_2025_hza_elid_nongap_2025_sf.root",
    "mcTruth": true,
    "name": "DY_MC_LO_2025"
  },
  "workspace": {
    "effective_parsed": [
      {
        "max": 5.0,
        "min": -5.0,
        "name": "meanP",
        "raw": "meanP[-0.0,-5.0,5.0]",
        "tokens": [
          "-0.0",
          "-5.0",
          "5.0"
        ],
        "value": -0.0
      },
      {
        "max": 5.0,
        "min": 0.5,
        "name": "sigmaP",
        "raw": "sigmaP[0.9,0.5,5.0]",
        "tokens": [
          "0.9",
          "0.5",
          "5.0"
        ],
        "value": 0.9
      },
      {
        "max": 5.0,
        "min": -5.0,
        "name": "meanF",
        "raw": "meanF[-0.0,-5.0,5.0]",
        "tokens": [
          "-0.0",
          "-5.0",
          "5.0"
        ],
        "value": -0.0
      },
      {
        "max": 5.0,
        "min": 0.5,
        "name": "sigmaF",
        "raw": "sigmaF[0.9,0.5,5.0]",
        "tokens": [
          "0.9",
          "0.5",
          "5.0"
        ],
        "value": 0.9
      },
      {
        "max": 90.0,
        "min": 45.0,
        "name": "acmsP",
        "raw": "acmsP[65.,45.,90.]",
        "tokens": [
          "65.",
          "45.",
          "90."
        ],
        "value": 65.0
      },
      {
        "max": 0.1,
        "min": 0.005,
        "name": "betaP",
        "raw": "betaP[0.05,0.005,0.10]",
        "tokens": [
          "0.05",
          "0.005",
          "0.10"
        ],
        "value": 0.05
      },
      {
        "max": 2.0,
        "min": -2.0,
        "name": "gammaP",
        "raw": "gammaP[0.1, -2, 2]",
        "tokens": [
          "0.1",
          "-2",
          "2"
        ],
        "value": 0.1
      },
      {
        "max": 90.0,
        "min": 82.0,
        "name": "peakP",
        "raw": "peakP[87.0,82.0,90.0]",
        "tokens": [
          "87.0",
          "82.0",
          "90.0"
        ],
        "value": 87.0
      },
      {
        "max": 90.0,
        "min": 45.0,
        "name": "acmsF",
        "raw": "acmsF[65.,45.,90.]",