{
  "bin": {
    "cut": "tag_Ele_pt > 40 && abs(tag_sc_eta) < 2.17 && (tag_Ele_q + el_q) == 0 && el_sc_eta >= -2.500000 && el_sc_eta < -2.000000 && el_et >= 50.000000 && el_et < 100.000000",
    "index": 24,
    "name": "bin24_el_sc_eta_m2p50Tom2p00_el_et_50p00To100p00",
    "title": "; -2.500 < el_sc_eta < -2.000; 50.000 < el_et < 100.000",
    "vars": {
      "el_et": {
        "max": 100,
        "min": 50
      },
      "el_sc_eta": {
        "max": -2.0,
        "min": -2.5
      }
    }
  },
  "created_at_utc": "2026-04-27T07:33:23.417977+00:00",
  "derived": {
    "efficiency": 0.9691972282274963,
    "efficiency_error": 0.0006414831896119877,
    "nSigF": {
      "error": 30.082854253776645,
      "isConstant": false,
      "max": 2292.020814,
      "min": 0.5,
      "name": "nSigF",
      "value": 1421.7085446503565
    },
    "nSigP": {
      "error": 167.23649505136927,
      "isConstant": false,
      "max": 71727.103747,
      "min": 0.5,
      "name": "nSigP",
      "value": 44733.50615974375
    }
  },
  "fit_metadata": {
    "bin_index": 24,
    "fail_hist_uses_pass_hist": false,
    "fit_range": {
      "max": 120.0,
      "min": 60.0
    },
    "truth_fail_template_uses_pass_hist": false,
    "truth_template_source": "/eos/home-p/pelai/HZa/root_TnP//hza_elid_nongap_2025_sf//DY_MC_LO_2025_hza_elid_nongap_2025_sf.root"
  },
  "fit_result": {
    "fail": {
      "covQual": -1,
      "edm": 0.07139856576697587,
      "floatParsFinal": [
        {
          "error": 0.05432695128139553,
          "isConstant": false,
          "max": 5.0,
          "min": -5.0,
          "name": "meanF",
          "value": 0.008842420645960303
        },
        {
          "error": 30.082854253776645,
          "isConstant": false,
          "max": 2292.020814,
          "min": 0.5,
          "name": "nSigF",
          "value": 1421.7085446503565
        },
        {
          "error": 0.006922153027211109,
          "isConstant": false,
          "max": 1.5000000016880444,
          "min": 0.40000000045014517,
          "name": "sigmaF",
          "value": 0.4000000345018998
        }
      ],
      "floatParsInit": [
        {
          "error": 0.0,
          "isConstant": false,
          "max": 5.0,
          "min": -5.0,
          "name": "meanF",
          "value": -0.0
        },
        {
          "error": 0.0,
          "isConstant": false,
          "max": 2292.020814,
          "min": 0.5,
          "name": "nSigF",
          "value": 1375.212488
        },
        {
          "error": 0.0,
          "isConstant": false,
          "max": 1.5000000016880444,
          "min": 0.40000000045014517,
          "name": "sigmaF",
          "value": 0.5000000005626815
        }
      ],
      "minNll": -4112.779412218557,
      "numInvalidNLL": 0,
      "status": 160
    },
    "fail_quality": "check",
    "pass": {
      "covQual": -1,
      "edm": 0.010404521434471393,
      "floatParsFinal": [
        {
          "error": 0.016922819453228044,
          "isConstant": false,
          "max": 5.0,
          "min": -5.0,
          "name": "meanP",
          "value": 0.01808696572466406
        },
        {
          "error": 167.23649505136927,
          "isConstant": false,
          "max": 71727.103747,
          "min": 0.5,
          "name": "nSigP",
          "value": 44733.50615974375
        },
        {
          "error": 0.005198745549119366,
          "isConstant": false,
          "max": 5.0,
          "min": 0.5,
          "name": "sigmaP",
          "value": 0.5000000005626815
        }
      ],
      "floatParsInit": [
        {
          "error": 0.0,
          "isConstant": false,
          "max": 5.0,
          "min": -5.0,
          "name": "meanP",
          "value": -0.0
        },
        {
          "error": 0.0,
          "isConstant": false,
          "max": 71727.103747,
          "min": 0.5,
          "name": "nSigP",
          "value": 43036.262248
        },
        {
          "error": 0.0,
          "isConstant": false,
          "max": 5.0,
          "min": 0.5,
          "name": "sigmaP",
          "value": 0.9
        }
      ],
      "minNll": -285701.86184899934,
      "numInvalidNLL": 0,
      "status": 160
    },
    "pass_quality": "check",
    "root_read_error": null
  },
  "fit_type": "nominalFit",
  "histograms": {
    "fail": {
      "entries": 1398.0,
      "fit_window": {
        "bin1": 11,
        "bin2": 70,
        "max": 120.0,
        "min": 60.0
      },
      "integral_fit_window": 1421.913219413608,
      "integral_fit_window_error": 47.262363565896166,
      "integral_full": 1528.0138761003589,
      "integral_full_error": 48.9494883721728,
      "maximum_bin_center": 93.5,
      "maximum_bin_content": 110.25197088767688,
      "mean": 99.65049166273144,
      "rms": 10.745326273928711
    },
    "pass": {
      "entries": 42368.0,
      "fit_window": {
        "bin1": 11,
        "bin2": 70,
        "max": 120.0,
        "min": 60.0
      },
      "integral_fit_window": 44734.01606944823,
      "integral_fit_window_error": 267.48913124628547,
      "integral_full": 47818.06916496587,
      "integral_full_error": 276.59305069540636,
      "maximum_bin_center": 91.5,
      "maximum_bin_content": 4065.032665307688,
      "mean": 98.1009790856735,
      "rms": 10.654410192752815
    }
  },
  "sample": {
    "fitOutputBinRoot": "/eos/home-p/pelai/HZa/root_TnP//hza_elid_nongap_2025_sf//DY_MC_LO_2025_hza_elid_nongap_2025_sf.nominalFit-bin24_el_sc_eta_m2p50Tom2p00_el_et_50p00To100p00.root",
    "fitOutputRoot": "/eos/home-p/pelai/HZa/root_TnP//hza_elid_nongap_2025_sf//DY_MC_LO_2025_hza_elid_nongap_2025_sf.nominalFit.root",
    "histFile": "/eos/home-p/pelai/HZa/root_TnP//hza_elid_nongap_2025_sf//DY_MC_LO_2025_hza_elid_nongap_2025_sf.root",
    "isMC": true,
    "mcRefHistFile": "/eos/home-p/pelai/HZa/root_TnP//hza_elid_nongap_2025_sf//DY_MC_LO_2025_hza_elid_nongap_2025_sf.root",
    "mcTruth": true,
    "name": "DY_MC_LO_2025"
  },
  "workspace": {
    "effective_parsed": [
      {
        "max": 5.0,
        "min": -5.0,
        "name": "meanP",
        "raw": "meanP[-0.0,-5.0,5.0]",
        "tokens": [
          "-0.0",
          "-5.0",
          "5.0"
        ],
        "value": -0.0
      },
      {
        "max": 5.0,
        "min": 0.5,
        "name": "sigmaP",
        "raw": "sigmaP[0.9,0.5,5.0]",
        "tokens": [
          "0.9",
          "0.5",
          "5.0"
        ],
        "value": 0.9
      },
      {
        "max": 5.0,
        "min": -5.0,
        "name": "meanF",
        "raw": "meanF[-0.0,-5.0,5.0]",
        "tokens": [
          "-0.0",
          "-5.0",
          "5.0"
        ],
        "value": -0.0
      },
      {
        "max": 5.0,
        "min": 0.5,
        "name": "sigmaF",
        "raw": "sigmaF[0.9,0.5,5.0]",
        "tokens": [
          "0.9",
          "0.5",
          "5.0"
        ],
        "value": 0.9
      },
      {
        "max": 90.0,
        "min": 45.0,
        "name": "acmsP",
        "raw": "acmsP[65.,45.,90.]",
        "tokens": [
          "65.",
          "45.",
          "90."
        ],
        "value": 65.0
      },
      {
        "max": 0.1,
        "min": 0.005,
        "name": "betaP",
        "raw": "betaP[0.05,0.005,0.10]",
        "tokens": [
          "0.05",
          "0.005",
          "0.10"
        ],
        "value": 0.05
      },
      {
        "max": 2.0,
        "min": -2.0,
        "name": "gammaP",
        "raw": "gammaP[0.1, -2, 2]",
        "tokens": [
          "0.1",
          "-2",
          "2"
        ],
        "value": 0.1
      },
      {
        "max": 90.0,
        "min": 82.0,
        "name": "peakP",
        "raw": "peakP[87.0,82.0,90.0]",
        "tokens": [
          "87.0",
          "82.0",
          "90.0"
        ],
        "value": 87.0
      },
      {
        "max": 90.0,
        "min": 45.0,
        "name": "acmsF",
        "raw": "acmsF[65.,45.,90.]",