{
  "bin": {
    "cut": "tag_Ele_pt > 40 && abs(tag_sc_eta) < 2.17 && (tag_Ele_q + el_q) == 0 && el_sc_eta >= 1.566000 && el_sc_eta < 2.000000 && el_et >= 35.000000 && el_et < 50.000000",
    "index": 22,
    "name": "bin22_el_sc_eta_1p57To2p00_el_et_35p00To50p00",
    "title": "; 1.566 < el_sc_eta < 2.000; 35.000 < el_et < 50.000",
    "vars": {
      "el_et": {
        "max": 50,
        "min": 35
      },
      "el_sc_eta": {
        "max": 2.0,
        "min": 1.566
      }
    }
  },
  "created_at_utc": "2026-07-10T18:22:32.349744+00:00",
  "derived": {
    "efficiency": 0.9695285781723274,
    "efficiency_error": 3.686341090350376e-07,
    "nSigF": {
      "error": 103.87924526631832,
      "isConstant": false,
      "max": 304053221.366455,
      "min": 0.5,
      "name": "nSigF",
      "value": 202201608.78353852
    },
    "nSigP": {
      "error": 80209.58683395386,
      "isConstant": false,
      "max": 9678203338.242554,
      "min": 0.5,
      "name": "nSigP",
      "value": 6433576988.193819
    }
  },
  "fit_metadata": {
    "bin_index": 22,
    "fail_hist_uses_pass_hist": false,
    "fit_range": {
      "max": 120.0,
      "min": 60.0
    },
    "truth_fail_template_uses_pass_hist": false,
    "truth_template_source": "/eos/cms/store/group/phys_susy/NPS-25-014/root_TnP_local//hza_elid_nongap_2025_sf//DY_MC_LO_2025_hza_elid_nongap_2025_sf.root"
  },
  "fit_result": {
    "fail": {
      "covQual": -1,
      "edm": 551919489.0252455,
      "floatParsFinal": [
        {
          "error": 1.9341453620924653e-06,
          "isConstant": false,
          "max": 5.0,
          "min": -5.0,
          "name": "meanF",
          "value": 0.0008785888947882015
        },
        {
          "error": 103.87924526631832,
          "isConstant": false,
          "max": 304053221.366455,
          "min": 0.5,
          "name": "nSigF",
          "value": 202201608.78353852
        },
        {
          "error": 1.5310852585770363e-10,
          "isConstant": false,
          "max": 5.0,
          "min": 0.5,
          "name": "sigmaF",
          "value": 0.5000000001452358
        }
      ],
      "floatParsInit": [
        {
          "error": 0.0,
          "isConstant": false,
          "max": 5.0,
          "min": -5.0,
          "name": "meanF",
          "value": -0.0
        },
        {
          "error": 0.0,
          "isConstant": false,
          "max": 304053221.366455,
          "min": 0.5,
          "name": "nSigF",
          "value": 182431932.819873
        },
        {
          "error": 0.0,
          "isConstant": false,
          "max": 5.0,
          "min": 0.5,
          "name": "sigmaF",
          "value": 0.9
        }
      ],
      "minNll": -3078103002.598661,
      "numInvalidNLL": 0,
      "status": -1
    },
    "fail_quality": "check",
    "pass": {
      "covQual": -1,
      "edm": 6.938711894985763e-05,
      "floatParsFinal": [
        {
          "error": 4.5084469272538286e-05,
          "isConstant": false,
          "max": 5.0,
          "min": -5.0,
          "name": "meanP",
          "value": 0.0028510206238374636
        },
        {
          "error": 80209.58683395386,
          "isConstant": false,
          "max": 9678203338.242554,
          "min": 0.5,
          "name": "nSigP",
          "value": 6433576988.193819
        },
        {
          "error": 9.762206965024944e-08,
          "isConstant": false,
          "max": 5.0,
          "min": 0.5,
          "name": "sigmaP",
          "value": 0.5000000000091291
        }
      ],
      "floatParsInit": [
        {
          "error": 0.0,
          "isConstant": false,
          "max": 5.0,
          "min": -5.0,
          "name": "meanP",
          "value": -0.0
        },
        {
          "error": 0.0,
          "isConstant": false,
          "max": 9678203338.242554,
          "min": 0.5,
          "name": "nSigP",
          "value": 5806922002.945533
        },
        {
          "error": 0.0,
          "isConstant": false,
          "max": 5.0,
          "min": 0.5,
          "name": "sigmaP",
          "value": 0.9
        }
      ],
      "minNll": -120711838537.23708,
      "numInvalidNLL": 0,
      "status": 240
    },
    "pass_quality": "check",
    "root_read_error": null
  },
  "fit_type": "nominalFit",
  "histograms": {
    "fail": {
      "entries": 14515.0,
      "fit_window": {
        "bin1": 11,
        "bin2": 70,
        "max": 120.0,
        "min": 60.0
      },
      "integral_fit_window": 202201554.5673828,
      "integral_fit_window_error": 1946506.6201831002,
      "integral_full": 202702147.57763672,
      "integral_full_error": 1948471.9693143882,
      "maximum_bin_center": 90.5,
      "maximum_bin_content": 23494230.235839844,
      "mean": 90.74268626001962,
      "rms": 5.0526057007586225
    },
    "pass": {
      "entries": 495465.0,
      "fit_window": {
        "bin1": 11,
        "bin2": 70,
        "max": 120.0,
        "min": 60.0
      },
      "integral_fit_window": 6433577529.14209,
      "integral_fit_window_error": 10672102.425166888,
      "integral_full": 6452135558.828369,
      "integral_full_error": 10687985.160115987,
      "maximum_bin_center": 90.5,
      "maximum_bin_content": 783998800.7614746,
      "mean": 91.16491462408833,
      "rms": 4.884157328907585
    }
  },
  "sample": {
    "fitOutputBinRoot": "/eos/cms/store/group/phys_susy/NPS-25-014/root_TnP_local//hza_elid_nongap_2025_sf//DY_MC_LO_2025_hza_elid_nongap_2025_sf.nominalFit-bin22_el_sc_eta_1p57To2p00_el_et_35p00To50p00.root",
    "fitOutputRoot": "/eos/cms/store/group/phys_susy/NPS-25-014/root_TnP_local//hza_elid_nongap_2025_sf//DY_MC_LO_2025_hza_elid_nongap_2025_sf.nominalFit.root",
    "histFile": "/eos/cms/store/group/phys_susy/NPS-25-014/root_TnP_local//hza_elid_nongap_2025_sf//DY_MC_LO_2025_hza_elid_nongap_2025_sf.root",
    "isMC": true,
    "mcRefHistFile": "/eos/cms/store/group/phys_susy/NPS-25-014/root_TnP_local//hza_elid_nongap_2025_sf//DY_MC_LO_2025_hza_elid_nongap_2025_sf.root",
    "mcTruth": true,
    "name": "DY_MC_LO_2025"
  },
  "workspace": {
    "effective_parsed": [
      {
        "max": 5.0,
        "min": -5.0,
        "name": "meanP",
        "raw": "meanP[-0.0,-5.0,5.0]",
        "tokens": [
          "-0.0",
          "-5.0",
          "5.0"
        ],
        "value": -0.0
      },
      {
        "max": 5.0,
        "min": 0.5,
        "name": "sigmaP",
        "raw": "sigmaP[0.9,0.5,5.0]",
        "tokens": [
          "0.9",
          "0.5",
          "5.0"
        ],
        "value": 0.9
      },
      {
        "max": 5.0,
        "min": -5.0,
        "name": "meanF",
        "raw": "meanF[-0.0,-5.0,5.0]",
        "tokens": [
          "-0.0",
          "-5.0",
          "5.0"
        ],
        "value": -0.0
      },
      {
        "max": 5.0,
        "min": 0.5,
        "name": "sigmaF",
        "raw": "sigmaF[0.9,0.5,5.0]",
        "tokens": [
          "0.9",
          "0.5",
          "5.0"
        ],
        "value": 0.9
      },
      {
        "max": 90.0,
        "min": 45.0,
        "name": "acmsP",
        "raw": "acmsP[65.,45.,90.]",
        "tokens": [
          "65.",
          "45.",
          "90."
        ],
        "value": 65.0
      },
      {
        "max": 0.1,
        "min": 0.005,
        "name": "betaP",
        "raw": "betaP[0.05,0.005,0.10]",
        "tokens": [
          "0.05",
          "0.005",
          "0.10"
        ],
        "value": 0.05
      },
      {
        "max": 2.0,
        "min": -2.0,
        "name": "gammaP",
        "raw": "gammaP[0.1, -2, 2]",
        "tokens": [
          "0.1",
          "-2",
          "2"
        ],
        "value": 0.1
      },
      {
        "max": 90.0,
        "min": 82.0,
        "name": "peakP",
        "raw": "peakP[87.0,82.0,90.0]",
        "tokens": [
          "87.0",
          "82.0",
          "90.0"
        ],
        "value": 87.0
      },
      {
        "max": 90.0,
        "min": 45.0,