{
  "bin": {
    "cut": "tag_Ele_pt > 40 && abs(tag_sc_eta) < 2.17 && (tag_Ele_q + el_q) == 0 && el_sc_eta >= 1.566000 && el_sc_eta < 2.000000 && el_et >= 35.000000 && el_et < 50.000000",
    "index": 22,
    "name": "bin22_el_sc_eta_1p57To2p00_el_et_35p00To50p00",
    "title": "; 1.566 < el_sc_eta < 2.000; 35.000 < el_et < 50.000",
    "vars": {
      "el_et": {
        "max": 50,
        "min": 35
      },
      "el_sc_eta": {
        "max": 2.0,
        "min": 1.566
      }
    }
  },
  "created_at_utc": "2026-05-01T19:14:10.144359+00:00",
  "derived": {
    "efficiency": 0.9715380460218992,
    "efficiency_error": 0.0001721575243281912,
    "nSigF": {
      "error": 102.44329548142014,
      "isConstant": false,
      "max": 25116.773497,
      "min": 0.5,
      "name": "nSigF",
      "value": 16692.62438884759
    },
    "nSigP": {
      "error": 597.1889519642573,
      "isConstant": false,
      "max": 857047.439111,
      "min": 0.5,
      "name": "nSigP",
      "value": 569796.4269844795
    }
  },
  "fit_metadata": {
    "bin_index": 22,
    "fail_hist_uses_pass_hist": false,
    "fit_range": {
      "max": 120.0,
      "min": 60.0
    },
    "truth_fail_template_uses_pass_hist": false,
    "truth_template_source": "/eos/home-p/pelai/HZa/root_TnP//hza_elid_nongap_2025_sf//DY_MC_LO_2025_hza_elid_nongap_2025_sf.root"
  },
  "fit_result": {
    "fail": {
      "covQual": -1,
      "edm": 0.4225807835727006,
      "floatParsFinal": [
        {
          "error": 0.022303836327491666,
          "isConstant": false,
          "max": 5.0,
          "min": -5.0,
          "name": "meanF",
          "value": 0.0016400508598968244
        },
        {
          "error": 102.44329548142014,
          "isConstant": false,
          "max": 25116.773497,
          "min": 0.5,
          "name": "nSigF",
          "value": 16692.62438884759
        },
        {
          "error": 0.00543329120126021,
          "isConstant": false,
          "max": 1.5000000516323364,
          "min": 0.40000001376862304,
          "name": "sigmaF",
          "value": 0.40000003096676773
        }
      ],
      "floatParsInit": [
        {
          "error": 0.0,
          "isConstant": false,
          "max": 5.0,
          "min": -5.0,
          "name": "meanF",
          "value": -0.0
        },
        {
          "error": 0.0,
          "isConstant": false,
          "max": 25116.773497,
          "min": 0.5,
          "name": "nSigF",
          "value": 15070.064098
        },
        {
          "error": 0.0,
          "isConstant": false,
          "max": 1.5000000516323364,
          "min": 0.40000001376862304,
          "name": "sigmaF",
          "value": 0.5000000172107788
        }
      ],
      "minNll": -97083.17950321344,
      "numInvalidNLL": 0,
      "status": 160
    },
    "fail_quality": "check",
    "pass": {
      "covQual": -1,
      "edm": 0.5064102594074967,
      "floatParsFinal": [
        {
          "error": 0.003775321570984147,
          "isConstant": false,
          "max": 5.0,
          "min": -5.0,
          "name": "meanP",
          "value": 0.0027242285691562174
        },
        {
          "error": 597.1889519642573,
          "isConstant": false,
          "max": 857047.439111,
          "min": 0.5,
          "name": "nSigP",
          "value": 569796.4269844795
        },
        {
          "error": 0.0006487464213428273,
          "isConstant": false,
          "max": 5.0,
          "min": 0.5,
          "name": "sigmaP",
          "value": 0.5000000172107788
        }
      ],
      "floatParsInit": [
        {
          "error": 0.0,
          "isConstant": false,
          "max": 5.0,
          "min": -5.0,
          "name": "meanP",
          "value": -0.0
        },
        {
          "error": 0.0,
          "isConstant": false,
          "max": 857047.439111,
          "min": 0.5,
          "name": "nSigP",
          "value": 514228.463466
        },
        {
          "error": 0.0,
          "isConstant": false,
          "max": 5.0,
          "min": 0.5,
          "name": "sigmaP",
          "value": 0.9
        }
      ],
      "minNll": -5375565.219366509,
      "numInvalidNLL": 0,
      "status": 160
    },
    "pass_quality": "check",
    "root_read_error": null
  },
  "fit_type": "nominalFit",
  "histograms": {
    "fail": {
      "entries": 14890.0,
      "fit_window": {
        "bin1": 11,
        "bin2": 70,
        "max": 120.0,
        "min": 60.0
      },
      "integral_fit_window": 16693.50997278347,
      "integral_fit_window_error": 162.94398302662924,
      "integral_full": 16744.515664885814,
      "integral_full_error": 163.19339890719507,
      "maximum_bin_center": 90.5,
      "maximum_bin_content": 1919.2207484228766,
      "mean": 90.78580459644627,
      "rms": 5.209942876817576
    },
    "pass": {
      "entries": 506555.0,
      "fit_window": {
        "bin1": 11,
        "bin2": 70,
        "max": 120.0,
        "min": 60.0
      },
      "integral_fit_window": 569781.755455684,
      "integral_fit_window_error": 954.1375276532995,
      "integral_full": 571364.959407075,
      "integral_full_error": 955.4645308004973,
      "maximum_bin_center": 90.5,
      "maximum_bin_content": 69393.4368885596,
      "mean": 91.12392668369543,
      "rms": 4.850686030375425
    }
  },
  "sample": {
    "fitOutputBinRoot": "/eos/home-p/pelai/HZa/root_TnP//hza_elid_nongap_2025_sf//DY_MC_LO_2025_hza_elid_nongap_2025_sf.nominalFit-bin22_el_sc_eta_1p57To2p00_el_et_35p00To50p00.root",
    "fitOutputRoot": "/eos/home-p/pelai/HZa/root_TnP//hza_elid_nongap_2025_sf//DY_MC_LO_2025_hza_elid_nongap_2025_sf.nominalFit.root",
    "histFile": "/eos/home-p/pelai/HZa/root_TnP//hza_elid_nongap_2025_sf//DY_MC_LO_2025_hza_elid_nongap_2025_sf.root",
    "isMC": true,
    "mcRefHistFile": "/eos/home-p/pelai/HZa/root_TnP//hza_elid_nongap_2025_sf//DY_MC_LO_2025_hza_elid_nongap_2025_sf.root",
    "mcTruth": true,
    "name": "DY_MC_LO_2025"
  },
  "workspace": {
    "effective_parsed": [
      {
        "max": 5.0,
        "min": -5.0,
        "name": "meanP",
        "raw": "meanP[-0.0,-5.0,5.0]",
        "tokens": [
          "-0.0",
          "-5.0",
          "5.0"
        ],
        "value": -0.0
      },
      {
        "max": 5.0,
        "min": 0.5,
        "name": "sigmaP",
        "raw": "sigmaP[0.9,0.5,5.0]",
        "tokens": [
          "0.9",
          "0.5",
          "5.0"
        ],
        "value": 0.9
      },
      {
        "max": 5.0,
        "min": -5.0,
        "name": "meanF",
        "raw": "meanF[-0.0,-5.0,5.0]",
        "tokens": [
          "-0.0",
          "-5.0",
          "5.0"
        ],
        "value": -0.0
      },
      {
        "max": 5.0,
        "min": 0.5,
        "name": "sigmaF",
        "raw": "sigmaF[0.9,0.5,5.0]",
        "tokens": [
          "0.9",
          "0.5",
          "5.0"
        ],
        "value": 0.9
      },
      {
        "max": 90.0,
        "min": 45.0,
        "name": "acmsP",
        "raw": "acmsP[65.,45.,90.]",
        "tokens": [
          "65.",
          "45.",
          "90."
        ],
        "value": 65.0
      },
      {
        "max": 0.1,
        "min": 0.005,
        "name": "betaP",
        "raw": "betaP[0.05,0.005,0.10]",
        "tokens": [
          "0.05",
          "0.005",
          "0.10"
        ],
        "value": 0.05
      },
      {
        "max": 2.0,
        "min": -2.0,
        "name": "gammaP",
        "raw": "gammaP[0.1, -2, 2]",
        "tokens": [
          "0.1",
          "-2",
          "2"
        ],
        "value": 0.1
      },
      {
        "max": 90.0,
        "min": 82.0,
        "name": "peakP",
        "raw": "peakP[87.0,82.0,90.0]",
        "tokens": [
          "87.0",
          "82.0",
          "90.0"
        ],
        "value": 87.0
      },
      {
        "max": 90.0,
        "min": 45.0,
        "name": "acmsF",
        "raw": "acmsF[65.,45.,90.]",