{
  "bin": {
    "cut": "tag_Ele_pt > 40 && abs(tag_sc_eta) < 2.17 && (tag_Ele_q + el_q) == 0 && el_sc_eta >= -1.566000 && el_sc_eta < -0.800000 && el_et >= 50.000000 && el_et < 100.000000",
    "index": 26,
    "name": "bin26_el_sc_eta_m1p57Tom0p80_el_et_50p00To100p00",
    "title": "; -1.566 < el_sc_eta < -0.800; 50.000 < el_et < 100.000",
    "vars": {
      "el_et": {
        "max": 100,
        "min": 50
      },
      "el_sc_eta": {
        "max": -0.8,
        "min": -1.566
      }
    }
  },
  "created_at_utc": "2026-05-01T19:14:13.152839+00:00",
  "derived": {
    "efficiency": 0.9796283124216276,
    "efficiency_error": 0.00026918043759927463,
    "nSigF": {
      "error": 47.10526829074024,
      "isConstant": false,
      "max": 5611.234899,
      "min": 0.5,
      "name": "nSigF",
      "value": 3528.2028067792917
    },
    "nSigP": {
      "error": 325.5392146159138,
      "isConstant": false,
      "max": 268723.353866,
      "min": 0.5,
      "name": "nSigP",
      "value": 169663.28136486237
    }
  },
  "fit_metadata": {
    "bin_index": 26,
    "fail_hist_uses_pass_hist": false,
    "fit_range": {
      "max": 120.0,
      "min": 60.0
    },
    "truth_fail_template_uses_pass_hist": false,
    "truth_template_source": "/eos/home-p/pelai/HZa/root_TnP//hza_elid_nongap_2025_sf//DY_MC_LO_2025_hza_elid_nongap_2025_sf.root"
  },
  "fit_result": {
    "fail": {
      "covQual": -1,
      "edm": 0.017990868108034446,
      "floatParsFinal": [
        {
          "error": 0.05058571154068758,
          "isConstant": false,
          "max": 5.0,
          "min": -5.0,
          "name": "meanF",
          "value": 0.026343574450173435
        },
        {
          "error": 47.10526829074024,
          "isConstant": false,
          "max": 5611.234899,
          "min": 0.5,
          "name": "nSigF",
          "value": 3528.2028067792917
        },
        {
          "error": 0.009804073922803441,
          "isConstant": false,
          "max": 1.5000000126943775,
          "min": 0.4000000033851674,
          "name": "sigmaF",
          "value": 0.4000001582279025
        }
      ],
      "floatParsInit": [
        {
          "error": 0.0,
          "isConstant": false,
          "max": 5.0,
          "min": -5.0,
          "name": "meanF",
          "value": -0.0
        },
        {
          "error": 0.0,
          "isConstant": false,
          "max": 5611.234899,
          "min": 0.5,
          "name": "nSigF",
          "value": 3366.740939
        },
        {
          "error": 0.0,
          "isConstant": false,
          "max": 1.5000000126943775,
          "min": 0.4000000033851674,
          "name": "sigmaF",
          "value": 0.5000000042314592
        }
      ],
      "minNll": -13233.240873955841,
      "numInvalidNLL": 0,
      "status": 160
    },
    "fail_quality": "check",
    "pass": {
      "covQual": -1,
      "edm": 0.12118810502786703,
      "floatParsFinal": [
        {
          "error": 0.008273440460063508,
          "isConstant": false,
          "max": 5.0,
          "min": -5.0,
          "name": "meanP",
          "value": 0.016639280524032074
        },
        {
          "error": 325.5392146159138,
          "isConstant": false,
          "max": 268723.353866,
          "min": 0.5,
          "name": "nSigP",
          "value": 169663.28136486237
        },
        {
          "error": 0.0018891858642765547,
          "isConstant": false,
          "max": 5.0,
          "min": 0.5,
          "name": "sigmaP",
          "value": 0.5000000042314592
        }
      ],
      "floatParsInit": [
        {
          "error": 0.0,
          "isConstant": false,
          "max": 5.0,
          "min": -5.0,
          "name": "meanP",
          "value": -0.0
        },
        {
          "error": 0.0,
          "isConstant": false,
          "max": 268723.353866,
          "min": 0.5,
          "name": "nSigP",
          "value": 161234.01232
        },
        {
          "error": 0.0,
          "isConstant": false,
          "max": 5.0,
          "min": 0.5,
          "name": "sigmaP",
          "value": 0.9
        }
      ],
      "minNll": -1313767.0079553057,
      "numInvalidNLL": 0,
      "status": 160
    },
    "pass_quality": "check",
    "root_read_error": null
  },
  "fit_type": "nominalFit",
  "histograms": {
    "fail": {
      "entries": 3347.0,
      "fit_window": {
        "bin1": 11,
        "bin2": 70,
        "max": 120.0,
        "min": 60.0
      },
      "integral_fit_window": 3528.6890335686203,
      "integral_fit_window_error": 74.90343553512756,
      "integral_full": 3740.823265984437,
      "integral_full_error": 77.3498817961069,
      "maximum_bin_center": 92.5,
      "maximum_bin_content": 277.3756106460502,
      "mean": 98.18405429858953,
      "rms": 10.523970800398464
    },
    "pass": {
      "entries": 158493.0,
      "fit_window": {
        "bin1": 11,
        "bin2": 70,
        "max": 120.0,
        "min": 60.0
      },
      "integral_fit_window": 169664.63522940112,
      "integral_fit_window_error": 521.1767354342273,
      "integral_full": 179148.90257736403,
      "integral_full_error": 535.5420714774792,
      "maximum_bin_center": 91.5,
      "maximum_bin_content": 16902.493473415052,
      "mean": 97.43119816353779,
      "rms": 10.293769312835968
    }
  },
  "sample": {
    "fitOutputBinRoot": "/eos/home-p/pelai/HZa/root_TnP//hza_elid_nongap_2025_sf//DY_MC_LO_2025_hza_elid_nongap_2025_sf.nominalFit-bin26_el_sc_eta_m1p57Tom0p80_el_et_50p00To100p00.root",
    "fitOutputRoot": "/eos/home-p/pelai/HZa/root_TnP//hza_elid_nongap_2025_sf//DY_MC_LO_2025_hza_elid_nongap_2025_sf.nominalFit.root",
    "histFile": "/eos/home-p/pelai/HZa/root_TnP//hza_elid_nongap_2025_sf//DY_MC_LO_2025_hza_elid_nongap_2025_sf.root",
    "isMC": true,
    "mcRefHistFile": "/eos/home-p/pelai/HZa/root_TnP//hza_elid_nongap_2025_sf//DY_MC_LO_2025_hza_elid_nongap_2025_sf.root",
    "mcTruth": true,
    "name": "DY_MC_LO_2025"
  },
  "workspace": {
    "effective_parsed": [
      {
        "max": 5.0,
        "min": -5.0,
        "name": "meanP",
        "raw": "meanP[-0.0,-5.0,5.0]",
        "tokens": [
          "-0.0",
          "-5.0",
          "5.0"
        ],
        "value": -0.0
      },
      {
        "max": 5.0,
        "min": 0.5,
        "name": "sigmaP",
        "raw": "sigmaP[0.9,0.5,5.0]",
        "tokens": [
          "0.9",
          "0.5",
          "5.0"
        ],
        "value": 0.9
      },
      {
        "max": 5.0,
        "min": -5.0,
        "name": "meanF",
        "raw": "meanF[-0.0,-5.0,5.0]",
        "tokens": [
          "-0.0",
          "-5.0",
          "5.0"
        ],
        "value": -0.0
      },
      {
        "max": 5.0,
        "min": 0.5,
        "name": "sigmaF",
        "raw": "sigmaF[0.9,0.5,5.0]",
        "tokens": [
          "0.9",
          "0.5",
          "5.0"
        ],
        "value": 0.9
      },
      {
        "max": 90.0,
        "min": 45.0,
        "name": "acmsP",
        "raw": "acmsP[65.,45.,90.]",
        "tokens": [
          "65.",
          "45.",
          "90."
        ],
        "value": 65.0
      },
      {
        "max": 0.1,
        "min": 0.005,
        "name": "betaP",
        "raw": "betaP[0.05,0.005,0.10]",
        "tokens": [
          "0.05",
          "0.005",
          "0.10"
        ],
        "value": 0.05
      },
      {
        "max": 2.0,
        "min": -2.0,
        "name": "gammaP",
        "raw": "gammaP[0.1, -2, 2]",
        "tokens": [
          "0.1",
          "-2",
          "2"
        ],
        "value": 0.1
      },
      {
        "max": 90.0,
        "min": 82.0,
        "name": "peakP",
        "raw": "peakP[87.0,82.0,90.0]",
        "tokens": [
          "87.0",
          "82.0",
          "90.0"
        ],
        "value": 87.0
      },
      {
        "max": 90.0,
        "min": 45.0,
        "name": "acmsF",
        "raw": "acmsF[65.,45.,90.]",