{
  "bin": {
    "cut": "tag_Ele_pt > 40 && abs(tag_sc_eta) < 2.17 && (tag_Ele_q + el_q) == 0 && el_sc_eta >= 0.800000 && el_sc_eta < 1.566000 && el_et >= 50.000000 && el_et < 100.000000",
    "index": 29,
    "name": "bin29_el_sc_eta_0p80To1p57_el_et_50p00To100p00",
    "title": "; 0.800 < el_sc_eta < 1.566; 50.000 < el_et < 100.000",
    "vars": {
      "el_et": {
        "max": 100,
        "min": 50
      },
      "el_sc_eta": {
        "max": 1.566,
        "min": 0.8
      }
    }
  },
  "created_at_utc": "2026-04-27T07:33:22.981464+00:00",
  "derived": {
    "efficiency": 0.9812536443207315,
    "efficiency_error": 0.00025372609148012525,
    "nSigF": {
      "error": 45.741669242832586,
      "isConstant": false,
      "max": 5348.393157,
      "min": 0.5,
      "name": "nSigF",
      "value": 3347.8711736503196
    },
    "nSigP": {
      "error": 331.5195429592277,
      "isConstant": false,
      "max": 277839.936511,
      "min": 0.5,
      "name": "nSigP",
      "value": 175239.96909402986
    }
  },
  "fit_metadata": {
    "bin_index": 29,
    "fail_hist_uses_pass_hist": false,
    "fit_range": {
      "max": 120.0,
      "min": 60.0
    },
    "truth_fail_template_uses_pass_hist": false,
    "truth_template_source": "/eos/home-p/pelai/HZa/root_TnP//hza_elid_nongap_2025_sf//DY_MC_LO_2025_hza_elid_nongap_2025_sf.root"
  },
  "fit_result": {
    "fail": {
      "covQual": -1,
      "edm": 0.05727272580191844,
      "floatParsFinal": [
        {
          "error": 0.047133281125261384,
          "isConstant": false,
          "max": 5.0,
          "min": -5.0,
          "name": "meanF",
          "value": 0.0037534276353765605
        },
        {
          "error": 45.741669242832586,
          "isConstant": false,
          "max": 5348.393157,
          "min": 0.5,
          "name": "nSigF",
          "value": 3347.8711736503196
        },
        {
          "error": 0.006170689853396333,
          "isConstant": false,
          "max": 1.5000000021348796,
          "min": 0.40000000056930124,
          "name": "sigmaF",
          "value": 0.4000000005787017
        }
      ],
      "floatParsInit": [
        {
          "error": 0.0,
          "isConstant": false,
          "max": 5.0,
          "min": -5.0,
          "name": "meanF",
          "value": -0.0
        },
        {
          "error": 0.0,
          "isConstant": false,
          "max": 5348.393157,
          "min": 0.5,
          "name": "nSigF",
          "value": 3209.035894
        },
        {
          "error": 0.0,
          "isConstant": false,
          "max": 1.5000000021348796,
          "min": 0.40000000056930124,
          "name": "sigmaF",
          "value": 0.5000000007116265
        }
      ],
      "minNll": -12277.464093805,
      "numInvalidNLL": 0,
      "status": 160
    },
    "fail_quality": "check",
    "pass": {
      "covQual": -1,
      "edm": 0.12321107744737758,
      "floatParsFinal": [
        {
          "error": 0.0081579847966049,
          "isConstant": false,
          "max": 5.0,
          "min": -5.0,
          "name": "meanP",
          "value": 0.018180649829336204
        },
        {
          "error": 331.5195429592277,
          "isConstant": false,
          "max": 277839.936511,
          "min": 0.5,
          "name": "nSigP",
          "value": 175239.96909402986
        },
        {
          "error": 0.0016874284109657522,
          "isConstant": false,
          "max": 5.0,
          "min": 0.5,
          "name": "sigmaP",
          "value": 0.5000000007116265
        }
      ],
      "floatParsInit": [
        {
          "error": 0.0,
          "isConstant": false,
          "max": 5.0,
          "min": -5.0,
          "name": "meanP",
          "value": -0.0
        },
        {
          "error": 0.0,
          "isConstant": false,
          "max": 277839.936511,
          "min": 0.5,
          "name": "nSigP",
          "value": 166703.961907
        },
        {
          "error": 0.0,
          "isConstant": false,
          "max": 5.0,
          "min": 0.5,
          "name": "sigmaP",
          "value": 0.9
        }
      ],
      "minNll": -1363259.6943245349,
      "numInvalidNLL": 0,
      "status": 160
    },
    "pass_quality": "check",
    "root_read_error": null
  },
  "fit_type": "nominalFit",
  "histograms": {
    "fail": {
      "entries": 3161.0,
      "fit_window": {
        "bin1": 11,
        "bin2": 70,
        "max": 120.0,
        "min": 60.0
      },
      "integral_fit_window": 3348.26241022224,
      "integral_fit_window_error": 73.19510167913819,
      "integral_full": 3565.59543810326,
      "integral_full_error": 75.61705787867017,
      "maximum_bin_center": 93.5,
      "maximum_bin_content": 264.0058038349022,
      "mean": 98.46735402825713,
      "rms": 10.832541894438354
    },
    "pass": {
      "entries": 164218.0,
      "fit_window": {
        "bin1": 11,
        "bin2": 70,
        "max": 120.0,
        "min": 60.0
      },
      "integral_fit_window": 175241.0567780317,
      "integral_fit_window_error": 528.596754284206,
      "integral_full": 185226.62434089044,
      "integral_full_error": 543.5598708175439,
      "maximum_bin_center": 91.5,
      "maximum_bin_content": 17165.16622990856,
      "mean": 97.43474896995131,
      "rms": 10.280724804410427
    }
  },
  "sample": {
    "fitOutputBinRoot": "/eos/home-p/pelai/HZa/root_TnP//hza_elid_nongap_2025_sf//DY_MC_LO_2025_hza_elid_nongap_2025_sf.nominalFit-bin29_el_sc_eta_0p80To1p57_el_et_50p00To100p00.root",
    "fitOutputRoot": "/eos/home-p/pelai/HZa/root_TnP//hza_elid_nongap_2025_sf//DY_MC_LO_2025_hza_elid_nongap_2025_sf.nominalFit.root",
    "histFile": "/eos/home-p/pelai/HZa/root_TnP//hza_elid_nongap_2025_sf//DY_MC_LO_2025_hza_elid_nongap_2025_sf.root",
    "isMC": true,
    "mcRefHistFile": "/eos/home-p/pelai/HZa/root_TnP//hza_elid_nongap_2025_sf//DY_MC_LO_2025_hza_elid_nongap_2025_sf.root",
    "mcTruth": true,
    "name": "DY_MC_LO_2025"
  },
  "workspace": {
    "effective_parsed": [
      {
        "max": 5.0,
        "min": -5.0,
        "name": "meanP",
        "raw": "meanP[-0.0,-5.0,5.0]",
        "tokens": [
          "-0.0",
          "-5.0",
          "5.0"
        ],
        "value": -0.0
      },
      {
        "max": 5.0,
        "min": 0.5,
        "name": "sigmaP",
        "raw": "sigmaP[0.9,0.5,5.0]",
        "tokens": [
          "0.9",
          "0.5",
          "5.0"
        ],
        "value": 0.9
      },
      {
        "max": 5.0,
        "min": -5.0,
        "name": "meanF",
        "raw": "meanF[-0.0,-5.0,5.0]",
        "tokens": [
          "-0.0",
          "-5.0",
          "5.0"
        ],
        "value": -0.0
      },
      {
        "max": 5.0,
        "min": 0.5,
        "name": "sigmaF",
        "raw": "sigmaF[0.9,0.5,5.0]",
        "tokens": [
          "0.9",
          "0.5",
          "5.0"
        ],
        "value": 0.9
      },
      {
        "max": 90.0,
        "min": 45.0,
        "name": "acmsP",
        "raw": "acmsP[65.,45.,90.]",
        "tokens": [
          "65.",
          "45.",
          "90."
        ],
        "value": 65.0
      },
      {
        "max": 0.1,
        "min": 0.005,
        "name": "betaP",
        "raw": "betaP[0.05,0.005,0.10]",
        "tokens": [
          "0.05",
          "0.005",
          "0.10"
        ],
        "value": 0.05
      },
      {
        "max": 2.0,
        "min": -2.0,
        "name": "gammaP",
        "raw": "gammaP[0.1, -2, 2]",
        "tokens": [
          "0.1",
          "-2",
          "2"
        ],
        "value": 0.1
      },
      {
        "max": 90.0,
        "min": 82.0,
        "name": "peakP",
        "raw": "peakP[87.0,82.0,90.0]",
        "tokens": [
          "87.0",
          "82.0",
          "90.0"
        ],
        "value": 87.0
      },
      {
        "max": 90.0,
        "min": 45.0,
        "name": "acmsF",
        "raw": "acmsF[65.,45.,90.]",