{
  "bin": {
    "cut": "tag_Ele_pt > 40 && abs(tag_sc_eta) < 2.17 && (tag_Ele_q + el_q) == 0 && el_sc_eta >= 0.000000 && el_sc_eta < 1.444200 && el_et >= 35.000000 && el_et < 100.000000",
    "index": 6,
    "name": "bin06_el_sc_eta_0p00To1p44_el_et_35p00To100p00",
    "title": "; 0.000 < el_sc_eta < 1.444; 35.000 < el_et < 100.000",
    "vars": {
      "el_et": {
        "max": 100,
        "min": 35
      },
      "el_sc_eta": {
        "max": 1.4442,
        "min": 0.0
      }
    }
  },
  "created_at_utc": "2026-04-27T06:50:57.772704+00:00",
  "derived": {
    "efficiency": 0.9827459191210617,
    "efficiency_error": 5.303949119332272e-05,
    "nSigF": {
      "error": 201.28147157042986,
      "isConstant": false,
      "max": 98275.774889,
      "min": 0.5,
      "name": "nSigF",
      "value": 64911.99587258831
    },
    "nSigP": {
      "error": 1520.7054328771774,
      "isConstant": false,
      "max": 5591539.173861,
      "min": 0.5,
      "name": "nSigP",
      "value": 3697212.2417519665
    }
  },
  "fit_metadata": {
    "bin_index": 6,
    "fail_hist_uses_pass_hist": false,
    "fit_range": {
      "max": 120.0,
      "min": 60.0
    },
    "truth_fail_template_uses_pass_hist": false,
    "truth_template_source": "/eos/home-p/pelai/HZa/root_TnP//hza_elid_gap_2025_sf//DY_MC_LO_2025_hza_elid_gap_2025_sf.root"
  },
  "fit_result": {
    "fail": {
      "covQual": -1,
      "edm": 0.20631626080676527,
      "floatParsFinal": [
        {
          "error": 0.011961098606126042,
          "isConstant": false,
          "max": 1.0,
          "min": -3.0,
          "name": "meanF",
          "value": 0.0034312857801293006
        },
        {
          "error": 201.28147157042986,
          "isConstant": false,
          "max": 98275.774889,
          "min": 0.5,
          "name": "nSigF",
          "value": 64911.99587258831
        },
        {
          "error": 0.005041581792780941,
          "isConstant": false,
          "max": 1.500000000545515,
          "min": 0.40000000014547066,
          "name": "sigmaF",
          "value": 0.4000000029282302
        }
      ],
      "floatParsInit": [
        {
          "error": 0.0,
          "isConstant": false,
          "max": 1.0,
          "min": -3.0,
          "name": "meanF",
          "value": -0.4
        },
        {
          "error": 0.0,
          "isConstant": false,
          "max": 98275.774889,
          "min": 0.5,
          "name": "nSigF",
          "value": 58965.464934
        },
        {
          "error": 0.0,
          "isConstant": false,
          "max": 1.500000000545515,
          "min": 0.40000000014547066,
          "name": "sigmaF",
          "value": 0.8
        }
      ],
      "minNll": -459813.1796806386,
      "numInvalidNLL": 0,
      "status": 160
    },
    "fail_quality": "check",
    "pass": {
      "covQual": -1,
      "edm": 1.495775826941028,
      "floatParsFinal": [
        {
          "error": 0.0012678418975657912,
          "isConstant": false,
          "max": 5.0,
          "min": -5.0,
          "name": "meanP",
          "value": 0.0046632170811653495
        },
        {
          "error": 1520.7054328771774,
          "isConstant": false,
          "max": 5591539.173861,
          "min": 0.5,
          "name": "nSigP",
          "value": 3697212.2417519665
        },
        {
          "error": 4.6112491316363524e-05,
          "isConstant": false,
          "max": 2.0,
          "min": 0.5,
          "name": "sigmaP",
          "value": 0.5000000001818383
        }
      ],
      "floatParsInit": [
        {
          "error": 0.0,
          "isConstant": false,
          "max": 5.0,
          "min": -5.0,
          "name": "meanP",
          "value": -0.2
        },
        {
          "error": 0.0,
          "isConstant": false,
          "max": 5591539.173861,
          "min": 0.5,
          "name": "nSigP",
          "value": 3354923.504316
        },
        {
          "error": 0.0,
          "isConstant": false,
          "max": 2.0,
          "min": 0.5,
          "name": "sigmaP",
          "value": 1.1
        }
      ],
      "minNll": -41906217.82126415,
      "numInvalidNLL": 0,
      "status": 180
    },
    "pass_quality": "check",
    "root_read_error": null
  },
  "fit_type": "nominalFit",
  "histograms": {
    "fail": {
      "entries": 57881.0,
      "fit_window": {
        "bin1": 11,
        "bin2": 70,
        "max": 120.0,
        "min": 60.0
      },
      "integral_fit_window": 64912.82946554845,
      "integral_fit_window_error": 322.49462802374205,
      "integral_full": 65517.18325960466,
      "integral_full_error": 324.0088865714489,
      "maximum_bin_center": 90.5,
      "maximum_bin_content": 7703.049005267414,
      "mean": 91.51198923428268,
      "rms": 6.476557118681538
    },
    "pass": {
      "entries": 3302377.0,
      "fit_window": {
        "bin1": 11,
        "bin2": 70,
        "max": 120.0,
        "min": 60.0
      },
      "integral_fit_window": 3697226.3483362566,
      "integral_fit_window_error": 2431.2461023874116,
      "integral_full": 3727692.782573738,
      "integral_full_error": 2441.23785952948,
      "maximum_bin_center": 90.5,
      "maximum_bin_content": 542810.3386058275,
      "mean": 91.82546627082309,
      "rms": 5.790772490333338
    }
  },
  "sample": {
    "fitOutputBinRoot": "/eos/home-p/pelai/HZa/root_TnP//hza_elid_gap_2025_sf//DY_MC_LO_2025_hza_elid_gap_2025_sf.nominalFit-bin06_el_sc_eta_0p00To1p44_el_et_35p00To100p00.root",
    "fitOutputRoot": "/eos/home-p/pelai/HZa/root_TnP//hza_elid_gap_2025_sf//DY_MC_LO_2025_hza_elid_gap_2025_sf.nominalFit.root",
    "histFile": "/eos/home-p/pelai/HZa/root_TnP//hza_elid_gap_2025_sf//DY_MC_LO_2025_hza_elid_gap_2025_sf.root",
    "isMC": true,
    "mcRefHistFile": "/eos/home-p/pelai/HZa/root_TnP//hza_elid_gap_2025_sf//DY_MC_LO_2025_hza_elid_gap_2025_sf.root",
    "mcTruth": true,
    "name": "DY_MC_LO_2025"
  },
  "workspace": {
    "effective_parsed": [
      {
        "max": 90.0,
        "min": 82.0,
        "name": "peakP",
        "raw": "peakP[87.0,82.0,90.0]",
        "tokens": [
          "87.0",
          "82.0",
          "90.0"
        ],
        "value": 87.0
      },
      {
        "max": 90.0,
        "min": 82.0,
        "name": "peakF",
        "raw": "peakF[87.0,82.0,90.0]",
        "tokens": [
          "87.0",
          "82.0",
          "90.0"
        ],
        "value": 87.0
      },
      {
        "max": 5.0,
        "min": -5.0,
        "name": "meanP",
        "raw": "meanP[-0.2,-5.0,5.0]",
        "tokens": [
          "-0.2",
          "-5.0",
          "5.0"
        ],
        "value": -0.2
      },
      {
        "max": 2.0,
        "min": 0.5,
        "name": "sigmaP",
        "raw": "sigmaP[1.1,0.5,2.0]",
        "tokens": [
          "1.1",
          "0.5",
          "2.0"
        ],
        "value": 1.1
      },
      {
        "max": 1.0,
        "min": -3.0,
        "name": "meanF",
        "raw": "meanF[-0.4,-3.0,1.0]",
        "tokens": [
          "-0.4",
          "-3.0",
          "1.0"
        ],
        "value": -0.4
      },
      {
        "max": 3.0,
        "min": 0.8,
        "name": "sigmaF",
        "raw": "sigmaF[1.8,0.8,3.0]",
        "tokens": [
          "1.8",
          "0.8",
          "3.0"
        ],
        "value": 1.8
      },
      {
        "max": 120.0,
        "min": 25.0,
        "name": "acmsP",
        "raw": "acmsP[80.,25.,120.]",
        "tokens": [
          "80.",
          "25.",
          "120."
        ],
        "value": 80.0
      },
      {
        "max": 0.15,
        "min": 0.001,
        "name": "betaP",
        "raw": "betaP[0.05,0.001,0.15]",
        "tokens": [
          "0.05",
          "0.001",
          "0.15"
        ],
        "value": 0.05
      },
      {
        "max": 2.0,
        "min": -2.0,
        "name": "gammaP",
        "raw": "gammaP[0.03,-2,2.]",