{
  "bin": {
    "cut": "tag_Ele_pt > 40 && abs(tag_sc_eta) < 2.17 && (tag_Ele_q + el_q) == 0 && el_sc_eta >= -1.566000 && el_sc_eta < -1.444200 && el_et >= 7.000000 && el_et < 35.000000",
    "index": 0,
    "name": "bin00_el_sc_eta_m1p57Tom1p44_el_et_7p00To35p00",
    "title": "; -1.566 < el_sc_eta < -1.444; 7.000 < el_et < 35.000",
    "vars": {
      "el_et": {
        "max": 35,
        "min": 7
      },
      "el_sc_eta": {
        "max": -1.4442,
        "min": -1.566
      }
    }
  },
  "created_at_utc": "2026-04-27T06:50:58.045753+00:00",
  "derived": {
    "efficiency": 0.9142032181012157,
    "efficiency_error": 0.0008804429199282174,
    "nSigF": {
      "error": 58.65388726692299,
      "isConstant": false,
      "max": 9377.173084,
      "min": 0.5,
      "name": "nSigF",
      "value": 5463.261783381042
    },
    "nSigP": {
      "error": 190.7623869569652,
      "isConstant": false,
      "max": 90624.565507,
      "min": 0.5,
      "name": "nSigP",
      "value": 58213.5063013023
    }
  },
  "fit_metadata": {
    "bin_index": 0,
    "fail_hist_uses_pass_hist": false,
    "fit_range": {
      "max": 120.0,
      "min": 60.0
    },
    "truth_fail_template_uses_pass_hist": false,
    "truth_template_source": "/eos/home-p/pelai/HZa/root_TnP//hza_elid_gap_2025_sf//DY_MC_LO_2025_hza_elid_gap_2025_sf.root"
  },
  "fit_result": {
    "fail": {
      "covQual": -1,
      "edm": 0.04752886038218675,
      "floatParsFinal": [
        {
          "error": 0.05034647546442139,
          "isConstant": false,
          "max": 1.0,
          "min": -5.0,
          "name": "meanF",
          "value": -0.027470485877919337
        },
        {
          "error": 58.65388726692299,
          "isConstant": false,
          "max": 9377.173084,
          "min": 0.5,
          "name": "nSigF",
          "value": 5463.261783381042
        },
        {
          "error": 0.006880159121395446,
          "isConstant": false,
          "max": 1.5000000454213285,
          "min": 0.40000001211235425,
          "name": "sigmaF",
          "value": 0.40000002723977485
        }
      ],
      "floatParsInit": [
        {
          "error": 0.0,
          "isConstant": false,
          "max": 1.0,
          "min": -5.0,
          "name": "meanF",
          "value": -2.0
        },
        {
          "error": 0.0,
          "isConstant": false,
          "max": 9377.173084,
          "min": 0.5,
          "name": "nSigF",
          "value": 5626.30385
        },
        {
          "error": 0.0,
          "isConstant": false,
          "max": 1.5000000454213285,
          "min": 0.40000001211235425,
          "name": "sigmaF",
          "value": 0.8
        }
      ],
      "minNll": -21454.288934056985,
      "numInvalidNLL": 0,
      "status": 160
    },
    "fail_quality": "check",
    "pass": {
      "covQual": -1,
      "edm": 0.10052313913918419,
      "floatParsFinal": [
        {
          "error": 0.02093909131811733,
          "isConstant": false,
          "max": 5.0,
          "min": -5.0,
          "name": "meanP",
          "value": -0.01283539120016286
        },
        {
          "error": 190.7623869569652,
          "isConstant": false,
          "max": 90624.565507,
          "min": 0.5,
          "name": "nSigP",
          "value": 58213.5063013023
        },
        {
          "error": 0.005837742080224695,
          "isConstant": false,
          "max": 3.0,
          "min": 0.5,
          "name": "sigmaP",
          "value": 0.5000000151404428
        }
      ],
      "floatParsInit": [
        {
          "error": 0.0,
          "isConstant": false,
          "max": 5.0,
          "min": -5.0,
          "name": "meanP",
          "value": -0.9
        },
        {
          "error": 0.0,
          "isConstant": false,
          "max": 90624.565507,
          "min": 0.5,
          "name": "nSigP",
          "value": 54374.739304
        },
        {
          "error": 0.0,
          "isConstant": false,
          "max": 3.0,
          "min": 0.5,
          "name": "sigmaP",
          "value": 1.8
        }
      ],
      "minNll": -376519.405298744,
      "numInvalidNLL": 0,
      "status": 160
    },
    "pass_quality": "check",
    "root_read_error": null
  },
  "fit_type": "nominalFit",
  "histograms": {
    "fail": {
      "entries": 5531.0,
      "fit_window": {
        "bin1": 11,
        "bin2": 70,
        "max": 120.0,
        "min": 60.0
      },
      "integral_fit_window": 5463.884804429082,
      "integral_fit_window_error": 93.1494859344636,
      "integral_full": 6251.44872237693,
      "integral_full_error": 99.77025755962129,
      "maximum_bin_center": 83.5,
      "maximum_bin_content": 221.9869516304792,
      "mean": 77.1407554416663,
      "rms": 12.814146161475326
    },
    "pass": {
      "entries": 53367.0,
      "fit_window": {
        "bin1": 11,
        "bin2": 70,
        "max": 120.0,
        "min": 60.0
      },
      "integral_fit_window": 58214.166752844285,
      "integral_fit_window_error": 305.1638541332761,
      "integral_full": 60416.37700476833,
      "integral_full_error": 310.9596901326094,
      "maximum_bin_center": 89.5,
      "maximum_bin_content": 3459.782594512916,
      "mean": 83.25604434760035,
      "rms": 10.14001946405343
    }
  },
  "sample": {
    "fitOutputBinRoot": "/eos/home-p/pelai/HZa/root_TnP//hza_elid_gap_2025_sf//DY_MC_LO_2025_hza_elid_gap_2025_sf.nominalFit-bin00_el_sc_eta_m1p57Tom1p44_el_et_7p00To35p00.root",
    "fitOutputRoot": "/eos/home-p/pelai/HZa/root_TnP//hza_elid_gap_2025_sf//DY_MC_LO_2025_hza_elid_gap_2025_sf.nominalFit.root",
    "histFile": "/eos/home-p/pelai/HZa/root_TnP//hza_elid_gap_2025_sf//DY_MC_LO_2025_hza_elid_gap_2025_sf.root",
    "isMC": true,
    "mcRefHistFile": "/eos/home-p/pelai/HZa/root_TnP//hza_elid_gap_2025_sf//DY_MC_LO_2025_hza_elid_gap_2025_sf.root",
    "mcTruth": true,
    "name": "DY_MC_LO_2025"
  },
  "workspace": {
    "effective_parsed": [
      {
        "max": 90.0,
        "min": 82.0,
        "name": "peakP",
        "raw": "peakP[87.0,82.0,90.0]",
        "tokens": [
          "87.0",
          "82.0",
          "90.0"
        ],
        "value": 87.0
      },
      {
        "max": 90.0,
        "min": 82.0,
        "name": "peakF",
        "raw": "peakF[87.0,82.0,90.0]",
        "tokens": [
          "87.0",
          "82.0",
          "90.0"
        ],
        "value": 87.0
      },
      {
        "max": 5.0,
        "min": -5.0,
        "name": "meanP",
        "raw": "meanP[-0.9,-5.0,5.0]",
        "tokens": [
          "-0.9",
          "-5.0",
          "5.0"
        ],
        "value": -0.9
      },
      {
        "max": 3.0,
        "min": 0.5,
        "name": "sigmaP",
        "raw": "sigmaP[1.8,0.5,3.0]",
        "tokens": [
          "1.8",
          "0.5",
          "3.0"
        ],
        "value": 1.8
      },
      {
        "max": 1.0,
        "min": -5.0,
        "name": "meanF",
        "raw": "meanF[-2.0,-5.0,1.0]",
        "tokens": [
          "-2.0",
          "-5.0",
          "1.0"
        ],
        "value": -2.0
      },
      {
        "max": 4.5,
        "min": 0.8,
        "name": "sigmaF",
        "raw": "sigmaF[3.0,0.8,4.5]",
        "tokens": [
          "3.0",
          "0.8",
          "4.5"
        ],
        "value": 3.0
      },
      {
        "max": 120.0,
        "min": 25.0,
        "name": "acmsP",
        "raw": "acmsP[80.,25.,120.]",
        "tokens": [
          "80.",
          "25.",
          "120."
        ],
        "value": 80.0
      },
      {
        "max": 0.15,
        "min": 0.001,
        "name": "betaP",
        "raw": "betaP[0.05,0.001,0.15]",
        "tokens": [
          "0.05",
          "0.001",
          "0.15"
        ],
        "value": 0.05
      },
      {
        "max": 2.0,
        "min": -2.0,
        "name": "gammaP",
        "raw": "gammaP[0.05,-2,2.]",
        "tokens": [
          "0.05",
          "-2",
          "2."
        ],