{
  "bin": {
    "cut": "tag_Ele_pt > 40 && abs(tag_sc_eta) < 2.17 && (tag_Ele_q + el_q) == 0 && el_sc_eta >= -1.444200 && el_sc_eta < 0.000000 && el_et >= 7.000000 && el_et < 35.000000",
    "index": 1,
    "name": "bin01_el_sc_eta_m1p44To0p00_el_et_7p00To35p00",
    "title": "; -1.444 < el_sc_eta < 0.000; 7.000 < el_et < 35.000",
    "vars": {
      "el_et": {
        "max": 35,
        "min": 7
      },
      "el_sc_eta": {
        "max": 0.0,
        "min": -1.4442
      }
    }
  },
  "created_at_utc": "2026-07-10T18:20:46.984285+00:00",
  "derived": {
    "efficiency": 0.9294460170996137,
    "efficiency_error": 2.2054492015951564e-06,
    "nSigF": {
      "error": 30855.407252252102,
      "isConstant": false,
      "max": 1527654085.247314,
      "min": 0.5,
      "name": "nSigF",
      "value": 951613794.8988788
    },
    "nSigP": {
      "error": 111964.85582637787,
      "isConstant": false,
      "max": 19135881871.350952,
      "min": 0.5,
      "name": "nSigP",
      "value": 12536126454.187302
    }
  },
  "fit_metadata": {
    "bin_index": 1,
    "fail_hist_uses_pass_hist": false,
    "fit_range": {
      "max": 120.0,
      "min": 60.0
    },
    "truth_fail_template_uses_pass_hist": false,
    "truth_template_source": "/eos/cms/store/group/phys_susy/NPS-25-014/root_TnP_local//hza_elid_gap_2025_sf//DY_MC_LO_2025_hza_elid_gap_2025_sf.root"
  },
  "fit_result": {
    "fail": {
      "covQual": -1,
      "edm": 1.8223933108238136e-06,
      "floatParsFinal": [
        {
          "error": 0.0001897821715761694,
          "isConstant": false,
          "max": 1.0,
          "min": -5.0,
          "name": "meanF",
          "value": -0.045948673907902915
        },
        {
          "error": 30855.407252252102,
          "isConstant": false,
          "max": 1527654085.247314,
          "min": 0.5,
          "name": "nSigF",
          "value": 951613794.8988788
        },
        {
          "error": 2.6057528279554987e-07,
          "isConstant": false,
          "max": 4.5,
          "min": 1.0,
          "name": "sigmaF",
          "value": 1.0000000000000804
        }
      ],
      "floatParsInit": [
        {
          "error": 0.0,
          "isConstant": false,
          "max": 1.0,
          "min": -5.0,
          "name": "meanF",
          "value": -1.0
        },
        {
          "error": 0.0,
          "isConstant": false,
          "max": 1527654085.247314,
          "min": 0.5,
          "name": "nSigF",
          "value": 916592451.148389
        },
        {
          "error": 0.0,
          "isConstant": false,
          "max": 4.5,
          "min": 1.0,
          "name": "sigmaF",
          "value": 3.0
        }
      ],
      "minNll": -15386880806.52628,
      "numInvalidNLL": 0,
      "status": 240
    },
    "fail_quality": "check",
    "pass": {
      "covQual": -1,
      "edm": 2.365278155855825e-06,
      "floatParsFinal": [
        {
          "error": 3.43480522699835e-05,
          "isConstant": false,
          "max": 5.0,
          "min": -5.0,
          "name": "meanP",
          "value": -0.007267248375179669
        },
        {
          "error": 111964.85582637787,
          "isConstant": false,
          "max": 19135881871.350952,
          "min": 0.5,
          "name": "nSigP",
          "value": 12536126454.187302
        },
        {
          "error": 4.112958645885456e-08,
          "isConstant": false,
          "max": 5.0,
          "min": 0.5,
          "name": "sigmaP",
          "value": 0.5000000000000989
        }
      ],
      "floatParsInit": [
        {
          "error": 0.0,
          "isConstant": false,
          "max": 5.0,
          "min": -5.0,
          "name": "meanP",
          "value": -0.0
        },
        {
          "error": 0.0,
          "isConstant": false,
          "max": 19135881871.350952,
          "min": 0.5,
          "name": "nSigP",
          "value": 11481529122.810572
        },
        {
          "error": 0.0,
          "isConstant": false,
          "max": 5.0,
          "min": 0.5,
          "name": "sigmaP",
          "value": 0.9
        }
      ],
      "minNll": -239786325295.96518,
      "numInvalidNLL": 0,
      "status": 240
    },
    "pass_quality": "check",
    "root_read_error": null
  },
  "fit_type": "nominalFit",
  "histograms": {
    "fail": {
      "entries": 75365.0,
      "fit_window": {
        "bin1": 11,
        "bin2": 70,
        "max": 120.0,
        "min": 60.0
      },
      "integral_fit_window": 951613800.0024414,
      "integral_fit_window_error": 4169220.328383636,
      "integral_full": 1018436056.831543,
      "integral_full_error": 4310565.109851296,
      "maximum_bin_center": 90.5,
      "maximum_bin_content": 70897963.96362305,
      "mean": 83.0576232019999,
      "rms": 11.727959972099548
    },
    "pass": {
      "entries": 980079.0,
      "fit_window": {
        "bin1": 11,
        "bin2": 70,
        "max": 120.0,
        "min": 60.0
      },
      "integral_fit_window": 12536126452.875488,
      "integral_fit_window_error": 14893423.45216744,
      "integral_full": 12757254580.900635,
      "integral_full_error": 15022128.265042271,
      "maximum_bin_center": 90.5,
      "maximum_bin_content": 1457675866.909668,
      "mean": 87.59711717402197,
      "rms": 8.072135189081258
    }
  },
  "sample": {
    "fitOutputBinRoot": "/eos/cms/store/group/phys_susy/NPS-25-014/root_TnP_local//hza_elid_gap_2025_sf//DY_MC_LO_2025_hza_elid_gap_2025_sf.nominalFit-bin01_el_sc_eta_m1p44To0p00_el_et_7p00To35p00.root",
    "fitOutputRoot": "/eos/cms/store/group/phys_susy/NPS-25-014/root_TnP_local//hza_elid_gap_2025_sf//DY_MC_LO_2025_hza_elid_gap_2025_sf.nominalFit.root",
    "histFile": "/eos/cms/store/group/phys_susy/NPS-25-014/root_TnP_local//hza_elid_gap_2025_sf//DY_MC_LO_2025_hza_elid_gap_2025_sf.root",
    "isMC": true,
    "mcRefHistFile": "/eos/cms/store/group/phys_susy/NPS-25-014/root_TnP_local//hza_elid_gap_2025_sf//DY_MC_LO_2025_hza_elid_gap_2025_sf.root",
    "mcTruth": true,
    "name": "DY_MC_LO_2025"
  },
  "workspace": {
    "effective_parsed": [
      {
        "max": 5.0,
        "min": -5.0,
        "name": "meanP",
        "raw": "meanP[-0.0,-5.0,5.0]",
        "tokens": [
          "-0.0",
          "-5.0",
          "5.0"
        ],
        "value": -0.0
      },
      {
        "max": 5.0,
        "min": 0.5,
        "name": "sigmaP",
        "raw": "sigmaP[0.9,0.5,5.0]",
        "tokens": [
          "0.9",
          "0.5",
          "5.0"
        ],
        "value": 0.9
      },
      {
        "max": 90.0,
        "min": 45.0,
        "name": "acmsP",
        "raw": "acmsP[65.,45.,90.]",
        "tokens": [
          "65.",
          "45.",
          "90."
        ],
        "value": 65.0
      },
      {
        "max": 0.1,
        "min": 0.005,
        "name": "betaP",
        "raw": "betaP[0.05,0.005,0.10]",
        "tokens": [
          "0.05",
          "0.005",
          "0.10"
        ],
        "value": 0.05
      },
      {
        "max": 2.0,
        "min": -2.0,
        "name": "gammaP",
        "raw": "gammaP[0.1, -2, 2]",
        "tokens": [
          "0.1",
          "-2",
          "2"
        ],
        "value": 0.1
      },
      {
        "max": 90.0,
        "min": 82.0,
        "name": "peakP",
        "raw": "peakP[87.0,82.0,90.0]",
        "tokens": [
          "87.0",
          "82.0",
          "90.0"
        ],
        "value": 87.0
      },
      {
        "max": 90.0,
        "min": 82.0,
        "name": "peakF",
        "raw": "peakF[87.0,82.0,90.0]",
        "tokens": [
          "87.0",
          "82.0",
          "90.0"
        ],
        "value": 87.0
      },
      {
        "max": 1.0,
        "min": -5.0,
        "name": "meanF",
        "raw": "meanF[-1.0,-5.0,1.0]",
        "tokens": [
          "-1.0",
          "-5.0",
          "1.0"
        ],
        "value": -1.0
      },
      {
        "max": 4.5,
        "min": 1.0,
        "name": "sigmaF",