{
  "bin": {
    "cut": "tag_Ele_pt > 40 && abs(tag_sc_eta) < 2.17 && (tag_Ele_q + el_q) == 0 && el_sc_eta >= -1.566000 && el_sc_eta < -1.444200 && el_et >= 7.000000 && el_et < 35.000000",
    "index": 0,
    "name": "bin00_el_sc_eta_m1p57Tom1p44_el_et_7p00To35p00",
    "title": "; -1.566 < el_sc_eta < -1.444; 7.000 < el_et < 35.000",
    "vars": {
      "el_et": {
        "max": 35,
        "min": 7
      },
      "el_sc_eta": {
        "max": -1.4442,
        "min": -1.566
      }
    }
  },
  "created_at_utc": "2026-07-10T18:20:49.708401+00:00",
  "derived": {
    "efficiency": 0.9112606512719168,
    "efficiency_error": 7.888497017861175e-08,
    "nSigF": {
      "error": 59.05039631575346,
      "isConstant": false,
      "max": 108198259.375488,
      "min": 0.5,
      "name": "nSigF",
      "value": 63511072.386411026
    },
    "nSigP": {
      "error": 192.55950194597244,
      "isConstant": false,
      "max": 1015715329.120605,
      "min": 0.5,
      "name": "nSigP",
      "value": 652192539.3340546
    }
  },
  "fit_metadata": {
    "bin_index": 0,
    "fail_hist_uses_pass_hist": false,
    "fit_range": {
      "max": 120.0,
      "min": 60.0
    },
    "truth_fail_template_uses_pass_hist": false,
    "truth_template_source": "/eos/cms/store/group/phys_susy/NPS-25-014/root_TnP_local//hza_elid_gap_2025_sf//DY_MC_LO_2025_hza_elid_gap_2025_sf.root"
  },
  "fit_result": {
    "fail": {
      "covQual": -1,
      "edm": 209835263.04099768,
      "floatParsFinal": [
        {
          "error": 5.2499521161486484e-06,
          "isConstant": false,
          "max": 1.0,
          "min": -5.0,
          "name": "meanF",
          "value": -0.037249152987170575
        },
        {
          "error": 59.05039631575346,
          "isConstant": false,
          "max": 108198259.375488,
          "min": 0.5,
          "name": "nSigF",
          "value": 63511072.386411026
        },
        {
          "error": 3.110561808128409e-11,
          "isConstant": false,
          "max": 4.5,
          "min": 0.8,
          "name": "sigmaF",
          "value": 0.8000000000023838
        }
      ],
      "floatParsInit": [
        {
          "error": 0.0,
          "isConstant": false,
          "max": 1.0,
          "min": -5.0,
          "name": "meanF",
          "value": -2.0
        },
        {
          "error": 0.0,
          "isConstant": false,
          "max": 108198259.375488,
          "min": 0.5,
          "name": "nSigF",
          "value": 64918955.625293
        },
        {
          "error": 0.0,
          "isConstant": false,
          "max": 4.5,
          "min": 0.8,
          "name": "sigmaF",
          "value": 3.0
        }
      ],
      "minNll": -842589653.6953642,
      "numInvalidNLL": 0,
      "status": -1
    },
    "fail_quality": "check",
    "pass": {
      "covQual": -1,
      "edm": 75422896.56805289,
      "floatParsFinal": [
        {
          "error": 1.9005245648351377e-06,
          "isConstant": false,
          "max": 5.0,
          "min": -5.0,
          "name": "meanP",
          "value": -0.01151286208134028
        },
        {
          "error": 192.55950194597244,
          "isConstant": false,
          "max": 1015715329.120605,
          "min": 0.5,
          "name": "nSigP",
          "value": 652192539.3340546
        },
        {
          "error": 8.149942387625231e-10,
          "isConstant": false,
          "max": 3.0,
          "min": 0.5,
          "name": "sigmaP",
          "value": 0.5000000038361945
        }
      ],
      "floatParsInit": [
        {
          "error": 0.0,
          "isConstant": false,
          "max": 5.0,
          "min": -5.0,
          "name": "meanP",
          "value": -0.9
        },
        {
          "error": 0.0,
          "isConstant": false,
          "max": 1015715329.120605,
          "min": 0.5,
          "name": "nSigP",
          "value": 609429197.472363
        },
        {
          "error": 0.0,
          "isConstant": false,
          "max": 3.0,
          "min": 0.5,
          "name": "sigmaP",
          "value": 1.8
        }
      ],
      "minNll": -10298990315.586674,
      "numInvalidNLL": 0,
      "status": -1
    },
    "pass_quality": "check",
    "root_read_error": null
  },
  "fit_type": "nominalFit",
  "histograms": {
    "fail": {
      "entries": 5411.0,
      "fit_window": {
        "bin1": 11,
        "bin2": 70,
        "max": 120.0,
        "min": 60.0
      },
      "integral_fit_window": 63510889.59106445,
      "integral_fit_window_error": 1075540.4215408056,
      "integral_full": 72132172.91699219,
      "integral_full_error": 1140927.2441631195,
      "maximum_bin_center": 85.5,
      "maximum_bin_content": 2569488.0373535156,
      "mean": 77.38602348891416,
      "rms": 12.85226134879827
    },
    "pass": {
      "entries": 52179.0,
      "fit_window": {
        "bin1": 11,
        "bin2": 70,
        "max": 120.0,
        "min": 60.0
      },
      "integral_fit_window": 652191728.9558105,
      "integral_fit_window_error": 3386972.2068373263,
      "integral_full": 677143552.7470703,
      "integral_full_error": 3451962.5130522638,
      "maximum_bin_center": 89.5,
      "maximum_bin_content": 38911208.1328125,
      "mean": 83.21278172558944,
      "rms": 10.155093939622548
    }
  },
  "sample": {
    "fitOutputBinRoot": "/eos/cms/store/group/phys_susy/NPS-25-014/root_TnP_local//hza_elid_gap_2025_sf//DY_MC_LO_2025_hza_elid_gap_2025_sf.nominalFit-bin00_el_sc_eta_m1p57Tom1p44_el_et_7p00To35p00.root",
    "fitOutputRoot": "/eos/cms/store/group/phys_susy/NPS-25-014/root_TnP_local//hza_elid_gap_2025_sf//DY_MC_LO_2025_hza_elid_gap_2025_sf.nominalFit.root",
    "histFile": "/eos/cms/store/group/phys_susy/NPS-25-014/root_TnP_local//hza_elid_gap_2025_sf//DY_MC_LO_2025_hza_elid_gap_2025_sf.root",
    "isMC": true,
    "mcRefHistFile": "/eos/cms/store/group/phys_susy/NPS-25-014/root_TnP_local//hza_elid_gap_2025_sf//DY_MC_LO_2025_hza_elid_gap_2025_sf.root",
    "mcTruth": true,
    "name": "DY_MC_LO_2025"
  },
  "workspace": {
    "effective_parsed": [
      {
        "max": 90.0,
        "min": 82.0,
        "name": "peakP",
        "raw": "peakP[87.0,82.0,90.0]",
        "tokens": [
          "87.0",
          "82.0",
          "90.0"
        ],
        "value": 87.0
      },
      {
        "max": 90.0,
        "min": 82.0,
        "name": "peakF",
        "raw": "peakF[87.0,82.0,90.0]",
        "tokens": [
          "87.0",
          "82.0",
          "90.0"
        ],
        "value": 87.0
      },
      {
        "max": 5.0,
        "min": -5.0,
        "name": "meanP",
        "raw": "meanP[-0.9,-5.0,5.0]",
        "tokens": [
          "-0.9",
          "-5.0",
          "5.0"
        ],
        "value": -0.9
      },
      {
        "max": 3.0,
        "min": 0.5,
        "name": "sigmaP",
        "raw": "sigmaP[1.8,0.5,3.0]",
        "tokens": [
          "1.8",
          "0.5",
          "3.0"
        ],
        "value": 1.8
      },
      {
        "max": 1.0,
        "min": -5.0,
        "name": "meanF",
        "raw": "meanF[-2.0,-5.0,1.0]",
        "tokens": [
          "-2.0",
          "-5.0",
          "1.0"
        ],
        "value": -2.0
      },
      {
        "max": 4.5,
        "min": 0.8,
        "name": "sigmaF",
        "raw": "sigmaF[3.0,0.8,4.5]",
        "tokens": [
          "3.0",
          "0.8",
          "4.5"
        ],
        "value": 3.0
      },
      {
        "max": 120.0,
        "min": 25.0,
        "name": "acmsP",
        "raw": "acmsP[80.,25.,120.]",
        "tokens": [
          "80.",
          "25.",
          "120."
        ],
        "value": 80.0
      },
      {
        "max": 0.15,
        "min": 0.001,
        "name": "betaP",
        "raw": "betaP[0.05,0.001,0.15]",
        "tokens": [
          "0.05",
          "0.001",
          "0.15"
        ],
        "value": 0.05
      },
      {
        "max": 2.0,
        "min": -2.0,
        "name": "gammaP",