{
  "bin": {
    "cut": "tag_Ele_pt > 40 && abs(tag_sc_eta) < 2.17 && (tag_Ele_q + el_q) == 0 && el_sc_eta >= 1.444200 && el_sc_eta < 1.566000 && el_et >= 35.000000 && el_et < 100.000000",
    "index": 7,
    "name": "bin07_el_sc_eta_1p44To1p57_el_et_35p00To100p00",
    "title": "; 1.444 < el_sc_eta < 1.566; 35.000 < el_et < 100.000",
    "vars": {
      "el_et": {
        "max": 100,
        "min": 35
      },
      "el_sc_eta": {
        "max": 1.566,
        "min": 1.4442
      }
    }
  },
  "created_at_utc": "2026-04-27T06:50:57.863283+00:00",
  "derived": {
    "efficiency": 0.9691455005145433,
    "efficiency_error": 0.00036294649109946654,
    "nSigF": {
      "error": 52.48049614214915,
      "isConstant": false,
      "max": 6637.086247,
      "min": 0.5,
      "name": "nSigF",
      "value": 4391.985612191342
    },
    "nSigP": {
      "error": 293.9629457505944,
      "isConstant": false,
      "max": 208594.70928,
      "min": 0.5,
      "name": "nSigP",
      "value": 137953.07541404615
    }
  },
  "fit_metadata": {
    "bin_index": 7,
    "fail_hist_uses_pass_hist": false,
    "fit_range": {
      "max": 120.0,
      "min": 60.0
    },
    "truth_fail_template_uses_pass_hist": false,
    "truth_template_source": "/eos/home-p/pelai/HZa/root_TnP//hza_elid_gap_2025_sf//DY_MC_LO_2025_hza_elid_gap_2025_sf.root"
  },
  "fit_result": {
    "fail": {
      "covQual": -1,
      "edm": 0.00016921985823921943,
      "floatParsFinal": [
        {
          "error": 0.0420706752766975,
          "isConstant": false,
          "max": 5.0,
          "min": -5.0,
          "name": "meanF",
          "value": 0.010774670443817413
        },
        {
          "error": 52.48049614214915,
          "isConstant": false,
          "max": 6637.086247,
          "min": 0.5,
          "name": "nSigF",
          "value": 4391.985612191342
        },
        {
          "error": 0.007188899650639569,
          "isConstant": false,
          "max": 1.5000065290889102,
          "min": 0.40000174109037606,
          "name": "sigmaF",
          "value": 0.4000019314536466
        }
      ],
      "floatParsInit": [
        {
          "error": 0.0,
          "isConstant": false,
          "max": 5.0,
          "min": -5.0,
          "name": "meanF",
          "value": -0.0
        },
        {
          "error": 0.0,
          "isConstant": false,
          "max": 6637.086247,
          "min": 0.5,
          "name": "nSigF",
          "value": 3982.251748
        },
        {
          "error": 0.0,
          "isConstant": false,
          "max": 1.5000065290889102,
          "min": 0.40000174109037606,
          "name": "sigmaF",
          "value": 0.5000021763629701
        }
      ],
      "minNll": -18680.853359548084,
      "numInvalidNLL": 0,
      "status": 160
    },
    "fail_quality": "check",
    "pass": {
      "covQual": -1,
      "edm": 0.1585387172860834,
      "floatParsFinal": [
        {
          "error": 0.0093983698986837,
          "isConstant": false,
          "max": 5.0,
          "min": -5.0,
          "name": "meanP",
          "value": 0.004499346722145248
        },
        {
          "error": 293.9629457505944,
          "isConstant": false,
          "max": 208594.70928,
          "min": 0.5,
          "name": "nSigP",
          "value": 137953.07541404615
        },
        {
          "error": 0.0031261360919115355,
          "isConstant": false,
          "max": 5.0,
          "min": 0.5,
          "name": "sigmaP",
          "value": 0.5000021763629701
        }
      ],
      "floatParsInit": [
        {
          "error": 0.0,
          "isConstant": false,
          "max": 5.0,
          "min": -5.0,
          "name": "meanP",
          "value": -0.0
        },
        {
          "error": 0.0,
          "isConstant": false,
          "max": 208594.70928,
          "min": 0.5,
          "name": "nSigP",
          "value": 125156.825568
        },
        {
          "error": 0.0,
          "isConstant": false,
          "max": 5.0,
          "min": 0.5,
          "name": "sigmaP",
          "value": 0.9
        }
      ],
      "minNll": -1073533.4241856118,
      "numInvalidNLL": 0,
      "status": 160
    },
    "pass_quality": "check",
    "root_read_error": null
  },
  "fit_type": "nominalFit",
  "histograms": {
    "fail": {
      "entries": 3899.0,
      "fit_window": {
        "bin1": 11,
        "bin2": 70,
        "max": 120.0,
        "min": 60.0
      },
      "integral_fit_window": 4392.577672722556,
      "integral_fit_window_error": 83.68866907062989,
      "integral_full": 4424.724164381698,
      "integral_full_error": 84.0121622429797,
      "maximum_bin_center": 89.5,
      "maximum_bin_content": 398.59057516447854,
      "mean": 90.92243928156132,
      "rms": 6.892694851043471
    },
    "pass": {
      "entries": 123397.0,
      "fit_window": {
        "bin1": 11,
        "bin2": 70,
        "max": 120.0,
        "min": 60.0
      },
      "integral_fit_window": 137948.95573595277,
      "integral_fit_window_error": 469.2919582559567,
      "integral_full": 139063.1395202486,
      "integral_full_error": 471.18342638699363,
      "maximum_bin_center": 90.5,
      "maximum_bin_content": 13561.818244505232,
      "mean": 91.39009116423978,
      "rms": 6.4862312950334475
    }
  },
  "sample": {
    "fitOutputBinRoot": "/eos/home-p/pelai/HZa/root_TnP//hza_elid_gap_2025_sf//DY_MC_LO_2025_hza_elid_gap_2025_sf.nominalFit-bin07_el_sc_eta_1p44To1p57_el_et_35p00To100p00.root",
    "fitOutputRoot": "/eos/home-p/pelai/HZa/root_TnP//hza_elid_gap_2025_sf//DY_MC_LO_2025_hza_elid_gap_2025_sf.nominalFit.root",
    "histFile": "/eos/home-p/pelai/HZa/root_TnP//hza_elid_gap_2025_sf//DY_MC_LO_2025_hza_elid_gap_2025_sf.root",
    "isMC": true,
    "mcRefHistFile": "/eos/home-p/pelai/HZa/root_TnP//hza_elid_gap_2025_sf//DY_MC_LO_2025_hza_elid_gap_2025_sf.root",
    "mcTruth": true,
    "name": "DY_MC_LO_2025"
  },
  "workspace": {
    "effective_parsed": [
      {
        "max": 5.0,
        "min": -5.0,
        "name": "meanP",
        "raw": "meanP[-0.0,-5.0,5.0]",
        "tokens": [
          "-0.0",
          "-5.0",
          "5.0"
        ],
        "value": -0.0
      },
      {
        "max": 5.0,
        "min": 0.5,
        "name": "sigmaP",
        "raw": "sigmaP[0.9,0.5,5.0]",
        "tokens": [
          "0.9",
          "0.5",
          "5.0"
        ],
        "value": 0.9
      },
      {
        "max": 5.0,
        "min": -5.0,
        "name": "meanF",
        "raw": "meanF[-0.0,-5.0,5.0]",
        "tokens": [
          "-0.0",
          "-5.0",
          "5.0"
        ],
        "value": -0.0
      },
      {
        "max": 5.0,
        "min": 0.5,
        "name": "sigmaF",
        "raw": "sigmaF[0.9,0.5,5.0]",
        "tokens": [
          "0.9",
          "0.5",
          "5.0"
        ],
        "value": 0.9
      },
      {
        "max": 90.0,
        "min": 45.0,
        "name": "acmsP",
        "raw": "acmsP[65.,45.,90.]",
        "tokens": [
          "65.",
          "45.",
          "90."
        ],
        "value": 65.0
      },
      {
        "max": 0.1,
        "min": 0.005,
        "name": "betaP",
        "raw": "betaP[0.05,0.005,0.10]",
        "tokens": [
          "0.05",
          "0.005",
          "0.10"
        ],
        "value": 0.05
      },
      {
        "max": 2.0,
        "min": -2.0,
        "name": "gammaP",
        "raw": "gammaP[0.1, -2, 2]",
        "tokens": [
          "0.1",
          "-2",
          "2"
        ],
        "value": 0.1
      },
      {
        "max": 90.0,
        "min": 82.0,
        "name": "peakP",
        "raw": "peakP[87.0,82.0,90.0]",
        "tokens": [
          "87.0",
          "82.0",
          "90.0"
        ],
        "value": 87.0
      },
      {
        "max": 90.0,
        "min": 45.0,
        "name": "acmsF",
        "raw": "acmsF[65.,45.,90.]",
        "tokens": [
          "65.",
          "45.",
          "90."
        ],