{
  "bin": {
    "cut": "tag_Ele_pt > 40 && abs(tag_sc_eta) < 2.17 && (tag_Ele_q + el_q) == 0 && el_sc_eta >= 1.566000 && el_sc_eta < 2.500000 && el_et >= 7.000000 && el_et < 15.000000",
    "index": 5,
    "name": "bin05_el_sc_eta_1p57To2p50_el_et_7p00To15p00",
    "title": "; 1.566 < el_sc_eta < 2.500; 7.000 < el_et < 15.000",
    "vars": {
      "el_et": {
        "max": 15,
        "min": 7
      },
      "el_sc_eta": {
        "max": 2.5,
        "min": 1.566
      }
    }
  },
  "created_at_utc": "2026-07-10T18:38:26.967966+00:00",
  "derived": {
    "efficiency": 0.6474490646679871,
    "efficiency_error": 2.4847632540791306e-05,
    "nSigF": {
      "error": 11430.478537268937,
      "isConstant": false,
      "max": 225256785.243896,
      "min": 0.5,
      "name": "nSigF",
      "value": 130464230.5440807
    },
    "nSigP": {
      "error": 15478.77904342115,
      "isConstant": false,
      "max": 400857433.632568,
      "min": 0.5,
      "name": "nSigP",
      "value": 239593589.38828382
    }
  },
  "fit_metadata": {
    "bin_index": 5,
    "fail_hist_uses_pass_hist": false,
    "fit_range": {
      "max": 120.0,
      "min": 60.0
    },
    "truth_fail_template_uses_pass_hist": false,
    "truth_template_source": "/eos/cms/store/group/phys_susy/NPS-25-014/root_TnP_local//hza_elid_nongap_lowpT_2025_sf//DY_MC_LO_2025_hza_elid_nongap_lowpT_2025_sf.root"
  },
  "fit_result": {
    "fail": {
      "covQual": -1,
      "edm": 3.048399634777103e-08,
      "floatParsFinal": [
        {
          "error": 0.0006574020862317731,
          "isConstant": false,
          "max": 1.0,
          "min": -5.0,
          "name": "meanF",
          "value": -0.02146703467505162
        },
        {
          "error": 11430.478537268937,
          "isConstant": false,
          "max": 225256785.243896,
          "min": 0.5,
          "name": "nSigF",
          "value": 130464230.5440807
        },
        {
          "error": 1.3026298241181067e-06,
          "isConstant": false,
          "max": 4.8,
          "min": 0.8,
          "name": "sigmaF",
          "value": 0.8000000000000016
        }
      ],
      "floatParsInit": [
        {
          "error": 0.0,
          "isConstant": false,
          "max": 1.0,
          "min": -5.0,
          "name": "meanF",
          "value": -2.0
        },
        {
          "error": 0.0,
          "isConstant": false,
          "max": 225256785.243896,
          "min": 0.5,
          "name": "nSigF",
          "value": 135154071.146338
        },
        {
          "error": 0.0,
          "isConstant": false,
          "max": 4.8,
          "min": 0.8,
          "name": "sigmaF",
          "value": 3.2
        }
      ],
      "minNll": -1828877025.411138,
      "numInvalidNLL": 0,
      "status": 240
    },
    "fail_quality": "check",
    "pass": {
      "covQual": -1,
      "edm": 3.779438975565437e-05,
      "floatParsFinal": [
        {
          "error": 0.00038490869792529026,
          "isConstant": false,
          "max": 5.0,
          "min": -5.0,
          "name": "meanP",
          "value": -0.005336238073447852
        },
        {
          "error": 15478.77904342115,
          "isConstant": false,
          "max": 400857433.632568,
          "min": 0.5,
          "name": "nSigP",
          "value": 239593589.38828382
        },
        {
          "error": 1.171723346016229e-06,
          "isConstant": false,
          "max": 3.0,
          "min": 0.5,
          "name": "sigmaP",
          "value": 0.5000000000000402
        }
      ],
      "floatParsInit": [
        {
          "error": 0.0,
          "isConstant": false,
          "max": 5.0,
          "min": -5.0,
          "name": "meanP",
          "value": -2.0
        },
        {
          "error": 0.0,
          "isConstant": false,
          "max": 400857433.632568,
          "min": 0.5,
          "name": "nSigP",
          "value": 240514460.179541
        },
        {
          "error": 0.0,
          "isConstant": false,
          "max": 3.0,
          "min": 0.5,
          "name": "sigmaP",
          "value": 1.9
        }
      ],
      "minNll": -3542116239.75979,
      "numInvalidNLL": 0,
      "status": 240
    },
    "pass_quality": "check",
    "root_read_error": null
  },
  "fit_type": "nominalFit",
  "histograms": {
    "fail": {
      "entries": 11381.0,
      "fit_window": {
        "bin1": 11,
        "bin2": 70,
        "max": 120.0,
        "min": 60.0
      },
      "integral_fit_window": 130464230.5090332,
      "integral_fit_window_error": 1526459.357908188,
      "integral_full": 150171190.16259766,
      "integral_full_error": 1632913.8948416945,
      "maximum_bin_center": 91.5,
      "maximum_bin_content": 6761945.2412109375,
      "mean": 81.25665989451967,
      "rms": 14.336382520233538
    },
    "pass": {
      "entries": 21095.0,
      "fit_window": {
        "bin1": 11,
        "bin2": 70,
        "max": 120.0,
        "min": 60.0
      },
      "integral_fit_window": 239593589.89208984,
      "integral_fit_window_error": 2023313.276963768,
      "integral_full": 267238289.0883789,
      "integral_full_error": 2138699.723012554,
      "maximum_bin_center": 91.5,
      "maximum_bin_content": 15720126.373779297,
      "mean": 83.2464124020451,
      "rms": 13.130142358216961
    }
  },
  "sample": {
    "fitOutputBinRoot": "/eos/cms/store/group/phys_susy/NPS-25-014/root_TnP_local//hza_elid_nongap_lowpT_2025_sf//DY_MC_LO_2025_hza_elid_nongap_lowpT_2025_sf.nominalFit-bin05_el_sc_eta_1p57To2p50_el_et_7p00To15p00.root",
    "fitOutputRoot": "/eos/cms/store/group/phys_susy/NPS-25-014/root_TnP_local//hza_elid_nongap_lowpT_2025_sf//DY_MC_LO_2025_hza_elid_nongap_lowpT_2025_sf.nominalFit.root",
    "histFile": "/eos/cms/store/group/phys_susy/NPS-25-014/root_TnP_local//hza_elid_nongap_lowpT_2025_sf//DY_MC_LO_2025_hza_elid_nongap_lowpT_2025_sf.root",
    "isMC": true,
    "mcRefHistFile": "/eos/cms/store/group/phys_susy/NPS-25-014/root_TnP_local//hza_elid_nongap_lowpT_2025_sf//DY_MC_LO_2025_hza_elid_nongap_lowpT_2025_sf.root",
    "mcTruth": true,
    "name": "DY_MC_LO_2025"
  },
  "workspace": {
    "effective_parsed": [
      {
        "max": 90.0,
        "min": 82.0,
        "name": "peakP",
        "raw": "peakP[87.0,82.0,90.0]",
        "tokens": [
          "87.0",
          "82.0",
          "90.0"
        ],
        "value": 87.0
      },
      {
        "max": 90.0,
        "min": 82.0,
        "name": "peakF",
        "raw": "peakF[87.0,82.0,90.0]",
        "tokens": [
          "87.0",
          "82.0",
          "90.0"
        ],
        "value": 87.0
      },
      {
        "max": 5.0,
        "min": -5.0,
        "name": "meanP",
        "raw": "meanP[-2.0,-5.0,5.0]",
        "tokens": [
          "-2.0",
          "-5.0",
          "5.0"
        ],
        "value": -2.0
      },
      {
        "max": 3.0,
        "min": 0.5,
        "name": "sigmaP",
        "raw": "sigmaP[1.9,0.5,3.0]",
        "tokens": [
          "1.9",
          "0.5",
          "3.0"
        ],
        "value": 1.9
      },
      {
        "max": 1.0,
        "min": -5.0,
        "name": "meanF",
        "raw": "meanF[-2.0,-5.0,1.0]",
        "tokens": [
          "-2.0",
          "-5.0",
          "1.0"
        ],
        "value": -2.0
      },
      {
        "max": 4.8,
        "min": 0.8,
        "name": "sigmaF",
        "raw": "sigmaF[3.2,0.8,4.8]",
        "tokens": [
          "3.2",
          "0.8",
          "4.8"
        ],
        "value": 3.2
      },
      {
        "max": 95.0,
        "min": 25.0,
        "name": "acmsP",
        "raw": "acmsP[60.,25.,95.]",
        "tokens": [
          "60.",
          "25.",
          "95."
        ],
        "value": 60.0
      },
      {
        "max": 0.12,
        "min": 0.001,
        "name": "betaP",
        "raw": "betaP[0.06,0.001,0.12]",
        "tokens": [
          "0.06",
          "0.001",
          "0.12"
        ],