{
  "bin": {
    "cut": "tag_Ele_pt > 40 && abs(tag_sc_eta) < 2.17 && (tag_Ele_q + el_q) == 0 && el_sc_eta >= 0.000000 && el_sc_eta < 1.444200 && el_et >= 7.000000 && el_et < 15.000000",
    "index": 3,
    "name": "bin03_el_sc_eta_0p00To1p44_el_et_7p00To15p00",
    "title": "; 0.000 < el_sc_eta < 1.444; 7.000 < el_et < 15.000",
    "vars": {
      "el_et": {
        "max": 15,
        "min": 7
      },
      "el_sc_eta": {
        "max": 1.4442,
        "min": 0.0
      }
    }
  },
  "created_at_utc": "2026-04-27T07:31:28.076429+00:00",
  "derived": {
    "efficiency": 0.7437441100736645,
    "efficiency_error": 0.0015051040213941173,
    "nSigF": {
      "error": 92.13443108293268,
      "isConstant": false,
      "max": 25088.508254,
      "min": 0.5,
      "name": "nSigF",
      "value": 13517.37228977466
    },
    "nSigP": {
      "error": 156.4705116941841,
      "isConstant": false,
      "max": 68856.05427,
      "min": 0.5,
      "name": "nSigP",
      "value": 39232.136389461666
    }
  },
  "fit_metadata": {
    "bin_index": 3,
    "fail_hist_uses_pass_hist": false,
    "fit_range": {
      "max": 120.0,
      "min": 60.0
    },
    "truth_fail_template_uses_pass_hist": false,
    "truth_template_source": "/eos/home-p/pelai/HZa/root_TnP//hza_elid_nongap_lowpT_2025_sf//DY_MC_LO_2025_hza_elid_nongap_lowpT_2025_sf.root"
  },
  "fit_result": {
    "fail": {
      "covQual": -1,
      "edm": 0.19574698510449495,
      "floatParsFinal": [
        {
          "error": 0.03339487335094482,
          "isConstant": false,
          "max": 5.0,
          "min": -5.0,
          "name": "meanF",
          "value": -0.008858272102763465
        },
        {
          "error": 92.13443108293268,
          "isConstant": false,
          "max": 25088.508254,
          "min": 0.5,
          "name": "nSigF",
          "value": 13517.37228977466
        },
        {
          "error": 0.006818644522394168,
          "isConstant": false,
          "max": 1.5000002292773713,
          "min": 0.4000000611406324,
          "name": "sigmaF",
          "value": 0.4000000620992231
        }
      ],
      "floatParsInit": [
        {
          "error": 0.0,
          "isConstant": false,
          "max": 5.0,
          "min": -5.0,
          "name": "meanF",
          "value": -0.0
        },
        {
          "error": 0.0,
          "isConstant": false,
          "max": 25088.508254,
          "min": 0.5,
          "name": "nSigF",
          "value": 15053.104953
        },
        {
          "error": 0.0,
          "isConstant": false,
          "max": 1.5000002292773713,
          "min": 0.4000000611406324,
          "name": "sigmaF",
          "value": 0.5000000764257905
        }
      ],
      "minNll": -67128.02310501288,
      "numInvalidNLL": 0,
      "status": 180
    },
    "fail_quality": "check",
    "pass": {
      "covQual": -1,
      "edm": 0.407450634078471,
      "floatParsFinal": [
        {
          "error": 0.018000104709765985,
          "isConstant": false,
          "max": 5.0,
          "min": -5.0,
          "name": "meanP",
          "value": -0.011606942569859058
        },
        {
          "error": 156.4705116941841,
          "isConstant": false,
          "max": 68856.05427,
          "min": 0.5,
          "name": "nSigP",
          "value": 39232.136389461666
        },
        {
          "error": 0.003495853491145784,
          "isConstant": false,
          "max": 5.0,
          "min": 0.5,
          "name": "sigmaP",
          "value": 0.5000000764257905
        }
      ],
      "floatParsInit": [
        {
          "error": 0.0,
          "isConstant": false,
          "max": 5.0,
          "min": -5.0,
          "name": "meanP",
          "value": -0.0
        },
        {
          "error": 0.0,
          "isConstant": false,
          "max": 68856.05427,
          "min": 0.5,
          "name": "nSigP",
          "value": 41313.632562
        },
        {
          "error": 0.0,
          "isConstant": false,
          "max": 5.0,
          "min": 0.5,
          "name": "sigmaP",
          "value": 0.9
        }
      ],
      "minNll": -243860.9291412753,
      "numInvalidNLL": 0,
      "status": 160
    },
    "pass_quality": "check",
    "root_read_error": null
  },
  "fit_type": "nominalFit",
  "histograms": {
    "fail": {
      "entries": 14811.0,
      "fit_window": {
        "bin1": 11,
        "bin2": 70,
        "max": 120.0,
        "min": 60.0
      },
      "integral_fit_window": 13517.86462641362,
      "integral_fit_window_error": 146.7177588417006,
      "integral_full": 16725.67216947198,
      "integral_full_error": 163.08416657068702,
      "maximum_bin_center": 89.5,
      "maximum_bin_content": 940.5947329884538,
      "mean": 78.07806770115117,
      "rms": 14.842632301079242
    },
    "pass": {
      "entries": 40593.0,
      "fit_window": {
        "bin1": 11,
        "bin2": 70,
        "max": 120.0,
        "min": 60.0
      },
      "integral_fit_window": 39233.52379939292,
      "integral_fit_window_error": 250.7336918466382,
      "integral_full": 45904.0361799157,
      "integral_full_error": 271.49693284355817,
      "maximum_bin_center": 90.5,
      "maximum_bin_content": 3543.229383826611,
      "mean": 81.23163215793632,
      "rms": 13.873554911984112
    }
  },
  "sample": {
    "fitOutputBinRoot": "/eos/home-p/pelai/HZa/root_TnP//hza_elid_nongap_lowpT_2025_sf//DY_MC_LO_2025_hza_elid_nongap_lowpT_2025_sf.nominalFit-bin03_el_sc_eta_0p00To1p44_el_et_7p00To15p00.root",
    "fitOutputRoot": "/eos/home-p/pelai/HZa/root_TnP//hza_elid_nongap_lowpT_2025_sf//DY_MC_LO_2025_hza_elid_nongap_lowpT_2025_sf.nominalFit.root",
    "histFile": "/eos/home-p/pelai/HZa/root_TnP//hza_elid_nongap_lowpT_2025_sf//DY_MC_LO_2025_hza_elid_nongap_lowpT_2025_sf.root",
    "isMC": true,
    "mcRefHistFile": "/eos/home-p/pelai/HZa/root_TnP//hza_elid_nongap_lowpT_2025_sf//DY_MC_LO_2025_hza_elid_nongap_lowpT_2025_sf.root",
    "mcTruth": true,
    "name": "DY_MC_LO_2025"
  },
  "workspace": {
    "effective_parsed": [
      {
        "max": 5.0,
        "min": -5.0,
        "name": "meanP",
        "raw": "meanP[-0.0,-5.0,5.0]",
        "tokens": [
          "-0.0",
          "-5.0",
          "5.0"
        ],
        "value": -0.0
      },
      {
        "max": 5.0,
        "min": 0.5,
        "name": "sigmaP",
        "raw": "sigmaP[0.9,0.5,5.0]",
        "tokens": [
          "0.9",
          "0.5",
          "5.0"
        ],
        "value": 0.9
      },
      {
        "max": 5.0,
        "min": -5.0,
        "name": "meanF",
        "raw": "meanF[-0.0,-5.0,5.0]",
        "tokens": [
          "-0.0",
          "-5.0",
          "5.0"
        ],
        "value": -0.0
      },
      {
        "max": 5.0,
        "min": 0.5,
        "name": "sigmaF",
        "raw": "sigmaF[0.9,0.5,5.0]",
        "tokens": [
          "0.9",
          "0.5",
          "5.0"
        ],
        "value": 0.9
      },
      {
        "max": 90.0,
        "min": 45.0,
        "name": "acmsP",
        "raw": "acmsP[65.,45.,90.]",
        "tokens": [
          "65.",
          "45.",
          "90."
        ],
        "value": 65.0
      },
      {
        "max": 0.1,
        "min": 0.005,
        "name": "betaP",
        "raw": "betaP[0.05,0.005,0.10]",
        "tokens": [
          "0.05",
          "0.005",
          "0.10"
        ],
        "value": 0.05
      },
      {
        "max": 2.0,
        "min": -2.0,
        "name": "gammaP",
        "raw": "gammaP[0.1, -2, 2]",
        "tokens": [
          "0.1",
          "-2",
          "2"
        ],
        "value": 0.1
      },
      {
        "max": 90.0,
        "min": 82.0,
        "name": "peakP",
        "raw": "peakP[87.0,82.0,90.0]",
        "tokens": [
          "87.0",
          "82.0",
          "90.0"
        ],
        "value": 87.0
      },
      {
        "max": 90.0,
        "min": 45.0,
        "name": "acmsF",
        "raw": "acmsF[65.,45.,90.]",