{
  "bin": {
    "cut": "tag_Ele_pt > 40 && abs(tag_sc_eta) < 2.17 && (tag_Ele_q + el_q) == 0 && el_sc_eta >= -1.444200 && el_sc_eta < 0.000000 && el_et >= 7.000000 && el_et < 15.000000",
    "index": 2,
    "name": "bin02_el_sc_eta_m1p44To0p00_el_et_7p00To15p00",
    "title": "; -1.444 < el_sc_eta < 0.000; 7.000 < el_et < 15.000",
    "vars": {
      "el_et": {
        "max": 15,
        "min": 7
      },
      "el_sc_eta": {
        "max": 0.0,
        "min": -1.4442
      }
    }
  },
  "created_at_utc": "2026-04-27T07:31:27.874645+00:00",
  "derived": {
    "efficiency": 0.74698632090067,
    "efficiency_error": 0.0015082363646735264,
    "nSigF": {
      "error": 91.02907426804813,
      "isConstant": false,
      "max": 24646.745637,
      "min": 0.5,
      "name": "nSigF",
      "value": 13194.709390608426
    },
    "nSigP": {
      "error": 156.25162942951647,
      "isConstant": false,
      "max": 68490.666294,
      "min": 0.5,
      "name": "nSigP",
      "value": 38955.472518838236
    }
  },
  "fit_metadata": {
    "bin_index": 2,
    "fail_hist_uses_pass_hist": false,
    "fit_range": {
      "max": 120.0,
      "min": 60.0
    },
    "truth_fail_template_uses_pass_hist": false,
    "truth_template_source": "/eos/home-p/pelai/HZa/root_TnP//hza_elid_nongap_lowpT_2025_sf//DY_MC_LO_2025_hza_elid_nongap_lowpT_2025_sf.root"
  },
  "fit_result": {
    "fail": {
      "covQual": -1,
      "edm": 0.15210608066324596,
      "floatParsFinal": [
        {
          "error": 0.03283964239832704,
          "isConstant": false,
          "max": 5.0,
          "min": -5.0,
          "name": "meanF",
          "value": -0.008927089852798886
        },
        {
          "error": 91.02907426804813,
          "isConstant": false,
          "max": 24646.745637,
          "min": 0.5,
          "name": "nSigF",
          "value": 13194.709390608426
        },
        {
          "error": 0.0062153779814041465,
          "isConstant": false,
          "max": 1.5000000022615336,
          "min": 0.40000000060307567,
          "name": "sigmaF",
          "value": 0.4000000354352899
        }
      ],
      "floatParsInit": [
        {
          "error": 0.0,
          "isConstant": false,
          "max": 5.0,
          "min": -5.0,
          "name": "meanF",
          "value": -0.0
        },
        {
          "error": 0.0,
          "isConstant": false,
          "max": 24646.745637,
          "min": 0.5,
          "name": "nSigF",
          "value": 14788.047382
        },
        {
          "error": 0.0,
          "isConstant": false,
          "max": 1.5000000022615336,
          "min": 0.40000000060307567,
          "name": "sigmaF",
          "value": 0.5000000007538445
        }
      ],
      "minNll": -65120.027807655504,
      "numInvalidNLL": 0,
      "status": 160
    },
    "fail_quality": "check",
    "pass": {
      "covQual": -1,
      "edm": 0.1566391561994297,
      "floatParsFinal": [
        {
          "error": 0.018220041806906728,
          "isConstant": false,
          "max": 5.0,
          "min": -5.0,
          "name": "meanP",
          "value": -0.009221600707027378
        },
        {
          "error": 156.25162942951647,
          "isConstant": false,
          "max": 68490.666294,
          "min": 0.5,
          "name": "nSigP",
          "value": 38955.472518838236
        },
        {
          "error": 0.003934100437834154,
          "isConstant": false,
          "max": 5.0,
          "min": 0.5,
          "name": "sigmaP",
          "value": 0.5000000007538445
        }
      ],
      "floatParsInit": [
        {
          "error": 0.0,
          "isConstant": false,
          "max": 5.0,
          "min": -5.0,
          "name": "meanP",
          "value": -0.0
        },
        {
          "error": 0.0,
          "isConstant": false,
          "max": 68490.666294,
          "min": 0.5,
          "name": "nSigP",
          "value": 41094.399777
        },
        {
          "error": 0.0,
          "isConstant": false,
          "max": 5.0,
          "min": 0.5,
          "name": "sigmaP",
          "value": 0.9
        }
      ],
      "minNll": -241453.38281503576,
      "numInvalidNLL": 0,
      "status": 60
    },
    "pass_quality": "check",
    "root_read_error": null
  },
  "fit_type": "nominalFit",
  "histograms": {
    "fail": {
      "entries": 14737.0,
      "fit_window": {
        "bin1": 11,
        "bin2": 70,
        "max": 120.0,
        "min": 60.0
      },
      "integral_fit_window": 13195.375322343427,
      "integral_fit_window_error": 144.95458817393043,
      "integral_full": 16431.163758151048,
      "integral_full_error": 161.5167591626494,
      "maximum_bin_center": 90.5,
      "maximum_bin_content": 940.3735903498464,
      "mean": 77.80019922312825,
      "rms": 14.890578448923549
    },
    "pass": {
      "entries": 40354.0,
      "fit_window": {
        "bin1": 11,
        "bin2": 70,
        "max": 120.0,
        "min": 60.0
      },
      "integral_fit_window": 38956.34704505327,
      "integral_fit_window_error": 249.3144973586305,
      "integral_full": 45660.4441961966,
      "integral_full_error": 269.9744390122875,
      "maximum_bin_center": 90.5,
      "maximum_bin_content": 3479.139278365916,
      "mean": 81.1303478568062,
      "rms": 13.883186456603502
    }
  },
  "sample": {
    "fitOutputBinRoot": "/eos/home-p/pelai/HZa/root_TnP//hza_elid_nongap_lowpT_2025_sf//DY_MC_LO_2025_hza_elid_nongap_lowpT_2025_sf.nominalFit-bin02_el_sc_eta_m1p44To0p00_el_et_7p00To15p00.root",
    "fitOutputRoot": "/eos/home-p/pelai/HZa/root_TnP//hza_elid_nongap_lowpT_2025_sf//DY_MC_LO_2025_hza_elid_nongap_lowpT_2025_sf.nominalFit.root",
    "histFile": "/eos/home-p/pelai/HZa/root_TnP//hza_elid_nongap_lowpT_2025_sf//DY_MC_LO_2025_hza_elid_nongap_lowpT_2025_sf.root",
    "isMC": true,
    "mcRefHistFile": "/eos/home-p/pelai/HZa/root_TnP//hza_elid_nongap_lowpT_2025_sf//DY_MC_LO_2025_hza_elid_nongap_lowpT_2025_sf.root",
    "mcTruth": true,
    "name": "DY_MC_LO_2025"
  },
  "workspace": {
    "effective_parsed": [
      {
        "max": 5.0,
        "min": -5.0,
        "name": "meanP",
        "raw": "meanP[-0.0,-5.0,5.0]",
        "tokens": [
          "-0.0",
          "-5.0",
          "5.0"
        ],
        "value": -0.0
      },
      {
        "max": 5.0,
        "min": 0.5,
        "name": "sigmaP",
        "raw": "sigmaP[0.9,0.5,5.0]",
        "tokens": [
          "0.9",
          "0.5",
          "5.0"
        ],
        "value": 0.9
      },
      {
        "max": 5.0,
        "min": -5.0,
        "name": "meanF",
        "raw": "meanF[-0.0,-5.0,5.0]",
        "tokens": [
          "-0.0",
          "-5.0",
          "5.0"
        ],
        "value": -0.0
      },
      {
        "max": 5.0,
        "min": 0.5,
        "name": "sigmaF",
        "raw": "sigmaF[0.9,0.5,5.0]",
        "tokens": [
          "0.9",
          "0.5",
          "5.0"
        ],
        "value": 0.9
      },
      {
        "max": 90.0,
        "min": 45.0,
        "name": "acmsP",
        "raw": "acmsP[65.,45.,90.]",
        "tokens": [
          "65.",
          "45.",
          "90."
        ],
        "value": 65.0
      },
      {
        "max": 0.1,
        "min": 0.005,
        "name": "betaP",
        "raw": "betaP[0.05,0.005,0.10]",
        "tokens": [
          "0.05",
          "0.005",
          "0.10"
        ],
        "value": 0.05
      },
      {
        "max": 2.0,
        "min": -2.0,
        "name": "gammaP",
        "raw": "gammaP[0.1, -2, 2]",
        "tokens": [
          "0.1",
          "-2",
          "2"
        ],
        "value": 0.1
      },
      {
        "max": 90.0,
        "min": 82.0,
        "name": "peakP",
        "raw": "peakP[87.0,82.0,90.0]",
        "tokens": [
          "87.0",
          "82.0",
          "90.0"
        ],
        "value": 87.0
      },
      {
        "max": 90.0,
        "min": 45.0,
        "name": "acmsF",
        "raw": "acmsF[65.,45.,90.]",