{
  "bin": {
    "cut": "tag_Ele_pt > 40 && abs(tag_sc_eta) < 2.17 && (tag_Ele_q + el_q) == 0 && el_sc_eta >= -1.566000 && el_sc_eta < -1.444200 && el_et >= 7.000000 && el_et < 15.000000",
    "index": 1,
    "name": "bin01_el_sc_eta_m1p57Tom1p44_el_et_7p00To15p00",
    "title": "; -1.566 < el_sc_eta < -1.444; 7.000 < el_et < 15.000",
    "vars": {
      "el_et": {
        "max": 15,
        "min": 7
      },
      "el_sc_eta": {
        "max": -1.4442,
        "min": -1.566
      }
    }
  },
  "created_at_utc": "2026-04-27T07:31:28.680868+00:00",
  "derived": {
    "efficiency": 0.717314779781303,
    "efficiency_error": 0.005995361383483183,
    "nSigF": {
      "error": 25.407268059556884,
      "isConstant": false,
      "max": 2114.250384,
      "min": 0.5,
      "name": "nSigF",
      "value": 1011.4037663618524
    },
    "nSigP": {
      "error": 40.017868683964934,
      "isConstant": false,
      "max": 4951.882543,
      "min": 0.5,
      "name": "nSigP",
      "value": 2566.4407547609308
    }
  },
  "fit_metadata": {
    "bin_index": 1,
    "fail_hist_uses_pass_hist": false,
    "fit_range": {
      "max": 120.0,
      "min": 60.0
    },
    "truth_fail_template_uses_pass_hist": false,
    "truth_template_source": "/eos/home-p/pelai/HZa/root_TnP//hza_elid_nongap_lowpT_2025_sf//DY_MC_LO_2025_hza_elid_nongap_lowpT_2025_sf.root"
  },
  "fit_result": {
    "fail": {
      "covQual": -1,
      "edm": 0.1392854089934406,
      "floatParsFinal": [
        {
          "error": 0.06076049787617066,
          "isConstant": false,
          "max": 5.0,
          "min": -5.0,
          "name": "meanF",
          "value": -0.0107360096151492
        },
        {
          "error": 25.407268059556884,
          "isConstant": false,
          "max": 2114.250384,
          "min": 0.5,
          "name": "nSigF",
          "value": 1011.4037663618524
        },
        {
          "error": 0.006837461479123952,
          "isConstant": false,
          "max": 1.5000000585162159,
          "min": 0.40000001560432424,
          "name": "sigmaF",
          "value": 0.4000093124325144
        }
      ],
      "floatParsInit": [
        {
          "error": 0.0,
          "isConstant": false,
          "max": 5.0,
          "min": -5.0,
          "name": "meanF",
          "value": -0.0
        },
        {
          "error": 0.0,
          "isConstant": false,
          "max": 2114.250384,
          "min": 0.5,
          "name": "nSigF",
          "value": 1268.550231
        },
        {
          "error": 0.0,
          "isConstant": false,
          "max": 1.5000000585162159,
          "min": 0.40000001560432424,
          "name": "sigmaF",
          "value": 0.5000000195054053
        }
      ],
      "minNll": -2269.7646286554273,
      "numInvalidNLL": 0,
      "status": 160
    },
    "fail_quality": "check",
    "pass": {
      "covQual": -1,
      "edm": 0.16149908750004427,
      "floatParsFinal": [
        {
          "error": 0.05354282579968661,
          "isConstant": false,
          "max": 5.0,
          "min": -5.0,
          "name": "meanP",
          "value": -0.00855451271512031
        },
        {
          "error": 40.017868683964934,
          "isConstant": false,
          "max": 4951.882543,
          "min": 0.5,
          "name": "nSigP",
          "value": 2566.4407547609308
        },
        {
          "error": 0.005449676981870766,
          "isConstant": false,
          "max": 5.0,
          "min": 0.5,
          "name": "sigmaP",
          "value": 0.5000000195054053
        }
      ],
      "floatParsInit": [
        {
          "error": 0.0,
          "isConstant": false,
          "max": 5.0,
          "min": -5.0,
          "name": "meanP",
          "value": -0.0
        },
        {
          "error": 0.0,
          "isConstant": false,
          "max": 4951.882543,
          "min": 0.5,
          "name": "nSigP",
          "value": 2971.129526
        },
        {
          "error": 0.0,
          "isConstant": false,
          "max": 5.0,
          "min": 0.5,
          "name": "sigmaP",
          "value": 0.9
        }
      ],
      "minNll": -8353.57709522675,
      "numInvalidNLL": 0,
      "status": 180
    },
    "pass_quality": "check",
    "root_read_error": null
  },
  "fit_type": "nominalFit",
  "histograms": {
    "fail": {
      "entries": 1274.0,
      "fit_window": {
        "bin1": 11,
        "bin2": 70,
        "max": 120.0,
        "min": 60.0
      },
      "integral_fit_window": 1011.1340844174505,
      "integral_fit_window_error": 39.82218138453492,
      "integral_full": 1409.5002562259072,
      "integral_full_error": 47.205050840764805,
      "maximum_bin_center": 50.5,
      "maximum_bin_content": 57.074043190498585,
      "mean": 72.34589506084367,
      "rms": 14.808550885095832
    },
    "pass": {
      "entries": 2993.0,
      "fit_window": {
        "bin1": 11,
        "bin2": 70,
        "max": 120.0,
        "min": 60.0
      },
      "integral_fit_window": 2566.9446079176155,
      "integral_fit_window_error": 64.14155415993444,
      "integral_full": 3301.255028771208,
      "integral_full_error": 72.64061822260699,
      "maximum_bin_center": 91.5,
      "maximum_bin_content": 148.7673362332111,
      "mean": 76.56294877966958,
      "rms": 15.026760665251894
    }
  },
  "sample": {
    "fitOutputBinRoot": "/eos/home-p/pelai/HZa/root_TnP//hza_elid_nongap_lowpT_2025_sf//DY_MC_LO_2025_hza_elid_nongap_lowpT_2025_sf.nominalFit-bin01_el_sc_eta_m1p57Tom1p44_el_et_7p00To15p00.root",
    "fitOutputRoot": "/eos/home-p/pelai/HZa/root_TnP//hza_elid_nongap_lowpT_2025_sf//DY_MC_LO_2025_hza_elid_nongap_lowpT_2025_sf.nominalFit.root",
    "histFile": "/eos/home-p/pelai/HZa/root_TnP//hza_elid_nongap_lowpT_2025_sf//DY_MC_LO_2025_hza_elid_nongap_lowpT_2025_sf.root",
    "isMC": true,
    "mcRefHistFile": "/eos/home-p/pelai/HZa/root_TnP//hza_elid_nongap_lowpT_2025_sf//DY_MC_LO_2025_hza_elid_nongap_lowpT_2025_sf.root",
    "mcTruth": true,
    "name": "DY_MC_LO_2025"
  },
  "workspace": {
    "effective_parsed": [
      {
        "max": 5.0,
        "min": -5.0,
        "name": "meanP",
        "raw": "meanP[-0.0,-5.0,5.0]",
        "tokens": [
          "-0.0",
          "-5.0",
          "5.0"
        ],
        "value": -0.0
      },
      {
        "max": 5.0,
        "min": 0.5,
        "name": "sigmaP",
        "raw": "sigmaP[0.9,0.5,5.0]",
        "tokens": [
          "0.9",
          "0.5",
          "5.0"
        ],
        "value": 0.9
      },
      {
        "max": 5.0,
        "min": -5.0,
        "name": "meanF",
        "raw": "meanF[-0.0,-5.0,5.0]",
        "tokens": [
          "-0.0",
          "-5.0",
          "5.0"
        ],
        "value": -0.0
      },
      {
        "max": 5.0,
        "min": 0.5,
        "name": "sigmaF",
        "raw": "sigmaF[0.9,0.5,5.0]",
        "tokens": [
          "0.9",
          "0.5",
          "5.0"
        ],
        "value": 0.9
      },
      {
        "max": 90.0,
        "min": 45.0,
        "name": "acmsP",
        "raw": "acmsP[65.,45.,90.]",
        "tokens": [
          "65.",
          "45.",
          "90."
        ],
        "value": 65.0
      },
      {
        "max": 0.1,
        "min": 0.005,
        "name": "betaP",
        "raw": "betaP[0.05,0.005,0.10]",
        "tokens": [
          "0.05",
          "0.005",
          "0.10"
        ],
        "value": 0.05
      },
      {
        "max": 2.0,
        "min": -2.0,
        "name": "gammaP",
        "raw": "gammaP[0.1, -2, 2]",
        "tokens": [
          "0.1",
          "-2",
          "2"
        ],
        "value": 0.1
      },
      {
        "max": 90.0,
        "min": 82.0,
        "name": "peakP",
        "raw": "peakP[87.0,82.0,90.0]",
        "tokens": [
          "87.0",
          "82.0",
          "90.0"
        ],
        "value": 87.0
      },
      {
        "max": 90.0,
        "min": 45.0,
        "name": "acmsF",
        "raw": "acmsF[65.,45.,90.]",